timestamp,imgtype,image,run_date,plantcv_version,sample,gray_mean_NA,gray_mean_none,gray_median_NA,gray_median_none,gray_stdev_NA,gray_stdev_none,plant_elevation_NA,plant_elevation_metre,plant_height_NA,plant_height_metre,soil_elevation_NA,soil_elevation_metre
2023-05-03,DEM,../DSMs/2023-05-03_DEM.tif,2025-11-19T16:07:38.660842Z,4.10.dev245+g4144cef28,101_1,,215.9064266867697,,216.0,,7.125233225694387,NA,,NA,,NA,
2023-05-03,DEM,../DSMs/2023-05-03_DEM.tif,2025-11-19T16:07:38.660842Z,4.10.dev245+g4144cef28,102_12,,125.58392621870883,,125.0,,6.3389549871573605,NA,,NA,,NA,
2023-05-03,DEM,../DSMs/2023-05-03_DEM.tif,2025-11-19T16:07:38.660842Z,4.10.dev245+g4144cef28,103_20,,96.92693384669234,,97.0,,6.5396530838643745,NA,,NA,,NA,
2023-05-03,DEM,../DSMs/2023-05-03_DEM.tif,2025-11-19T16:07:38.660842Z,4.10.dev245+g4144cef28,201_2,,207.36059403926356,,209.0,,8.147160711594209,NA,,NA,,NA,
2023-05-03,DEM,../DSMs/2023-05-03_DEM.tif,2025-11-19T16:07:38.660842Z,4.10.dev245+g4144cef28,202_14,,166.93963947560087,,167.0,,10.350384570564872,NA,,NA,,NA,
2023-05-03,DEM,../DSMs/2023-05-03_DEM.tif,2025-11-19T16:07:38.660842Z,4.10.dev245+g4144cef28,203_21,,72.48212685452555,,73.0,,9.933912568353982,NA,,NA,,NA,
2023-05-03,DEM,../DSMs/2023-05-03_DEM.tif,2025-11-19T16:07:38.660842Z,4.10.dev245+g4144cef28,301_3,,187.64456884698487,,188.0,,9.007573880815514,NA,,NA,,NA,
2023-05-03,DEM,../DSMs/2023-05-03_DEM.tif,2025-11-19T16:07:38.660842Z,4.10.dev245+g4144cef28,302_17,,188.81213290085034,,188.0,,8.44236126527214,NA,,NA,,NA,
2023-05-03,DEM,../DSMs/2023-05-03_DEM.tif,2025-11-19T16:07:38.660842Z,4.10.dev245+g4144cef28,303_23,,113.44144802998446,,113.0,,7.0292458901626365,NA,,NA,,NA,
2023-05-03,DEM,../DSMs/2023-05-03_DEM.tif,2025-11-19T16:07:38.660842Z,4.10.dev245+g4144cef28,401_4,,232.875,,232.0,,7.979412012617083,NA,,NA,,NA,
2023-05-03,DEM,../DSMs/2023-05-03_DEM.tif,2025-11-19T16:07:38.660842Z,4.10.dev245+g4144cef28,402_11,,144.53143233578015,,145.0,,8.022636438621573,NA,,NA,,NA,
2023-05-03,DEM,../DSMs/2023-05-03_DEM.tif,2025-11-19T16:07:38.660842Z,4.10.dev245+g4144cef28,403_25,,140.96763249587383,,140.0,,7.214811811072778,NA,,NA,,NA,
2023-05-03,DEM,../DSMs/2023-05-03_DEM.tif,2025-11-19T16:07:38.660842Z,4.10.dev245+g4144cef28,501_5,,225.53270745003027,,225.0,,8.808755617485806,NA,,NA,,NA,
2023-05-03,DEM,../DSMs/2023-05-03_DEM.tif,2025-11-19T16:07:38.660842Z,4.10.dev245+g4144cef28,502_10,,164.5517664840355,,165.0,,7.303339082753523,NA,,NA,,NA,
2023-05-03,DEM,../DSMs/2023-05-03_DEM.tif,2025-11-19T16:07:38.660842Z,4.10.dev245+g4144cef28,503_26,,122.49125566762284,,122.0,,7.334017701343444,NA,,NA,,NA,
2023-05-03,DEM,../DSMs/2023-05-03_DEM.tif,2025-11-19T16:07:38.660842Z,4.10.dev245+g4144cef28,601_9,,225.07982431013082,,227.0,,8.29483478147774,NA,,NA,,NA,
2023-05-03,DEM,../DSMs/2023-05-03_DEM.tif,2025-11-19T16:07:38.660842Z,4.10.dev245+g4144cef28,602_15,,146.01847575057738,,145.0,,8.870098222700742,NA,,NA,,NA,
2023-05-03,DEM,../DSMs/2023-05-03_DEM.tif,2025-11-19T16:07:38.660842Z,4.10.dev245+g4144cef28,603_27,,103.59518768046198,,104.0,,7.503027039979172,NA,,NA,,NA,
2023-05-03,DEM,../DSMs/2023-05-03_DEM.tif,2025-11-19T16:07:38.660842Z,4.10.dev245+g4144cef28,701_7,,244.89091115914002,,245.0,,4.953226610070722,NA,,NA,,NA,
2023-05-03,DEM,../DSMs/2023-05-03_DEM.tif,2025-11-19T16:07:38.660842Z,4.10.dev245+g4144cef28,702_13,,183.52088836708737,,183.0,,9.343475646785874,NA,,NA,,NA,
2023-05-03,DEM,../DSMs/2023-05-03_DEM.tif,2025-11-19T16:07:38.660842Z,4.10.dev245+g4144cef28,703_19,,110.38171597087826,,111.0,,5.947322999210392,NA,,NA,,NA,
2023-05-03,DEM,../DSMs/2023-05-03_DEM.tif,2025-11-19T16:07:38.660842Z,4.10.dev245+g4144cef28,801_8,,239.00931490384616,,239.0,,5.099865407525382,NA,,NA,,NA,
2023-05-03,DEM,../DSMs/2023-05-03_DEM.tif,2025-11-19T16:07:38.660842Z,4.10.dev245+g4144cef28,802_16,,205.6122786087914,,205.0,,7.466181298666634,NA,,NA,,NA,
2023-05-03,DEM,../DSMs/2023-05-03_DEM.tif,2025-11-19T16:07:38.660842Z,4.10.dev245+g4144cef28,803_22,,126.11603956357703,,126.0,,6.53481274448244,NA,,NA,,NA,
2023-05-03,DEM,../DSMs/2023-05-03_DEM.tif,2025-11-19T16:07:38.660842Z,4.10.dev245+g4144cef28,901_6,,208.13450825483642,,208.0,,9.018978903154345,NA,,NA,,NA,
2023-05-03,DEM,../DSMs/2023-05-03_DEM.tif,2025-11-19T16:07:38.660842Z,4.10.dev245+g4144cef28,902_18,,168.45845764397433,,168.0,,8.582692636931942,NA,,NA,,NA,
2023-05-03,DEM,../DSMs/2023-05-03_DEM.tif,2025-11-19T16:07:38.660842Z,4.10.dev245+g4144cef28,903_24,,91.76008591707135,,91.0,,7.825126077249863,NA,,NA,,NA,
2023-05-03,DEM,../DSMs/2023-05-03_DEM.tif,2025-11-19T16:07:38.660842Z,4.10.dev245+g4144cef28,default_101,NA,,NA,,NA,,,86.44779205322266,,0.07523345947265625,,86.37255859375
2023-05-03,DEM,../DSMs/2023-05-03_DEM.tif,2025-11-19T16:07:38.660842Z,4.10.dev245+g4144cef28,default_102,NA,,NA,,NA,,,86.12000274658203,,0.05652618408203125,,86.0634765625
2023-05-03,DEM,../DSMs/2023-05-03_DEM.tif,2025-11-19T16:07:38.660842Z,4.10.dev245+g4144cef28,default_103,NA,,NA,,NA,,,86.02523803710938,,0.06688690185546875,,85.9583511352539
2023-05-03,DEM,../DSMs/2023-05-03_DEM.tif,2025-11-19T16:07:38.660842Z,4.10.dev245+g4144cef28,default_201,NA,,NA,,NA,,,86.41703796386719,,0.0771331787109375,,86.33990478515625
2023-05-03,DEM,../DSMs/2023-05-03_DEM.tif,2025-11-19T16:07:38.660842Z,4.10.dev245+g4144cef28,default_202,NA,,NA,,NA,,,86.29698944091797,,0.106903076171875,,86.1900863647461
2023-05-03,DEM,../DSMs/2023-05-03_DEM.tif,2025-11-19T16:07:38.660842Z,4.10.dev245+g4144cef28,default_203,NA,,NA,,NA,,,85.95162963867188,,0.1068572998046875,,85.84477233886719
2023-05-03,DEM,../DSMs/2023-05-03_DEM.tif,2025-11-19T16:07:38.660842Z,4.10.dev245+g4144cef28,default_301,NA,,NA,,NA,,,86.35421752929688,,0.08838653564453125,,86.26583099365234
2023-05-03,DEM,../DSMs/2023-05-03_DEM.tif,2025-11-19T16:07:38.660842Z,4.10.dev245+g4144cef28,default_302,NA,,NA,,NA,,,86.36016082763672,,0.08385467529296875,,86.27630615234375
2023-05-03,DEM,../DSMs/2023-05-03_DEM.tif,2025-11-19T16:07:38.660842Z,4.10.dev245+g4144cef28,default_303,NA,,NA,,NA,,,86.0842056274414,,0.06734466552734375,,86.01686096191406
2023-05-03,DEM,../DSMs/2023-05-03_DEM.tif,2025-11-19T16:07:38.660842Z,4.10.dev245+g4144cef28,default_401,NA,,NA,,NA,,,86.51380920410156,,0.07767486572265625,,86.4361343383789
2023-05-03,DEM,../DSMs/2023-05-03_DEM.tif,2025-11-19T16:07:38.660842Z,4.10.dev245+g4144cef28,default_402,NA,,NA,,NA,,,86.19930267333984,,0.0751495361328125,,86.12415313720703
2023-05-03,DEM,../DSMs/2023-05-03_DEM.tif,2025-11-19T16:07:38.660842Z,4.10.dev245+g4144cef28,default_403,NA,,NA,,NA,,,86.18638610839844,,0.072998046875,,86.11338806152344
2023-05-03,DEM,../DSMs/2023-05-03_DEM.tif,2025-11-19T16:07:38.660842Z,4.10.dev245+g4144cef28,default_501,NA,,NA,,NA,,,86.49177551269531,,0.08716583251953125,,86.40460968017578
2023-05-03,DEM,../DSMs/2023-05-03_DEM.tif,2025-11-19T16:07:38.660842Z,4.10.dev245+g4144cef28,default_502,NA,,NA,,NA,,,86.2681655883789,,0.0777587890625,,86.1904067993164
2023-05-03,DEM,../DSMs/2023-05-03_DEM.tif,2025-11-19T16:07:38.660842Z,4.10.dev245+g4144cef28,default_503,NA,,NA,,NA,,,86.12178802490234,,0.07744598388671875,,86.04434204101562
2023-05-03,DEM,../DSMs/2023-05-03_DEM.tif,2025-11-19T16:07:38.660842Z,4.10.dev245+g4144cef28,default_601,NA,,NA,,NA,,,86.47823333740234,,0.08309173583984375,,86.3951416015625
2023-05-03,DEM,../DSMs/2023-05-03_DEM.tif,2025-11-19T16:07:38.660842Z,4.10.dev245+g4144cef28,default_602,NA,,NA,,NA,,,86.2231216430664,,0.09964752197265625,,86.12347412109375
2023-05-03,DEM,../DSMs/2023-05-03_DEM.tif,2025-11-19T16:07:38.660842Z,4.10.dev245+g4144cef28,default_603,NA,,NA,,NA,,,86.0503921508789,,0.07276153564453125,,85.97763061523438
2023-05-03,DEM,../DSMs/2023-05-03_DEM.tif,2025-11-19T16:07:38.660842Z,4.10.dev245+g4144cef28,default_701,NA,,NA,,NA,,,86.54004669189453,,0.05136871337890625,,86.48867797851562
2023-05-03,DEM,../DSMs/2023-05-03_DEM.tif,2025-11-19T16:07:38.660842Z,4.10.dev245+g4144cef28,default_702,NA,,NA,,NA,,,86.34858703613281,,0.09173583984375,,86.25685119628906
2023-05-03,DEM,../DSMs/2023-05-03_DEM.tif,2025-11-19T16:07:38.660842Z,4.10.dev245+g4144cef28,default_703,NA,,NA,,NA,,,86.06546020507812,,0.0514678955078125,,86.01399230957031
2023-05-03,DEM,../DSMs/2023-05-03_DEM.tif,2025-11-19T16:07:38.660842Z,4.10.dev245+g4144cef28,default_801,NA,,NA,,NA,,,86.51937866210938,,0.0518951416015625,,86.46748352050781
2023-05-03,DEM,../DSMs/2023-05-03_DEM.tif,2025-11-19T16:07:38.660842Z,4.10.dev245+g4144cef28,default_802,NA,,NA,,NA,,,86.41486358642578,,0.07685089111328125,,86.3380126953125
2023-05-03,DEM,../DSMs/2023-05-03_DEM.tif,2025-11-19T16:07:38.660842Z,4.10.dev245+g4144cef28,default_803,NA,,NA,,NA,,,86.1272964477539,,0.063079833984375,,86.06421661376953
2023-05-03,DEM,../DSMs/2023-05-03_DEM.tif,2025-11-19T16:07:38.660842Z,4.10.dev245+g4144cef28,default_901,NA,,NA,,NA,,,86.43238067626953,,0.09600830078125,,86.33637237548828
2023-05-03,DEM,../DSMs/2023-05-03_DEM.tif,2025-11-19T16:07:38.660842Z,4.10.dev245+g4144cef28,default_902,NA,,NA,,NA,,,86.29481506347656,,0.091033935546875,,86.20378112792969
2023-05-03,DEM,../DSMs/2023-05-03_DEM.tif,2025-11-19T16:07:38.660842Z,4.10.dev245+g4144cef28,default_903,NA,,NA,,NA,,,86.01901245117188,,0.08133697509765625,,85.93767547607422
2023-06-15,DEM,../DSMs/2023-06-15_DEM.tif,2025-11-19T16:07:38.654815Z,4.10.dev245+g4144cef28,101_1,,144.3114667020782,,145.0,,7.651252048165595,NA,,NA,,NA,
2023-06-15,DEM,../DSMs/2023-06-15_DEM.tif,2025-11-19T16:07:38.654815Z,4.10.dev245+g4144cef28,102_12,,98.91159196290572,,99.0,,7.5233159535580185,NA,,NA,,NA,
2023-06-15,DEM,../DSMs/2023-06-15_DEM.tif,2025-11-19T16:07:38.654815Z,4.10.dev245+g4144cef28,103_20,,83.92220492058549,,85.0,,6.953902735007758,NA,,NA,,NA,
2023-06-15,DEM,../DSMs/2023-06-15_DEM.tif,2025-11-19T16:07:38.654815Z,4.10.dev245+g4144cef28,201_2,,137.4751147708227,,139.0,,7.482342164611684,NA,,NA,,NA,
2023-06-15,DEM,../DSMs/2023-06-15_DEM.tif,2025-11-19T16:07:38.654815Z,4.10.dev245+g4144cef28,202_14,,137.63301096067053,,137.0,,8.958306960409095,NA,,NA,,NA,
2023-06-15,DEM,../DSMs/2023-06-15_DEM.tif,2025-11-19T16:07:38.654815Z,4.10.dev245+g4144cef28,203_21,,71.46550319163384,,72.0,,8.77344737033898,NA,,NA,,NA,
2023-06-15,DEM,../DSMs/2023-06-15_DEM.tif,2025-11-19T16:07:38.654815Z,4.10.dev245+g4144cef28,301_3,,129.695120246085,,131.0,,7.37165263299006,NA,,NA,,NA,
2023-06-15,DEM,../DSMs/2023-06-15_DEM.tif,2025-11-19T16:07:38.654815Z,4.10.dev245+g4144cef28,302_17,,165.49499320064285,,165.0,,7.6874767289232135,NA,,NA,,NA,
2023-06-15,DEM,../DSMs/2023-06-15_DEM.tif,2025-11-19T16:07:38.654815Z,4.10.dev245+g4144cef28,303_23,,107.08149340199549,,106.0,,6.02070683598135,NA,,NA,,NA,
2023-06-15,DEM,../DSMs/2023-06-15_DEM.tif,2025-11-19T16:07:38.654815Z,4.10.dev245+g4144cef28,401_4,,169.89415616769878,,170.0,,7.612125346441693,NA,,NA,,NA,
2023-06-15,DEM,../DSMs/2023-06-15_DEM.tif,2025-11-19T16:07:38.654815Z,4.10.dev245+g4144cef28,402_11,,109.57874519846351,,110.0,,7.8018529018718334,NA,,NA,,NA,
2023-06-15,DEM,../DSMs/2023-06-15_DEM.tif,2025-11-19T16:07:38.654815Z,4.10.dev245+g4144cef28,403_25,,140.78924259055984,,141.0,,7.359190601258339,NA,,NA,,NA,
2023-06-15,DEM,../DSMs/2023-06-15_DEM.tif,2025-11-19T16:07:38.654815Z,4.10.dev245+g4144cef28,501_5,,165.7523816294611,,166.0,,8.41112038896115,NA,,NA,,NA,
2023-06-15,DEM,../DSMs/2023-06-15_DEM.tif,2025-11-19T16:07:38.654815Z,4.10.dev245+g4144cef28,502_10,,119.24678732422795,,121.0,,7.319078837549059,NA,,NA,,NA,
2023-06-15,DEM,../DSMs/2023-06-15_DEM.tif,2025-11-19T16:07:38.654815Z,4.10.dev245+g4144cef28,503_26,,128.91478169384536,,129.0,,7.690982191308137,NA,,NA,,NA,
2023-06-15,DEM,../DSMs/2023-06-15_DEM.tif,2025-11-19T16:07:38.654815Z,4.10.dev245+g4144cef28,601_9,,183.95458226481307,,184.0,,7.899363790644848,NA,,NA,,NA,
2023-06-15,DEM,../DSMs/2023-06-15_DEM.tif,2025-11-19T16:07:38.654815Z,4.10.dev245+g4144cef28,602_15,,126.52968559765094,,126.0,,7.868259460263354,NA,,NA,,NA,
2023-06-15,DEM,../DSMs/2023-06-15_DEM.tif,2025-11-19T16:07:38.654815Z,4.10.dev245+g4144cef28,603_27,,118.85589609675645,,119.0,,7.539399964326028,NA,,NA,,NA,
2023-06-15,DEM,../DSMs/2023-06-15_DEM.tif,2025-11-19T16:07:38.654815Z,4.10.dev245+g4144cef28,701_7,,195.57851937092443,,196.0,,6.158925684467538,NA,,NA,,NA,
2023-06-15,DEM,../DSMs/2023-06-15_DEM.tif,2025-11-19T16:07:38.654815Z,4.10.dev245+g4144cef28,702_13,,145.7356305900298,,145.0,,7.952237994696859,NA,,NA,,NA,
2023-06-15,DEM,../DSMs/2023-06-15_DEM.tif,2025-11-19T16:07:38.654815Z,4.10.dev245+g4144cef28,703_19,,91.19864121643481,,92.0,,6.52853860642069,NA,,NA,,NA,
2023-06-15,DEM,../DSMs/2023-06-15_DEM.tif,2025-11-19T16:07:38.654815Z,4.10.dev245+g4144cef28,801_8,,191.27651568933692,,191.0,,6.7982214653755255,NA,,NA,,NA,
2023-06-15,DEM,../DSMs/2023-06-15_DEM.tif,2025-11-19T16:07:38.654815Z,4.10.dev245+g4144cef28,802_16,,174.98727685816294,,174.0,,7.559786614850365,NA,,NA,,NA,
2023-06-15,DEM,../DSMs/2023-06-15_DEM.tif,2025-11-19T16:07:38.654815Z,4.10.dev245+g4144cef28,803_22,,115.72982858782184,,116.0,,6.973054275403926,NA,,NA,,NA,
2023-06-15,DEM,../DSMs/2023-06-15_DEM.tif,2025-11-19T16:07:38.654815Z,4.10.dev245+g4144cef28,901_6,,156.96013790131437,,156.0,,7.004420252710458,NA,,NA,,NA,
2023-06-15,DEM,../DSMs/2023-06-15_DEM.tif,2025-11-19T16:07:38.654815Z,4.10.dev245+g4144cef28,902_18,,154.49113145930716,,154.0,,7.645567225178979,NA,,NA,,NA,
2023-06-15,DEM,../DSMs/2023-06-15_DEM.tif,2025-11-19T16:07:38.654815Z,4.10.dev245+g4144cef28,903_24,,97.4842404979473,,98.0,,5.7047828205317295,NA,,NA,,NA,
2023-06-15,DEM,../DSMs/2023-06-15_DEM.tif,2025-11-19T16:07:38.654815Z,4.10.dev245+g4144cef28,default_101,NA,,NA,,NA,,,166.8291015625,,0.18359375,,166.6455078125
2023-06-15,DEM,../DSMs/2023-06-15_DEM.tif,2025-11-19T16:07:38.654815Z,4.10.dev245+g4144cef28,default_102,NA,,NA,,NA,,,166.433837890625,,0.1649932861328125,,166.2688446044922
2023-06-15,DEM,../DSMs/2023-06-15_DEM.tif,2025-11-19T16:07:38.654815Z,4.10.dev245+g4144cef28,default_103,NA,,NA,,NA,,,166.3053436279297,,0.1585845947265625,,166.14675903320312
2023-06-15,DEM,../DSMs/2023-06-15_DEM.tif,2025-11-19T16:07:38.654815Z,4.10.dev245+g4144cef28,default_201,NA,,NA,,NA,,,166.76840209960938,,0.1771087646484375,,166.59129333496094
2023-06-15,DEM,../DSMs/2023-06-15_DEM.tif,2025-11-19T16:07:38.654815Z,4.10.dev245+g4144cef28,default_202,NA,,NA,,NA,,,166.7979278564453,,0.212890625,,166.5850372314453
2023-06-15,DEM,../DSMs/2023-06-15_DEM.tif,2025-11-19T16:07:38.654815Z,4.10.dev245+g4144cef28,default_203,NA,,NA,,NA,,,166.2156524658203,,0.201141357421875,,166.01451110839844
2023-06-15,DEM,../DSMs/2023-06-15_DEM.tif,2025-11-19T16:07:38.654815Z,4.10.dev245+g4144cef28,default_301,NA,,NA,,NA,,,166.70469665527344,,0.1768341064453125,,166.52786254882812
2023-06-15,DEM,../DSMs/2023-06-15_DEM.tif,2025-11-19T16:07:38.654815Z,4.10.dev245+g4144cef28,default_302,NA,,NA,,NA,,,167.01641845703125,,0.1776275634765625,,166.8387908935547
2023-06-15,DEM,../DSMs/2023-06-15_DEM.tif,2025-11-19T16:07:38.654815Z,4.10.dev245+g4144cef28,default_303,NA,,NA,,NA,,,166.49810791015625,,0.1411590576171875,,166.35694885253906
2023-06-15,DEM,../DSMs/2023-06-15_DEM.tif,2025-11-19T16:07:38.654815Z,4.10.dev245+g4144cef28,default_401,NA,,NA,,NA,,,167.057861328125,,0.174468994140625,,166.88339233398438
2023-06-15,DEM,../DSMs/2023-06-15_DEM.tif,2025-11-19T16:07:38.654815Z,4.10.dev245+g4144cef28,default_402,NA,,NA,,NA,,,166.53244018554688,,0.167510986328125,,166.36492919921875
2023-06-15,DEM,../DSMs/2023-06-15_DEM.tif,2025-11-19T16:07:38.654815Z,4.10.dev245+g4144cef28,default_403,NA,,NA,,NA,,,166.804443359375,,0.180816650390625,,166.62362670898438
2023-06-15,DEM,../DSMs/2023-06-15_DEM.tif,2025-11-19T16:07:38.654815Z,4.10.dev245+g4144cef28,default_501,NA,,NA,,NA,,,167.03199768066406,,0.2023773193359375,,166.82962036132812
2023-06-15,DEM,../DSMs/2023-06-15_DEM.tif,2025-11-19T16:07:38.654815Z,4.10.dev245+g4144cef28,default_502,NA,,NA,,NA,,,166.59483337402344,,0.1656036376953125,,166.42922973632812
2023-06-15,DEM,../DSMs/2023-06-15_DEM.tif,2025-11-19T16:07:38.654815Z,4.10.dev245+g4144cef28,default_503,NA,,NA,,NA,,,166.7154083251953,,0.1990966796875,,166.5163116455078
2023-06-15,DEM,../DSMs/2023-06-15_DEM.tif,2025-11-19T16:07:38.654815Z,4.10.dev245+g4144cef28,default_601,NA,,NA,,NA,,,167.18551635742188,,0.19317626953125,,166.99234008789062
2023-06-15,DEM,../DSMs/2023-06-15_DEM.tif,2025-11-19T16:07:38.654815Z,4.10.dev245+g4144cef28,default_602,NA,,NA,,NA,,,166.70738220214844,,0.205078125,,166.50230407714844
2023-06-15,DEM,../DSMs/2023-06-15_DEM.tif,2025-11-19T16:07:38.654815Z,4.10.dev245+g4144cef28,default_603,NA,,NA,,NA,,,166.6179656982422,,0.1811065673828125,,166.43685913085938
2023-06-15,DEM,../DSMs/2023-06-15_DEM.tif,2025-11-19T16:07:38.654815Z,4.10.dev245+g4144cef28,default_701,NA,,NA,,NA,,,167.26638793945312,,0.160797119140625,,167.1055908203125
2023-06-15,DEM,../DSMs/2023-06-15_DEM.tif,2025-11-19T16:07:38.654815Z,4.10.dev245+g4144cef28,default_702,NA,,NA,,NA,,,166.8596649169922,,0.1912384033203125,,166.66842651367188
2023-06-15,DEM,../DSMs/2023-06-15_DEM.tif,2025-11-19T16:07:38.654815Z,4.10.dev245+g4144cef28,default_703,NA,,NA,,NA,,,166.3625946044922,,0.150787353515625,,166.21180725097656
2023-06-15,DEM,../DSMs/2023-06-15_DEM.tif,2025-11-19T16:07:38.654815Z,4.10.dev245+g4144cef28,default_801,NA,,NA,,NA,,,167.2322998046875,,0.1641693115234375,,167.06813049316406
2023-06-15,DEM,../DSMs/2023-06-15_DEM.tif,2025-11-19T16:07:38.654815Z,4.10.dev245+g4144cef28,default_802,NA,,NA,,NA,,,167.09579467773438,,0.177154541015625,,166.91864013671875
2023-06-15,DEM,../DSMs/2023-06-15_DEM.tif,2025-11-19T16:07:38.654815Z,4.10.dev245+g4144cef28,default_803,NA,,NA,,NA,,,166.58775329589844,,0.169769287109375,,166.41798400878906
2023-06-15,DEM,../DSMs/2023-06-15_DEM.tif,2025-11-19T16:07:38.654815Z,4.10.dev245+g4144cef28,default_901,NA,,NA,,NA,,,166.9367218017578,,0.1639862060546875,,166.77273559570312
2023-06-15,DEM,../DSMs/2023-06-15_DEM.tif,2025-11-19T16:07:38.654815Z,4.10.dev245+g4144cef28,default_902,NA,,NA,,NA,,,166.94009399414062,,0.1953277587890625,,166.74476623535156
2023-06-15,DEM,../DSMs/2023-06-15_DEM.tif,2025-11-19T16:07:38.654815Z,4.10.dev245+g4144cef28,default_903,NA,,NA,,NA,,,166.4188232421875,,0.145721435546875,,166.27310180664062
2023-06-21,DEM,../DSMs/2023-06-21_DEM.tif,2025-11-19T16:07:38.169808Z,4.10.dev245+g4144cef28,101_1,,123.72476037221017,,125.0,,8.980615361468345,NA,,NA,,NA,
2023-06-21,DEM,../DSMs/2023-06-21_DEM.tif,2025-11-19T16:07:38.169808Z,4.10.dev245+g4144cef28,102_12,,100.9639534127139,,102.0,,8.063553073173027,NA,,NA,,NA,
2023-06-21,DEM,../DSMs/2023-06-21_DEM.tif,2025-11-19T16:07:38.169808Z,4.10.dev245+g4144cef28,103_20,,89.63715596330275,,90.0,,7.732943995787931,NA,,NA,,NA,
2023-06-21,DEM,../DSMs/2023-06-21_DEM.tif,2025-11-19T16:07:38.169808Z,4.10.dev245+g4144cef28,201_2,,121.71640535372849,,123.0,,8.481668145801105,NA,,NA,,NA,
2023-06-21,DEM,../DSMs/2023-06-21_DEM.tif,2025-11-19T16:07:38.169808Z,4.10.dev245+g4144cef28,202_14,,138.142003801249,,138.0,,9.0561831605784,NA,,NA,,NA,
2023-06-21,DEM,../DSMs/2023-06-21_DEM.tif,2025-11-19T16:07:38.169808Z,4.10.dev245+g4144cef28,203_21,,81.32749786507259,,82.0,,8.745536272785955,NA,,NA,,NA,
2023-06-21,DEM,../DSMs/2023-06-21_DEM.tif,2025-11-19T16:07:38.169808Z,4.10.dev245+g4144cef28,301_3,,115.64588528678304,,117.0,,9.17240031541242,NA,,NA,,NA,
2023-06-21,DEM,../DSMs/2023-06-21_DEM.tif,2025-11-19T16:07:38.169808Z,4.10.dev245+g4144cef28,302_17,,167.1185156147916,,167.0,,7.569785151592004,NA,,NA,,NA,
2023-06-21,DEM,../DSMs/2023-06-21_DEM.tif,2025-11-19T16:07:38.169808Z,4.10.dev245+g4144cef28,303_23,,118.73054257264783,,118.0,,7.823322115264678,NA,,NA,,NA,
2023-06-21,DEM,../DSMs/2023-06-21_DEM.tif,2025-11-19T16:07:38.169808Z,4.10.dev245+g4144cef28,401_4,,152.46141708618228,,153.0,,7.812117900425346,NA,,NA,,NA,
2023-06-21,DEM,../DSMs/2023-06-21_DEM.tif,2025-11-19T16:07:38.169808Z,4.10.dev245+g4144cef28,402_11,,106.14935385919074,,107.0,,8.371532649422496,NA,,NA,,NA,
2023-06-21,DEM,../DSMs/2023-06-21_DEM.tif,2025-11-19T16:07:38.169808Z,4.10.dev245+g4144cef28,403_25,,151.5946224728373,,151.0,,7.3986402507481115,NA,,NA,,NA,
2023-06-21,DEM,../DSMs/2023-06-21_DEM.tif,2025-11-19T16:07:38.169808Z,4.10.dev245+g4144cef28,501_5,,153.8660312218553,,154.0,,8.196201213358343,NA,,NA,,NA,
2023-06-21,DEM,../DSMs/2023-06-21_DEM.tif,2025-11-19T16:07:38.169808Z,4.10.dev245+g4144cef28,502_10,,110.77241622574955,,112.0,,8.086323571693208,NA,,NA,,NA,
2023-06-21,DEM,../DSMs/2023-06-21_DEM.tif,2025-11-19T16:07:38.169808Z,4.10.dev245+g4144cef28,503_26,,144.9009133683919,,144.0,,7.262191177537945,NA,,NA,,NA,
2023-06-21,DEM,../DSMs/2023-06-21_DEM.tif,2025-11-19T16:07:38.169808Z,4.10.dev245+g4144cef28,601_9,,175.21426030029176,,175.0,,6.236861874576067,NA,,NA,,NA,
2023-06-21,DEM,../DSMs/2023-06-21_DEM.tif,2025-11-19T16:07:38.169808Z,4.10.dev245+g4144cef28,602_15,,129.82026465028355,,129.0,,7.7662435130667475,NA,,NA,,NA,
2023-06-21,DEM,../DSMs/2023-06-21_DEM.tif,2025-11-19T16:07:38.169808Z,4.10.dev245+g4144cef28,603_27,,138.04028538483712,,138.0,,7.343968765722134,NA,,NA,,NA,
2023-06-21,DEM,../DSMs/2023-06-21_DEM.tif,2025-11-19T16:07:38.169808Z,4.10.dev245+g4144cef28,701_7,,178.19951612903225,,178.0,,6.621813884481169,NA,,NA,,NA,
2023-06-21,DEM,../DSMs/2023-06-21_DEM.tif,2025-11-19T16:07:38.169808Z,4.10.dev245+g4144cef28,702_13,,142.38474489422444,,142.0,,9.204465538288604,NA,,NA,,NA,
2023-06-21,DEM,../DSMs/2023-06-21_DEM.tif,2025-11-19T16:07:38.169808Z,4.10.dev245+g4144cef28,703_19,,95.78918511411143,,96.0,,7.825348073414036,NA,,NA,,NA,
2023-06-21,DEM,../DSMs/2023-06-21_DEM.tif,2025-11-19T16:07:38.169808Z,4.10.dev245+g4144cef28,801_8,,178.89913651927944,,179.0,,6.571682646180946,NA,,NA,,NA,
2023-06-21,DEM,../DSMs/2023-06-21_DEM.tif,2025-11-19T16:07:38.169808Z,4.10.dev245+g4144cef28,802_16,,172.30051599587205,,172.0,,7.578168933495153,NA,,NA,,NA,
2023-06-21,DEM,../DSMs/2023-06-21_DEM.tif,2025-11-19T16:07:38.169808Z,4.10.dev245+g4144cef28,803_22,,124.01029133560348,,124.0,,6.841940725059907,NA,,NA,,NA,
2023-06-21,DEM,../DSMs/2023-06-21_DEM.tif,2025-11-19T16:07:38.169808Z,4.10.dev245+g4144cef28,901_6,,149.28987265009096,,150.0,,8.338482209058931,NA,,NA,,NA,
2023-06-21,DEM,../DSMs/2023-06-21_DEM.tif,2025-11-19T16:07:38.169808Z,4.10.dev245+g4144cef28,902_18,,159.86443781364437,,160.0,,8.081413067150239,NA,,NA,,NA,
2023-06-21,DEM,../DSMs/2023-06-21_DEM.tif,2025-11-19T16:07:38.169808Z,4.10.dev245+g4144cef28,903_24,,111.13800083763786,,111.0,,7.352876264298854,NA,,NA,,NA,
2023-06-21,DEM,../DSMs/2023-06-21_DEM.tif,2025-11-19T16:07:38.169808Z,4.10.dev245+g4144cef28,default_101,NA,,NA,,NA,,,95.29119110107422,,0.25849151611328125,,95.03269958496094
2023-06-21,DEM,../DSMs/2023-06-21_DEM.tif,2025-11-19T16:07:38.169808Z,4.10.dev245+g4144cef28,default_102,NA,,NA,,NA,,,95.03560638427734,,0.2055511474609375,,94.8300552368164
2023-06-21,DEM,../DSMs/2023-06-21_DEM.tif,2025-11-19T16:07:38.169808Z,4.10.dev245+g4144cef28,default_103,NA,,NA,,NA,,,94.93388366699219,,0.2054443359375,,94.72843933105469
2023-06-21,DEM,../DSMs/2023-06-21_DEM.tif,2025-11-19T16:07:38.169808Z,4.10.dev245+g4144cef28,default_201,NA,,NA,,NA,,,95.27095031738281,,0.2496490478515625,,95.02130126953125
2023-06-21,DEM,../DSMs/2023-06-21_DEM.tif,2025-11-19T16:07:38.169808Z,4.10.dev245+g4144cef28,default_202,NA,,NA,,NA,,,95.44086456298828,,0.24993896484375,,95.19092559814453
2023-06-21,DEM,../DSMs/2023-06-21_DEM.tif,2025-11-19T16:07:38.169808Z,4.10.dev245+g4144cef28,default_203,NA,,NA,,NA,,,94.850341796875,,0.2386322021484375,,94.61170959472656
2023-06-21,DEM,../DSMs/2023-06-21_DEM.tif,2025-11-19T16:07:38.169808Z,4.10.dev245+g4144cef28,default_301,NA,,NA,,NA,,,95.21253204345703,,0.2650604248046875,,94.94747161865234
2023-06-21,DEM,../DSMs/2023-06-21_DEM.tif,2025-11-19T16:07:38.169808Z,4.10.dev245+g4144cef28,default_302,NA,,NA,,NA,,,95.71312713623047,,0.20319366455078125,,95.50993347167969
2023-06-21,DEM,../DSMs/2023-06-21_DEM.tif,2025-11-19T16:07:38.169808Z,4.10.dev245+g4144cef28,default_303,NA,,NA,,NA,,,95.2303695678711,,0.2168731689453125,,95.01349639892578
2023-06-21,DEM,../DSMs/2023-06-21_DEM.tif,2025-11-19T16:07:38.169808Z,4.10.dev245+g4144cef28,default_401,NA,,NA,,NA,,,95.57172393798828,,0.20919036865234375,,95.36253356933594
2023-06-21,DEM,../DSMs/2023-06-21_DEM.tif,2025-11-19T16:07:38.169808Z,4.10.dev245+g4144cef28,default_402,NA,,NA,,NA,,,95.09742736816406,,0.20902252197265625,,94.8884048461914
2023-06-21,DEM,../DSMs/2023-06-21_DEM.tif,2025-11-19T16:07:38.169808Z,4.10.dev245+g4144cef28,default_403,NA,,NA,,NA,,,95.557861328125,,0.218597412109375,,95.33926391601562
2023-06-21,DEM,../DSMs/2023-06-21_DEM.tif,2025-11-19T16:07:38.169808Z,4.10.dev245+g4144cef28,default_501,NA,,NA,,NA,,,95.59124755859375,,0.2300567626953125,,95.36119079589844
2023-06-21,DEM,../DSMs/2023-06-21_DEM.tif,2025-11-19T16:07:38.169808Z,4.10.dev245+g4144cef28,default_502,NA,,NA,,NA,,,95.13472747802734,,0.21987152099609375,,94.91485595703125
2023-06-21,DEM,../DSMs/2023-06-21_DEM.tif,2025-11-19T16:07:38.169808Z,4.10.dev245+g4144cef28,default_503,NA,,NA,,NA,,,95.50044250488281,,0.215118408203125,,95.28532409667969
2023-06-21,DEM,../DSMs/2023-06-21_DEM.tif,2025-11-19T16:07:38.169808Z,4.10.dev245+g4144cef28,default_601,NA,,NA,,NA,,,95.7908706665039,,0.1865234375,,95.6043472290039
2023-06-21,DEM,../DSMs/2023-06-21_DEM.tif,2025-11-19T16:07:38.169808Z,4.10.dev245+g4144cef28,default_602,NA,,NA,,NA,,,95.36502075195312,,0.23407745361328125,,95.13094329833984
2023-06-21,DEM,../DSMs/2023-06-21_DEM.tif,2025-11-19T16:07:38.169808Z,4.10.dev245+g4144cef28,default_603,NA,,NA,,NA,,,95.42504119873047,,0.20896148681640625,,95.21607971191406
2023-06-21,DEM,../DSMs/2023-06-21_DEM.tif,2025-11-19T16:07:38.169808Z,4.10.dev245+g4144cef28,default_701,NA,,NA,,NA,,,95.83595275878906,,0.20490264892578125,,95.63105010986328
2023-06-21,DEM,../DSMs/2023-06-21_DEM.tif,2025-11-19T16:07:38.169808Z,4.10.dev245+g4144cef28,default_702,NA,,NA,,NA,,,95.49272155761719,,0.25469207763671875,,95.23802947998047
2023-06-21,DEM,../DSMs/2023-06-21_DEM.tif,2025-11-19T16:07:38.169808Z,4.10.dev245+g4144cef28,default_703,NA,,NA,,NA,,,95.00003051757812,,0.22016143798828125,,94.77986907958984
2023-06-21,DEM,../DSMs/2023-06-21_DEM.tif,2025-11-19T16:07:38.169808Z,4.10.dev245+g4144cef28,default_801,NA,,NA,,NA,,,95.82845306396484,,0.18923187255859375,,95.63922119140625
2023-06-21,DEM,../DSMs/2023-06-21_DEM.tif,2025-11-19T16:07:38.169808Z,4.10.dev245+g4144cef28,default_802,NA,,NA,,NA,,,95.76858520507812,,0.2135772705078125,,95.55500793457031
2023-06-21,DEM,../DSMs/2023-06-21_DEM.tif,2025-11-19T16:07:38.169808Z,4.10.dev245+g4144cef28,default_803,NA,,NA,,NA,,,95.27334594726562,,0.1915435791015625,,95.08180236816406
2023-06-21,DEM,../DSMs/2023-06-21_DEM.tif,2025-11-19T16:07:38.169808Z,4.10.dev245+g4144cef28,default_901,NA,,NA,,NA,,,95.54518127441406,,0.23834228515625,,95.30683898925781
2023-06-21,DEM,../DSMs/2023-06-21_DEM.tif,2025-11-19T16:07:38.169808Z,4.10.dev245+g4144cef28,default_902,NA,,NA,,NA,,,95.66427612304688,,0.23011016845703125,,95.43416595458984
2023-06-21,DEM,../DSMs/2023-06-21_DEM.tif,2025-11-19T16:07:38.169808Z,4.10.dev245+g4144cef28,default_903,NA,,NA,,NA,,,95.16548919677734,,0.224945068359375,,94.94054412841797
2023-06-29,DEM,../DSMs/2023-06-29_DEM.tif,2025-11-19T16:07:37.007040Z,4.10.dev245+g4144cef28,101_1,,138.25075132927486,,139.0,,7.957833967800816,NA,,NA,,NA,
2023-06-29,DEM,../DSMs/2023-06-29_DEM.tif,2025-11-19T16:07:37.007040Z,4.10.dev245+g4144cef28,102_12,,105.88927981618438,,106.0,,7.327711739437713,NA,,NA,,NA,
2023-06-29,DEM,../DSMs/2023-06-29_DEM.tif,2025-11-19T16:07:37.007040Z,4.10.dev245+g4144cef28,103_20,,94.08672009158558,,95.0,,7.507575334985943,NA,,NA,,NA,
2023-06-29,DEM,../DSMs/2023-06-29_DEM.tif,2025-11-19T16:07:37.007040Z,4.10.dev245+g4144cef28,201_2,,134.28296333669695,,137.0,,7.622223228616194,NA,,NA,,NA,
2023-06-29,DEM,../DSMs/2023-06-29_DEM.tif,2025-11-19T16:07:37.007040Z,4.10.dev245+g4144cef28,202_14,,141.22539494177855,,142.0,,7.76900824065615,NA,,NA,,NA,
2023-06-29,DEM,../DSMs/2023-06-29_DEM.tif,2025-11-19T16:07:37.007040Z,4.10.dev245+g4144cef28,203_21,,84.40795631825273,,85.0,,8.199588991523733,NA,,NA,,NA,
2023-06-29,DEM,../DSMs/2023-06-29_DEM.tif,2025-11-19T16:07:37.007040Z,4.10.dev245+g4144cef28,301_3,,128.50965095705325,,131.0,,7.706762528258795,NA,,NA,,NA,
2023-06-29,DEM,../DSMs/2023-06-29_DEM.tif,2025-11-19T16:07:37.007040Z,4.10.dev245+g4144cef28,302_17,,167.7542512735883,,169.0,,6.724230561615651,NA,,NA,,NA,
2023-06-29,DEM,../DSMs/2023-06-29_DEM.tif,2025-11-19T16:07:37.007040Z,4.10.dev245+g4144cef28,303_23,,121.53806615017878,,122.0,,6.973582388254913,NA,,NA,,NA,
2023-06-29,DEM,../DSMs/2023-06-29_DEM.tif,2025-11-19T16:07:37.007040Z,4.10.dev245+g4144cef28,401_4,,162.52506358191812,,163.0,,7.420923920129298,NA,,NA,,NA,
2023-06-29,DEM,../DSMs/2023-06-29_DEM.tif,2025-11-19T16:07:37.007040Z,4.10.dev245+g4144cef28,402_11,,112.8986454927604,,113.0,,7.549566536123426,NA,,NA,,NA,
2023-06-29,DEM,../DSMs/2023-06-29_DEM.tif,2025-11-19T16:07:37.007040Z,4.10.dev245+g4144cef28,403_25,,150.9098574733229,,152.0,,7.1583990182041495,NA,,NA,,NA,
2023-06-29,DEM,../DSMs/2023-06-29_DEM.tif,2025-11-19T16:07:37.007040Z,4.10.dev245+g4144cef28,501_5,,160.8720863190841,,161.0,,6.780826069061193,NA,,NA,,NA,
2023-06-29,DEM,../DSMs/2023-06-29_DEM.tif,2025-11-19T16:07:37.007040Z,4.10.dev245+g4144cef28,502_10,,120.53278943278943,,121.0,,6.874915626292251,NA,,NA,,NA,
2023-06-29,DEM,../DSMs/2023-06-29_DEM.tif,2025-11-19T16:07:37.007040Z,4.10.dev245+g4144cef28,503_26,,142.119686463672,,143.0,,7.013295106625306,NA,,NA,,NA,
2023-06-29,DEM,../DSMs/2023-06-29_DEM.tif,2025-11-19T16:07:37.007040Z,4.10.dev245+g4144cef28,601_9,,178.67640414427046,,179.0,,6.753772587997781,NA,,NA,,NA,
2023-06-29,DEM,../DSMs/2023-06-29_DEM.tif,2025-11-19T16:07:37.007040Z,4.10.dev245+g4144cef28,602_15,,132.78617443012885,,133.0,,7.198248681214813,NA,,NA,,NA,
2023-06-29,DEM,../DSMs/2023-06-29_DEM.tif,2025-11-19T16:07:37.007040Z,4.10.dev245+g4144cef28,603_27,,134.71400347716138,,136.0,,7.093484782667035,NA,,NA,,NA,
2023-06-29,DEM,../DSMs/2023-06-29_DEM.tif,2025-11-19T16:07:37.007040Z,4.10.dev245+g4144cef28,701_7,,184.94462598251346,,185.0,,5.9093977794065715,NA,,NA,,NA,
2023-06-29,DEM,../DSMs/2023-06-29_DEM.tif,2025-11-19T16:07:37.007040Z,4.10.dev245+g4144cef28,702_13,,147.5437906398009,,148.0,,7.08368288632432,NA,,NA,,NA,
2023-06-29,DEM,../DSMs/2023-06-29_DEM.tif,2025-11-19T16:07:37.007040Z,4.10.dev245+g4144cef28,703_19,,99.80331433713258,,100.0,,6.900631005300757,NA,,NA,,NA,
2023-06-29,DEM,../DSMs/2023-06-29_DEM.tif,2025-11-19T16:07:37.007040Z,4.10.dev245+g4144cef28,801_8,,182.71565152888815,,182.0,,6.170674777765005,NA,,NA,,NA,
2023-06-29,DEM,../DSMs/2023-06-29_DEM.tif,2025-11-19T16:07:37.007040Z,4.10.dev245+g4144cef28,802_16,,172.8735718580878,,173.0,,6.953951211526641,NA,,NA,,NA,
2023-06-29,DEM,../DSMs/2023-06-29_DEM.tif,2025-11-19T16:07:37.007040Z,4.10.dev245+g4144cef28,803_22,,125.1027027027027,,125.0,,6.542121078423542,NA,,NA,,NA,
2023-06-29,DEM,../DSMs/2023-06-29_DEM.tif,2025-11-19T16:07:37.007040Z,4.10.dev245+g4144cef28,901_6,,156.44918412987658,,157.0,,6.0304527892612345,NA,,NA,,NA,
2023-06-29,DEM,../DSMs/2023-06-29_DEM.tif,2025-11-19T16:07:37.007040Z,4.10.dev245+g4144cef28,902_18,,160.238540899042,,161.0,,7.357172784849574,NA,,NA,,NA,
2023-06-29,DEM,../DSMs/2023-06-29_DEM.tif,2025-11-19T16:07:37.007040Z,4.10.dev245+g4144cef28,903_24,,112.20601710445938,,113.0,,6.356950929978795,NA,,NA,,NA,
2023-06-29,DEM,../DSMs/2023-06-29_DEM.tif,2025-11-19T16:07:37.007040Z,4.10.dev245+g4144cef28,default_101,NA,,NA,,NA,,,138.71115112304688,,0.3197174072265625,,138.3914337158203
2023-06-29,DEM,../DSMs/2023-06-29_DEM.tif,2025-11-19T16:07:37.007040Z,4.10.dev245+g4144cef28,default_102,NA,,NA,,NA,,,138.2305145263672,,0.2603302001953125,,137.97018432617188
2023-06-29,DEM,../DSMs/2023-06-29_DEM.tif,2025-11-19T16:07:37.007040Z,4.10.dev245+g4144cef28,default_103,NA,,NA,,NA,,,138.06642150878906,,0.26800537109375,,137.7984161376953
2023-06-29,DEM,../DSMs/2023-06-29_DEM.tif,2025-11-19T16:07:37.007040Z,4.10.dev245+g4144cef28,default_201,NA,,NA,,NA,,,138.62730407714844,,0.2742919921875,,138.35301208496094
2023-06-29,DEM,../DSMs/2023-06-29_DEM.tif,2025-11-19T16:07:37.007040Z,4.10.dev245+g4144cef28,default_202,NA,,NA,,NA,,,138.7532196044922,,0.29638671875,,138.4568328857422
2023-06-29,DEM,../DSMs/2023-06-29_DEM.tif,2025-11-19T16:07:37.007040Z,4.10.dev245+g4144cef28,default_203,NA,,NA,,NA,,,137.9420928955078,,0.3138885498046875,,137.62820434570312
2023-06-29,DEM,../DSMs/2023-06-29_DEM.tif,2025-11-19T16:07:37.007040Z,4.10.dev245+g4144cef28,default_301,NA,,NA,,NA,,,138.56350708007812,,0.309326171875,,138.25418090820312
2023-06-29,DEM,../DSMs/2023-06-29_DEM.tif,2025-11-19T16:07:37.007040Z,4.10.dev245+g4144cef28,default_302,NA,,NA,,NA,,,139.09422302246094,,0.244232177734375,,138.84999084472656
2023-06-29,DEM,../DSMs/2023-06-29_DEM.tif,2025-11-19T16:07:37.007040Z,4.10.dev245+g4144cef28,default_303,NA,,NA,,NA,,,138.46176147460938,,0.2848663330078125,,138.17689514160156
2023-06-29,DEM,../DSMs/2023-06-29_DEM.tif,2025-11-19T16:07:37.007040Z,4.10.dev245+g4144cef28,default_401,NA,,NA,,NA,,,139.04762268066406,,0.2695465087890625,,138.778076171875
2023-06-29,DEM,../DSMs/2023-06-29_DEM.tif,2025-11-19T16:07:37.007040Z,4.10.dev245+g4144cef28,default_402,NA,,NA,,NA,,,138.33985900878906,,0.2718353271484375,,138.06802368164062
2023-06-29,DEM,../DSMs/2023-06-29_DEM.tif,2025-11-19T16:07:37.007040Z,4.10.dev245+g4144cef28,default_403,NA,,NA,,NA,,,138.8792266845703,,0.288787841796875,,138.59043884277344
2023-06-29,DEM,../DSMs/2023-06-29_DEM.tif,2025-11-19T16:07:37.007040Z,4.10.dev245+g4144cef28,default_501,NA,,NA,,NA,,,139.00929260253906,,0.26629638671875,,138.7429962158203
2023-06-29,DEM,../DSMs/2023-06-29_DEM.tif,2025-11-19T16:07:37.007040Z,4.10.dev245+g4144cef28,default_502,NA,,NA,,NA,,,138.42617797851562,,0.267822265625,,138.15835571289062
2023-06-29,DEM,../DSMs/2023-06-29_DEM.tif,2025-11-19T16:07:37.007040Z,4.10.dev245+g4144cef28,default_503,NA,,NA,,NA,,,138.77015686035156,,0.2877349853515625,,138.482421875
2023-06-29,DEM,../DSMs/2023-06-29_DEM.tif,2025-11-19T16:07:37.007040Z,4.10.dev245+g4144cef28,default_601,NA,,NA,,NA,,,139.26365661621094,,0.2489776611328125,,139.01467895507812
2023-06-29,DEM,../DSMs/2023-06-29_DEM.tif,2025-11-19T16:07:37.007040Z,4.10.dev245+g4144cef28,default_602,NA,,NA,,NA,,,138.65565490722656,,0.302215576171875,,138.3534393310547
2023-06-29,DEM,../DSMs/2023-06-29_DEM.tif,2025-11-19T16:07:37.007040Z,4.10.dev245+g4144cef28,default_603,NA,,NA,,NA,,,138.65235900878906,,0.2700958251953125,,138.38226318359375
2023-06-29,DEM,../DSMs/2023-06-29_DEM.tif,2025-11-19T16:07:37.007040Z,4.10.dev245+g4144cef28,default_701,NA,,NA,,NA,,,139.35154724121094,,0.23614501953125,,139.1154022216797
2023-06-29,DEM,../DSMs/2023-06-29_DEM.tif,2025-11-19T16:07:37.007040Z,4.10.dev245+g4144cef28,default_702,NA,,NA,,NA,,,138.83885192871094,,0.274383544921875,,138.56446838378906
2023-06-29,DEM,../DSMs/2023-06-29_DEM.tif,2025-11-19T16:07:37.007040Z,4.10.dev245+g4144cef28,default_703,NA,,NA,,NA,,,138.1509246826172,,0.266998291015625,,137.88392639160156
2023-06-29,DEM,../DSMs/2023-06-29_DEM.tif,2025-11-19T16:07:37.007040Z,4.10.dev245+g4144cef28,default_801,NA,,NA,,NA,,,139.32614135742188,,0.24041748046875,,139.08572387695312
2023-06-29,DEM,../DSMs/2023-06-29_DEM.tif,2025-11-19T16:07:37.007040Z,4.10.dev245+g4144cef28,default_802,NA,,NA,,NA,,,139.1934356689453,,0.2779388427734375,,138.91549682617188
2023-06-29,DEM,../DSMs/2023-06-29_DEM.tif,2025-11-19T16:07:37.007040Z,4.10.dev245+g4144cef28,default_803,NA,,NA,,NA,,,138.51339721679688,,0.2537384033203125,,138.25965881347656
2023-06-29,DEM,../DSMs/2023-06-29_DEM.tif,2025-11-19T16:07:37.007040Z,4.10.dev245+g4144cef28,default_901,NA,,NA,,NA,,,138.9250030517578,,0.2382354736328125,,138.686767578125
2023-06-29,DEM,../DSMs/2023-06-29_DEM.tif,2025-11-19T16:07:37.007040Z,4.10.dev245+g4144cef28,default_902,NA,,NA,,NA,,,139.02359008789062,,0.2825164794921875,,138.74107360839844
2023-06-29,DEM,../DSMs/2023-06-29_DEM.tif,2025-11-19T16:07:37.007040Z,4.10.dev245+g4144cef28,default_903,NA,,NA,,NA,,,138.3187255859375,,0.258636474609375,,138.06008911132812
2023-07-07,DEM,../DSMs/2023-07-07_DEM.tif,2025-11-19T16:07:37.969039Z,4.10.dev245+g4144cef28,101_1,,108.43857537350421,,108.0,,10.555395539761422,NA,,NA,,NA,
2023-07-07,DEM,../DSMs/2023-07-07_DEM.tif,2025-11-19T16:07:37.969039Z,4.10.dev245+g4144cef28,102_12,,109.67159298979858,,110.0,,7.119641681408078,NA,,NA,,NA,
2023-07-07,DEM,../DSMs/2023-07-07_DEM.tif,2025-11-19T16:07:37.969039Z,4.10.dev245+g4144cef28,103_20,,117.72776458168381,,119.0,,8.89363689914013,NA,,NA,,NA,
2023-07-07,DEM,../DSMs/2023-07-07_DEM.tif,2025-11-19T16:07:37.969039Z,4.10.dev245+g4144cef28,201_2,,109.94116746997169,,111.0,,7.1805345438718025,NA,,NA,,NA,
2023-07-07,DEM,../DSMs/2023-07-07_DEM.tif,2025-11-19T16:07:37.969039Z,4.10.dev245+g4144cef28,202_14,,138.15877893874207,,139.0,,7.698706639992451,NA,,NA,,NA,
2023-07-07,DEM,../DSMs/2023-07-07_DEM.tif,2025-11-19T16:07:37.969039Z,4.10.dev245+g4144cef28,203_21,,112.77035297466553,,115.0,,8.049174271376247,NA,,NA,,NA,
2023-07-07,DEM,../DSMs/2023-07-07_DEM.tif,2025-11-19T16:07:37.969039Z,4.10.dev245+g4144cef28,301_3,,110.08145797978307,,111.0,,8.10544428082878,NA,,NA,,NA,
2023-07-07,DEM,../DSMs/2023-07-07_DEM.tif,2025-11-19T16:07:37.969039Z,4.10.dev245+g4144cef28,302_17,,166.43282118339326,,168.0,,9.598281977434045,NA,,NA,,NA,
2023-07-07,DEM,../DSMs/2023-07-07_DEM.tif,2025-11-19T16:07:37.969039Z,4.10.dev245+g4144cef28,303_23,,147.4410938249606,,147.0,,10.00074399309869,NA,,NA,,NA,
2023-07-07,DEM,../DSMs/2023-07-07_DEM.tif,2025-11-19T16:07:37.969039Z,4.10.dev245+g4144cef28,401_4,,130.63760839799178,,131.0,,9.3553329799468,NA,,NA,,NA,
2023-07-07,DEM,../DSMs/2023-07-07_DEM.tif,2025-11-19T16:07:37.969039Z,4.10.dev245+g4144cef28,402_11,,108.66008382467855,,109.0,,6.717651240048761,NA,,NA,,NA,
2023-07-07,DEM,../DSMs/2023-07-07_DEM.tif,2025-11-19T16:07:37.969039Z,4.10.dev245+g4144cef28,403_25,,169.76852743022135,,170.0,,10.214641426965333,NA,,NA,,NA,
2023-07-07,DEM,../DSMs/2023-07-07_DEM.tif,2025-11-19T16:07:37.969039Z,4.10.dev245+g4144cef28,501_5,,134.93278960882043,,137.0,,8.239689143107146,NA,,NA,,NA,
2023-07-07,DEM,../DSMs/2023-07-07_DEM.tif,2025-11-19T16:07:37.969039Z,4.10.dev245+g4144cef28,502_10,,106.81390564029797,,107.0,,6.061356346457808,NA,,NA,,NA,
2023-07-07,DEM,../DSMs/2023-07-07_DEM.tif,2025-11-19T16:07:37.969039Z,4.10.dev245+g4144cef28,503_26,,164.84590368115138,,167.0,,8.319466480651903,NA,,NA,,NA,
2023-07-07,DEM,../DSMs/2023-07-07_DEM.tif,2025-11-19T16:07:37.969039Z,4.10.dev245+g4144cef28,601_9,,160.31598166976943,,162.0,,7.003623031283239,NA,,NA,,NA,
2023-07-07,DEM,../DSMs/2023-07-07_DEM.tif,2025-11-19T16:07:37.969039Z,4.10.dev245+g4144cef28,602_15,,137.18062236921227,,137.0,,7.065309139636687,NA,,NA,,NA,
2023-07-07,DEM,../DSMs/2023-07-07_DEM.tif,2025-11-19T16:07:37.969039Z,4.10.dev245+g4144cef28,603_27,,164.691958822259,,167.0,,8.558870110153713,NA,,NA,,NA,
2023-07-07,DEM,../DSMs/2023-07-07_DEM.tif,2025-11-19T16:07:37.969039Z,4.10.dev245+g4144cef28,701_7,,155.88056451612903,,156.0,,7.965895632614617,NA,,NA,,NA,
2023-07-07,DEM,../DSMs/2023-07-07_DEM.tif,2025-11-19T16:07:37.969039Z,4.10.dev245+g4144cef28,702_13,,137.8771258190385,,139.0,,7.151765695110138,NA,,NA,,NA,
2023-07-07,DEM,../DSMs/2023-07-07_DEM.tif,2025-11-19T16:07:37.969039Z,4.10.dev245+g4144cef28,703_19,,112.42779795764513,,113.0,,6.4430875434012185,NA,,NA,,NA,
2023-07-07,DEM,../DSMs/2023-07-07_DEM.tif,2025-11-19T16:07:37.969039Z,4.10.dev245+g4144cef28,801_8,,159.69125252979538,,162.0,,6.843333780976583,NA,,NA,,NA,
2023-07-07,DEM,../DSMs/2023-07-07_DEM.tif,2025-11-19T16:07:37.969039Z,4.10.dev245+g4144cef28,802_16,,159.89519197509512,,160.0,,6.923619537145395,NA,,NA,,NA,
2023-07-07,DEM,../DSMs/2023-07-07_DEM.tif,2025-11-19T16:07:37.969039Z,4.10.dev245+g4144cef28,803_22,,137.8744608399546,,139.0,,6.414681954165584,NA,,NA,,NA,
2023-07-07,DEM,../DSMs/2023-07-07_DEM.tif,2025-11-19T16:07:37.969039Z,4.10.dev245+g4144cef28,901_6,,141.86825938566554,,142.0,,7.9727549270311755,NA,,NA,,NA,
2023-07-07,DEM,../DSMs/2023-07-07_DEM.tif,2025-11-19T16:07:37.969039Z,4.10.dev245+g4144cef28,902_18,,169.8038790180388,,171.0,,10.384147436314855,NA,,NA,,NA,
2023-07-07,DEM,../DSMs/2023-07-07_DEM.tif,2025-11-19T16:07:37.969039Z,4.10.dev245+g4144cef28,903_24,,145.79384917848617,,146.0,,9.208467149146346,NA,,NA,,NA,
2023-07-07,DEM,../DSMs/2023-07-07_DEM.tif,2025-11-19T16:07:37.969039Z,4.10.dev245+g4144cef28,default_101,NA,,NA,,NA,,,97.68633270263672,,0.47519683837890625,,97.21113586425781
2023-07-07,DEM,../DSMs/2023-07-07_DEM.tif,2025-11-19T16:07:37.969039Z,4.10.dev245+g4144cef28,default_102,NA,,NA,,NA,,,97.58795928955078,,0.26309967041015625,,97.32485961914062
2023-07-07,DEM,../DSMs/2023-07-07_DEM.tif,2025-11-19T16:07:37.969039Z,4.10.dev245+g4144cef28,default_103,NA,,NA,,NA,,,97.7977523803711,,0.38478851318359375,,97.4129638671875
2023-07-07,DEM,../DSMs/2023-07-07_DEM.tif,2025-11-19T16:07:37.969039Z,4.10.dev245+g4144cef28,default_201,NA,,NA,,NA,,,97.5933837890625,,0.2766876220703125,,97.31669616699219
2023-07-07,DEM,../DSMs/2023-07-07_DEM.tif,2025-11-19T16:07:37.969039Z,4.10.dev245+g4144cef28,default_202,NA,,NA,,NA,,,98.0259017944336,,0.3184814453125,,97.7074203491211
2023-07-07,DEM,../DSMs/2023-07-07_DEM.tif,2025-11-19T16:07:37.969039Z,4.10.dev245+g4144cef28,default_203,NA,,NA,,NA,,,97.64618682861328,,0.31923675537109375,,97.32695007324219
2023-07-07,DEM,../DSMs/2023-07-07_DEM.tif,2025-11-19T16:07:37.969039Z,4.10.dev245+g4144cef28,default_301,NA,,NA,,NA,,,97.65383911132812,,0.357330322265625,,97.2965087890625
2023-07-07,DEM,../DSMs/2023-07-07_DEM.tif,2025-11-19T16:07:37.969039Z,4.10.dev245+g4144cef28,default_302,NA,,NA,,NA,,,98.56632232666016,,0.4316558837890625,,98.1346664428711
2023-07-07,DEM,../DSMs/2023-07-07_DEM.tif,2025-11-19T16:07:37.969039Z,4.10.dev245+g4144cef28,default_303,NA,,NA,,NA,,,98.25812530517578,,0.4282989501953125,,97.82982635498047
2023-07-07,DEM,../DSMs/2023-07-07_DEM.tif,2025-11-19T16:07:37.969039Z,4.10.dev245+g4144cef28,default_401,NA,,NA,,NA,,,98.00042724609375,,0.40793609619140625,,97.59249114990234
2023-07-07,DEM,../DSMs/2023-07-07_DEM.tif,2025-11-19T16:07:37.969039Z,4.10.dev245+g4144cef28,default_402,NA,,NA,,NA,,,97.562744140625,,0.239349365234375,,97.32339477539062
2023-07-07,DEM,../DSMs/2023-07-07_DEM.tif,2025-11-19T16:07:37.969039Z,4.10.dev245+g4144cef28,default_403,NA,,NA,,NA,,,98.59330749511719,,0.478546142578125,,98.11476135253906
2023-07-07,DEM,../DSMs/2023-07-07_DEM.tif,2025-11-19T16:07:37.969039Z,4.10.dev245+g4144cef28,default_501,NA,,NA,,NA,,,97.99359893798828,,0.33475494384765625,,97.65884399414062
2023-07-07,DEM,../DSMs/2023-07-07_DEM.tif,2025-11-19T16:07:37.969039Z,4.10.dev245+g4144cef28,default_502,NA,,NA,,NA,,,97.53465270996094,,0.256866455078125,,97.27778625488281
2023-07-07,DEM,../DSMs/2023-07-07_DEM.tif,2025-11-19T16:07:37.969039Z,4.10.dev245+g4144cef28,default_503,NA,,NA,,NA,,,98.47381591796875,,0.35001373291015625,,98.1238021850586
2023-07-07,DEM,../DSMs/2023-07-07_DEM.tif,2025-11-19T16:07:37.969039Z,4.10.dev245+g4144cef28,default_601,NA,,NA,,NA,,,98.35459899902344,,0.2668609619140625,,98.08773803710938
2023-07-07,DEM,../DSMs/2023-07-07_DEM.tif,2025-11-19T16:07:37.969039Z,4.10.dev245+g4144cef28,default_602,NA,,NA,,NA,,,98.01676940917969,,0.29131317138671875,,97.72545623779297
2023-07-07,DEM,../DSMs/2023-07-07_DEM.tif,2025-11-19T16:07:37.969039Z,4.10.dev245+g4144cef28,default_603,NA,,NA,,NA,,,98.47602844238281,,0.3513336181640625,,98.12469482421875
2023-07-07,DEM,../DSMs/2023-07-07_DEM.tif,2025-11-19T16:07:37.969039Z,4.10.dev245+g4144cef28,default_701,NA,,NA,,NA,,,98.3541030883789,,0.3558349609375,,97.9982681274414
2023-07-07,DEM,../DSMs/2023-07-07_DEM.tif,2025-11-19T16:07:37.969039Z,4.10.dev245+g4144cef28,default_702,NA,,NA,,NA,,,98.02500915527344,,0.2592010498046875,,97.76580810546875
2023-07-07,DEM,../DSMs/2023-07-07_DEM.tif,2025-11-19T16:07:37.969039Z,4.10.dev245+g4144cef28,default_703,NA,,NA,,NA,,,97.62217712402344,,0.25372314453125,,97.36845397949219
2023-07-07,DEM,../DSMs/2023-07-07_DEM.tif,2025-11-19T16:07:37.969039Z,4.10.dev245+g4144cef28,default_801,NA,,NA,,NA,,,98.33219146728516,,0.26470184326171875,,98.06748962402344
2023-07-07,DEM,../DSMs/2023-07-07_DEM.tif,2025-11-19T16:07:37.969039Z,4.10.dev245+g4144cef28,default_802,NA,,NA,,NA,,,98.36215209960938,,0.2988739013671875,,98.06327819824219
2023-07-07,DEM,../DSMs/2023-07-07_DEM.tif,2025-11-19T16:07:37.969039Z,4.10.dev245+g4144cef28,default_803,NA,,NA,,NA,,,97.99996185302734,,0.24889373779296875,,97.75106811523438
2023-07-07,DEM,../DSMs/2023-07-07_DEM.tif,2025-11-19T16:07:37.969039Z,4.10.dev245+g4144cef28,default_901,NA,,NA,,NA,,,98.10519409179688,,0.3416748046875,,97.76351928710938
2023-07-07,DEM,../DSMs/2023-07-07_DEM.tif,2025-11-19T16:07:37.969039Z,4.10.dev245+g4144cef28,default_902,NA,,NA,,NA,,,98.59197998046875,,0.444915771484375,,98.14706420898438
2023-07-07,DEM,../DSMs/2023-07-07_DEM.tif,2025-11-19T16:07:37.969039Z,4.10.dev245+g4144cef28,default_903,NA,,NA,,NA,,,98.19587707519531,,0.400604248046875,,97.79527282714844
2023-07-12,DEM,../DSMs/2023-07-12_DEM.tif,2025-11-19T16:07:40.101329Z,4.10.dev245+g4144cef28,101_1,,147.08039598965888,,154.0,,36.864726220207096,NA,,NA,,NA,
2023-07-12,DEM,../DSMs/2023-07-12_DEM.tif,2025-11-19T16:07:40.101329Z,4.10.dev245+g4144cef28,102_12,,114.57443836573158,,108.0,,27.060349241405355,NA,,NA,,NA,
2023-07-12,DEM,../DSMs/2023-07-12_DEM.tif,2025-11-19T16:07:40.101329Z,4.10.dev245+g4144cef28,103_20,,119.79002005426447,,118.0,,32.3596236732187,NA,,NA,,NA,
2023-07-12,DEM,../DSMs/2023-07-12_DEM.tif,2025-11-19T16:07:40.101329Z,4.10.dev245+g4144cef28,201_2,,140.23747426218256,,153.0,,27.8015942658618,NA,,NA,,NA,
2023-07-12,DEM,../DSMs/2023-07-12_DEM.tif,2025-11-19T16:07:40.101329Z,4.10.dev245+g4144cef28,202_14,,150.21993085461273,,151.0,,27.724375954403172,NA,,NA,,NA,
2023-07-12,DEM,../DSMs/2023-07-12_DEM.tif,2025-11-19T16:07:40.101329Z,4.10.dev245+g4144cef28,203_21,,102.17970496200269,,103.0,,23.583419625254233,NA,,NA,,NA,
2023-07-12,DEM,../DSMs/2023-07-12_DEM.tif,2025-11-19T16:07:40.101329Z,4.10.dev245+g4144cef28,301_3,,141.15399314707432,,148.0,,34.47095940887371,NA,,NA,,NA,
2023-07-12,DEM,../DSMs/2023-07-12_DEM.tif,2025-11-19T16:07:40.101329Z,4.10.dev245+g4144cef28,302_17,,188.18961704108952,,189.0,,32.988116352577926,NA,,NA,,NA,
2023-07-12,DEM,../DSMs/2023-07-12_DEM.tif,2025-11-19T16:07:40.101329Z,4.10.dev245+g4144cef28,303_23,,154.60144883423632,,164.0,,35.70569186867334,NA,,NA,,NA,
2023-07-12,DEM,../DSMs/2023-07-12_DEM.tif,2025-11-19T16:07:40.101329Z,4.10.dev245+g4144cef28,401_4,,170.4277230395465,,177.0,,33.50616034656739,NA,,NA,,NA,
2023-07-12,DEM,../DSMs/2023-07-12_DEM.tif,2025-11-19T16:07:40.101329Z,4.10.dev245+g4144cef28,402_11,,115.1586368234699,,108.0,,25.015722143044496,NA,,NA,,NA,
2023-07-12,DEM,../DSMs/2023-07-12_DEM.tif,2025-11-19T16:07:40.101329Z,4.10.dev245+g4144cef28,403_25,,181.20291376010866,,193.0,,35.04355321304936,NA,,NA,,NA,
2023-07-12,DEM,../DSMs/2023-07-12_DEM.tif,2025-11-19T16:07:40.101329Z,4.10.dev245+g4144cef28,501_5,,171.5235318052353,,182.0,,29.907087839774487,NA,,NA,,NA,
2023-07-12,DEM,../DSMs/2023-07-12_DEM.tif,2025-11-19T16:07:40.101329Z,4.10.dev245+g4144cef28,502_10,,109.74557522123894,,109.0,,14.314162755457525,NA,,NA,,NA,
2023-07-12,DEM,../DSMs/2023-07-12_DEM.tif,2025-11-19T16:07:40.101329Z,4.10.dev245+g4144cef28,503_26,,170.08502749799172,,178.0,,31.94329404764437,NA,,NA,,NA,
2023-07-12,DEM,../DSMs/2023-07-12_DEM.tif,2025-11-19T16:07:40.101329Z,4.10.dev245+g4144cef28,601_9,,195.06295678933196,,206.0,,29.736247268572733,NA,,NA,,NA,
2023-07-12,DEM,../DSMs/2023-07-12_DEM.tif,2025-11-19T16:07:40.101329Z,4.10.dev245+g4144cef28,602_15,,149.16731200326066,,153.0,,28.952336994448608,NA,,NA,,NA,
2023-07-12,DEM,../DSMs/2023-07-12_DEM.tif,2025-11-19T16:07:40.101329Z,4.10.dev245+g4144cef28,603_27,,164.45779536754688,,170.0,,30.758203344522173,NA,,NA,,NA,
2023-07-12,DEM,../DSMs/2023-07-12_DEM.tif,2025-11-19T16:07:40.101329Z,4.10.dev245+g4144cef28,701_7,,185.56221867286192,,194.0,,23.733152689043358,NA,,NA,,NA,
2023-07-12,DEM,../DSMs/2023-07-12_DEM.tif,2025-11-19T16:07:40.101329Z,4.10.dev245+g4144cef28,702_13,,156.79236511262442,,166.0,,23.798155103688007,NA,,NA,,NA,
2023-07-12,DEM,../DSMs/2023-07-12_DEM.tif,2025-11-19T16:07:40.101329Z,4.10.dev245+g4144cef28,703_19,,110.61885521885522,,113.0,,21.146262831699776,NA,,NA,,NA,
2023-07-12,DEM,../DSMs/2023-07-12_DEM.tif,2025-11-19T16:07:40.101329Z,4.10.dev245+g4144cef28,801_8,,187.95155965775112,,195.0,,23.102322813279844,NA,,NA,,NA,
2023-07-12,DEM,../DSMs/2023-07-12_DEM.tif,2025-11-19T16:07:40.101329Z,4.10.dev245+g4144cef28,802_16,,175.73887515451173,,175.0,,17.131628394340346,NA,,NA,,NA,
2023-07-12,DEM,../DSMs/2023-07-12_DEM.tif,2025-11-19T16:07:40.101329Z,4.10.dev245+g4144cef28,803_22,,142.49670180210813,,153.0,,23.8816845765544,NA,,NA,,NA,
2023-07-12,DEM,../DSMs/2023-07-12_DEM.tif,2025-11-19T16:07:40.101329Z,4.10.dev245+g4144cef28,901_6,,175.3720375919368,,190.0,,33.25540753196104,NA,,NA,,NA,
2023-07-12,DEM,../DSMs/2023-07-12_DEM.tif,2025-11-19T16:07:40.101329Z,4.10.dev245+g4144cef28,902_18,,184.23529057149747,,188.0,,35.83181571475511,NA,,NA,,NA,
2023-07-12,DEM,../DSMs/2023-07-12_DEM.tif,2025-11-19T16:07:40.101329Z,4.10.dev245+g4144cef28,903_24,,148.4939593971852,,161.0,,34.747128356328666,NA,,NA,,NA,
2023-07-12,DEM,../DSMs/2023-07-12_DEM.tif,2025-11-19T16:07:40.101329Z,4.10.dev245+g4144cef28,default_101,NA,,NA,,NA,,,129.71414184570312,,0.5777130126953125,,129.1364288330078
2023-07-12,DEM,../DSMs/2023-07-12_DEM.tif,2025-11-19T16:07:40.101329Z,4.10.dev245+g4144cef28,default_102,NA,,NA,,NA,,,129.5164031982422,,0.47503662109375,,129.04136657714844
2023-07-12,DEM,../DSMs/2023-07-12_DEM.tif,2025-11-19T16:07:40.101329Z,4.10.dev245+g4144cef28,default_103,NA,,NA,,NA,,,129.5494842529297,,0.5138397216796875,,129.03564453125
2023-07-12,DEM,../DSMs/2023-07-12_DEM.tif,2025-11-19T16:07:40.101329Z,4.10.dev245+g4144cef28,default_201,NA,,NA,,NA,,,129.5679473876953,,0.4284820556640625,,129.13946533203125
2023-07-12,DEM,../DSMs/2023-07-12_DEM.tif,2025-11-19T16:07:40.101329Z,4.10.dev245+g4144cef28,default_202,NA,,NA,,NA,,,129.67718505859375,,0.4537811279296875,,129.22340393066406
2023-07-12,DEM,../DSMs/2023-07-12_DEM.tif,2025-11-19T16:07:40.101329Z,4.10.dev245+g4144cef28,default_203,NA,,NA,,NA,,,129.3578338623047,,0.3830108642578125,,128.97482299804688
2023-07-12,DEM,../DSMs/2023-07-12_DEM.tif,2025-11-19T16:07:40.101329Z,4.10.dev245+g4144cef28,default_301,NA,,NA,,NA,,,129.66883850097656,,0.550018310546875,,129.1188201904297
2023-07-12,DEM,../DSMs/2023-07-12_DEM.tif,2025-11-19T16:07:40.101329Z,4.10.dev245+g4144cef28,default_302,NA,,NA,,NA,,,129.9431915283203,,0.5106353759765625,,129.43255615234375
2023-07-12,DEM,../DSMs/2023-07-12_DEM.tif,2025-11-19T16:07:40.101329Z,4.10.dev245+g4144cef28,default_303,NA,,NA,,NA,,,129.72967529296875,,0.5223236083984375,,129.2073516845703
2023-07-12,DEM,../DSMs/2023-07-12_DEM.tif,2025-11-19T16:07:40.101329Z,4.10.dev245+g4144cef28,default_401,NA,,NA,,NA,,,129.85000610351562,,0.53411865234375,,129.31588745117188
2023-07-12,DEM,../DSMs/2023-07-12_DEM.tif,2025-11-19T16:07:40.101329Z,4.10.dev245+g4144cef28,default_402,NA,,NA,,NA,,,129.4791259765625,,0.3992156982421875,,129.0799102783203
2023-07-12,DEM,../DSMs/2023-07-12_DEM.tif,2025-11-19T16:07:40.101329Z,4.10.dev245+g4144cef28,default_403,NA,,NA,,NA,,,129.8893280029297,,0.5618896484375,,129.3274383544922
2023-07-12,DEM,../DSMs/2023-07-12_DEM.tif,2025-11-19T16:07:40.101329Z,4.10.dev245+g4144cef28,default_501,NA,,NA,,NA,,,129.78858947753906,,0.4825439453125,,129.30604553222656
2023-07-12,DEM,../DSMs/2023-07-12_DEM.tif,2025-11-19T16:07:40.101329Z,4.10.dev245+g4144cef28,default_502,NA,,NA,,NA,,,129.36090087890625,,0.274505615234375,,129.08639526367188
2023-07-12,DEM,../DSMs/2023-07-12_DEM.tif,2025-11-19T16:07:40.101329Z,4.10.dev245+g4144cef28,default_503,NA,,NA,,NA,,,129.82977294921875,,0.5155181884765625,,129.3142547607422
2023-07-12,DEM,../DSMs/2023-07-12_DEM.tif,2025-11-19T16:07:40.101329Z,4.10.dev245+g4144cef28,default_601,NA,,NA,,NA,,,129.93817138671875,,0.4607391357421875,,129.47743225097656
2023-07-12,DEM,../DSMs/2023-07-12_DEM.tif,2025-11-19T16:07:40.101329Z,4.10.dev245+g4144cef28,default_602,NA,,NA,,NA,,,129.67416381835938,,0.45574951171875,,129.21841430664062
2023-07-12,DEM,../DSMs/2023-07-12_DEM.tif,2025-11-19T16:07:40.101329Z,4.10.dev245+g4144cef28,default_603,NA,,NA,,NA,,,129.766357421875,,0.47686767578125,,129.28948974609375
2023-07-12,DEM,../DSMs/2023-07-12_DEM.tif,2025-11-19T16:07:40.101329Z,4.10.dev245+g4144cef28,default_701,NA,,NA,,NA,,,129.8357696533203,,0.3914947509765625,,129.44427490234375
2023-07-12,DEM,../DSMs/2023-07-12_DEM.tif,2025-11-19T16:07:40.101329Z,4.10.dev245+g4144cef28,default_702,NA,,NA,,NA,,,129.6563262939453,,0.3753814697265625,,129.28094482421875
2023-07-12,DEM,../DSMs/2023-07-12_DEM.tif,2025-11-19T16:07:40.101329Z,4.10.dev245+g4144cef28,default_703,NA,,NA,,NA,,,129.38563537597656,,0.33758544921875,,129.0480499267578
2023-07-12,DEM,../DSMs/2023-07-12_DEM.tif,2025-11-19T16:07:40.101329Z,4.10.dev245+g4144cef28,default_801,NA,,NA,,NA,,,129.84483337402344,,0.3580322265625,,129.48680114746094
2023-07-12,DEM,../DSMs/2023-07-12_DEM.tif,2025-11-19T16:07:40.101329Z,4.10.dev245+g4144cef28,default_802,NA,,NA,,NA,,,129.76412963867188,,0.3179473876953125,,129.44618225097656
2023-07-12,DEM,../DSMs/2023-07-12_DEM.tif,2025-11-19T16:07:40.101329Z,4.10.dev245+g4144cef28,default_803,NA,,NA,,NA,,,129.56076049804688,,0.347900390625,,129.21286010742188
2023-07-12,DEM,../DSMs/2023-07-12_DEM.tif,2025-11-19T16:07:40.101329Z,4.10.dev245+g4144cef28,default_901,NA,,NA,,NA,,,129.81463623046875,,0.507720947265625,,129.30691528320312
2023-07-12,DEM,../DSMs/2023-07-12_DEM.tif,2025-11-19T16:07:40.101329Z,4.10.dev245+g4144cef28,default_902,NA,,NA,,NA,,,129.9266357421875,,0.5537109375,,129.3729248046875
2023-07-12,DEM,../DSMs/2023-07-12_DEM.tif,2025-11-19T16:07:40.101329Z,4.10.dev245+g4144cef28,default_903,NA,,NA,,NA,,,129.67709350585938,,0.516143798828125,,129.16094970703125
2023-07-17,DEM,../DSMs/2023-07-17_DEM.tif,2025-11-19T16:07:41.478860Z,4.10.dev245+g4144cef28,101_1,,137.16102705756796,,145.0,,25.076824599579492,NA,,NA,,NA,
2023-07-17,DEM,../DSMs/2023-07-17_DEM.tif,2025-11-19T16:07:41.478860Z,4.10.dev245+g4144cef28,102_12,,138.6453942005357,,147.0,,25.831981737055422,NA,,NA,,NA,
2023-07-17,DEM,../DSMs/2023-07-17_DEM.tif,2025-11-19T16:07:41.478860Z,4.10.dev245+g4144cef28,103_20,,141.02656735675328,,151.0,,27.028444263538717,NA,,NA,,NA,
2023-07-17,DEM,../DSMs/2023-07-17_DEM.tif,2025-11-19T16:07:41.478860Z,4.10.dev245+g4144cef28,201_2,,140.40272080940662,,151.0,,23.596595689169128,NA,,NA,,NA,
2023-07-17,DEM,../DSMs/2023-07-17_DEM.tif,2025-11-19T16:07:41.478860Z,4.10.dev245+g4144cef28,202_14,,162.87945670628184,,169.0,,22.634927528297045,NA,,NA,,NA,
2023-07-17,DEM,../DSMs/2023-07-17_DEM.tif,2025-11-19T16:07:41.478860Z,4.10.dev245+g4144cef28,203_21,,132.3988004083716,,136.0,,21.270255783678138,NA,,NA,,NA,
2023-07-17,DEM,../DSMs/2023-07-17_DEM.tif,2025-11-19T16:07:41.478860Z,4.10.dev245+g4144cef28,301_3,,146.3883245382586,,157.0,,27.217072931052908,NA,,NA,,NA,
2023-07-17,DEM,../DSMs/2023-07-17_DEM.tif,2025-11-19T16:07:41.478860Z,4.10.dev245+g4144cef28,302_17,,197.89036467435628,,209.0,,26.936885668644774,NA,,NA,,NA,
2023-07-17,DEM,../DSMs/2023-07-17_DEM.tif,2025-11-19T16:07:41.478860Z,4.10.dev245+g4144cef28,303_23,,170.32804072480457,,178.0,,24.869354185884486,NA,,NA,,NA,
2023-07-17,DEM,../DSMs/2023-07-17_DEM.tif,2025-11-19T16:07:41.478860Z,4.10.dev245+g4144cef28,401_4,,166.08316457405158,,176.0,,28.11738823837833,NA,,NA,,NA,
2023-07-17,DEM,../DSMs/2023-07-17_DEM.tif,2025-11-19T16:07:41.478860Z,4.10.dev245+g4144cef28,402_11,,135.83461248112732,,139.0,,24.27007674746697,NA,,NA,,NA,
2023-07-17,DEM,../DSMs/2023-07-17_DEM.tif,2025-11-19T16:07:41.478860Z,4.10.dev245+g4144cef28,403_25,,198.73675213675213,,211.0,,29.978371197157035,NA,,NA,,NA,
2023-07-17,DEM,../DSMs/2023-07-17_DEM.tif,2025-11-19T16:07:41.478860Z,4.10.dev245+g4144cef28,501_5,,170.77130287648055,,181.0,,25.596674160573027,NA,,NA,,NA,
2023-07-17,DEM,../DSMs/2023-07-17_DEM.tif,2025-11-19T16:07:41.478860Z,4.10.dev245+g4144cef28,502_10,,131.4445638432364,,134.0,,21.071626062935664,NA,,NA,,NA,
2023-07-17,DEM,../DSMs/2023-07-17_DEM.tif,2025-11-19T16:07:41.478860Z,4.10.dev245+g4144cef28,503_26,,194.94623988135697,,205.0,,28.115950222341688,NA,,NA,,NA,
2023-07-17,DEM,../DSMs/2023-07-17_DEM.tif,2025-11-19T16:07:41.478860Z,4.10.dev245+g4144cef28,601_9,,196.01457541191382,,206.0,,25.69942107968839,NA,,NA,,NA,
2023-07-17,DEM,../DSMs/2023-07-17_DEM.tif,2025-11-19T16:07:41.478860Z,4.10.dev245+g4144cef28,602_15,,168.74788837083588,,180.0,,24.94531673581051,NA,,NA,,NA,
2023-07-17,DEM,../DSMs/2023-07-17_DEM.tif,2025-11-19T16:07:41.478860Z,4.10.dev245+g4144cef28,603_27,,194.17491621551946,,205.0,,27.911392683698846,NA,,NA,,NA,
2023-07-17,DEM,../DSMs/2023-07-17_DEM.tif,2025-11-19T16:07:41.478860Z,4.10.dev245+g4144cef28,701_7,,188.59038768694643,,195.0,,22.741425283797888,NA,,NA,,NA,
2023-07-17,DEM,../DSMs/2023-07-17_DEM.tif,2025-11-19T16:07:41.478860Z,4.10.dev245+g4144cef28,702_13,,163.4913188757125,,172.0,,20.84733053520952,NA,,NA,,NA,
2023-07-17,DEM,../DSMs/2023-07-17_DEM.tif,2025-11-19T16:07:41.478860Z,4.10.dev245+g4144cef28,703_19,,135.5919296303131,,143.0,,20.926784234679747,NA,,NA,,NA,
2023-07-17,DEM,../DSMs/2023-07-17_DEM.tif,2025-11-19T16:07:41.478860Z,4.10.dev245+g4144cef28,801_8,,189.93507817811013,,196.0,,21.313737139869293,NA,,NA,,NA,
2023-07-17,DEM,../DSMs/2023-07-17_DEM.tif,2025-11-19T16:07:41.478860Z,4.10.dev245+g4144cef28,802_16,,183.9072595504238,,185.0,,19.068161025355966,NA,,NA,,NA,
2023-07-17,DEM,../DSMs/2023-07-17_DEM.tif,2025-11-19T16:07:41.478860Z,4.10.dev245+g4144cef28,803_22,,165.09085345120707,,175.0,,21.359424141246024,NA,,NA,,NA,
2023-07-17,DEM,../DSMs/2023-07-17_DEM.tif,2025-11-19T16:07:41.478860Z,4.10.dev245+g4144cef28,901_6,,175.7525054171181,,183.0,,24.84460971982157,NA,,NA,,NA,
2023-07-17,DEM,../DSMs/2023-07-17_DEM.tif,2025-11-19T16:07:41.478860Z,4.10.dev245+g4144cef28,902_18,,196.81010052077025,,206.0,,25.85907353991179,NA,,NA,,NA,
2023-07-17,DEM,../DSMs/2023-07-17_DEM.tif,2025-11-19T16:07:41.478860Z,4.10.dev245+g4144cef28,903_24,,170.88197411604435,,180.0,,26.076148322599323,NA,,NA,,NA,
2023-07-17,DEM,../DSMs/2023-07-17_DEM.tif,2025-11-19T16:07:41.478860Z,4.10.dev245+g4144cef28,default_101,NA,,NA,,NA,,,101.67221069335938,,0.5729293823242188,,101.09928131103516
2023-07-17,DEM,../DSMs/2023-07-17_DEM.tif,2025-11-19T16:07:41.478860Z,4.10.dev245+g4144cef28,default_102,NA,,NA,,NA,,,101.71626281738281,,0.569732666015625,,101.14653015136719
2023-07-17,DEM,../DSMs/2023-07-17_DEM.tif,2025-11-19T16:07:41.478860Z,4.10.dev245+g4144cef28,default_103,NA,,NA,,NA,,,101.73950958251953,,0.5844268798828125,,101.15508270263672
2023-07-17,DEM,../DSMs/2023-07-17_DEM.tif,2025-11-19T16:07:41.478860Z,4.10.dev245+g4144cef28,default_201,NA,,NA,,NA,,,101.63532257080078,,0.5137252807617188,,101.12159729003906
2023-07-17,DEM,../DSMs/2023-07-17_DEM.tif,2025-11-19T16:07:41.478860Z,4.10.dev245+g4144cef28,default_202,NA,,NA,,NA,,,101.87569427490234,,0.5063247680664062,,101.36936950683594
2023-07-17,DEM,../DSMs/2023-07-17_DEM.tif,2025-11-19T16:07:41.478860Z,4.10.dev245+g4144cef28,default_203,NA,,NA,,NA,,,101.60256958007812,,0.45746612548828125,,101.14510345458984
2023-07-17,DEM,../DSMs/2023-07-17_DEM.tif,2025-11-19T16:07:41.478860Z,4.10.dev245+g4144cef28,default_301,NA,,NA,,NA,,,101.74835205078125,,0.5831222534179688,,101.16522979736328
2023-07-17,DEM,../DSMs/2023-07-17_DEM.tif,2025-11-19T16:07:41.478860Z,4.10.dev245+g4144cef28,default_302,NA,,NA,,NA,,,102.20828247070312,,0.570709228515625,,101.6375732421875
2023-07-17,DEM,../DSMs/2023-07-17_DEM.tif,2025-11-19T16:07:41.478860Z,4.10.dev245+g4144cef28,default_303,NA,,NA,,NA,,,101.97571563720703,,0.5289230346679688,,101.44679260253906
2023-07-17,DEM,../DSMs/2023-07-17_DEM.tif,2025-11-19T16:07:41.478860Z,4.10.dev245+g4144cef28,default_401,NA,,NA,,NA,,,101.94245910644531,,0.5731582641601562,,101.36930084228516
2023-07-17,DEM,../DSMs/2023-07-17_DEM.tif,2025-11-19T16:07:41.478860Z,4.10.dev245+g4144cef28,default_402,NA,,NA,,NA,,,101.66808319091797,,0.49423980712890625,,101.17384338378906
2023-07-17,DEM,../DSMs/2023-07-17_DEM.tif,2025-11-19T16:07:41.478860Z,4.10.dev245+g4144cef28,default_403,NA,,NA,,NA,,,102.21125030517578,,0.6706619262695312,,101.54058837890625
2023-07-17,DEM,../DSMs/2023-07-17_DEM.tif,2025-11-19T16:07:41.478860Z,4.10.dev245+g4144cef28,default_501,NA,,NA,,NA,,,101.93565368652344,,0.5704421997070312,,101.3652114868164
2023-07-17,DEM,../DSMs/2023-07-17_DEM.tif,2025-11-19T16:07:41.478860Z,4.10.dev245+g4144cef28,default_502,NA,,NA,,NA,,,101.60440826416016,,0.4901885986328125,,101.11421966552734
2023-07-17,DEM,../DSMs/2023-07-17_DEM.tif,2025-11-19T16:07:41.478860Z,4.10.dev245+g4144cef28,default_503,NA,,NA,,NA,,,102.17509460449219,,0.6170120239257812,,101.5580825805664
2023-07-17,DEM,../DSMs/2023-07-17_DEM.tif,2025-11-19T16:07:41.478860Z,4.10.dev245+g4144cef28,default_601,NA,,NA,,NA,,,102.1476058959961,,0.5323715209960938,,101.615234375
2023-07-17,DEM,../DSMs/2023-07-17_DEM.tif,2025-11-19T16:07:41.478860Z,4.10.dev245+g4144cef28,default_602,NA,,NA,,NA,,,101.91498565673828,,0.529541015625,,101.38544464111328
2023-07-17,DEM,../DSMs/2023-07-17_DEM.tif,2025-11-19T16:07:41.478860Z,4.10.dev245+g4144cef28,default_603,NA,,NA,,NA,,,102.15483856201172,,0.5880813598632812,,101.56675720214844
2023-07-17,DEM,../DSMs/2023-07-17_DEM.tif,2025-11-19T16:07:41.478860Z,4.10.dev245+g4144cef28,default_701,NA,,NA,,NA,,,102.05860137939453,,0.515289306640625,,101.5433120727539
2023-07-17,DEM,../DSMs/2023-07-17_DEM.tif,2025-11-19T16:07:41.478860Z,4.10.dev245+g4144cef28,default_702,NA,,NA,,NA,,,101.83270263671875,,0.4312286376953125,,101.40147399902344
2023-07-17,DEM,../DSMs/2023-07-17_DEM.tif,2025-11-19T16:07:41.478860Z,4.10.dev245+g4144cef28,default_703,NA,,NA,,NA,,,101.62410736083984,,0.45478057861328125,,101.16932678222656
2023-07-17,DEM,../DSMs/2023-07-17_DEM.tif,2025-11-19T16:07:41.478860Z,4.10.dev245+g4144cef28,default_801,NA,,NA,,NA,,,102.05274200439453,,0.4371490478515625,,101.61559295654297
2023-07-17,DEM,../DSMs/2023-07-17_DEM.tif,2025-11-19T16:07:41.478860Z,4.10.dev245+g4144cef28,default_802,NA,,NA,,NA,,,102.03984069824219,,0.47003936767578125,,101.5698013305664
2023-07-17,DEM,../DSMs/2023-07-17_DEM.tif,2025-11-19T16:07:41.478860Z,4.10.dev245+g4144cef28,default_803,NA,,NA,,NA,,,101.83470916748047,,0.4305877685546875,,101.40412139892578
2023-07-17,DEM,../DSMs/2023-07-17_DEM.tif,2025-11-19T16:07:41.478860Z,4.10.dev245+g4144cef28,default_901,NA,,NA,,NA,,,101.97116088867188,,0.5509490966796875,,101.42021179199219
2023-07-17,DEM,../DSMs/2023-07-17_DEM.tif,2025-11-19T16:07:41.478860Z,4.10.dev245+g4144cef28,default_902,NA,,NA,,NA,,,102.18460083007812,,0.5890655517578125,,101.59553527832031
2023-07-17,DEM,../DSMs/2023-07-17_DEM.tif,2025-11-19T16:07:41.478860Z,4.10.dev245+g4144cef28,default_903,NA,,NA,,NA,,,101.9757080078125,,0.5771331787109375,,101.39857482910156
2023-07-27,DEM,../DSMs/2023-07-27_DEM.tif,2025-11-19T16:07:43.612787Z,4.10.dev245+g4144cef28,101_1,,148.24206815511164,,155.0,,33.38979928110576,NA,,NA,,NA,
2023-07-27,DEM,../DSMs/2023-07-27_DEM.tif,2025-11-19T16:07:43.612787Z,4.10.dev245+g4144cef28,102_12,,128.6609814482346,,136.0,,34.36257880103624,NA,,NA,,NA,
2023-07-27,DEM,../DSMs/2023-07-27_DEM.tif,2025-11-19T16:07:43.612787Z,4.10.dev245+g4144cef28,103_20,,119.08337910030455,,127.0,,32.5650922654221,NA,,NA,,NA,
2023-07-27,DEM,../DSMs/2023-07-27_DEM.tif,2025-11-19T16:07:43.612787Z,4.10.dev245+g4144cef28,201_2,,151.43671548117155,,168.0,,32.75511845398907,NA,,NA,,NA,
2023-07-27,DEM,../DSMs/2023-07-27_DEM.tif,2025-11-19T16:07:43.612787Z,4.10.dev245+g4144cef28,202_14,,156.84964188179524,,168.0,,32.64153871564417,NA,,NA,,NA,
2023-07-27,DEM,../DSMs/2023-07-27_DEM.tif,2025-11-19T16:07:43.612787Z,4.10.dev245+g4144cef28,203_21,,113.65813627038116,,122.0,,31.525651718497418,NA,,NA,,NA,
2023-07-27,DEM,../DSMs/2023-07-27_DEM.tif,2025-11-19T16:07:43.612787Z,4.10.dev245+g4144cef28,301_3,,152.85127201565558,,167.0,,38.714257828545236,NA,,NA,,NA,
2023-07-27,DEM,../DSMs/2023-07-27_DEM.tif,2025-11-19T16:07:43.612787Z,4.10.dev245+g4144cef28,302_17,,179.59221059869358,,185.0,,33.57265820924608,NA,,NA,,NA,
2023-07-27,DEM,../DSMs/2023-07-27_DEM.tif,2025-11-19T16:07:43.612787Z,4.10.dev245+g4144cef28,303_23,,142.7893524443307,,146.0,,30.734759654196075,NA,,NA,,NA,
2023-07-27,DEM,../DSMs/2023-07-27_DEM.tif,2025-11-19T16:07:43.612787Z,4.10.dev245+g4144cef28,401_4,,171.7869159940889,,185.0,,35.25063973764529,NA,,NA,,NA,
2023-07-27,DEM,../DSMs/2023-07-27_DEM.tif,2025-11-19T16:07:43.612787Z,4.10.dev245+g4144cef28,402_11,,133.02022640699607,,140.0,,34.38285263814633,NA,,NA,,NA,
2023-07-27,DEM,../DSMs/2023-07-27_DEM.tif,2025-11-19T16:07:43.612787Z,4.10.dev245+g4144cef28,403_25,,173.415737874097,,189.0,,38.16747044003492,NA,,NA,,NA,
2023-07-27,DEM,../DSMs/2023-07-27_DEM.tif,2025-11-19T16:07:43.612787Z,4.10.dev245+g4144cef28,501_5,,173.22127195499942,,187.0,,32.13708832700688,NA,,NA,,NA,
2023-07-27,DEM,../DSMs/2023-07-27_DEM.tif,2025-11-19T16:07:43.612787Z,4.10.dev245+g4144cef28,502_10,,131.90501801753348,,134.0,,30.332221917152673,NA,,NA,,NA,
2023-07-27,DEM,../DSMs/2023-07-27_DEM.tif,2025-11-19T16:07:43.612787Z,4.10.dev245+g4144cef28,503_26,,165.5672986278412,,176.0,,36.56669855254279,NA,,NA,,NA,
2023-07-27,DEM,../DSMs/2023-07-27_DEM.tif,2025-11-19T16:07:43.612787Z,4.10.dev245+g4144cef28,601_9,,185.4390033437601,,199.0,,31.79296812805348,NA,,NA,,NA,
2023-07-27,DEM,../DSMs/2023-07-27_DEM.tif,2025-11-19T16:07:43.612787Z,4.10.dev245+g4144cef28,602_15,,154.90310587427788,,172.0,,33.53937642103095,NA,,NA,,NA,
2023-07-27,DEM,../DSMs/2023-07-27_DEM.tif,2025-11-19T16:07:43.612787Z,4.10.dev245+g4144cef28,603_27,,159.54713483452375,,171.0,,35.55937485788066,NA,,NA,,NA,
2023-07-27,DEM,../DSMs/2023-07-27_DEM.tif,2025-11-19T16:07:43.612787Z,4.10.dev245+g4144cef28,701_7,,190.9444309486214,,204.0,,28.358115043715866,NA,,NA,,NA,
2023-07-27,DEM,../DSMs/2023-07-27_DEM.tif,2025-11-19T16:07:43.612787Z,4.10.dev245+g4144cef28,702_13,,160.4620415921288,,176.0,,28.532117752050492,NA,,NA,,NA,
2023-07-27,DEM,../DSMs/2023-07-27_DEM.tif,2025-11-19T16:07:43.612787Z,4.10.dev245+g4144cef28,703_19,,121.0618966496309,,132.0,,30.711922387808823,NA,,NA,,NA,
2023-07-27,DEM,../DSMs/2023-07-27_DEM.tif,2025-11-19T16:07:43.612787Z,4.10.dev245+g4144cef28,801_8,,185.3732494188354,,197.0,,25.741792847884657,NA,,NA,,NA,
2023-07-27,DEM,../DSMs/2023-07-27_DEM.tif,2025-11-19T16:07:43.612787Z,4.10.dev245+g4144cef28,802_16,,171.33696164111151,,174.0,,25.798028922764626,NA,,NA,,NA,
2023-07-27,DEM,../DSMs/2023-07-27_DEM.tif,2025-11-19T16:07:43.612787Z,4.10.dev245+g4144cef28,803_22,,144.83154080634958,,162.0,,29.83588436049211,NA,,NA,,NA,
2023-07-27,DEM,../DSMs/2023-07-27_DEM.tif,2025-11-19T16:07:43.612787Z,4.10.dev245+g4144cef28,901_6,,177.58912993572085,,189.0,,36.794698507036365,NA,,NA,,NA,
2023-07-27,DEM,../DSMs/2023-07-27_DEM.tif,2025-11-19T16:07:43.612787Z,4.10.dev245+g4144cef28,902_18,,173.18392160886518,,177.0,,29.839167727856726,NA,,NA,,NA,
2023-07-27,DEM,../DSMs/2023-07-27_DEM.tif,2025-11-19T16:07:43.612787Z,4.10.dev245+g4144cef28,903_24,,135.9840831918506,,139.0,,29.7816716114577,NA,,NA,,NA,
2023-07-27,DEM,../DSMs/2023-07-27_DEM.tif,2025-11-19T16:07:43.612787Z,4.10.dev245+g4144cef28,default_101,NA,,NA,,NA,,,110.77428436279297,,0.7077789306640625,,110.0665054321289
2023-07-27,DEM,../DSMs/2023-07-27_DEM.tif,2025-11-19T16:07:43.612787Z,4.10.dev245+g4144cef28,default_102,NA,,NA,,NA,,,110.62220001220703,,0.6967086791992188,,109.92549133300781
2023-07-27,DEM,../DSMs/2023-07-27_DEM.tif,2025-11-19T16:07:43.612787Z,4.10.dev245+g4144cef28,default_103,NA,,NA,,NA,,,110.55320739746094,,0.6789474487304688,,109.87425994873047
2023-07-27,DEM,../DSMs/2023-07-27_DEM.tif,2025-11-19T16:07:43.612787Z,4.10.dev245+g4144cef28,default_201,NA,,NA,,NA,,,110.71566009521484,,0.6662750244140625,,110.04938507080078
2023-07-27,DEM,../DSMs/2023-07-27_DEM.tif,2025-11-19T16:07:43.612787Z,4.10.dev245+g4144cef28,default_202,NA,,NA,,NA,,,110.79505157470703,,0.64691162109375,,110.14813995361328
2023-07-27,DEM,../DSMs/2023-07-27_DEM.tif,2025-11-19T16:07:43.612787Z,4.10.dev245+g4144cef28,default_203,NA,,NA,,NA,,,110.46380615234375,,0.639678955078125,,109.82412719726562
2023-07-27,DEM,../DSMs/2023-07-27_DEM.tif,2025-11-19T16:07:43.612787Z,4.10.dev245+g4144cef28,default_301,NA,,NA,,NA,,,110.81446838378906,,0.7982635498046875,,110.01620483398438
2023-07-27,DEM,../DSMs/2023-07-27_DEM.tif,2025-11-19T16:07:43.612787Z,4.10.dev245+g4144cef28,default_302,NA,,NA,,NA,,,111.04048156738281,,0.6827850341796875,,110.35769653320312
2023-07-27,DEM,../DSMs/2023-07-27_DEM.tif,2025-11-19T16:07:43.612787Z,4.10.dev245+g4144cef28,default_303,NA,,NA,,NA,,,110.7328872680664,,0.6151504516601562,,110.11773681640625
2023-07-27,DEM,../DSMs/2023-07-27_DEM.tif,2025-11-19T16:07:43.612787Z,4.10.dev245+g4144cef28,default_401,NA,,NA,,NA,,,110.94611358642578,,0.674102783203125,,110.27201080322266
2023-07-27,DEM,../DSMs/2023-07-27_DEM.tif,2025-11-19T16:07:43.612787Z,4.10.dev245+g4144cef28,default_402,NA,,NA,,NA,,,110.64082336425781,,0.668609619140625,,109.97221374511719
2023-07-27,DEM,../DSMs/2023-07-27_DEM.tif,2025-11-19T16:07:43.612787Z,4.10.dev245+g4144cef28,default_403,NA,,NA,,NA,,,110.9666748046875,,0.7805709838867188,,110.18610382080078
2023-07-27,DEM,../DSMs/2023-07-27_DEM.tif,2025-11-19T16:07:43.612787Z,4.10.dev245+g4144cef28,default_501,NA,,NA,,NA,,,110.90219116210938,,0.6601104736328125,,110.24208068847656
2023-07-27,DEM,../DSMs/2023-07-27_DEM.tif,2025-11-19T16:07:43.612787Z,4.10.dev245+g4144cef28,default_502,NA,,NA,,NA,,,110.60588073730469,,0.6470870971679688,,109.95879364013672
2023-07-27,DEM,../DSMs/2023-07-27_DEM.tif,2025-11-19T16:07:43.612787Z,4.10.dev245+g4144cef28,default_503,NA,,NA,,NA,,,110.91337585449219,,0.7426223754882812,,110.1707534790039
2023-07-27,DEM,../DSMs/2023-07-27_DEM.tif,2025-11-19T16:07:43.612787Z,4.10.dev245+g4144cef28,default_601,NA,,NA,,NA,,,111.00910186767578,,0.63287353515625,,110.37622833251953
2023-07-27,DEM,../DSMs/2023-07-27_DEM.tif,2025-11-19T16:07:43.612787Z,4.10.dev245+g4144cef28,default_602,NA,,NA,,NA,,,110.75679016113281,,0.6569671630859375,,110.09982299804688
2023-07-27,DEM,../DSMs/2023-07-27_DEM.tif,2025-11-19T16:07:43.612787Z,4.10.dev245+g4144cef28,default_603,NA,,NA,,NA,,,110.85066223144531,,0.708587646484375,,110.14207458496094
2023-07-27,DEM,../DSMs/2023-07-27_DEM.tif,2025-11-19T16:07:43.612787Z,4.10.dev245+g4144cef28,default_701,NA,,NA,,NA,,,111.00155639648438,,0.576263427734375,,110.42529296875
2023-07-27,DEM,../DSMs/2023-07-27_DEM.tif,2025-11-19T16:07:43.612787Z,4.10.dev245+g4144cef28,default_702,NA,,NA,,NA,,,110.74327850341797,,0.5513534545898438,,110.19192504882812
2023-07-27,DEM,../DSMs/2023-07-27_DEM.tif,2025-11-19T16:07:43.612787Z,4.10.dev245+g4144cef28,default_703,NA,,NA,,NA,,,110.49260711669922,,0.5840225219726562,,109.90858459472656
2023-07-27,DEM,../DSMs/2023-07-27_DEM.tif,2025-11-19T16:07:43.612787Z,4.10.dev245+g4144cef28,default_801,NA,,NA,,NA,,,110.9338607788086,,0.5036468505859375,,110.43021392822266
2023-07-27,DEM,../DSMs/2023-07-27_DEM.tif,2025-11-19T16:07:43.612787Z,4.10.dev245+g4144cef28,default_802,NA,,NA,,NA,,,110.89179992675781,,0.5770950317382812,,110.31470489501953
2023-07-27,DEM,../DSMs/2023-07-27_DEM.tif,2025-11-19T16:07:43.612787Z,4.10.dev245+g4144cef28,default_803,NA,,NA,,NA,,,110.62401580810547,,0.5520095825195312,,110.07200622558594
2023-07-27,DEM,../DSMs/2023-07-27_DEM.tif,2025-11-19T16:07:43.612787Z,4.10.dev245+g4144cef28,default_901,NA,,NA,,NA,,,111.01526641845703,,0.796234130859375,,110.21903228759766
2023-07-27,DEM,../DSMs/2023-07-27_DEM.tif,2025-11-19T16:07:43.612787Z,4.10.dev245+g4144cef28,default_902,NA,,NA,,NA,,,110.96150970458984,,0.6491622924804688,,110.31234741210938
2023-07-27,DEM,../DSMs/2023-07-27_DEM.tif,2025-11-19T16:07:43.612787Z,4.10.dev245+g4144cef28,default_903,NA,,NA,,NA,,,110.67178344726562,,0.636932373046875,,110.03485107421875
2023-08-04,DEM,../DSMs/2023-08-04_DEM.tif,2025-11-19T16:08:01.014834Z,4.10.dev245+g4144cef28,101_1,,120.14996735108467,,121.0,,13.595212083304347,NA,,NA,,NA,
2023-08-04,DEM,../DSMs/2023-08-04_DEM.tif,2025-11-19T16:08:01.014834Z,4.10.dev245+g4144cef28,102_12,,134.02276565561036,,135.0,,15.736552411693905,NA,,NA,,NA,
2023-08-04,DEM,../DSMs/2023-08-04_DEM.tif,2025-11-19T16:08:01.014834Z,4.10.dev245+g4144cef28,103_20,,136.83277932297673,,138.0,,13.34846765872312,NA,,NA,,NA,
2023-08-04,DEM,../DSMs/2023-08-04_DEM.tif,2025-11-19T16:08:01.014834Z,4.10.dev245+g4144cef28,201_2,,133.4171592636379,,139.0,,17.47975216134831,NA,,NA,,NA,
2023-08-04,DEM,../DSMs/2023-08-04_DEM.tif,2025-11-19T16:08:01.014834Z,4.10.dev245+g4144cef28,202_14,,167.21462447795003,,173.0,,18.023932043931545,NA,,NA,,NA,
2023-08-04,DEM,../DSMs/2023-08-04_DEM.tif,2025-11-19T16:08:01.014834Z,4.10.dev245+g4144cef28,203_21,,142.310484763521,,146.0,,14.905871759838913,NA,,NA,,NA,
2023-08-04,DEM,../DSMs/2023-08-04_DEM.tif,2025-11-19T16:08:01.014834Z,4.10.dev245+g4144cef28,301_3,,130.48985002272383,,132.0,,14.603851180955177,NA,,NA,,NA,
2023-08-04,DEM,../DSMs/2023-08-04_DEM.tif,2025-11-19T16:08:01.014834Z,4.10.dev245+g4144cef28,302_17,,182.3663836330815,,181.0,,15.519964772020323,NA,,NA,,NA,
2023-08-04,DEM,../DSMs/2023-08-04_DEM.tif,2025-11-19T16:08:01.014834Z,4.10.dev245+g4144cef28,303_23,,159.4286511757728,,159.0,,12.13585149964624,NA,,NA,,NA,
2023-08-04,DEM,../DSMs/2023-08-04_DEM.tif,2025-11-19T16:08:01.014834Z,4.10.dev245+g4144cef28,401_4,,146.46346377373112,,148.0,,13.60608446742204,NA,,NA,,NA,
2023-08-04,DEM,../DSMs/2023-08-04_DEM.tif,2025-11-19T16:08:01.014834Z,4.10.dev245+g4144cef28,402_11,,131.75148667498715,,133.0,,14.716242174730185,NA,,NA,,NA,
2023-08-04,DEM,../DSMs/2023-08-04_DEM.tif,2025-11-19T16:08:01.014834Z,4.10.dev245+g4144cef28,403_25,,180.82751828925154,,179.0,,13.18456670883613,NA,,NA,,NA,
2023-08-04,DEM,../DSMs/2023-08-04_DEM.tif,2025-11-19T16:08:01.014834Z,4.10.dev245+g4144cef28,501_5,,156.22084450402144,,160.0,,14.68465969595512,NA,,NA,,NA,
2023-08-04,DEM,../DSMs/2023-08-04_DEM.tif,2025-11-19T16:08:01.014834Z,4.10.dev245+g4144cef28,502_10,,133.31819851590626,,138.0,,17.572426157561033,NA,,NA,,NA,
2023-08-04,DEM,../DSMs/2023-08-04_DEM.tif,2025-11-19T16:08:01.014834Z,4.10.dev245+g4144cef28,503_26,,186.57751799843183,,189.0,,15.804721405404539,NA,,NA,,NA,
2023-08-04,DEM,../DSMs/2023-08-04_DEM.tif,2025-11-19T16:08:01.014834Z,4.10.dev245+g4144cef28,601_9,,180.66092375366568,,185.0,,15.923908996821558,NA,,NA,,NA,
2023-08-04,DEM,../DSMs/2023-08-04_DEM.tif,2025-11-19T16:08:01.014834Z,4.10.dev245+g4144cef28,602_15,,166.09211969293435,,168.0,,15.41563605978585,NA,,NA,,NA,
2023-08-04,DEM,../DSMs/2023-08-04_DEM.tif,2025-11-19T16:08:01.014834Z,4.10.dev245+g4144cef28,603_27,,187.05084745762713,,188.0,,15.096326691780323,NA,,NA,,NA,
2023-08-04,DEM,../DSMs/2023-08-04_DEM.tif,2025-11-19T16:08:01.014834Z,4.10.dev245+g4144cef28,701_7,,173.30590488881487,,177.0,,13.96787892467274,NA,,NA,,NA,
2023-08-04,DEM,../DSMs/2023-08-04_DEM.tif,2025-11-19T16:08:01.014834Z,4.10.dev245+g4144cef28,702_13,,163.26080012169152,,168.0,,15.61340038894184,NA,,NA,,NA,
2023-08-04,DEM,../DSMs/2023-08-04_DEM.tif,2025-11-19T16:08:01.014834Z,4.10.dev245+g4144cef28,703_19,,140.74557131766534,,147.0,,17.238562228573194,NA,,NA,,NA,
2023-08-04,DEM,../DSMs/2023-08-04_DEM.tif,2025-11-19T16:08:01.014834Z,4.10.dev245+g4144cef28,801_8,,177.2063440422936,,182.0,,14.411343599131365,NA,,NA,,NA,
2023-08-04,DEM,../DSMs/2023-08-04_DEM.tif,2025-11-19T16:08:01.014834Z,4.10.dev245+g4144cef28,802_16,,181.95457781574825,,186.0,,15.377426913583077,NA,,NA,,NA,
2023-08-04,DEM,../DSMs/2023-08-04_DEM.tif,2025-11-19T16:08:01.014834Z,4.10.dev245+g4144cef28,803_22,,166.9039277297722,,174.0,,15.946851789009553,NA,,NA,,NA,
2023-08-04,DEM,../DSMs/2023-08-04_DEM.tif,2025-11-19T16:08:01.014834Z,4.10.dev245+g4144cef28,901_6,,156.98184521480553,,157.0,,12.993144363890503,NA,,NA,,NA,
2023-08-04,DEM,../DSMs/2023-08-04_DEM.tif,2025-11-19T16:08:01.014834Z,4.10.dev245+g4144cef28,902_18,,184.60220026627425,,182.0,,14.22395299583795,NA,,NA,,NA,
2023-08-04,DEM,../DSMs/2023-08-04_DEM.tif,2025-11-19T16:08:01.014834Z,4.10.dev245+g4144cef28,903_24,,162.69064903327822,,161.0,,13.6810779341619,NA,,NA,,NA,
2023-08-04,DEM,../DSMs/2023-08-04_DEM.tif,2025-11-19T16:08:01.014834Z,4.10.dev245+g4144cef28,default_101,NA,,NA,,NA,,,106.28739166259766,,0.5222091674804688,,105.76518249511719
2023-08-04,DEM,../DSMs/2023-08-04_DEM.tif,2025-11-19T16:08:01.014834Z,4.10.dev245+g4144cef28,default_102,NA,,NA,,NA,,,106.5735092163086,,0.5807266235351562,,105.99278259277344
2023-08-04,DEM,../DSMs/2023-08-04_DEM.tif,2025-11-19T16:08:01.014834Z,4.10.dev245+g4144cef28,default_103,NA,,NA,,NA,,,106.54528045654297,,0.49689483642578125,,106.04838562011719
2023-08-04,DEM,../DSMs/2023-08-04_DEM.tif,2025-11-19T16:08:01.014834Z,4.10.dev245+g4144cef28,default_201,NA,,NA,,NA,,,106.40277099609375,,0.6332778930664062,,105.76949310302734
2023-08-04,DEM,../DSMs/2023-08-04_DEM.tif,2025-11-19T16:08:01.014834Z,4.10.dev245+g4144cef28,default_202,NA,,NA,,NA,,,106.97398376464844,,0.6153564453125,,106.35862731933594
2023-08-04,DEM,../DSMs/2023-08-04_DEM.tif,2025-11-19T16:08:01.014834Z,4.10.dev245+g4144cef28,default_203,NA,,NA,,NA,,,106.57430267333984,,0.5174102783203125,,106.05689239501953
2023-08-04,DEM,../DSMs/2023-08-04_DEM.tif,2025-11-19T16:08:01.014834Z,4.10.dev245+g4144cef28,default_301,NA,,NA,,NA,,,106.43260192871094,,0.5107498168945312,,105.9218521118164
2023-08-04,DEM,../DSMs/2023-08-04_DEM.tif,2025-11-19T16:08:01.014834Z,4.10.dev245+g4144cef28,default_302,NA,,NA,,NA,,,107.28591918945312,,0.5800018310546875,,106.70591735839844
2023-08-04,DEM,../DSMs/2023-08-04_DEM.tif,2025-11-19T16:08:01.014834Z,4.10.dev245+g4144cef28,default_303,NA,,NA,,NA,,,106.8697509765625,,0.45755767822265625,,106.41219329833984
2023-08-04,DEM,../DSMs/2023-08-04_DEM.tif,2025-11-19T16:08:01.014834Z,4.10.dev245+g4144cef28,default_401,NA,,NA,,NA,,,106.65843200683594,,0.45845794677734375,,106.1999740600586
2023-08-04,DEM,../DSMs/2023-08-04_DEM.tif,2025-11-19T16:08:01.014834Z,4.10.dev245+g4144cef28,default_402,NA,,NA,,NA,,,106.47032928466797,,0.5039901733398438,,105.96633911132812
2023-08-04,DEM,../DSMs/2023-08-04_DEM.tif,2025-11-19T16:08:01.014834Z,4.10.dev245+g4144cef28,default_403,NA,,NA,,NA,,,107.20957946777344,,0.5539321899414062,,106.65564727783203
2023-08-04,DEM,../DSMs/2023-08-04_DEM.tif,2025-11-19T16:08:01.014834Z,4.10.dev245+g4144cef28,default_501,NA,,NA,,NA,,,106.74269104003906,,0.5315780639648438,,106.21111297607422
2023-08-04,DEM,../DSMs/2023-08-04_DEM.tif,2025-11-19T16:08:01.014834Z,4.10.dev245+g4144cef28,default_502,NA,,NA,,NA,,,106.50437927246094,,0.7042236328125,,105.80015563964844
2023-08-04,DEM,../DSMs/2023-08-04_DEM.tif,2025-11-19T16:08:01.014834Z,4.10.dev245+g4144cef28,default_503,NA,,NA,,NA,,,107.2755126953125,,0.5952072143554688,,106.68030548095703
2023-08-04,DEM,../DSMs/2023-08-04_DEM.tif,2025-11-19T16:08:01.014834Z,4.10.dev245+g4144cef28,default_601,NA,,NA,,NA,,,107.14190673828125,,0.5485992431640625,,106.59330749511719
2023-08-04,DEM,../DSMs/2023-08-04_DEM.tif,2025-11-19T16:08:01.014834Z,4.10.dev245+g4144cef28,default_602,NA,,NA,,NA,,,106.94302368164062,,0.5815658569335938,,106.36145782470703
2023-08-04,DEM,../DSMs/2023-08-04_DEM.tif,2025-11-19T16:08:01.014834Z,4.10.dev245+g4144cef28,default_603,NA,,NA,,NA,,,107.27954864501953,,0.5763320922851562,,106.70321655273438
2023-08-04,DEM,../DSMs/2023-08-04_DEM.tif,2025-11-19T16:08:01.014834Z,4.10.dev245+g4144cef28,default_701,NA,,NA,,NA,,,106.98907470703125,,0.5193328857421875,,106.46974182128906
2023-08-04,DEM,../DSMs/2023-08-04_DEM.tif,2025-11-19T16:08:01.014834Z,4.10.dev245+g4144cef28,default_702,NA,,NA,,NA,,,106.85111236572266,,0.4868927001953125,,106.36421966552734
2023-08-04,DEM,../DSMs/2023-08-04_DEM.tif,2025-11-19T16:08:01.014834Z,4.10.dev245+g4144cef28,default_703,NA,,NA,,NA,,,106.56318664550781,,0.5800933837890625,,105.98309326171875
2023-08-04,DEM,../DSMs/2023-08-04_DEM.tif,2025-11-19T16:08:01.014834Z,4.10.dev245+g4144cef28,default_801,NA,,NA,,NA,,,107.02465057373047,,0.46722412109375,,106.55742645263672
2023-08-04,DEM,../DSMs/2023-08-04_DEM.tif,2025-11-19T16:08:01.014834Z,4.10.dev245+g4144cef28,default_802,NA,,NA,,NA,,,107.13705444335938,,0.6227798461914062,,106.51427459716797
2023-08-04,DEM,../DSMs/2023-08-04_DEM.tif,2025-11-19T16:08:01.014834Z,4.10.dev245+g4144cef28,default_803,NA,,NA,,NA,,,106.89143371582031,,0.498382568359375,,106.39305114746094
2023-08-04,DEM,../DSMs/2023-08-04_DEM.tif,2025-11-19T16:08:01.014834Z,4.10.dev245+g4144cef28,default_901,NA,,NA,,NA,,,106.80882263183594,,0.5283966064453125,,106.28042602539062
2023-08-04,DEM,../DSMs/2023-08-04_DEM.tif,2025-11-19T16:08:01.014834Z,4.10.dev245+g4144cef28,default_902,NA,,NA,,NA,,,107.26848602294922,,0.5521011352539062,,106.71638488769531
2023-08-04,DEM,../DSMs/2023-08-04_DEM.tif,2025-11-19T16:08:01.014834Z,4.10.dev245+g4144cef28,default_903,NA,,NA,,NA,,,106.93064880371094,,0.5221786499023438,,106.4084701538086
2023-08-10,DEM,../DSMs/2023-08-10_DEM.tif,2025-11-19T16:08:01.644464Z,4.10.dev245+g4144cef28,101_1,,144.67019972600764,,147.0,,20.892145830717837,NA,,NA,,NA,
2023-08-10,DEM,../DSMs/2023-08-10_DEM.tif,2025-11-19T16:08:01.644464Z,4.10.dev245+g4144cef28,102_12,,121.62510040160643,,123.0,,20.77835667824302,NA,,NA,,NA,
2023-08-10,DEM,../DSMs/2023-08-10_DEM.tif,2025-11-19T16:08:01.644464Z,4.10.dev245+g4144cef28,103_20,,105.1132353927685,,105.0,,16.971718646821255,NA,,NA,,NA,
2023-08-10,DEM,../DSMs/2023-08-10_DEM.tif,2025-11-19T16:08:01.644464Z,4.10.dev245+g4144cef28,201_2,,156.50404875198262,,168.0,,28.65448659645898,NA,,NA,,NA,
2023-08-10,DEM,../DSMs/2023-08-10_DEM.tif,2025-11-19T16:08:01.644464Z,4.10.dev245+g4144cef28,202_14,,172.0328339400728,,179.0,,29.14073221342627,NA,,NA,,NA,
2023-08-10,DEM,../DSMs/2023-08-10_DEM.tif,2025-11-19T16:08:01.644464Z,4.10.dev245+g4144cef28,203_21,,113.08690231739513,,121.0,,25.114668119714665,NA,,NA,,NA,
2023-08-10,DEM,../DSMs/2023-08-10_DEM.tif,2025-11-19T16:08:01.644464Z,4.10.dev245+g4144cef28,301_3,,143.61258352729183,,146.0,,23.149281862935602,NA,,NA,,NA,
2023-08-10,DEM,../DSMs/2023-08-10_DEM.tif,2025-11-19T16:08:01.644464Z,4.10.dev245+g4144cef28,302_17,,182.28674844158456,,182.0,,22.883079266598333,NA,,NA,,NA,
2023-08-10,DEM,../DSMs/2023-08-10_DEM.tif,2025-11-19T16:08:01.644464Z,4.10.dev245+g4144cef28,303_23,,128.6790824915825,,127.0,,16.024013095318587,NA,,NA,,NA,
2023-08-10,DEM,../DSMs/2023-08-10_DEM.tif,2025-11-19T16:08:01.644464Z,4.10.dev245+g4144cef28,401_4,,170.6653058080419,,174.0,,20.69192253324235,NA,,NA,,NA,
2023-08-10,DEM,../DSMs/2023-08-10_DEM.tif,2025-11-19T16:08:01.644464Z,4.10.dev245+g4144cef28,402_11,,129.5227022665591,,133.0,,20.77324143858288,NA,,NA,,NA,
2023-08-10,DEM,../DSMs/2023-08-10_DEM.tif,2025-11-19T16:08:01.644464Z,4.10.dev245+g4144cef28,403_25,,160.07873627920068,,159.0,,17.0980905730926,NA,,NA,,NA,
2023-08-10,DEM,../DSMs/2023-08-10_DEM.tif,2025-11-19T16:08:01.644464Z,4.10.dev245+g4144cef28,501_5,,179.78202446089475,,187.0,,24.883009987797482,NA,,NA,,NA,
2023-08-10,DEM,../DSMs/2023-08-10_DEM.tif,2025-11-19T16:08:01.644464Z,4.10.dev245+g4144cef28,502_10,,140.2146231557526,,147.0,,27.216567873557818,NA,,NA,,NA,
2023-08-10,DEM,../DSMs/2023-08-10_DEM.tif,2025-11-19T16:08:01.644464Z,4.10.dev245+g4144cef28,503_26,,162.49848367303758,,163.0,,22.38941481727475,NA,,NA,,NA,
2023-08-10,DEM,../DSMs/2023-08-10_DEM.tif,2025-11-19T16:08:01.644464Z,4.10.dev245+g4144cef28,601_9,,202.5132057935094,,207.0,,28.415193886768805,NA,,NA,,NA,
2023-08-10,DEM,../DSMs/2023-08-10_DEM.tif,2025-11-19T16:08:01.644464Z,4.10.dev245+g4144cef28,602_15,,154.11722265321956,,158.0,,23.632901479026582,NA,,NA,,NA,
2023-08-10,DEM,../DSMs/2023-08-10_DEM.tif,2025-11-19T16:08:01.644464Z,4.10.dev245+g4144cef28,603_27,,154.72814459609,,156.0,,21.93492137138657,NA,,NA,,NA,
2023-08-10,DEM,../DSMs/2023-08-10_DEM.tif,2025-11-19T16:08:01.644464Z,4.10.dev245+g4144cef28,701_7,,208.10667880493256,,218.0,,24.268081726814877,NA,,NA,,NA,
2023-08-10,DEM,../DSMs/2023-08-10_DEM.tif,2025-11-19T16:08:01.644464Z,4.10.dev245+g4144cef28,702_13,,175.57482633645424,,187.0,,27.21431721066818,NA,,NA,,NA,
2023-08-10,DEM,../DSMs/2023-08-10_DEM.tif,2025-11-19T16:08:01.644464Z,4.10.dev245+g4144cef28,703_19,,126.07956777996071,,139.0,,27.89686934519871,NA,,NA,,NA,
2023-08-10,DEM,../DSMs/2023-08-10_DEM.tif,2025-11-19T16:08:01.644464Z,4.10.dev245+g4144cef28,801_8,,201.63820781087773,,210.0,,23.876220018844062,NA,,NA,,NA,
2023-08-10,DEM,../DSMs/2023-08-10_DEM.tif,2025-11-19T16:08:01.644464Z,4.10.dev245+g4144cef28,802_16,,189.03973366143157,,195.0,,26.910208286008718,NA,,NA,,NA,
2023-08-10,DEM,../DSMs/2023-08-10_DEM.tif,2025-11-19T16:08:01.644464Z,4.10.dev245+g4144cef28,803_22,,148.85803578404563,,161.0,,24.957773622228824,NA,,NA,,NA,
2023-08-10,DEM,../DSMs/2023-08-10_DEM.tif,2025-11-19T16:08:01.644464Z,4.10.dev245+g4144cef28,901_6,,178.19204474829087,,179.0,,22.75729427278776,NA,,NA,,NA,
2023-08-10,DEM,../DSMs/2023-08-10_DEM.tif,2025-11-19T16:08:01.644464Z,4.10.dev245+g4144cef28,902_18,,178.02563923918345,,176.0,,22.036646265614554,NA,,NA,,NA,
2023-08-10,DEM,../DSMs/2023-08-10_DEM.tif,2025-11-19T16:08:01.644464Z,4.10.dev245+g4144cef28,903_24,,126.9571530758226,,124.0,,18.378217915641944,NA,,NA,,NA,
2023-08-10,DEM,../DSMs/2023-08-10_DEM.tif,2025-11-19T16:08:01.644464Z,4.10.dev245+g4144cef28,default_101,NA,,NA,,NA,,,136.14149475097656,,0.589752197265625,,135.55174255371094
2023-08-10,DEM,../DSMs/2023-08-10_DEM.tif,2025-11-19T16:08:01.644464Z,4.10.dev245+g4144cef28,default_102,NA,,NA,,NA,,,135.95423889160156,,0.5627593994140625,,135.3914794921875
2023-08-10,DEM,../DSMs/2023-08-10_DEM.tif,2025-11-19T16:08:01.644464Z,4.10.dev245+g4144cef28,default_103,NA,,NA,,NA,,,135.74366760253906,,0.4659423828125,,135.27772521972656
2023-08-10,DEM,../DSMs/2023-08-10_DEM.tif,2025-11-19T16:08:01.644464Z,4.10.dev245+g4144cef28,default_201,NA,,NA,,NA,,,136.23756408691406,,0.76361083984375,,135.4739532470703
2023-08-10,DEM,../DSMs/2023-08-10_DEM.tif,2025-11-19T16:08:01.644464Z,4.10.dev245+g4144cef28,default_202,NA,,NA,,NA,,,136.4721221923828,,0.7156219482421875,,135.75650024414062
2023-08-10,DEM,../DSMs/2023-08-10_DEM.tif,2025-11-19T16:08:01.644464Z,4.10.dev245+g4144cef28,default_203,NA,,NA,,NA,,,135.83580017089844,,0.61553955078125,,135.2202606201172
2023-08-10,DEM,../DSMs/2023-08-10_DEM.tif,2025-11-19T16:08:01.644464Z,4.10.dev245+g4144cef28,default_301,NA,,NA,,NA,,,136.15272521972656,,0.587554931640625,,135.56517028808594
2023-08-10,DEM,../DSMs/2023-08-10_DEM.tif,2025-11-19T16:08:01.644464Z,4.10.dev245+g4144cef28,default_302,NA,,NA,,NA,,,136.5954132080078,,0.5966644287109375,,135.99874877929688
2023-08-10,DEM,../DSMs/2023-08-10_DEM.tif,2025-11-19T16:08:01.644464Z,4.10.dev245+g4144cef28,default_303,NA,,NA,,NA,,,135.98495483398438,,0.45892333984375,,135.52603149414062
2023-08-10,DEM,../DSMs/2023-08-10_DEM.tif,2025-11-19T16:08:01.644464Z,4.10.dev245+g4144cef28,default_401,NA,,NA,,NA,,,136.39451599121094,,0.5015411376953125,,135.89297485351562
2023-08-10,DEM,../DSMs/2023-08-10_DEM.tif,2025-11-19T16:08:01.644464Z,4.10.dev245+g4144cef28,default_402,NA,,NA,,NA,,,135.9840850830078,,0.5103607177734375,,135.47372436523438
2023-08-10,DEM,../DSMs/2023-08-10_DEM.tif,2025-11-19T16:08:01.644464Z,4.10.dev245+g4144cef28,default_403,NA,,NA,,NA,,,136.30966186523438,,0.545440673828125,,135.76422119140625
2023-08-10,DEM,../DSMs/2023-08-10_DEM.tif,2025-11-19T16:08:01.644464Z,4.10.dev245+g4144cef28,default_501,NA,,NA,,NA,,,136.47134399414062,,0.6546478271484375,,135.8166961669922
2023-08-10,DEM,../DSMs/2023-08-10_DEM.tif,2025-11-19T16:08:01.644464Z,4.10.dev245+g4144cef28,default_502,NA,,NA,,NA,,,136.1581573486328,,0.74102783203125,,135.41712951660156
2023-08-10,DEM,../DSMs/2023-08-10_DEM.tif,2025-11-19T16:08:01.644464Z,4.10.dev245+g4144cef28,default_503,NA,,NA,,NA,,,136.3599395751953,,0.6082763671875,,135.7516632080078
2023-08-10,DEM,../DSMs/2023-08-10_DEM.tif,2025-11-19T16:08:01.644464Z,4.10.dev245+g4144cef28,default_601,NA,,NA,,NA,,,136.85830688476562,,0.7718658447265625,,136.08644104003906
2023-08-10,DEM,../DSMs/2023-08-10_DEM.tif,2025-11-19T16:08:01.644464Z,4.10.dev245+g4144cef28,default_602,NA,,NA,,NA,,,136.23870849609375,,0.636871337890625,,135.60183715820312
2023-08-10,DEM,../DSMs/2023-08-10_DEM.tif,2025-11-19T16:08:01.644464Z,4.10.dev245+g4144cef28,default_603,NA,,NA,,NA,,,136.28453063964844,,0.596893310546875,,135.68763732910156
2023-08-10,DEM,../DSMs/2023-08-10_DEM.tif,2025-11-19T16:08:01.644464Z,4.10.dev245+g4144cef28,default_701,NA,,NA,,NA,,,136.72023010253906,,0.6184234619140625,,136.101806640625
2023-08-10,DEM,../DSMs/2023-08-10_DEM.tif,2025-11-19T16:08:01.644464Z,4.10.dev245+g4144cef28,default_702,NA,,NA,,NA,,,136.4164581298828,,0.62994384765625,,135.78651428222656
2023-08-10,DEM,../DSMs/2023-08-10_DEM.tif,2025-11-19T16:08:01.644464Z,4.10.dev245+g4144cef28,default_703,NA,,NA,,NA,,,135.96142578125,,0.650604248046875,,135.31082153320312
2023-08-10,DEM,../DSMs/2023-08-10_DEM.tif,2025-11-19T16:08:01.644464Z,4.10.dev245+g4144cef28,default_801,NA,,NA,,NA,,,136.6510772705078,,0.5668182373046875,,136.08425903320312
2023-08-10,DEM,../DSMs/2023-08-10_DEM.tif,2025-11-19T16:08:01.644464Z,4.10.dev245+g4144cef28,default_802,NA,,NA,,NA,,,136.59768676757812,,0.7016143798828125,,135.8960723876953
2023-08-10,DEM,../DSMs/2023-08-10_DEM.tif,2025-11-19T16:08:01.644464Z,4.10.dev245+g4144cef28,default_803,NA,,NA,,NA,,,136.1300811767578,,0.5789337158203125,,135.5511474609375
2023-08-10,DEM,../DSMs/2023-08-10_DEM.tif,2025-11-19T16:08:01.644464Z,4.10.dev245+g4144cef28,default_901,NA,,NA,,NA,,,136.49176025390625,,0.650177001953125,,135.84158325195312
2023-08-10,DEM,../DSMs/2023-08-10_DEM.tif,2025-11-19T16:08:01.644464Z,4.10.dev245+g4144cef28,default_902,NA,,NA,,NA,,,136.50408935546875,,0.5822296142578125,,135.92185974121094
2023-08-10,DEM,../DSMs/2023-08-10_DEM.tif,2025-11-19T16:08:01.644464Z,4.10.dev245+g4144cef28,default_903,NA,,NA,,NA,,,135.99703979492188,,0.5229339599609375,,135.47410583496094
2023-08-17,DEM,../DSMs/2023-08-17_DEM.tif,2025-11-19T16:07:57.275945Z,4.10.dev245+g4144cef28,101_1,,126.59450873610166,,127.0,,15.340225859170074,NA,,NA,,NA,
2023-08-17,DEM,../DSMs/2023-08-17_DEM.tif,2025-11-19T16:07:57.275945Z,4.10.dev245+g4144cef28,102_12,,115.48877980364657,,116.0,,14.497229035345573,NA,,NA,,NA,
2023-08-17,DEM,../DSMs/2023-08-17_DEM.tif,2025-11-19T16:07:57.275945Z,4.10.dev245+g4144cef28,103_20,,108.59222823413674,,108.0,,13.266003114085057,NA,,NA,,NA,
2023-08-17,DEM,../DSMs/2023-08-17_DEM.tif,2025-11-19T16:07:57.275945Z,4.10.dev245+g4144cef28,201_2,,142.86819484240687,,148.0,,20.493601046772582,NA,,NA,,NA,
2023-08-17,DEM,../DSMs/2023-08-17_DEM.tif,2025-11-19T16:07:57.275945Z,4.10.dev245+g4144cef28,202_14,,162.59144252496537,,165.0,,18.96312332691695,NA,,NA,,NA,
2023-08-17,DEM,../DSMs/2023-08-17_DEM.tif,2025-11-19T16:07:57.275945Z,4.10.dev245+g4144cef28,203_21,,111.84189572008269,,116.0,,16.30761567393702,NA,,NA,,NA,
2023-08-17,DEM,../DSMs/2023-08-17_DEM.tif,2025-11-19T16:07:57.275945Z,4.10.dev245+g4144cef28,301_3,,129.11923562855338,,130.0,,15.167468892947031,NA,,NA,,NA,
2023-08-17,DEM,../DSMs/2023-08-17_DEM.tif,2025-11-19T16:07:57.275945Z,4.10.dev245+g4144cef28,302_17,,180.26435976463995,,178.0,,14.120430031960531,NA,,NA,,NA,
2023-08-17,DEM,../DSMs/2023-08-17_DEM.tif,2025-11-19T16:07:57.275945Z,4.10.dev245+g4144cef28,303_23,,137.25951758209823,,137.0,,11.535841205388998,NA,,NA,,NA,
2023-08-17,DEM,../DSMs/2023-08-17_DEM.tif,2025-11-19T16:07:57.275945Z,4.10.dev245+g4144cef28,401_4,,160.79183541227928,,162.0,,15.368345829671524,NA,,NA,,NA,
2023-08-17,DEM,../DSMs/2023-08-17_DEM.tif,2025-11-19T16:07:57.275945Z,4.10.dev245+g4144cef28,402_11,,117.82492784444781,,117.0,,13.162163706886002,NA,,NA,,NA,
2023-08-17,DEM,../DSMs/2023-08-17_DEM.tif,2025-11-19T16:07:57.275945Z,4.10.dev245+g4144cef28,403_25,,165.88303492808922,,165.0,,12.259023134019435,NA,,NA,,NA,
2023-08-17,DEM,../DSMs/2023-08-17_DEM.tif,2025-11-19T16:07:57.275945Z,4.10.dev245+g4144cef28,501_5,,165.23578419477474,,170.0,,15.67732463045694,NA,,NA,,NA,
2023-08-17,DEM,../DSMs/2023-08-17_DEM.tif,2025-11-19T16:07:57.275945Z,4.10.dev245+g4144cef28,502_10,,126.50056822486552,,129.0,,16.531052097221217,NA,,NA,,NA,
2023-08-17,DEM,../DSMs/2023-08-17_DEM.tif,2025-11-19T16:07:57.275945Z,4.10.dev245+g4144cef28,503_26,,165.28027990769002,,164.0,,14.349063079757032,NA,,NA,,NA,
2023-08-17,DEM,../DSMs/2023-08-17_DEM.tif,2025-11-19T16:07:57.275945Z,4.10.dev245+g4144cef28,601_9,,189.302677620569,,194.0,,16.311746538514907,NA,,NA,,NA,
2023-08-17,DEM,../DSMs/2023-08-17_DEM.tif,2025-11-19T16:07:57.275945Z,4.10.dev245+g4144cef28,602_15,,151.46463009480593,,153.0,,14.094388802801156,NA,,NA,,NA,
2023-08-17,DEM,../DSMs/2023-08-17_DEM.tif,2025-11-19T16:07:57.275945Z,4.10.dev245+g4144cef28,603_27,,160.27495378927912,,159.0,,13.529987731134206,NA,,NA,,NA,
2023-08-17,DEM,../DSMs/2023-08-17_DEM.tif,2025-11-19T16:07:57.275945Z,4.10.dev245+g4144cef28,701_7,,196.16594975911906,,201.0,,15.676439780365556,NA,,NA,,NA,
2023-08-17,DEM,../DSMs/2023-08-17_DEM.tif,2025-11-19T16:07:57.275945Z,4.10.dev245+g4144cef28,702_13,,163.57426983008378,,169.0,,17.294657672698527,NA,,NA,,NA,
2023-08-17,DEM,../DSMs/2023-08-17_DEM.tif,2025-11-19T16:07:57.275945Z,4.10.dev245+g4144cef28,703_19,,121.20665934870107,,126.0,,18.714162030919844,NA,,NA,,NA,
2023-08-17,DEM,../DSMs/2023-08-17_DEM.tif,2025-11-19T16:07:57.275945Z,4.10.dev245+g4144cef28,801_8,,193.53231444598,,197.0,,15.880893572745402,NA,,NA,,NA,
2023-08-17,DEM,../DSMs/2023-08-17_DEM.tif,2025-11-19T16:07:57.275945Z,4.10.dev245+g4144cef28,802_16,,188.4281731474688,,193.0,,17.453830053309634,NA,,NA,,NA,
2023-08-17,DEM,../DSMs/2023-08-17_DEM.tif,2025-11-19T16:07:57.275945Z,4.10.dev245+g4144cef28,803_22,,153.1083550913838,,160.0,,17.551686317688585,NA,,NA,,NA,
2023-08-17,DEM,../DSMs/2023-08-17_DEM.tif,2025-11-19T16:07:57.275945Z,4.10.dev245+g4144cef28,901_6,,160.23391908459337,,160.0,,12.65816171148765,NA,,NA,,NA,
2023-08-17,DEM,../DSMs/2023-08-17_DEM.tif,2025-11-19T16:07:57.275945Z,4.10.dev245+g4144cef28,902_18,,176.97756711773644,,175.0,,13.476196127244275,NA,,NA,,NA,
2023-08-17,DEM,../DSMs/2023-08-17_DEM.tif,2025-11-19T16:07:57.275945Z,4.10.dev245+g4144cef28,903_24,,133.79380438043805,,131.0,,12.716101310597951,NA,,NA,,NA,
2023-08-17,DEM,../DSMs/2023-08-17_DEM.tif,2025-11-19T16:07:57.275945Z,4.10.dev245+g4144cef28,default_101,NA,,NA,,NA,,,138.82508850097656,,0.602264404296875,,138.2228240966797
2023-08-17,DEM,../DSMs/2023-08-17_DEM.tif,2025-11-19T16:07:57.275945Z,4.10.dev245+g4144cef28,default_102,NA,,NA,,NA,,,138.6961212158203,,0.5265045166015625,,138.16961669921875
2023-08-17,DEM,../DSMs/2023-08-17_DEM.tif,2025-11-19T16:07:57.275945Z,4.10.dev245+g4144cef28,default_103,NA,,NA,,NA,,,138.5631561279297,,0.4777069091796875,,138.08544921875
2023-08-17,DEM,../DSMs/2023-08-17_DEM.tif,2025-11-19T16:07:57.275945Z,4.10.dev245+g4144cef28,default_201,NA,,NA,,NA,,,139.00033569335938,,0.6970367431640625,,138.3032989501953
2023-08-17,DEM,../DSMs/2023-08-17_DEM.tif,2025-11-19T16:07:57.275945Z,4.10.dev245+g4144cef28,default_202,NA,,NA,,NA,,,139.35995483398438,,0.6327056884765625,,138.7272491455078
2023-08-17,DEM,../DSMs/2023-08-17_DEM.tif,2025-11-19T16:07:57.275945Z,4.10.dev245+g4144cef28,default_203,NA,,NA,,NA,,,138.59901428222656,,0.5497589111328125,,138.04925537109375
2023-08-17,DEM,../DSMs/2023-08-17_DEM.tif,2025-11-19T16:07:57.275945Z,4.10.dev245+g4144cef28,default_301,NA,,NA,,NA,,,138.82650756835938,,0.49053955078125,,138.33596801757812
2023-08-17,DEM,../DSMs/2023-08-17_DEM.tif,2025-11-19T16:07:57.275945Z,4.10.dev245+g4144cef28,default_302,NA,,NA,,NA,,,139.592529296875,,0.4941253662109375,,139.09840393066406
2023-08-17,DEM,../DSMs/2023-08-17_DEM.tif,2025-11-19T16:07:57.275945Z,4.10.dev245+g4144cef28,default_303,NA,,NA,,NA,,,138.9323272705078,,0.41357421875,,138.5187530517578
2023-08-17,DEM,../DSMs/2023-08-17_DEM.tif,2025-11-19T16:07:57.275945Z,4.10.dev245+g4144cef28,default_401,NA,,NA,,NA,,,139.28379821777344,,0.4776611328125,,138.80613708496094
2023-08-17,DEM,../DSMs/2023-08-17_DEM.tif,2025-11-19T16:07:57.275945Z,4.10.dev245+g4144cef28,default_402,NA,,NA,,NA,,,138.6746368408203,,0.4409942626953125,,138.233642578125
2023-08-17,DEM,../DSMs/2023-08-17_DEM.tif,2025-11-19T16:07:57.275945Z,4.10.dev245+g4144cef28,default_403,NA,,NA,,NA,,,139.37100219726562,,0.5367889404296875,,138.83421325683594
2023-08-17,DEM,../DSMs/2023-08-17_DEM.tif,2025-11-19T16:07:57.275945Z,4.10.dev245+g4144cef28,default_501,NA,,NA,,NA,,,139.2976531982422,,0.5293426513671875,,138.768310546875
2023-08-17,DEM,../DSMs/2023-08-17_DEM.tif,2025-11-19T16:07:57.275945Z,4.10.dev245+g4144cef28,default_502,NA,,NA,,NA,,,138.8007354736328,,0.6454925537109375,,138.15524291992188
2023-08-17,DEM,../DSMs/2023-08-17_DEM.tif,2025-11-19T16:07:57.275945Z,4.10.dev245+g4144cef28,default_503,NA,,NA,,NA,,,139.3726043701172,,0.542816162109375,,138.8297882080078
2023-08-17,DEM,../DSMs/2023-08-17_DEM.tif,2025-11-19T16:07:57.275945Z,4.10.dev245+g4144cef28,default_601,NA,,NA,,NA,,,139.6659393310547,,0.5377197265625,,139.1282196044922
2023-08-17,DEM,../DSMs/2023-08-17_DEM.tif,2025-11-19T16:07:57.275945Z,4.10.dev245+g4144cef28,default_602,NA,,NA,,NA,,,139.13253784179688,,0.4924163818359375,,138.64012145996094
2023-08-17,DEM,../DSMs/2023-08-17_DEM.tif,2025-11-19T16:07:57.275945Z,4.10.dev245+g4144cef28,default_603,NA,,NA,,NA,,,139.289306640625,,0.4895782470703125,,138.7997283935547
2023-08-17,DEM,../DSMs/2023-08-17_DEM.tif,2025-11-19T16:07:57.275945Z,4.10.dev245+g4144cef28,default_701,NA,,NA,,NA,,,139.71127319335938,,0.553253173828125,,139.15802001953125
2023-08-17,DEM,../DSMs/2023-08-17_DEM.tif,2025-11-19T16:07:57.275945Z,4.10.dev245+g4144cef28,default_702,NA,,NA,,NA,,,139.29461669921875,,0.531463623046875,,138.76315307617188
2023-08-17,DEM,../DSMs/2023-08-17_DEM.tif,2025-11-19T16:07:57.275945Z,4.10.dev245+g4144cef28,default_703,NA,,NA,,NA,,,138.7490234375,,0.59918212890625,,138.14984130859375
2023-08-17,DEM,../DSMs/2023-08-17_DEM.tif,2025-11-19T16:07:57.275945Z,4.10.dev245+g4144cef28,default_801,NA,,NA,,NA,,,139.69337463378906,,0.501312255859375,,139.1920623779297
2023-08-17,DEM,../DSMs/2023-08-17_DEM.tif,2025-11-19T16:07:57.275945Z,4.10.dev245+g4144cef28,default_802,NA,,NA,,NA,,,139.66213989257812,,0.67315673828125,,138.98898315429688
2023-08-17,DEM,../DSMs/2023-08-17_DEM.tif,2025-11-19T16:07:57.275945Z,4.10.dev245+g4144cef28,default_803,NA,,NA,,NA,,,139.12940979003906,,0.5220489501953125,,138.60736083984375
2023-08-17,DEM,../DSMs/2023-08-17_DEM.tif,2025-11-19T16:07:57.275945Z,4.10.dev245+g4144cef28,default_901,NA,,NA,,NA,,,139.2430877685547,,0.4971160888671875,,138.7459716796875
2023-08-17,DEM,../DSMs/2023-08-17_DEM.tif,2025-11-19T16:07:57.275945Z,4.10.dev245+g4144cef28,default_902,NA,,NA,,NA,,,139.52719116210938,,0.5072479248046875,,139.0199432373047
2023-08-17,DEM,../DSMs/2023-08-17_DEM.tif,2025-11-19T16:07:57.275945Z,4.10.dev245+g4144cef28,default_903,NA,,NA,,NA,,,138.90724182128906,,0.4766387939453125,,138.43060302734375
2023-08-31,DEM,../DSMs/2023-08-31_DEM.tif,2025-11-19T16:07:58.650795Z,4.10.dev245+g4144cef28,101_1,,128.69224924012158,,130.0,,20.206388757337404,NA,,NA,,NA,
2023-08-31,DEM,../DSMs/2023-08-31_DEM.tif,2025-11-19T16:07:58.650795Z,4.10.dev245+g4144cef28,102_12,,116.31204715042716,,117.0,,19.020965614350036,NA,,NA,,NA,
2023-08-31,DEM,../DSMs/2023-08-31_DEM.tif,2025-11-19T16:07:58.650795Z,4.10.dev245+g4144cef28,103_20,,110.07364089235435,,111.0,,17.254346334300763,NA,,NA,,NA,
2023-08-31,DEM,../DSMs/2023-08-31_DEM.tif,2025-11-19T16:07:58.650795Z,4.10.dev245+g4144cef28,201_2,,149.35657294832828,,159.0,,29.416248484153392,NA,,NA,,NA,
2023-08-31,DEM,../DSMs/2023-08-31_DEM.tif,2025-11-19T16:07:58.650795Z,4.10.dev245+g4144cef28,202_14,,168.16151724914175,,171.0,,29.362367044050895,NA,,NA,,NA,
2023-08-31,DEM,../DSMs/2023-08-31_DEM.tif,2025-11-19T16:07:58.650795Z,4.10.dev245+g4144cef28,203_21,,121.61147550670685,,130.0,,27.741645873360895,NA,,NA,,NA,
2023-08-31,DEM,../DSMs/2023-08-31_DEM.tif,2025-11-19T16:07:58.650795Z,4.10.dev245+g4144cef28,301_3,,130.13296348228982,,133.0,,21.574002949907996,NA,,NA,,NA,
2023-08-31,DEM,../DSMs/2023-08-31_DEM.tif,2025-11-19T16:07:58.650795Z,4.10.dev245+g4144cef28,302_17,,179.56217210233112,,178.0,,19.485156051554203,NA,,NA,,NA,
2023-08-31,DEM,../DSMs/2023-08-31_DEM.tif,2025-11-19T16:07:58.650795Z,4.10.dev245+g4144cef28,303_23,,138.2442674799503,,138.0,,14.790403834452851,NA,,NA,,NA,
2023-08-31,DEM,../DSMs/2023-08-31_DEM.tif,2025-11-19T16:07:58.650795Z,4.10.dev245+g4144cef28,401_4,,156.88114343029088,,156.0,,21.230508566174876,NA,,NA,,NA,
2023-08-31,DEM,../DSMs/2023-08-31_DEM.tif,2025-11-19T16:07:58.650795Z,4.10.dev245+g4144cef28,402_11,,120.49455658212204,,120.0,,19.731126451760595,NA,,NA,,NA,
2023-08-31,DEM,../DSMs/2023-08-31_DEM.tif,2025-11-19T16:07:58.650795Z,4.10.dev245+g4144cef28,403_25,,164.70949119927556,,163.0,,17.227218489870143,NA,,NA,,NA,
2023-08-31,DEM,../DSMs/2023-08-31_DEM.tif,2025-11-19T16:07:58.650795Z,4.10.dev245+g4144cef28,501_5,,169.01967498910403,,177.0,,23.616962082269552,NA,,NA,,NA,
2023-08-31,DEM,../DSMs/2023-08-31_DEM.tif,2025-11-19T16:07:58.650795Z,4.10.dev245+g4144cef28,502_10,,130.4155882180711,,133.0,,26.574439406983128,NA,,NA,,NA,
2023-08-31,DEM,../DSMs/2023-08-31_DEM.tif,2025-11-19T16:07:58.650795Z,4.10.dev245+g4144cef28,503_26,,165.27902718168812,,164.0,,21.180093582102383,NA,,NA,,NA,
2023-08-31,DEM,../DSMs/2023-08-31_DEM.tif,2025-11-19T16:07:58.650795Z,4.10.dev245+g4144cef28,601_9,,193.29607126002833,,199.0,,24.600444457949624,NA,,NA,,NA,
2023-08-31,DEM,../DSMs/2023-08-31_DEM.tif,2025-11-19T16:07:58.650795Z,4.10.dev245+g4144cef28,602_15,,151.77696216826652,,155.0,,20.341186199007563,NA,,NA,,NA,
2023-08-31,DEM,../DSMs/2023-08-31_DEM.tif,2025-11-19T16:07:58.650795Z,4.10.dev245+g4144cef28,603_27,,160.94945355191257,,159.0,,20.105861413046906,NA,,NA,,NA,
2023-08-31,DEM,../DSMs/2023-08-31_DEM.tif,2025-11-19T16:07:58.650795Z,4.10.dev245+g4144cef28,701_7,,200.53012372243143,,211.0,,26.309211127297043,NA,,NA,,NA,
2023-08-31,DEM,../DSMs/2023-08-31_DEM.tif,2025-11-19T16:07:58.650795Z,4.10.dev245+g4144cef28,702_13,,172.7781158714703,,184.0,,27.516956145535033,NA,,NA,,NA,
2023-08-31,DEM,../DSMs/2023-08-31_DEM.tif,2025-11-19T16:07:58.650795Z,4.10.dev245+g4144cef28,703_19,,132.06298543001304,,139.0,,30.263754503079568,NA,,NA,,NA,
2023-08-31,DEM,../DSMs/2023-08-31_DEM.tif,2025-11-19T16:07:58.650795Z,4.10.dev245+g4144cef28,801_8,,198.18419743876663,,208.0,,24.323040436904595,NA,,NA,,NA,
2023-08-31,DEM,../DSMs/2023-08-31_DEM.tif,2025-11-19T16:07:58.650795Z,4.10.dev245+g4144cef28,802_16,,197.54274331246444,,209.0,,28.653695847156058,NA,,NA,,NA,
2023-08-31,DEM,../DSMs/2023-08-31_DEM.tif,2025-11-19T16:07:58.650795Z,4.10.dev245+g4144cef28,803_22,,163.14402070968558,,176.0,,28.744807410599115,NA,,NA,,NA,
2023-08-31,DEM,../DSMs/2023-08-31_DEM.tif,2025-11-19T16:07:58.650795Z,4.10.dev245+g4144cef28,901_6,,161.08600738099707,,162.0,,17.91589285674565,NA,,NA,,NA,
2023-08-31,DEM,../DSMs/2023-08-31_DEM.tif,2025-11-19T16:07:58.650795Z,4.10.dev245+g4144cef28,902_18,,177.18565683646113,,176.0,,18.77165546682947,NA,,NA,,NA,
2023-08-31,DEM,../DSMs/2023-08-31_DEM.tif,2025-11-19T16:07:58.650795Z,4.10.dev245+g4144cef28,903_24,,136.23654604500115,,135.0,,17.489374659296242,NA,,NA,,NA,
2023-08-31,DEM,../DSMs/2023-08-31_DEM.tif,2025-11-19T16:07:58.650795Z,4.10.dev245+g4144cef28,default_101,NA,,NA,,NA,,,71.46077728271484,,0.5469131469726562,,70.91386413574219
2023-08-31,DEM,../DSMs/2023-08-31_DEM.tif,2025-11-19T16:07:58.650795Z,4.10.dev245+g4144cef28,default_102,NA,,NA,,NA,,,71.3703384399414,,0.5156707763671875,,70.85466766357422
2023-08-31,DEM,../DSMs/2023-08-31_DEM.tif,2025-11-19T16:07:58.650795Z,4.10.dev245+g4144cef28,default_103,NA,,NA,,NA,,,71.26982116699219,,0.4617919921875,,70.80802917480469
2023-08-31,DEM,../DSMs/2023-08-31_DEM.tif,2025-11-19T16:07:58.650795Z,4.10.dev245+g4144cef28,default_201,NA,,NA,,NA,,,71.6534652709961,,0.7500076293945312,,70.90345764160156
2023-08-31,DEM,../DSMs/2023-08-31_DEM.tif,2025-11-19T16:07:58.650795Z,4.10.dev245+g4144cef28,default_202,NA,,NA,,NA,,,71.9046630859375,,0.6878814697265625,,71.21678161621094
2023-08-31,DEM,../DSMs/2023-08-31_DEM.tif,2025-11-19T16:07:58.650795Z,4.10.dev245+g4144cef28,default_203,NA,,NA,,NA,,,71.42555236816406,,0.6563949584960938,,70.76915740966797
2023-08-31,DEM,../DSMs/2023-08-31_DEM.tif,2025-11-19T16:07:58.650795Z,4.10.dev245+g4144cef28,default_301,NA,,NA,,NA,,,71.47737884521484,,0.5491256713867188,,70.92825317382812
2023-08-31,DEM,../DSMs/2023-08-31_DEM.tif,2025-11-19T16:07:58.650795Z,4.10.dev245+g4144cef28,default_302,NA,,NA,,NA,,,71.95394897460938,,0.48509979248046875,,71.4688491821289
2023-08-31,DEM,../DSMs/2023-08-31_DEM.tif,2025-11-19T16:07:58.650795Z,4.10.dev245+g4144cef28,default_303,NA,,NA,,NA,,,71.50675201416016,,0.37625885009765625,,71.1304931640625
2023-08-31,DEM,../DSMs/2023-08-31_DEM.tif,2025-11-19T16:07:58.650795Z,4.10.dev245+g4144cef28,default_401,NA,,NA,,NA,,,71.75155639648438,,0.5174560546875,,71.23410034179688
2023-08-31,DEM,../DSMs/2023-08-31_DEM.tif,2025-11-19T16:07:58.650795Z,4.10.dev245+g4144cef28,default_402,NA,,NA,,NA,,,71.40159606933594,,0.47591400146484375,,70.9256820678711
2023-08-31,DEM,../DSMs/2023-08-31_DEM.tif,2025-11-19T16:07:58.650795Z,4.10.dev245+g4144cef28,default_403,NA,,NA,,NA,,,71.8118896484375,,0.5351638793945312,,71.27672576904297
2023-08-31,DEM,../DSMs/2023-08-31_DEM.tif,2025-11-19T16:07:58.650795Z,4.10.dev245+g4144cef28,default_501,NA,,NA,,NA,,,71.78954315185547,,0.5954971313476562,,71.19404602050781
2023-08-31,DEM,../DSMs/2023-08-31_DEM.tif,2025-11-19T16:07:58.650795Z,4.10.dev245+g4144cef28,default_502,NA,,NA,,NA,,,71.50711059570312,,0.6824111938476562,,70.82469940185547
2023-08-31,DEM,../DSMs/2023-08-31_DEM.tif,2025-11-19T16:07:58.650795Z,4.10.dev245+g4144cef28,default_503,NA,,NA,,NA,,,71.83744049072266,,0.5788955688476562,,71.258544921875
2023-08-31,DEM,../DSMs/2023-08-31_DEM.tif,2025-11-19T16:07:58.650795Z,4.10.dev245+g4144cef28,default_601,NA,,NA,,NA,,,72.05782318115234,,0.5881271362304688,,71.46969604492188
2023-08-31,DEM,../DSMs/2023-08-31_DEM.tif,2025-11-19T16:07:58.650795Z,4.10.dev245+g4144cef28,default_602,NA,,NA,,NA,,,71.6403579711914,,0.5054931640625,,71.1348648071289
2023-08-31,DEM,../DSMs/2023-08-31_DEM.tif,2025-11-19T16:07:58.650795Z,4.10.dev245+g4144cef28,default_603,NA,,NA,,NA,,,71.78949737548828,,0.522430419921875,,71.2670669555664
2023-08-31,DEM,../DSMs/2023-08-31_DEM.tif,2025-11-19T16:07:58.650795Z,4.10.dev245+g4144cef28,default_701,NA,,NA,,NA,,,72.08007049560547,,0.6375885009765625,,71.4424819946289
2023-08-31,DEM,../DSMs/2023-08-31_DEM.tif,2025-11-19T16:07:58.650795Z,4.10.dev245+g4144cef28,default_702,NA,,NA,,NA,,,71.84430694580078,,0.5927047729492188,,71.25160217285156
2023-08-31,DEM,../DSMs/2023-08-31_DEM.tif,2025-11-19T16:07:58.650795Z,4.10.dev245+g4144cef28,default_703,NA,,NA,,NA,,,71.54088592529297,,0.6914291381835938,,70.84945678710938
2023-08-31,DEM,../DSMs/2023-08-31_DEM.tif,2025-11-19T16:07:58.650795Z,4.10.dev245+g4144cef28,default_801,NA,,NA,,NA,,,72.0401840209961,,0.5343399047851562,,71.50584411621094
2023-08-31,DEM,../DSMs/2023-08-31_DEM.tif,2025-11-19T16:07:58.650795Z,4.10.dev245+g4144cef28,default_802,NA,,NA,,NA,,,72.1029281616211,,0.7080459594726562,,71.39488220214844
2023-08-31,DEM,../DSMs/2023-08-31_DEM.tif,2025-11-19T16:07:58.650795Z,4.10.dev245+g4144cef28,default_803,NA,,NA,,NA,,,71.74806213378906,,0.6087722778320312,,71.13928985595703
2023-08-31,DEM,../DSMs/2023-08-31_DEM.tif,2025-11-19T16:07:58.650795Z,4.10.dev245+g4144cef28,default_901,NA,,NA,,NA,,,71.70438385009766,,0.46148681640625,,71.2428970336914
2023-08-31,DEM,../DSMs/2023-08-31_DEM.tif,2025-11-19T16:07:58.650795Z,4.10.dev245+g4144cef28,default_902,NA,,NA,,NA,,,71.90198516845703,,0.48592376708984375,,71.41606140136719
2023-08-31,DEM,../DSMs/2023-08-31_DEM.tif,2025-11-19T16:07:58.650795Z,4.10.dev245+g4144cef28,default_903,NA,,NA,,NA,,,71.50926208496094,,0.44907379150390625,,71.06018829345703
