timestamp,imgtype,image,run_date,plantcv_version,sample,trait,value,label
2023-07-12,DEM,../DSMs/2023-07-12_DEM.tif,2025-11-19T16:07:40.101329Z,4.10.dev245+g4144cef28,default_101,gray_frequencies,NA,NA
2023-07-12,DEM,../DSMs/2023-07-12_DEM.tif,2025-11-19T16:07:40.101329Z,4.10.dev245+g4144cef28,default_201,gray_frequencies,NA,NA
2023-07-12,DEM,../DSMs/2023-07-12_DEM.tif,2025-11-19T16:07:40.101329Z,4.10.dev245+g4144cef28,default_301,gray_frequencies,NA,NA
2023-07-12,DEM,../DSMs/2023-07-12_DEM.tif,2025-11-19T16:07:40.101329Z,4.10.dev245+g4144cef28,default_401,gray_frequencies,NA,NA
2023-07-12,DEM,../DSMs/2023-07-12_DEM.tif,2025-11-19T16:07:40.101329Z,4.10.dev245+g4144cef28,default_501,gray_frequencies,NA,NA
2023-07-12,DEM,../DSMs/2023-07-12_DEM.tif,2025-11-19T16:07:40.101329Z,4.10.dev245+g4144cef28,default_901,gray_frequencies,NA,NA
2023-07-12,DEM,../DSMs/2023-07-12_DEM.tif,2025-11-19T16:07:40.101329Z,4.10.dev245+g4144cef28,default_701,gray_frequencies,NA,NA
2023-07-12,DEM,../DSMs/2023-07-12_DEM.tif,2025-11-19T16:07:40.101329Z,4.10.dev245+g4144cef28,default_801,gray_frequencies,NA,NA
2023-07-12,DEM,../DSMs/2023-07-12_DEM.tif,2025-11-19T16:07:40.101329Z,4.10.dev245+g4144cef28,default_601,gray_frequencies,NA,NA
2023-07-12,DEM,../DSMs/2023-07-12_DEM.tif,2025-11-19T16:07:40.101329Z,4.10.dev245+g4144cef28,default_502,gray_frequencies,NA,NA
2023-07-12,DEM,../DSMs/2023-07-12_DEM.tif,2025-11-19T16:07:40.101329Z,4.10.dev245+g4144cef28,default_402,gray_frequencies,NA,NA
2023-07-12,DEM,../DSMs/2023-07-12_DEM.tif,2025-11-19T16:07:40.101329Z,4.10.dev245+g4144cef28,default_102,gray_frequencies,NA,NA
2023-07-12,DEM,../DSMs/2023-07-12_DEM.tif,2025-11-19T16:07:40.101329Z,4.10.dev245+g4144cef28,default_702,gray_frequencies,NA,NA
2023-07-12,DEM,../DSMs/2023-07-12_DEM.tif,2025-11-19T16:07:40.101329Z,4.10.dev245+g4144cef28,default_202,gray_frequencies,NA,NA
2023-07-12,DEM,../DSMs/2023-07-12_DEM.tif,2025-11-19T16:07:40.101329Z,4.10.dev245+g4144cef28,default_602,gray_frequencies,NA,NA
2023-07-12,DEM,../DSMs/2023-07-12_DEM.tif,2025-11-19T16:07:40.101329Z,4.10.dev245+g4144cef28,default_802,gray_frequencies,NA,NA
2023-07-12,DEM,../DSMs/2023-07-12_DEM.tif,2025-11-19T16:07:40.101329Z,4.10.dev245+g4144cef28,default_302,gray_frequencies,NA,NA
2023-07-12,DEM,../DSMs/2023-07-12_DEM.tif,2025-11-19T16:07:40.101329Z,4.10.dev245+g4144cef28,default_902,gray_frequencies,NA,NA
2023-07-12,DEM,../DSMs/2023-07-12_DEM.tif,2025-11-19T16:07:40.101329Z,4.10.dev245+g4144cef28,default_703,gray_frequencies,NA,NA
2023-07-12,DEM,../DSMs/2023-07-12_DEM.tif,2025-11-19T16:07:40.101329Z,4.10.dev245+g4144cef28,default_103,gray_frequencies,NA,NA
2023-07-12,DEM,../DSMs/2023-07-12_DEM.tif,2025-11-19T16:07:40.101329Z,4.10.dev245+g4144cef28,default_203,gray_frequencies,NA,NA
2023-07-12,DEM,../DSMs/2023-07-12_DEM.tif,2025-11-19T16:07:40.101329Z,4.10.dev245+g4144cef28,default_803,gray_frequencies,NA,NA
2023-07-12,DEM,../DSMs/2023-07-12_DEM.tif,2025-11-19T16:07:40.101329Z,4.10.dev245+g4144cef28,default_303,gray_frequencies,NA,NA
2023-07-12,DEM,../DSMs/2023-07-12_DEM.tif,2025-11-19T16:07:40.101329Z,4.10.dev245+g4144cef28,default_903,gray_frequencies,NA,NA
2023-07-12,DEM,../DSMs/2023-07-12_DEM.tif,2025-11-19T16:07:40.101329Z,4.10.dev245+g4144cef28,default_403,gray_frequencies,NA,NA
2023-07-12,DEM,../DSMs/2023-07-12_DEM.tif,2025-11-19T16:07:40.101329Z,4.10.dev245+g4144cef28,default_503,gray_frequencies,NA,NA
2023-07-12,DEM,../DSMs/2023-07-12_DEM.tif,2025-11-19T16:07:40.101329Z,4.10.dev245+g4144cef28,default_603,gray_frequencies,NA,NA
2023-07-12,DEM,../DSMs/2023-07-12_DEM.tif,2025-11-19T16:07:40.101329Z,4.10.dev245+g4144cef28,101_1,gray_frequencies,0,6.4
2023-07-12,DEM,../DSMs/2023-07-12_DEM.tif,2025-11-19T16:07:40.101329Z,4.10.dev245+g4144cef28,101_1,gray_frequencies,0,19.200000000000003
2023-07-12,DEM,../DSMs/2023-07-12_DEM.tif,2025-11-19T16:07:40.101329Z,4.10.dev245+g4144cef28,101_1,gray_frequencies,0,32.0
2023-07-12,DEM,../DSMs/2023-07-12_DEM.tif,2025-11-19T16:07:40.101329Z,4.10.dev245+g4144cef28,101_1,gray_frequencies,0,44.800000000000004
2023-07-12,DEM,../DSMs/2023-07-12_DEM.tif,2025-11-19T16:07:40.101329Z,4.10.dev245+g4144cef28,101_1,gray_frequencies,0,57.6
2023-07-12,DEM,../DSMs/2023-07-12_DEM.tif,2025-11-19T16:07:40.101329Z,4.10.dev245+g4144cef28,101_1,gray_frequencies,0,70.4
2023-07-12,DEM,../DSMs/2023-07-12_DEM.tif,2025-11-19T16:07:40.101329Z,4.10.dev245+g4144cef28,101_1,gray_frequencies,13,83.20000000000002
2023-07-12,DEM,../DSMs/2023-07-12_DEM.tif,2025-11-19T16:07:40.101329Z,4.10.dev245+g4144cef28,101_1,gray_frequencies,2857,96.0
2023-07-12,DEM,../DSMs/2023-07-12_DEM.tif,2025-11-19T16:07:40.101329Z,4.10.dev245+g4144cef28,101_1,gray_frequencies,2124,108.80000000000001
2023-07-12,DEM,../DSMs/2023-07-12_DEM.tif,2025-11-19T16:07:40.101329Z,4.10.dev245+g4144cef28,101_1,gray_frequencies,1325,121.6
2023-07-12,DEM,../DSMs/2023-07-12_DEM.tif,2025-11-19T16:07:40.101329Z,4.10.dev245+g4144cef28,101_1,gray_frequencies,784,134.4
2023-07-12,DEM,../DSMs/2023-07-12_DEM.tif,2025-11-19T16:07:40.101329Z,4.10.dev245+g4144cef28,101_1,gray_frequencies,775,147.20000000000002
2023-07-12,DEM,../DSMs/2023-07-12_DEM.tif,2025-11-19T16:07:40.101329Z,4.10.dev245+g4144cef28,101_1,gray_frequencies,1199,160.0
2023-07-12,DEM,../DSMs/2023-07-12_DEM.tif,2025-11-19T16:07:40.101329Z,4.10.dev245+g4144cef28,101_1,gray_frequencies,1986,172.8
2023-07-12,DEM,../DSMs/2023-07-12_DEM.tif,2025-11-19T16:07:40.101329Z,4.10.dev245+g4144cef28,101_1,gray_frequencies,3501,185.60000000000002
2023-07-12,DEM,../DSMs/2023-07-12_DEM.tif,2025-11-19T16:07:40.101329Z,4.10.dev245+g4144cef28,101_1,gray_frequencies,1234,198.4
2023-07-12,DEM,../DSMs/2023-07-12_DEM.tif,2025-11-19T16:07:40.101329Z,4.10.dev245+g4144cef28,101_1,gray_frequencies,61,211.20000000000002
2023-07-12,DEM,../DSMs/2023-07-12_DEM.tif,2025-11-19T16:07:40.101329Z,4.10.dev245+g4144cef28,101_1,gray_frequencies,0,224.0
2023-07-12,DEM,../DSMs/2023-07-12_DEM.tif,2025-11-19T16:07:40.101329Z,4.10.dev245+g4144cef28,101_1,gray_frequencies,0,236.8
2023-07-12,DEM,../DSMs/2023-07-12_DEM.tif,2025-11-19T16:07:40.101329Z,4.10.dev245+g4144cef28,101_1,gray_frequencies,0,249.60000000000002
2023-07-12,DEM,../DSMs/2023-07-12_DEM.tif,2025-11-19T16:07:40.101329Z,4.10.dev245+g4144cef28,201_2,gray_frequencies,0,6.4
2023-07-12,DEM,../DSMs/2023-07-12_DEM.tif,2025-11-19T16:07:40.101329Z,4.10.dev245+g4144cef28,201_2,gray_frequencies,0,19.200000000000003
2023-07-12,DEM,../DSMs/2023-07-12_DEM.tif,2025-11-19T16:07:40.101329Z,4.10.dev245+g4144cef28,201_2,gray_frequencies,0,32.0
2023-07-12,DEM,../DSMs/2023-07-12_DEM.tif,2025-11-19T16:07:40.101329Z,4.10.dev245+g4144cef28,201_2,gray_frequencies,0,44.800000000000004
2023-07-12,DEM,../DSMs/2023-07-12_DEM.tif,2025-11-19T16:07:40.101329Z,4.10.dev245+g4144cef28,201_2,gray_frequencies,0,57.6
2023-07-12,DEM,../DSMs/2023-07-12_DEM.tif,2025-11-19T16:07:40.101329Z,4.10.dev245+g4144cef28,201_2,gray_frequencies,0,70.4
2023-07-12,DEM,../DSMs/2023-07-12_DEM.tif,2025-11-19T16:07:40.101329Z,4.10.dev245+g4144cef28,201_2,gray_frequencies,0,83.20000000000002
2023-07-12,DEM,../DSMs/2023-07-12_DEM.tif,2025-11-19T16:07:40.101329Z,4.10.dev245+g4144cef28,201_2,gray_frequencies,2372,96.0
2023-07-12,DEM,../DSMs/2023-07-12_DEM.tif,2025-11-19T16:07:40.101329Z,4.10.dev245+g4144cef28,201_2,gray_frequencies,1675,108.80000000000001
2023-07-12,DEM,../DSMs/2023-07-12_DEM.tif,2025-11-19T16:07:40.101329Z,4.10.dev245+g4144cef28,201_2,gray_frequencies,1254,121.6
2023-07-12,DEM,../DSMs/2023-07-12_DEM.tif,2025-11-19T16:07:40.101329Z,4.10.dev245+g4144cef28,201_2,gray_frequencies,852,134.4
2023-07-12,DEM,../DSMs/2023-07-12_DEM.tif,2025-11-19T16:07:40.101329Z,4.10.dev245+g4144cef28,201_2,gray_frequencies,1176,147.20000000000002
2023-07-12,DEM,../DSMs/2023-07-12_DEM.tif,2025-11-19T16:07:40.101329Z,4.10.dev245+g4144cef28,201_2,gray_frequencies,4501,160.0
2023-07-12,DEM,../DSMs/2023-07-12_DEM.tif,2025-11-19T16:07:40.101329Z,4.10.dev245+g4144cef28,201_2,gray_frequencies,2736,172.8
2023-07-12,DEM,../DSMs/2023-07-12_DEM.tif,2025-11-19T16:07:40.101329Z,4.10.dev245+g4144cef28,201_2,gray_frequencies,4,185.60000000000002
2023-07-12,DEM,../DSMs/2023-07-12_DEM.tif,2025-11-19T16:07:40.101329Z,4.10.dev245+g4144cef28,201_2,gray_frequencies,0,198.4
2023-07-12,DEM,../DSMs/2023-07-12_DEM.tif,2025-11-19T16:07:40.101329Z,4.10.dev245+g4144cef28,201_2,gray_frequencies,0,211.20000000000002
2023-07-12,DEM,../DSMs/2023-07-12_DEM.tif,2025-11-19T16:07:40.101329Z,4.10.dev245+g4144cef28,201_2,gray_frequencies,0,224.0
2023-07-12,DEM,../DSMs/2023-07-12_DEM.tif,2025-11-19T16:07:40.101329Z,4.10.dev245+g4144cef28,201_2,gray_frequencies,0,236.8
2023-07-12,DEM,../DSMs/2023-07-12_DEM.tif,2025-11-19T16:07:40.101329Z,4.10.dev245+g4144cef28,201_2,gray_frequencies,0,249.60000000000002
2023-07-12,DEM,../DSMs/2023-07-12_DEM.tif,2025-11-19T16:07:40.101329Z,4.10.dev245+g4144cef28,301_3,gray_frequencies,0,6.4
2023-07-12,DEM,../DSMs/2023-07-12_DEM.tif,2025-11-19T16:07:40.101329Z,4.10.dev245+g4144cef28,301_3,gray_frequencies,0,19.200000000000003
2023-07-12,DEM,../DSMs/2023-07-12_DEM.tif,2025-11-19T16:07:40.101329Z,4.10.dev245+g4144cef28,301_3,gray_frequencies,0,32.0
2023-07-12,DEM,../DSMs/2023-07-12_DEM.tif,2025-11-19T16:07:40.101329Z,4.10.dev245+g4144cef28,301_3,gray_frequencies,0,44.800000000000004
2023-07-12,DEM,../DSMs/2023-07-12_DEM.tif,2025-11-19T16:07:40.101329Z,4.10.dev245+g4144cef28,301_3,gray_frequencies,0,57.6
2023-07-12,DEM,../DSMs/2023-07-12_DEM.tif,2025-11-19T16:07:40.101329Z,4.10.dev245+g4144cef28,301_3,gray_frequencies,0,70.4
2023-07-12,DEM,../DSMs/2023-07-12_DEM.tif,2025-11-19T16:07:40.101329Z,4.10.dev245+g4144cef28,301_3,gray_frequencies,594,83.20000000000002
2023-07-12,DEM,../DSMs/2023-07-12_DEM.tif,2025-11-19T16:07:40.101329Z,4.10.dev245+g4144cef28,301_3,gray_frequencies,2400,96.0
2023-07-12,DEM,../DSMs/2023-07-12_DEM.tif,2025-11-19T16:07:40.101329Z,4.10.dev245+g4144cef28,301_3,gray_frequencies,2188,108.80000000000001
2023-07-12,DEM,../DSMs/2023-07-12_DEM.tif,2025-11-19T16:07:40.101329Z,4.10.dev245+g4144cef28,301_3,gray_frequencies,1098,121.6
2023-07-12,DEM,../DSMs/2023-07-12_DEM.tif,2025-11-19T16:07:40.101329Z,4.10.dev245+g4144cef28,301_3,gray_frequencies,776,134.4
2023-07-12,DEM,../DSMs/2023-07-12_DEM.tif,2025-11-19T16:07:40.101329Z,4.10.dev245+g4144cef28,301_3,gray_frequencies,952,147.20000000000002
2023-07-12,DEM,../DSMs/2023-07-12_DEM.tif,2025-11-19T16:07:40.101329Z,4.10.dev245+g4144cef28,301_3,gray_frequencies,1732,160.0
2023-07-12,DEM,../DSMs/2023-07-12_DEM.tif,2025-11-19T16:07:40.101329Z,4.10.dev245+g4144cef28,301_3,gray_frequencies,3435,172.8
2023-07-12,DEM,../DSMs/2023-07-12_DEM.tif,2025-11-19T16:07:40.101329Z,4.10.dev245+g4144cef28,301_3,gray_frequencies,1700,185.60000000000002
2023-07-12,DEM,../DSMs/2023-07-12_DEM.tif,2025-11-19T16:07:40.101329Z,4.10.dev245+g4144cef28,301_3,gray_frequencies,300,198.4
2023-07-12,DEM,../DSMs/2023-07-12_DEM.tif,2025-11-19T16:07:40.101329Z,4.10.dev245+g4144cef28,301_3,gray_frequencies,1,211.20000000000002
2023-07-12,DEM,../DSMs/2023-07-12_DEM.tif,2025-11-19T16:07:40.101329Z,4.10.dev245+g4144cef28,301_3,gray_frequencies,0,224.0
2023-07-12,DEM,../DSMs/2023-07-12_DEM.tif,2025-11-19T16:07:40.101329Z,4.10.dev245+g4144cef28,301_3,gray_frequencies,0,236.8
2023-07-12,DEM,../DSMs/2023-07-12_DEM.tif,2025-11-19T16:07:40.101329Z,4.10.dev245+g4144cef28,301_3,gray_frequencies,0,249.60000000000002
2023-07-12,DEM,../DSMs/2023-07-12_DEM.tif,2025-11-19T16:07:40.101329Z,4.10.dev245+g4144cef28,401_4,gray_frequencies,0,6.4
2023-07-12,DEM,../DSMs/2023-07-12_DEM.tif,2025-11-19T16:07:40.101329Z,4.10.dev245+g4144cef28,401_4,gray_frequencies,0,19.200000000000003
2023-07-12,DEM,../DSMs/2023-07-12_DEM.tif,2025-11-19T16:07:40.101329Z,4.10.dev245+g4144cef28,401_4,gray_frequencies,0,32.0
2023-07-12,DEM,../DSMs/2023-07-12_DEM.tif,2025-11-19T16:07:40.101329Z,4.10.dev245+g4144cef28,401_4,gray_frequencies,0,44.800000000000004
2023-07-12,DEM,../DSMs/2023-07-12_DEM.tif,2025-11-19T16:07:40.101329Z,4.10.dev245+g4144cef28,401_4,gray_frequencies,0,57.6
2023-07-12,DEM,../DSMs/2023-07-12_DEM.tif,2025-11-19T16:07:40.101329Z,4.10.dev245+g4144cef28,401_4,gray_frequencies,0,70.4
2023-07-12,DEM,../DSMs/2023-07-12_DEM.tif,2025-11-19T16:07:40.101329Z,4.10.dev245+g4144cef28,401_4,gray_frequencies,0,83.20000000000002
2023-07-12,DEM,../DSMs/2023-07-12_DEM.tif,2025-11-19T16:07:40.101329Z,4.10.dev245+g4144cef28,401_4,gray_frequencies,16,96.0
2023-07-12,DEM,../DSMs/2023-07-12_DEM.tif,2025-11-19T16:07:40.101329Z,4.10.dev245+g4144cef28,401_4,gray_frequencies,232,108.80000000000001
2023-07-12,DEM,../DSMs/2023-07-12_DEM.tif,2025-11-19T16:07:40.101329Z,4.10.dev245+g4144cef28,401_4,gray_frequencies,2112,121.6
2023-07-12,DEM,../DSMs/2023-07-12_DEM.tif,2025-11-19T16:07:40.101329Z,4.10.dev245+g4144cef28,401_4,gray_frequencies,1594,134.4
2023-07-12,DEM,../DSMs/2023-07-12_DEM.tif,2025-11-19T16:07:40.101329Z,4.10.dev245+g4144cef28,401_4,gray_frequencies,1360,147.20000000000002
2023-07-12,DEM,../DSMs/2023-07-12_DEM.tif,2025-11-19T16:07:40.101329Z,4.10.dev245+g4144cef28,401_4,gray_frequencies,970,160.0
2023-07-12,DEM,../DSMs/2023-07-12_DEM.tif,2025-11-19T16:07:40.101329Z,4.10.dev245+g4144cef28,401_4,gray_frequencies,1348,172.8
2023-07-12,DEM,../DSMs/2023-07-12_DEM.tif,2025-11-19T16:07:40.101329Z,4.10.dev245+g4144cef28,401_4,gray_frequencies,1957,185.60000000000002
2023-07-12,DEM,../DSMs/2023-07-12_DEM.tif,2025-11-19T16:07:40.101329Z,4.10.dev245+g4144cef28,401_4,gray_frequencies,2520,198.4
2023-07-12,DEM,../DSMs/2023-07-12_DEM.tif,2025-11-19T16:07:40.101329Z,4.10.dev245+g4144cef28,401_4,gray_frequencies,1986,211.20000000000002
2023-07-12,DEM,../DSMs/2023-07-12_DEM.tif,2025-11-19T16:07:40.101329Z,4.10.dev245+g4144cef28,401_4,gray_frequencies,689,224.0
2023-07-12,DEM,../DSMs/2023-07-12_DEM.tif,2025-11-19T16:07:40.101329Z,4.10.dev245+g4144cef28,401_4,gray_frequencies,34,236.8
2023-07-12,DEM,../DSMs/2023-07-12_DEM.tif,2025-11-19T16:07:40.101329Z,4.10.dev245+g4144cef28,401_4,gray_frequencies,0,249.60000000000002
2023-07-12,DEM,../DSMs/2023-07-12_DEM.tif,2025-11-19T16:07:40.101329Z,4.10.dev245+g4144cef28,501_5,gray_frequencies,0,6.4
2023-07-12,DEM,../DSMs/2023-07-12_DEM.tif,2025-11-19T16:07:40.101329Z,4.10.dev245+g4144cef28,501_5,gray_frequencies,0,19.200000000000003
2023-07-12,DEM,../DSMs/2023-07-12_DEM.tif,2025-11-19T16:07:40.101329Z,4.10.dev245+g4144cef28,501_5,gray_frequencies,0,32.0
2023-07-12,DEM,../DSMs/2023-07-12_DEM.tif,2025-11-19T16:07:40.101329Z,4.10.dev245+g4144cef28,501_5,gray_frequencies,0,44.800000000000004
2023-07-12,DEM,../DSMs/2023-07-12_DEM.tif,2025-11-19T16:07:40.101329Z,4.10.dev245+g4144cef28,501_5,gray_frequencies,0,57.6
2023-07-12,DEM,../DSMs/2023-07-12_DEM.tif,2025-11-19T16:07:40.101329Z,4.10.dev245+g4144cef28,501_5,gray_frequencies,0,70.4
2023-07-12,DEM,../DSMs/2023-07-12_DEM.tif,2025-11-19T16:07:40.101329Z,4.10.dev245+g4144cef28,501_5,gray_frequencies,0,83.20000000000002
2023-07-12,DEM,../DSMs/2023-07-12_DEM.tif,2025-11-19T16:07:40.101329Z,4.10.dev245+g4144cef28,501_5,gray_frequencies,0,96.0
2023-07-12,DEM,../DSMs/2023-07-12_DEM.tif,2025-11-19T16:07:40.101329Z,4.10.dev245+g4144cef28,501_5,gray_frequencies,4,108.80000000000001
2023-07-12,DEM,../DSMs/2023-07-12_DEM.tif,2025-11-19T16:07:40.101329Z,4.10.dev245+g4144cef28,501_5,gray_frequencies,1881,121.6
2023-07-12,DEM,../DSMs/2023-07-12_DEM.tif,2025-11-19T16:07:40.101329Z,4.10.dev245+g4144cef28,501_5,gray_frequencies,1151,134.4
2023-07-12,DEM,../DSMs/2023-07-12_DEM.tif,2025-11-19T16:07:40.101329Z,4.10.dev245+g4144cef28,501_5,gray_frequencies,1995,147.20000000000002
2023-07-12,DEM,../DSMs/2023-07-12_DEM.tif,2025-11-19T16:07:40.101329Z,4.10.dev245+g4144cef28,501_5,gray_frequencies,876,160.0
2023-07-12,DEM,../DSMs/2023-07-12_DEM.tif,2025-11-19T16:07:40.101329Z,4.10.dev245+g4144cef28,501_5,gray_frequencies,1039,172.8
2023-07-12,DEM,../DSMs/2023-07-12_DEM.tif,2025-11-19T16:07:40.101329Z,4.10.dev245+g4144cef28,501_5,gray_frequencies,2306,185.60000000000002
2023-07-12,DEM,../DSMs/2023-07-12_DEM.tif,2025-11-19T16:07:40.101329Z,4.10.dev245+g4144cef28,501_5,gray_frequencies,4206,198.4
2023-07-12,DEM,../DSMs/2023-07-12_DEM.tif,2025-11-19T16:07:40.101329Z,4.10.dev245+g4144cef28,501_5,gray_frequencies,1284,211.20000000000002
2023-07-12,DEM,../DSMs/2023-07-12_DEM.tif,2025-11-19T16:07:40.101329Z,4.10.dev245+g4144cef28,501_5,gray_frequencies,4,224.0
2023-07-12,DEM,../DSMs/2023-07-12_DEM.tif,2025-11-19T16:07:40.101329Z,4.10.dev245+g4144cef28,501_5,gray_frequencies,0,236.8
2023-07-12,DEM,../DSMs/2023-07-12_DEM.tif,2025-11-19T16:07:40.101329Z,4.10.dev245+g4144cef28,501_5,gray_frequencies,0,249.60000000000002
2023-07-12,DEM,../DSMs/2023-07-12_DEM.tif,2025-11-19T16:07:40.101329Z,4.10.dev245+g4144cef28,901_6,gray_frequencies,0,6.4
2023-07-12,DEM,../DSMs/2023-07-12_DEM.tif,2025-11-19T16:07:40.101329Z,4.10.dev245+g4144cef28,901_6,gray_frequencies,0,19.200000000000003
2023-07-12,DEM,../DSMs/2023-07-12_DEM.tif,2025-11-19T16:07:40.101329Z,4.10.dev245+g4144cef28,901_6,gray_frequencies,0,32.0
2023-07-12,DEM,../DSMs/2023-07-12_DEM.tif,2025-11-19T16:07:40.101329Z,4.10.dev245+g4144cef28,901_6,gray_frequencies,0,44.800000000000004
2023-07-12,DEM,../DSMs/2023-07-12_DEM.tif,2025-11-19T16:07:40.101329Z,4.10.dev245+g4144cef28,901_6,gray_frequencies,0,57.6
2023-07-12,DEM,../DSMs/2023-07-12_DEM.tif,2025-11-19T16:07:40.101329Z,4.10.dev245+g4144cef28,901_6,gray_frequencies,0,70.4
2023-07-12,DEM,../DSMs/2023-07-12_DEM.tif,2025-11-19T16:07:40.101329Z,4.10.dev245+g4144cef28,901_6,gray_frequencies,0,83.20000000000002
2023-07-12,DEM,../DSMs/2023-07-12_DEM.tif,2025-11-19T16:07:40.101329Z,4.10.dev245+g4144cef28,901_6,gray_frequencies,0,96.0
2023-07-12,DEM,../DSMs/2023-07-12_DEM.tif,2025-11-19T16:07:40.101329Z,4.10.dev245+g4144cef28,901_6,gray_frequencies,62,108.80000000000001
2023-07-12,DEM,../DSMs/2023-07-12_DEM.tif,2025-11-19T16:07:40.101329Z,4.10.dev245+g4144cef28,901_6,gray_frequencies,1799,121.6
2023-07-12,DEM,../DSMs/2023-07-12_DEM.tif,2025-11-19T16:07:40.101329Z,4.10.dev245+g4144cef28,901_6,gray_frequencies,1675,134.4
2023-07-12,DEM,../DSMs/2023-07-12_DEM.tif,2025-11-19T16:07:40.101329Z,4.10.dev245+g4144cef28,901_6,gray_frequencies,1412,147.20000000000002
2023-07-12,DEM,../DSMs/2023-07-12_DEM.tif,2025-11-19T16:07:40.101329Z,4.10.dev245+g4144cef28,901_6,gray_frequencies,673,160.0
2023-07-12,DEM,../DSMs/2023-07-12_DEM.tif,2025-11-19T16:07:40.101329Z,4.10.dev245+g4144cef28,901_6,gray_frequencies,748,172.8
2023-07-12,DEM,../DSMs/2023-07-12_DEM.tif,2025-11-19T16:07:40.101329Z,4.10.dev245+g4144cef28,901_6,gray_frequencies,1218,185.60000000000002
2023-07-12,DEM,../DSMs/2023-07-12_DEM.tif,2025-11-19T16:07:40.101329Z,4.10.dev245+g4144cef28,901_6,gray_frequencies,3281,198.4
2023-07-12,DEM,../DSMs/2023-07-12_DEM.tif,2025-11-19T16:07:40.101329Z,4.10.dev245+g4144cef28,901_6,gray_frequencies,3784,211.20000000000002
2023-07-12,DEM,../DSMs/2023-07-12_DEM.tif,2025-11-19T16:07:40.101329Z,4.10.dev245+g4144cef28,901_6,gray_frequencies,32,224.0
2023-07-12,DEM,../DSMs/2023-07-12_DEM.tif,2025-11-19T16:07:40.101329Z,4.10.dev245+g4144cef28,901_6,gray_frequencies,0,236.8
2023-07-12,DEM,../DSMs/2023-07-12_DEM.tif,2025-11-19T16:07:40.101329Z,4.10.dev245+g4144cef28,901_6,gray_frequencies,0,249.60000000000002
2023-07-12,DEM,../DSMs/2023-07-12_DEM.tif,2025-11-19T16:07:40.101329Z,4.10.dev245+g4144cef28,701_7,gray_frequencies,0,6.4
2023-07-12,DEM,../DSMs/2023-07-12_DEM.tif,2025-11-19T16:07:40.101329Z,4.10.dev245+g4144cef28,701_7,gray_frequencies,0,19.200000000000003
2023-07-12,DEM,../DSMs/2023-07-12_DEM.tif,2025-11-19T16:07:40.101329Z,4.10.dev245+g4144cef28,701_7,gray_frequencies,0,32.0
2023-07-12,DEM,../DSMs/2023-07-12_DEM.tif,2025-11-19T16:07:40.101329Z,4.10.dev245+g4144cef28,701_7,gray_frequencies,0,44.800000000000004
2023-07-12,DEM,../DSMs/2023-07-12_DEM.tif,2025-11-19T16:07:40.101329Z,4.10.dev245+g4144cef28,701_7,gray_frequencies,0,57.6
2023-07-12,DEM,../DSMs/2023-07-12_DEM.tif,2025-11-19T16:07:40.101329Z,4.10.dev245+g4144cef28,701_7,gray_frequencies,0,70.4
2023-07-12,DEM,../DSMs/2023-07-12_DEM.tif,2025-11-19T16:07:40.101329Z,4.10.dev245+g4144cef28,701_7,gray_frequencies,0,83.20000000000002
2023-07-12,DEM,../DSMs/2023-07-12_DEM.tif,2025-11-19T16:07:40.101329Z,4.10.dev245+g4144cef28,701_7,gray_frequencies,0,96.0
2023-07-12,DEM,../DSMs/2023-07-12_DEM.tif,2025-11-19T16:07:40.101329Z,4.10.dev245+g4144cef28,701_7,gray_frequencies,0,108.80000000000001
2023-07-12,DEM,../DSMs/2023-07-12_DEM.tif,2025-11-19T16:07:40.101329Z,4.10.dev245+g4144cef28,701_7,gray_frequencies,0,121.6
2023-07-12,DEM,../DSMs/2023-07-12_DEM.tif,2025-11-19T16:07:40.101329Z,4.10.dev245+g4144cef28,701_7,gray_frequencies,149,134.4
2023-07-12,DEM,../DSMs/2023-07-12_DEM.tif,2025-11-19T16:07:40.101329Z,4.10.dev245+g4144cef28,701_7,gray_frequencies,1779,147.20000000000002
2023-07-12,DEM,../DSMs/2023-07-12_DEM.tif,2025-11-19T16:07:40.101329Z,4.10.dev245+g4144cef28,701_7,gray_frequencies,1930,160.0
2023-07-12,DEM,../DSMs/2023-07-12_DEM.tif,2025-11-19T16:07:40.101329Z,4.10.dev245+g4144cef28,701_7,gray_frequencies,1251,172.8
2023-07-12,DEM,../DSMs/2023-07-12_DEM.tif,2025-11-19T16:07:40.101329Z,4.10.dev245+g4144cef28,701_7,gray_frequencies,1402,185.60000000000002
2023-07-12,DEM,../DSMs/2023-07-12_DEM.tif,2025-11-19T16:07:40.101329Z,4.10.dev245+g4144cef28,701_7,gray_frequencies,3741,198.4
2023-07-12,DEM,../DSMs/2023-07-12_DEM.tif,2025-11-19T16:07:40.101329Z,4.10.dev245+g4144cef28,701_7,gray_frequencies,3105,211.20000000000002
2023-07-12,DEM,../DSMs/2023-07-12_DEM.tif,2025-11-19T16:07:40.101329Z,4.10.dev245+g4144cef28,701_7,gray_frequencies,417,224.0
2023-07-12,DEM,../DSMs/2023-07-12_DEM.tif,2025-11-19T16:07:40.101329Z,4.10.dev245+g4144cef28,701_7,gray_frequencies,0,236.8
2023-07-12,DEM,../DSMs/2023-07-12_DEM.tif,2025-11-19T16:07:40.101329Z,4.10.dev245+g4144cef28,701_7,gray_frequencies,0,249.60000000000002
2023-07-12,DEM,../DSMs/2023-07-12_DEM.tif,2025-11-19T16:07:40.101329Z,4.10.dev245+g4144cef28,801_8,gray_frequencies,0,6.4
2023-07-12,DEM,../DSMs/2023-07-12_DEM.tif,2025-11-19T16:07:40.101329Z,4.10.dev245+g4144cef28,801_8,gray_frequencies,0,19.200000000000003
2023-07-12,DEM,../DSMs/2023-07-12_DEM.tif,2025-11-19T16:07:40.101329Z,4.10.dev245+g4144cef28,801_8,gray_frequencies,0,32.0
2023-07-12,DEM,../DSMs/2023-07-12_DEM.tif,2025-11-19T16:07:40.101329Z,4.10.dev245+g4144cef28,801_8,gray_frequencies,0,44.800000000000004
2023-07-12,DEM,../DSMs/2023-07-12_DEM.tif,2025-11-19T16:07:40.101329Z,4.10.dev245+g4144cef28,801_8,gray_frequencies,0,57.6
2023-07-12,DEM,../DSMs/2023-07-12_DEM.tif,2025-11-19T16:07:40.101329Z,4.10.dev245+g4144cef28,801_8,gray_frequencies,0,70.4
2023-07-12,DEM,../DSMs/2023-07-12_DEM.tif,2025-11-19T16:07:40.101329Z,4.10.dev245+g4144cef28,801_8,gray_frequencies,0,83.20000000000002
2023-07-12,DEM,../DSMs/2023-07-12_DEM.tif,2025-11-19T16:07:40.101329Z,4.10.dev245+g4144cef28,801_8,gray_frequencies,0,96.0
2023-07-12,DEM,../DSMs/2023-07-12_DEM.tif,2025-11-19T16:07:40.101329Z,4.10.dev245+g4144cef28,801_8,gray_frequencies,0,108.80000000000001
2023-07-12,DEM,../DSMs/2023-07-12_DEM.tif,2025-11-19T16:07:40.101329Z,4.10.dev245+g4144cef28,801_8,gray_frequencies,0,121.6
2023-07-12,DEM,../DSMs/2023-07-12_DEM.tif,2025-11-19T16:07:40.101329Z,4.10.dev245+g4144cef28,801_8,gray_frequencies,0,134.4
2023-07-12,DEM,../DSMs/2023-07-12_DEM.tif,2025-11-19T16:07:40.101329Z,4.10.dev245+g4144cef28,801_8,gray_frequencies,1885,147.20000000000002
2023-07-12,DEM,../DSMs/2023-07-12_DEM.tif,2025-11-19T16:07:40.101329Z,4.10.dev245+g4144cef28,801_8,gray_frequencies,1509,160.0
2023-07-12,DEM,../DSMs/2023-07-12_DEM.tif,2025-11-19T16:07:40.101329Z,4.10.dev245+g4144cef28,801_8,gray_frequencies,2202,172.8
2023-07-12,DEM,../DSMs/2023-07-12_DEM.tif,2025-11-19T16:07:40.101329Z,4.10.dev245+g4144cef28,801_8,gray_frequencies,1342,185.60000000000002
2023-07-12,DEM,../DSMs/2023-07-12_DEM.tif,2025-11-19T16:07:40.101329Z,4.10.dev245+g4144cef28,801_8,gray_frequencies,2958,198.4
2023-07-12,DEM,../DSMs/2023-07-12_DEM.tif,2025-11-19T16:07:40.101329Z,4.10.dev245+g4144cef28,801_8,gray_frequencies,4330,211.20000000000002
2023-07-12,DEM,../DSMs/2023-07-12_DEM.tif,2025-11-19T16:07:40.101329Z,4.10.dev245+g4144cef28,801_8,gray_frequencies,617,224.0
2023-07-12,DEM,../DSMs/2023-07-12_DEM.tif,2025-11-19T16:07:40.101329Z,4.10.dev245+g4144cef28,801_8,gray_frequencies,0,236.8
2023-07-12,DEM,../DSMs/2023-07-12_DEM.tif,2025-11-19T16:07:40.101329Z,4.10.dev245+g4144cef28,801_8,gray_frequencies,0,249.60000000000002
2023-07-12,DEM,../DSMs/2023-07-12_DEM.tif,2025-11-19T16:07:40.101329Z,4.10.dev245+g4144cef28,601_9,gray_frequencies,0,6.4
2023-07-12,DEM,../DSMs/2023-07-12_DEM.tif,2025-11-19T16:07:40.101329Z,4.10.dev245+g4144cef28,601_9,gray_frequencies,0,19.200000000000003
2023-07-12,DEM,../DSMs/2023-07-12_DEM.tif,2025-11-19T16:07:40.101329Z,4.10.dev245+g4144cef28,601_9,gray_frequencies,0,32.0
2023-07-12,DEM,../DSMs/2023-07-12_DEM.tif,2025-11-19T16:07:40.101329Z,4.10.dev245+g4144cef28,601_9,gray_frequencies,0,44.800000000000004
2023-07-12,DEM,../DSMs/2023-07-12_DEM.tif,2025-11-19T16:07:40.101329Z,4.10.dev245+g4144cef28,601_9,gray_frequencies,0,57.6
2023-07-12,DEM,../DSMs/2023-07-12_DEM.tif,2025-11-19T16:07:40.101329Z,4.10.dev245+g4144cef28,601_9,gray_frequencies,0,70.4
2023-07-12,DEM,../DSMs/2023-07-12_DEM.tif,2025-11-19T16:07:40.101329Z,4.10.dev245+g4144cef28,601_9,gray_frequencies,0,83.20000000000002
2023-07-12,DEM,../DSMs/2023-07-12_DEM.tif,2025-11-19T16:07:40.101329Z,4.10.dev245+g4144cef28,601_9,gray_frequencies,0,96.0
2023-07-12,DEM,../DSMs/2023-07-12_DEM.tif,2025-11-19T16:07:40.101329Z,4.10.dev245+g4144cef28,601_9,gray_frequencies,0,108.80000000000001
2023-07-12,DEM,../DSMs/2023-07-12_DEM.tif,2025-11-19T16:07:40.101329Z,4.10.dev245+g4144cef28,601_9,gray_frequencies,0,121.6
2023-07-12,DEM,../DSMs/2023-07-12_DEM.tif,2025-11-19T16:07:40.101329Z,4.10.dev245+g4144cef28,601_9,gray_frequencies,0,134.4
2023-07-12,DEM,../DSMs/2023-07-12_DEM.tif,2025-11-19T16:07:40.101329Z,4.10.dev245+g4144cef28,601_9,gray_frequencies,2139,147.20000000000002
2023-07-12,DEM,../DSMs/2023-07-12_DEM.tif,2025-11-19T16:07:40.101329Z,4.10.dev245+g4144cef28,601_9,gray_frequencies,1589,160.0
2023-07-12,DEM,../DSMs/2023-07-12_DEM.tif,2025-11-19T16:07:40.101329Z,4.10.dev245+g4144cef28,601_9,gray_frequencies,2122,172.8
2023-07-12,DEM,../DSMs/2023-07-12_DEM.tif,2025-11-19T16:07:40.101329Z,4.10.dev245+g4144cef28,601_9,gray_frequencies,818,185.60000000000002
2023-07-12,DEM,../DSMs/2023-07-12_DEM.tif,2025-11-19T16:07:40.101329Z,4.10.dev245+g4144cef28,601_9,gray_frequencies,974,198.4
2023-07-12,DEM,../DSMs/2023-07-12_DEM.tif,2025-11-19T16:07:40.101329Z,4.10.dev245+g4144cef28,601_9,gray_frequencies,3018,211.20000000000002
2023-07-12,DEM,../DSMs/2023-07-12_DEM.tif,2025-11-19T16:07:40.101329Z,4.10.dev245+g4144cef28,601_9,gray_frequencies,3756,224.0
2023-07-12,DEM,../DSMs/2023-07-12_DEM.tif,2025-11-19T16:07:40.101329Z,4.10.dev245+g4144cef28,601_9,gray_frequencies,1182,236.8
2023-07-12,DEM,../DSMs/2023-07-12_DEM.tif,2025-11-19T16:07:40.101329Z,4.10.dev245+g4144cef28,601_9,gray_frequencies,0,249.60000000000002
2023-07-12,DEM,../DSMs/2023-07-12_DEM.tif,2025-11-19T16:07:40.101329Z,4.10.dev245+g4144cef28,502_10,gray_frequencies,0,6.4
2023-07-12,DEM,../DSMs/2023-07-12_DEM.tif,2025-11-19T16:07:40.101329Z,4.10.dev245+g4144cef28,502_10,gray_frequencies,0,19.200000000000003
2023-07-12,DEM,../DSMs/2023-07-12_DEM.tif,2025-11-19T16:07:40.101329Z,4.10.dev245+g4144cef28,502_10,gray_frequencies,0,32.0
2023-07-12,DEM,../DSMs/2023-07-12_DEM.tif,2025-11-19T16:07:40.101329Z,4.10.dev245+g4144cef28,502_10,gray_frequencies,0,44.800000000000004
2023-07-12,DEM,../DSMs/2023-07-12_DEM.tif,2025-11-19T16:07:40.101329Z,4.10.dev245+g4144cef28,502_10,gray_frequencies,0,57.6
2023-07-12,DEM,../DSMs/2023-07-12_DEM.tif,2025-11-19T16:07:40.101329Z,4.10.dev245+g4144cef28,502_10,gray_frequencies,0,70.4
2023-07-12,DEM,../DSMs/2023-07-12_DEM.tif,2025-11-19T16:07:40.101329Z,4.10.dev245+g4144cef28,502_10,gray_frequencies,1482,83.20000000000002
2023-07-12,DEM,../DSMs/2023-07-12_DEM.tif,2025-11-19T16:07:40.101329Z,4.10.dev245+g4144cef28,502_10,gray_frequencies,2895,96.0
2023-07-12,DEM,../DSMs/2023-07-12_DEM.tif,2025-11-19T16:07:40.101329Z,4.10.dev245+g4144cef28,502_10,gray_frequencies,6716,108.80000000000001
2023-07-12,DEM,../DSMs/2023-07-12_DEM.tif,2025-11-19T16:07:40.101329Z,4.10.dev245+g4144cef28,502_10,gray_frequencies,2500,121.6
2023-07-12,DEM,../DSMs/2023-07-12_DEM.tif,2025-11-19T16:07:40.101329Z,4.10.dev245+g4144cef28,502_10,gray_frequencies,1915,134.4
2023-07-12,DEM,../DSMs/2023-07-12_DEM.tif,2025-11-19T16:07:40.101329Z,4.10.dev245+g4144cef28,502_10,gray_frequencies,308,147.20000000000002
2023-07-12,DEM,../DSMs/2023-07-12_DEM.tif,2025-11-19T16:07:40.101329Z,4.10.dev245+g4144cef28,502_10,gray_frequencies,4,160.0
2023-07-12,DEM,../DSMs/2023-07-12_DEM.tif,2025-11-19T16:07:40.101329Z,4.10.dev245+g4144cef28,502_10,gray_frequencies,0,172.8
2023-07-12,DEM,../DSMs/2023-07-12_DEM.tif,2025-11-19T16:07:40.101329Z,4.10.dev245+g4144cef28,502_10,gray_frequencies,0,185.60000000000002
2023-07-12,DEM,../DSMs/2023-07-12_DEM.tif,2025-11-19T16:07:40.101329Z,4.10.dev245+g4144cef28,502_10,gray_frequencies,0,198.4
2023-07-12,DEM,../DSMs/2023-07-12_DEM.tif,2025-11-19T16:07:40.101329Z,4.10.dev245+g4144cef28,502_10,gray_frequencies,0,211.20000000000002
2023-07-12,DEM,../DSMs/2023-07-12_DEM.tif,2025-11-19T16:07:40.101329Z,4.10.dev245+g4144cef28,502_10,gray_frequencies,0,224.0
2023-07-12,DEM,../DSMs/2023-07-12_DEM.tif,2025-11-19T16:07:40.101329Z,4.10.dev245+g4144cef28,502_10,gray_frequencies,0,236.8
2023-07-12,DEM,../DSMs/2023-07-12_DEM.tif,2025-11-19T16:07:40.101329Z,4.10.dev245+g4144cef28,502_10,gray_frequencies,0,249.60000000000002
2023-07-12,DEM,../DSMs/2023-07-12_DEM.tif,2025-11-19T16:07:40.101329Z,4.10.dev245+g4144cef28,402_11,gray_frequencies,0,6.4
2023-07-12,DEM,../DSMs/2023-07-12_DEM.tif,2025-11-19T16:07:40.101329Z,4.10.dev245+g4144cef28,402_11,gray_frequencies,0,19.200000000000003
2023-07-12,DEM,../DSMs/2023-07-12_DEM.tif,2025-11-19T16:07:40.101329Z,4.10.dev245+g4144cef28,402_11,gray_frequencies,0,32.0
2023-07-12,DEM,../DSMs/2023-07-12_DEM.tif,2025-11-19T16:07:40.101329Z,4.10.dev245+g4144cef28,402_11,gray_frequencies,0,44.800000000000004
2023-07-12,DEM,../DSMs/2023-07-12_DEM.tif,2025-11-19T16:07:40.101329Z,4.10.dev245+g4144cef28,402_11,gray_frequencies,0,57.6
2023-07-12,DEM,../DSMs/2023-07-12_DEM.tif,2025-11-19T16:07:40.101329Z,4.10.dev245+g4144cef28,402_11,gray_frequencies,90,70.4
2023-07-12,DEM,../DSMs/2023-07-12_DEM.tif,2025-11-19T16:07:40.101329Z,4.10.dev245+g4144cef28,402_11,gray_frequencies,2965,83.20000000000002
2023-07-12,DEM,../DSMs/2023-07-12_DEM.tif,2025-11-19T16:07:40.101329Z,4.10.dev245+g4144cef28,402_11,gray_frequencies,2702,96.0
2023-07-12,DEM,../DSMs/2023-07-12_DEM.tif,2025-11-19T16:07:40.101329Z,4.10.dev245+g4144cef28,402_11,gray_frequencies,3328,108.80000000000001
2023-07-12,DEM,../DSMs/2023-07-12_DEM.tif,2025-11-19T16:07:40.101329Z,4.10.dev245+g4144cef28,402_11,gray_frequencies,1263,121.6
2023-07-12,DEM,../DSMs/2023-07-12_DEM.tif,2025-11-19T16:07:40.101329Z,4.10.dev245+g4144cef28,402_11,gray_frequencies,1555,134.4
2023-07-12,DEM,../DSMs/2023-07-12_DEM.tif,2025-11-19T16:07:40.101329Z,4.10.dev245+g4144cef28,402_11,gray_frequencies,2851,147.20000000000002
2023-07-12,DEM,../DSMs/2023-07-12_DEM.tif,2025-11-19T16:07:40.101329Z,4.10.dev245+g4144cef28,402_11,gray_frequencies,1039,160.0
2023-07-12,DEM,../DSMs/2023-07-12_DEM.tif,2025-11-19T16:07:40.101329Z,4.10.dev245+g4144cef28,402_11,gray_frequencies,23,172.8
2023-07-12,DEM,../DSMs/2023-07-12_DEM.tif,2025-11-19T16:07:40.101329Z,4.10.dev245+g4144cef28,402_11,gray_frequencies,0,185.60000000000002
2023-07-12,DEM,../DSMs/2023-07-12_DEM.tif,2025-11-19T16:07:40.101329Z,4.10.dev245+g4144cef28,402_11,gray_frequencies,0,198.4
2023-07-12,DEM,../DSMs/2023-07-12_DEM.tif,2025-11-19T16:07:40.101329Z,4.10.dev245+g4144cef28,402_11,gray_frequencies,0,211.20000000000002
2023-07-12,DEM,../DSMs/2023-07-12_DEM.tif,2025-11-19T16:07:40.101329Z,4.10.dev245+g4144cef28,402_11,gray_frequencies,0,224.0
2023-07-12,DEM,../DSMs/2023-07-12_DEM.tif,2025-11-19T16:07:40.101329Z,4.10.dev245+g4144cef28,402_11,gray_frequencies,0,236.8
2023-07-12,DEM,../DSMs/2023-07-12_DEM.tif,2025-11-19T16:07:40.101329Z,4.10.dev245+g4144cef28,402_11,gray_frequencies,0,249.60000000000002
2023-07-12,DEM,../DSMs/2023-07-12_DEM.tif,2025-11-19T16:07:40.101329Z,4.10.dev245+g4144cef28,102_12,gray_frequencies,0,6.4
2023-07-12,DEM,../DSMs/2023-07-12_DEM.tif,2025-11-19T16:07:40.101329Z,4.10.dev245+g4144cef28,102_12,gray_frequencies,0,19.200000000000003
2023-07-12,DEM,../DSMs/2023-07-12_DEM.tif,2025-11-19T16:07:40.101329Z,4.10.dev245+g4144cef28,102_12,gray_frequencies,0,32.0
2023-07-12,DEM,../DSMs/2023-07-12_DEM.tif,2025-11-19T16:07:40.101329Z,4.10.dev245+g4144cef28,102_12,gray_frequencies,0,44.800000000000004
2023-07-12,DEM,../DSMs/2023-07-12_DEM.tif,2025-11-19T16:07:40.101329Z,4.10.dev245+g4144cef28,102_12,gray_frequencies,0,57.6
2023-07-12,DEM,../DSMs/2023-07-12_DEM.tif,2025-11-19T16:07:40.101329Z,4.10.dev245+g4144cef28,102_12,gray_frequencies,362,70.4
2023-07-12,DEM,../DSMs/2023-07-12_DEM.tif,2025-11-19T16:07:40.101329Z,4.10.dev245+g4144cef28,102_12,gray_frequencies,3510,83.20000000000002
2023-07-12,DEM,../DSMs/2023-07-12_DEM.tif,2025-11-19T16:07:40.101329Z,4.10.dev245+g4144cef28,102_12,gray_frequencies,3372,96.0
2023-07-12,DEM,../DSMs/2023-07-12_DEM.tif,2025-11-19T16:07:40.101329Z,4.10.dev245+g4144cef28,102_12,gray_frequencies,2113,108.80000000000001
2023-07-12,DEM,../DSMs/2023-07-12_DEM.tif,2025-11-19T16:07:40.101329Z,4.10.dev245+g4144cef28,102_12,gray_frequencies,1851,121.6
2023-07-12,DEM,../DSMs/2023-07-12_DEM.tif,2025-11-19T16:07:40.101329Z,4.10.dev245+g4144cef28,102_12,gray_frequencies,2186,134.4
2023-07-12,DEM,../DSMs/2023-07-12_DEM.tif,2025-11-19T16:07:40.101329Z,4.10.dev245+g4144cef28,102_12,gray_frequencies,1945,147.20000000000002
2023-07-12,DEM,../DSMs/2023-07-12_DEM.tif,2025-11-19T16:07:40.101329Z,4.10.dev245+g4144cef28,102_12,gray_frequencies,1651,160.0
2023-07-12,DEM,../DSMs/2023-07-12_DEM.tif,2025-11-19T16:07:40.101329Z,4.10.dev245+g4144cef28,102_12,gray_frequencies,192,172.8
2023-07-12,DEM,../DSMs/2023-07-12_DEM.tif,2025-11-19T16:07:40.101329Z,4.10.dev245+g4144cef28,102_12,gray_frequencies,0,185.60000000000002
2023-07-12,DEM,../DSMs/2023-07-12_DEM.tif,2025-11-19T16:07:40.101329Z,4.10.dev245+g4144cef28,102_12,gray_frequencies,0,198.4
2023-07-12,DEM,../DSMs/2023-07-12_DEM.tif,2025-11-19T16:07:40.101329Z,4.10.dev245+g4144cef28,102_12,gray_frequencies,0,211.20000000000002
2023-07-12,DEM,../DSMs/2023-07-12_DEM.tif,2025-11-19T16:07:40.101329Z,4.10.dev245+g4144cef28,102_12,gray_frequencies,0,224.0
2023-07-12,DEM,../DSMs/2023-07-12_DEM.tif,2025-11-19T16:07:40.101329Z,4.10.dev245+g4144cef28,102_12,gray_frequencies,0,236.8
2023-07-12,DEM,../DSMs/2023-07-12_DEM.tif,2025-11-19T16:07:40.101329Z,4.10.dev245+g4144cef28,102_12,gray_frequencies,0,249.60000000000002
2023-07-12,DEM,../DSMs/2023-07-12_DEM.tif,2025-11-19T16:07:40.101329Z,4.10.dev245+g4144cef28,702_13,gray_frequencies,0,6.4
2023-07-12,DEM,../DSMs/2023-07-12_DEM.tif,2025-11-19T16:07:40.101329Z,4.10.dev245+g4144cef28,702_13,gray_frequencies,0,19.200000000000003
2023-07-12,DEM,../DSMs/2023-07-12_DEM.tif,2025-11-19T16:07:40.101329Z,4.10.dev245+g4144cef28,702_13,gray_frequencies,0,32.0
2023-07-12,DEM,../DSMs/2023-07-12_DEM.tif,2025-11-19T16:07:40.101329Z,4.10.dev245+g4144cef28,702_13,gray_frequencies,0,44.800000000000004
2023-07-12,DEM,../DSMs/2023-07-12_DEM.tif,2025-11-19T16:07:40.101329Z,4.10.dev245+g4144cef28,702_13,gray_frequencies,0,57.6
2023-07-12,DEM,../DSMs/2023-07-12_DEM.tif,2025-11-19T16:07:40.101329Z,4.10.dev245+g4144cef28,702_13,gray_frequencies,0,70.4
2023-07-12,DEM,../DSMs/2023-07-12_DEM.tif,2025-11-19T16:07:40.101329Z,4.10.dev245+g4144cef28,702_13,gray_frequencies,0,83.20000000000002
2023-07-12,DEM,../DSMs/2023-07-12_DEM.tif,2025-11-19T16:07:40.101329Z,4.10.dev245+g4144cef28,702_13,gray_frequencies,0,96.0
2023-07-12,DEM,../DSMs/2023-07-12_DEM.tif,2025-11-19T16:07:40.101329Z,4.10.dev245+g4144cef28,702_13,gray_frequencies,1162,108.80000000000001
2023-07-12,DEM,../DSMs/2023-07-12_DEM.tif,2025-11-19T16:07:40.101329Z,4.10.dev245+g4144cef28,702_13,gray_frequencies,1619,121.6
2023-07-12,DEM,../DSMs/2023-07-12_DEM.tif,2025-11-19T16:07:40.101329Z,4.10.dev245+g4144cef28,702_13,gray_frequencies,1210,134.4
2023-07-12,DEM,../DSMs/2023-07-12_DEM.tif,2025-11-19T16:07:40.101329Z,4.10.dev245+g4144cef28,702_13,gray_frequencies,1990,147.20000000000002
2023-07-12,DEM,../DSMs/2023-07-12_DEM.tif,2025-11-19T16:07:40.101329Z,4.10.dev245+g4144cef28,702_13,gray_frequencies,1784,160.0
2023-07-12,DEM,../DSMs/2023-07-12_DEM.tif,2025-11-19T16:07:40.101329Z,4.10.dev245+g4144cef28,702_13,gray_frequencies,4845,172.8
2023-07-12,DEM,../DSMs/2023-07-12_DEM.tif,2025-11-19T16:07:40.101329Z,4.10.dev245+g4144cef28,702_13,gray_frequencies,2596,185.60000000000002
2023-07-12,DEM,../DSMs/2023-07-12_DEM.tif,2025-11-19T16:07:40.101329Z,4.10.dev245+g4144cef28,702_13,gray_frequencies,66,198.4
2023-07-12,DEM,../DSMs/2023-07-12_DEM.tif,2025-11-19T16:07:40.101329Z,4.10.dev245+g4144cef28,702_13,gray_frequencies,0,211.20000000000002
2023-07-12,DEM,../DSMs/2023-07-12_DEM.tif,2025-11-19T16:07:40.101329Z,4.10.dev245+g4144cef28,702_13,gray_frequencies,0,224.0
2023-07-12,DEM,../DSMs/2023-07-12_DEM.tif,2025-11-19T16:07:40.101329Z,4.10.dev245+g4144cef28,702_13,gray_frequencies,0,236.8
2023-07-12,DEM,../DSMs/2023-07-12_DEM.tif,2025-11-19T16:07:40.101329Z,4.10.dev245+g4144cef28,702_13,gray_frequencies,0,249.60000000000002
2023-07-12,DEM,../DSMs/2023-07-12_DEM.tif,2025-11-19T16:07:40.101329Z,4.10.dev245+g4144cef28,202_14,gray_frequencies,0,6.4
2023-07-12,DEM,../DSMs/2023-07-12_DEM.tif,2025-11-19T16:07:40.101329Z,4.10.dev245+g4144cef28,202_14,gray_frequencies,0,19.200000000000003
2023-07-12,DEM,../DSMs/2023-07-12_DEM.tif,2025-11-19T16:07:40.101329Z,4.10.dev245+g4144cef28,202_14,gray_frequencies,0,32.0
2023-07-12,DEM,../DSMs/2023-07-12_DEM.tif,2025-11-19T16:07:40.101329Z,4.10.dev245+g4144cef28,202_14,gray_frequencies,0,44.800000000000004
2023-07-12,DEM,../DSMs/2023-07-12_DEM.tif,2025-11-19T16:07:40.101329Z,4.10.dev245+g4144cef28,202_14,gray_frequencies,0,57.6
2023-07-12,DEM,../DSMs/2023-07-12_DEM.tif,2025-11-19T16:07:40.101329Z,4.10.dev245+g4144cef28,202_14,gray_frequencies,0,70.4
2023-07-12,DEM,../DSMs/2023-07-12_DEM.tif,2025-11-19T16:07:40.101329Z,4.10.dev245+g4144cef28,202_14,gray_frequencies,0,83.20000000000002
2023-07-12,DEM,../DSMs/2023-07-12_DEM.tif,2025-11-19T16:07:40.101329Z,4.10.dev245+g4144cef28,202_14,gray_frequencies,0,96.0
2023-07-12,DEM,../DSMs/2023-07-12_DEM.tif,2025-11-19T16:07:40.101329Z,4.10.dev245+g4144cef28,202_14,gray_frequencies,2820,108.80000000000001
2023-07-12,DEM,../DSMs/2023-07-12_DEM.tif,2025-11-19T16:07:40.101329Z,4.10.dev245+g4144cef28,202_14,gray_frequencies,1801,121.6
2023-07-12,DEM,../DSMs/2023-07-12_DEM.tif,2025-11-19T16:07:40.101329Z,4.10.dev245+g4144cef28,202_14,gray_frequencies,2298,134.4
2023-07-12,DEM,../DSMs/2023-07-12_DEM.tif,2025-11-19T16:07:40.101329Z,4.10.dev245+g4144cef28,202_14,gray_frequencies,1503,147.20000000000002
2023-07-12,DEM,../DSMs/2023-07-12_DEM.tif,2025-11-19T16:07:40.101329Z,4.10.dev245+g4144cef28,202_14,gray_frequencies,1459,160.0
2023-07-12,DEM,../DSMs/2023-07-12_DEM.tif,2025-11-19T16:07:40.101329Z,4.10.dev245+g4144cef28,202_14,gray_frequencies,3511,172.8
2023-07-12,DEM,../DSMs/2023-07-12_DEM.tif,2025-11-19T16:07:40.101329Z,4.10.dev245+g4144cef28,202_14,gray_frequencies,2858,185.60000000000002
2023-07-12,DEM,../DSMs/2023-07-12_DEM.tif,2025-11-19T16:07:40.101329Z,4.10.dev245+g4144cef28,202_14,gray_frequencies,237,198.4
2023-07-12,DEM,../DSMs/2023-07-12_DEM.tif,2025-11-19T16:07:40.101329Z,4.10.dev245+g4144cef28,202_14,gray_frequencies,0,211.20000000000002
2023-07-12,DEM,../DSMs/2023-07-12_DEM.tif,2025-11-19T16:07:40.101329Z,4.10.dev245+g4144cef28,202_14,gray_frequencies,0,224.0
2023-07-12,DEM,../DSMs/2023-07-12_DEM.tif,2025-11-19T16:07:40.101329Z,4.10.dev245+g4144cef28,202_14,gray_frequencies,0,236.8
2023-07-12,DEM,../DSMs/2023-07-12_DEM.tif,2025-11-19T16:07:40.101329Z,4.10.dev245+g4144cef28,202_14,gray_frequencies,0,249.60000000000002
2023-07-12,DEM,../DSMs/2023-07-12_DEM.tif,2025-11-19T16:07:40.101329Z,4.10.dev245+g4144cef28,602_15,gray_frequencies,0,6.4
2023-07-12,DEM,../DSMs/2023-07-12_DEM.tif,2025-11-19T16:07:40.101329Z,4.10.dev245+g4144cef28,602_15,gray_frequencies,0,19.200000000000003
2023-07-12,DEM,../DSMs/2023-07-12_DEM.tif,2025-11-19T16:07:40.101329Z,4.10.dev245+g4144cef28,602_15,gray_frequencies,0,32.0
2023-07-12,DEM,../DSMs/2023-07-12_DEM.tif,2025-11-19T16:07:40.101329Z,4.10.dev245+g4144cef28,602_15,gray_frequencies,0,44.800000000000004
2023-07-12,DEM,../DSMs/2023-07-12_DEM.tif,2025-11-19T16:07:40.101329Z,4.10.dev245+g4144cef28,602_15,gray_frequencies,0,57.6
2023-07-12,DEM,../DSMs/2023-07-12_DEM.tif,2025-11-19T16:07:40.101329Z,4.10.dev245+g4144cef28,602_15,gray_frequencies,0,70.4
2023-07-12,DEM,../DSMs/2023-07-12_DEM.tif,2025-11-19T16:07:40.101329Z,4.10.dev245+g4144cef28,602_15,gray_frequencies,0,83.20000000000002
2023-07-12,DEM,../DSMs/2023-07-12_DEM.tif,2025-11-19T16:07:40.101329Z,4.10.dev245+g4144cef28,602_15,gray_frequencies,124,96.0
2023-07-12,DEM,../DSMs/2023-07-12_DEM.tif,2025-11-19T16:07:40.101329Z,4.10.dev245+g4144cef28,602_15,gray_frequencies,2572,108.80000000000001
2023-07-12,DEM,../DSMs/2023-07-12_DEM.tif,2025-11-19T16:07:40.101329Z,4.10.dev245+g4144cef28,602_15,gray_frequencies,1991,121.6
2023-07-12,DEM,../DSMs/2023-07-12_DEM.tif,2025-11-19T16:07:40.101329Z,4.10.dev245+g4144cef28,602_15,gray_frequencies,1711,134.4
2023-07-12,DEM,../DSMs/2023-07-12_DEM.tif,2025-11-19T16:07:40.101329Z,4.10.dev245+g4144cef28,602_15,gray_frequencies,969,147.20000000000002
2023-07-12,DEM,../DSMs/2023-07-12_DEM.tif,2025-11-19T16:07:40.101329Z,4.10.dev245+g4144cef28,602_15,gray_frequencies,1460,160.0
2023-07-12,DEM,../DSMs/2023-07-12_DEM.tif,2025-11-19T16:07:40.101329Z,4.10.dev245+g4144cef28,602_15,gray_frequencies,2975,172.8
2023-07-12,DEM,../DSMs/2023-07-12_DEM.tif,2025-11-19T16:07:40.101329Z,4.10.dev245+g4144cef28,602_15,gray_frequencies,2684,185.60000000000002
2023-07-12,DEM,../DSMs/2023-07-12_DEM.tif,2025-11-19T16:07:40.101329Z,4.10.dev245+g4144cef28,602_15,gray_frequencies,235,198.4
2023-07-12,DEM,../DSMs/2023-07-12_DEM.tif,2025-11-19T16:07:40.101329Z,4.10.dev245+g4144cef28,602_15,gray_frequencies,0,211.20000000000002
2023-07-12,DEM,../DSMs/2023-07-12_DEM.tif,2025-11-19T16:07:40.101329Z,4.10.dev245+g4144cef28,602_15,gray_frequencies,0,224.0
2023-07-12,DEM,../DSMs/2023-07-12_DEM.tif,2025-11-19T16:07:40.101329Z,4.10.dev245+g4144cef28,602_15,gray_frequencies,0,236.8
2023-07-12,DEM,../DSMs/2023-07-12_DEM.tif,2025-11-19T16:07:40.101329Z,4.10.dev245+g4144cef28,602_15,gray_frequencies,0,249.60000000000002
2023-07-12,DEM,../DSMs/2023-07-12_DEM.tif,2025-11-19T16:07:40.101329Z,4.10.dev245+g4144cef28,802_16,gray_frequencies,0,6.4
2023-07-12,DEM,../DSMs/2023-07-12_DEM.tif,2025-11-19T16:07:40.101329Z,4.10.dev245+g4144cef28,802_16,gray_frequencies,0,19.200000000000003
2023-07-12,DEM,../DSMs/2023-07-12_DEM.tif,2025-11-19T16:07:40.101329Z,4.10.dev245+g4144cef28,802_16,gray_frequencies,0,32.0
2023-07-12,DEM,../DSMs/2023-07-12_DEM.tif,2025-11-19T16:07:40.101329Z,4.10.dev245+g4144cef28,802_16,gray_frequencies,0,44.800000000000004
2023-07-12,DEM,../DSMs/2023-07-12_DEM.tif,2025-11-19T16:07:40.101329Z,4.10.dev245+g4144cef28,802_16,gray_frequencies,0,57.6
2023-07-12,DEM,../DSMs/2023-07-12_DEM.tif,2025-11-19T16:07:40.101329Z,4.10.dev245+g4144cef28,802_16,gray_frequencies,0,70.4
2023-07-12,DEM,../DSMs/2023-07-12_DEM.tif,2025-11-19T16:07:40.101329Z,4.10.dev245+g4144cef28,802_16,gray_frequencies,0,83.20000000000002
2023-07-12,DEM,../DSMs/2023-07-12_DEM.tif,2025-11-19T16:07:40.101329Z,4.10.dev245+g4144cef28,802_16,gray_frequencies,0,96.0
2023-07-12,DEM,../DSMs/2023-07-12_DEM.tif,2025-11-19T16:07:40.101329Z,4.10.dev245+g4144cef28,802_16,gray_frequencies,0,108.80000000000001
2023-07-12,DEM,../DSMs/2023-07-12_DEM.tif,2025-11-19T16:07:40.101329Z,4.10.dev245+g4144cef28,802_16,gray_frequencies,0,121.6
2023-07-12,DEM,../DSMs/2023-07-12_DEM.tif,2025-11-19T16:07:40.101329Z,4.10.dev245+g4144cef28,802_16,gray_frequencies,0,134.4
2023-07-12,DEM,../DSMs/2023-07-12_DEM.tif,2025-11-19T16:07:40.101329Z,4.10.dev245+g4144cef28,802_16,gray_frequencies,2224,147.20000000000002
2023-07-12,DEM,../DSMs/2023-07-12_DEM.tif,2025-11-19T16:07:40.101329Z,4.10.dev245+g4144cef28,802_16,gray_frequencies,2572,160.0
2023-07-12,DEM,../DSMs/2023-07-12_DEM.tif,2025-11-19T16:07:40.101329Z,4.10.dev245+g4144cef28,802_16,gray_frequencies,4741,172.8
2023-07-12,DEM,../DSMs/2023-07-12_DEM.tif,2025-11-19T16:07:40.101329Z,4.10.dev245+g4144cef28,802_16,gray_frequencies,3125,185.60000000000002
2023-07-12,DEM,../DSMs/2023-07-12_DEM.tif,2025-11-19T16:07:40.101329Z,4.10.dev245+g4144cef28,802_16,gray_frequencies,2909,198.4
2023-07-12,DEM,../DSMs/2023-07-12_DEM.tif,2025-11-19T16:07:40.101329Z,4.10.dev245+g4144cef28,802_16,gray_frequencies,609,211.20000000000002
2023-07-12,DEM,../DSMs/2023-07-12_DEM.tif,2025-11-19T16:07:40.101329Z,4.10.dev245+g4144cef28,802_16,gray_frequencies,0,224.0
2023-07-12,DEM,../DSMs/2023-07-12_DEM.tif,2025-11-19T16:07:40.101329Z,4.10.dev245+g4144cef28,802_16,gray_frequencies,0,236.8
2023-07-12,DEM,../DSMs/2023-07-12_DEM.tif,2025-11-19T16:07:40.101329Z,4.10.dev245+g4144cef28,802_16,gray_frequencies,0,249.60000000000002
2023-07-12,DEM,../DSMs/2023-07-12_DEM.tif,2025-11-19T16:07:40.101329Z,4.10.dev245+g4144cef28,302_17,gray_frequencies,0,6.4
2023-07-12,DEM,../DSMs/2023-07-12_DEM.tif,2025-11-19T16:07:40.101329Z,4.10.dev245+g4144cef28,302_17,gray_frequencies,0,19.200000000000003
2023-07-12,DEM,../DSMs/2023-07-12_DEM.tif,2025-11-19T16:07:40.101329Z,4.10.dev245+g4144cef28,302_17,gray_frequencies,0,32.0
2023-07-12,DEM,../DSMs/2023-07-12_DEM.tif,2025-11-19T16:07:40.101329Z,4.10.dev245+g4144cef28,302_17,gray_frequencies,0,44.800000000000004
2023-07-12,DEM,../DSMs/2023-07-12_DEM.tif,2025-11-19T16:07:40.101329Z,4.10.dev245+g4144cef28,302_17,gray_frequencies,0,57.6
2023-07-12,DEM,../DSMs/2023-07-12_DEM.tif,2025-11-19T16:07:40.101329Z,4.10.dev245+g4144cef28,302_17,gray_frequencies,0,70.4
2023-07-12,DEM,../DSMs/2023-07-12_DEM.tif,2025-11-19T16:07:40.101329Z,4.10.dev245+g4144cef28,302_17,gray_frequencies,0,83.20000000000002
2023-07-12,DEM,../DSMs/2023-07-12_DEM.tif,2025-11-19T16:07:40.101329Z,4.10.dev245+g4144cef28,302_17,gray_frequencies,0,96.0
2023-07-12,DEM,../DSMs/2023-07-12_DEM.tif,2025-11-19T16:07:40.101329Z,4.10.dev245+g4144cef28,302_17,gray_frequencies,0,108.80000000000001
2023-07-12,DEM,../DSMs/2023-07-12_DEM.tif,2025-11-19T16:07:40.101329Z,4.10.dev245+g4144cef28,302_17,gray_frequencies,0,121.6
2023-07-12,DEM,../DSMs/2023-07-12_DEM.tif,2025-11-19T16:07:40.101329Z,4.10.dev245+g4144cef28,302_17,gray_frequencies,576,134.4
2023-07-12,DEM,../DSMs/2023-07-12_DEM.tif,2025-11-19T16:07:40.101329Z,4.10.dev245+g4144cef28,302_17,gray_frequencies,3149,147.20000000000002
2023-07-12,DEM,../DSMs/2023-07-12_DEM.tif,2025-11-19T16:07:40.101329Z,4.10.dev245+g4144cef28,302_17,gray_frequencies,2455,160.0
2023-07-12,DEM,../DSMs/2023-07-12_DEM.tif,2025-11-19T16:07:40.101329Z,4.10.dev245+g4144cef28,302_17,gray_frequencies,1836,172.8
2023-07-12,DEM,../DSMs/2023-07-12_DEM.tif,2025-11-19T16:07:40.101329Z,4.10.dev245+g4144cef28,302_17,gray_frequencies,779,185.60000000000002
2023-07-12,DEM,../DSMs/2023-07-12_DEM.tif,2025-11-19T16:07:40.101329Z,4.10.dev245+g4144cef28,302_17,gray_frequencies,1184,198.4
2023-07-12,DEM,../DSMs/2023-07-12_DEM.tif,2025-11-19T16:07:40.101329Z,4.10.dev245+g4144cef28,302_17,gray_frequencies,2267,211.20000000000002
2023-07-12,DEM,../DSMs/2023-07-12_DEM.tif,2025-11-19T16:07:40.101329Z,4.10.dev245+g4144cef28,302_17,gray_frequencies,3469,224.0
2023-07-12,DEM,../DSMs/2023-07-12_DEM.tif,2025-11-19T16:07:40.101329Z,4.10.dev245+g4144cef28,302_17,gray_frequencies,1455,236.8
2023-07-12,DEM,../DSMs/2023-07-12_DEM.tif,2025-11-19T16:07:40.101329Z,4.10.dev245+g4144cef28,302_17,gray_frequencies,12,249.60000000000002
2023-07-12,DEM,../DSMs/2023-07-12_DEM.tif,2025-11-19T16:07:40.101329Z,4.10.dev245+g4144cef28,902_18,gray_frequencies,0,6.4
2023-07-12,DEM,../DSMs/2023-07-12_DEM.tif,2025-11-19T16:07:40.101329Z,4.10.dev245+g4144cef28,902_18,gray_frequencies,0,19.200000000000003
2023-07-12,DEM,../DSMs/2023-07-12_DEM.tif,2025-11-19T16:07:40.101329Z,4.10.dev245+g4144cef28,902_18,gray_frequencies,0,32.0
2023-07-12,DEM,../DSMs/2023-07-12_DEM.tif,2025-11-19T16:07:40.101329Z,4.10.dev245+g4144cef28,902_18,gray_frequencies,0,44.800000000000004
2023-07-12,DEM,../DSMs/2023-07-12_DEM.tif,2025-11-19T16:07:40.101329Z,4.10.dev245+g4144cef28,902_18,gray_frequencies,0,57.6
2023-07-12,DEM,../DSMs/2023-07-12_DEM.tif,2025-11-19T16:07:40.101329Z,4.10.dev245+g4144cef28,902_18,gray_frequencies,0,70.4
2023-07-12,DEM,../DSMs/2023-07-12_DEM.tif,2025-11-19T16:07:40.101329Z,4.10.dev245+g4144cef28,902_18,gray_frequencies,0,83.20000000000002
2023-07-12,DEM,../DSMs/2023-07-12_DEM.tif,2025-11-19T16:07:40.101329Z,4.10.dev245+g4144cef28,902_18,gray_frequencies,0,96.0
2023-07-12,DEM,../DSMs/2023-07-12_DEM.tif,2025-11-19T16:07:40.101329Z,4.10.dev245+g4144cef28,902_18,gray_frequencies,0,108.80000000000001
2023-07-12,DEM,../DSMs/2023-07-12_DEM.tif,2025-11-19T16:07:40.101329Z,4.10.dev245+g4144cef28,902_18,gray_frequencies,5,121.6
2023-07-12,DEM,../DSMs/2023-07-12_DEM.tif,2025-11-19T16:07:40.101329Z,4.10.dev245+g4144cef28,902_18,gray_frequencies,2814,134.4
2023-07-12,DEM,../DSMs/2023-07-12_DEM.tif,2025-11-19T16:07:40.101329Z,4.10.dev245+g4144cef28,902_18,gray_frequencies,1718,147.20000000000002
2023-07-12,DEM,../DSMs/2023-07-12_DEM.tif,2025-11-19T16:07:40.101329Z,4.10.dev245+g4144cef28,902_18,gray_frequencies,2343,160.0
2023-07-12,DEM,../DSMs/2023-07-12_DEM.tif,2025-11-19T16:07:40.101329Z,4.10.dev245+g4144cef28,902_18,gray_frequencies,850,172.8
2023-07-12,DEM,../DSMs/2023-07-12_DEM.tif,2025-11-19T16:07:40.101329Z,4.10.dev245+g4144cef28,902_18,gray_frequencies,914,185.60000000000002
2023-07-12,DEM,../DSMs/2023-07-12_DEM.tif,2025-11-19T16:07:40.101329Z,4.10.dev245+g4144cef28,902_18,gray_frequencies,1274,198.4
2023-07-12,DEM,../DSMs/2023-07-12_DEM.tif,2025-11-19T16:07:40.101329Z,4.10.dev245+g4144cef28,902_18,gray_frequencies,2074,211.20000000000002
2023-07-12,DEM,../DSMs/2023-07-12_DEM.tif,2025-11-19T16:07:40.101329Z,4.10.dev245+g4144cef28,902_18,gray_frequencies,3653,224.0
2023-07-12,DEM,../DSMs/2023-07-12_DEM.tif,2025-11-19T16:07:40.101329Z,4.10.dev245+g4144cef28,902_18,gray_frequencies,939,236.8
2023-07-12,DEM,../DSMs/2023-07-12_DEM.tif,2025-11-19T16:07:40.101329Z,4.10.dev245+g4144cef28,902_18,gray_frequencies,4,249.60000000000002
2023-07-12,DEM,../DSMs/2023-07-12_DEM.tif,2025-11-19T16:07:40.101329Z,4.10.dev245+g4144cef28,703_19,gray_frequencies,0,6.4
2023-07-12,DEM,../DSMs/2023-07-12_DEM.tif,2025-11-19T16:07:40.101329Z,4.10.dev245+g4144cef28,703_19,gray_frequencies,0,19.200000000000003
2023-07-12,DEM,../DSMs/2023-07-12_DEM.tif,2025-11-19T16:07:40.101329Z,4.10.dev245+g4144cef28,703_19,gray_frequencies,0,32.0
2023-07-12,DEM,../DSMs/2023-07-12_DEM.tif,2025-11-19T16:07:40.101329Z,4.10.dev245+g4144cef28,703_19,gray_frequencies,0,44.800000000000004
2023-07-12,DEM,../DSMs/2023-07-12_DEM.tif,2025-11-19T16:07:40.101329Z,4.10.dev245+g4144cef28,703_19,gray_frequencies,0,57.6
2023-07-12,DEM,../DSMs/2023-07-12_DEM.tif,2025-11-19T16:07:40.101329Z,4.10.dev245+g4144cef28,703_19,gray_frequencies,639,70.4
2023-07-12,DEM,../DSMs/2023-07-12_DEM.tif,2025-11-19T16:07:40.101329Z,4.10.dev245+g4144cef28,703_19,gray_frequencies,2501,83.20000000000002
2023-07-12,DEM,../DSMs/2023-07-12_DEM.tif,2025-11-19T16:07:40.101329Z,4.10.dev245+g4144cef28,703_19,gray_frequencies,4186,96.0
2023-07-12,DEM,../DSMs/2023-07-12_DEM.tif,2025-11-19T16:07:40.101329Z,4.10.dev245+g4144cef28,703_19,gray_frequencies,1037,108.80000000000001
2023-07-12,DEM,../DSMs/2023-07-12_DEM.tif,2025-11-19T16:07:40.101329Z,4.10.dev245+g4144cef28,703_19,gray_frequencies,2643,121.6
2023-07-12,DEM,../DSMs/2023-07-12_DEM.tif,2025-11-19T16:07:40.101329Z,4.10.dev245+g4144cef28,703_19,gray_frequencies,4678,134.4
2023-07-12,DEM,../DSMs/2023-07-12_DEM.tif,2025-11-19T16:07:40.101329Z,4.10.dev245+g4144cef28,703_19,gray_frequencies,651,147.20000000000002
2023-07-12,DEM,../DSMs/2023-07-12_DEM.tif,2025-11-19T16:07:40.101329Z,4.10.dev245+g4144cef28,703_19,gray_frequencies,0,160.0
2023-07-12,DEM,../DSMs/2023-07-12_DEM.tif,2025-11-19T16:07:40.101329Z,4.10.dev245+g4144cef28,703_19,gray_frequencies,0,172.8
2023-07-12,DEM,../DSMs/2023-07-12_DEM.tif,2025-11-19T16:07:40.101329Z,4.10.dev245+g4144cef28,703_19,gray_frequencies,0,185.60000000000002
2023-07-12,DEM,../DSMs/2023-07-12_DEM.tif,2025-11-19T16:07:40.101329Z,4.10.dev245+g4144cef28,703_19,gray_frequencies,0,198.4
2023-07-12,DEM,../DSMs/2023-07-12_DEM.tif,2025-11-19T16:07:40.101329Z,4.10.dev245+g4144cef28,703_19,gray_frequencies,0,211.20000000000002
2023-07-12,DEM,../DSMs/2023-07-12_DEM.tif,2025-11-19T16:07:40.101329Z,4.10.dev245+g4144cef28,703_19,gray_frequencies,0,224.0
2023-07-12,DEM,../DSMs/2023-07-12_DEM.tif,2025-11-19T16:07:40.101329Z,4.10.dev245+g4144cef28,703_19,gray_frequencies,0,236.8
2023-07-12,DEM,../DSMs/2023-07-12_DEM.tif,2025-11-19T16:07:40.101329Z,4.10.dev245+g4144cef28,703_19,gray_frequencies,0,249.60000000000002
2023-07-12,DEM,../DSMs/2023-07-12_DEM.tif,2025-11-19T16:07:40.101329Z,4.10.dev245+g4144cef28,103_20,gray_frequencies,0,6.4
2023-07-12,DEM,../DSMs/2023-07-12_DEM.tif,2025-11-19T16:07:40.101329Z,4.10.dev245+g4144cef28,103_20,gray_frequencies,0,19.200000000000003
2023-07-12,DEM,../DSMs/2023-07-12_DEM.tif,2025-11-19T16:07:40.101329Z,4.10.dev245+g4144cef28,103_20,gray_frequencies,0,32.0
2023-07-12,DEM,../DSMs/2023-07-12_DEM.tif,2025-11-19T16:07:40.101329Z,4.10.dev245+g4144cef28,103_20,gray_frequencies,0,44.800000000000004
2023-07-12,DEM,../DSMs/2023-07-12_DEM.tif,2025-11-19T16:07:40.101329Z,4.10.dev245+g4144cef28,103_20,gray_frequencies,0,57.6
2023-07-12,DEM,../DSMs/2023-07-12_DEM.tif,2025-11-19T16:07:40.101329Z,4.10.dev245+g4144cef28,103_20,gray_frequencies,404,70.4
2023-07-12,DEM,../DSMs/2023-07-12_DEM.tif,2025-11-19T16:07:40.101329Z,4.10.dev245+g4144cef28,103_20,gray_frequencies,3943,83.20000000000002
2023-07-12,DEM,../DSMs/2023-07-12_DEM.tif,2025-11-19T16:07:40.101329Z,4.10.dev245+g4144cef28,103_20,gray_frequencies,3149,96.0
2023-07-12,DEM,../DSMs/2023-07-12_DEM.tif,2025-11-19T16:07:40.101329Z,4.10.dev245+g4144cef28,103_20,gray_frequencies,810,108.80000000000001
2023-07-12,DEM,../DSMs/2023-07-12_DEM.tif,2025-11-19T16:07:40.101329Z,4.10.dev245+g4144cef28,103_20,gray_frequencies,761,121.6
2023-07-12,DEM,../DSMs/2023-07-12_DEM.tif,2025-11-19T16:07:40.101329Z,4.10.dev245+g4144cef28,103_20,gray_frequencies,1449,134.4
2023-07-12,DEM,../DSMs/2023-07-12_DEM.tif,2025-11-19T16:07:40.101329Z,4.10.dev245+g4144cef28,103_20,gray_frequencies,2801,147.20000000000002
2023-07-12,DEM,../DSMs/2023-07-12_DEM.tif,2025-11-19T16:07:40.101329Z,4.10.dev245+g4144cef28,103_20,gray_frequencies,2632,160.0
2023-07-12,DEM,../DSMs/2023-07-12_DEM.tif,2025-11-19T16:07:40.101329Z,4.10.dev245+g4144cef28,103_20,gray_frequencies,1005,172.8
2023-07-12,DEM,../DSMs/2023-07-12_DEM.tif,2025-11-19T16:07:40.101329Z,4.10.dev245+g4144cef28,103_20,gray_frequencies,0,185.60000000000002
2023-07-12,DEM,../DSMs/2023-07-12_DEM.tif,2025-11-19T16:07:40.101329Z,4.10.dev245+g4144cef28,103_20,gray_frequencies,0,198.4
2023-07-12,DEM,../DSMs/2023-07-12_DEM.tif,2025-11-19T16:07:40.101329Z,4.10.dev245+g4144cef28,103_20,gray_frequencies,0,211.20000000000002
2023-07-12,DEM,../DSMs/2023-07-12_DEM.tif,2025-11-19T16:07:40.101329Z,4.10.dev245+g4144cef28,103_20,gray_frequencies,0,224.0
2023-07-12,DEM,../DSMs/2023-07-12_DEM.tif,2025-11-19T16:07:40.101329Z,4.10.dev245+g4144cef28,103_20,gray_frequencies,0,236.8
2023-07-12,DEM,../DSMs/2023-07-12_DEM.tif,2025-11-19T16:07:40.101329Z,4.10.dev245+g4144cef28,103_20,gray_frequencies,0,249.60000000000002
2023-07-12,DEM,../DSMs/2023-07-12_DEM.tif,2025-11-19T16:07:40.101329Z,4.10.dev245+g4144cef28,203_21,gray_frequencies,0,6.4
2023-07-12,DEM,../DSMs/2023-07-12_DEM.tif,2025-11-19T16:07:40.101329Z,4.10.dev245+g4144cef28,203_21,gray_frequencies,0,19.200000000000003
2023-07-12,DEM,../DSMs/2023-07-12_DEM.tif,2025-11-19T16:07:40.101329Z,4.10.dev245+g4144cef28,203_21,gray_frequencies,0,32.0
2023-07-12,DEM,../DSMs/2023-07-12_DEM.tif,2025-11-19T16:07:40.101329Z,4.10.dev245+g4144cef28,203_21,gray_frequencies,0,44.800000000000004
2023-07-12,DEM,../DSMs/2023-07-12_DEM.tif,2025-11-19T16:07:40.101329Z,4.10.dev245+g4144cef28,203_21,gray_frequencies,237,57.6
2023-07-12,DEM,../DSMs/2023-07-12_DEM.tif,2025-11-19T16:07:40.101329Z,4.10.dev245+g4144cef28,203_21,gray_frequencies,2848,70.4
2023-07-12,DEM,../DSMs/2023-07-12_DEM.tif,2025-11-19T16:07:40.101329Z,4.10.dev245+g4144cef28,203_21,gray_frequencies,2475,83.20000000000002
2023-07-12,DEM,../DSMs/2023-07-12_DEM.tif,2025-11-19T16:07:40.101329Z,4.10.dev245+g4144cef28,203_21,gray_frequencies,2221,96.0
2023-07-12,DEM,../DSMs/2023-07-12_DEM.tif,2025-11-19T16:07:40.101329Z,4.10.dev245+g4144cef28,203_21,gray_frequencies,1899,108.80000000000001
2023-07-12,DEM,../DSMs/2023-07-12_DEM.tif,2025-11-19T16:07:40.101329Z,4.10.dev245+g4144cef28,203_21,gray_frequencies,2633,121.6
2023-07-12,DEM,../DSMs/2023-07-12_DEM.tif,2025-11-19T16:07:40.101329Z,4.10.dev245+g4144cef28,203_21,gray_frequencies,3312,134.4
2023-07-12,DEM,../DSMs/2023-07-12_DEM.tif,2025-11-19T16:07:40.101329Z,4.10.dev245+g4144cef28,203_21,gray_frequencies,34,147.20000000000002
2023-07-12,DEM,../DSMs/2023-07-12_DEM.tif,2025-11-19T16:07:40.101329Z,4.10.dev245+g4144cef28,203_21,gray_frequencies,0,160.0
2023-07-12,DEM,../DSMs/2023-07-12_DEM.tif,2025-11-19T16:07:40.101329Z,4.10.dev245+g4144cef28,203_21,gray_frequencies,0,172.8
2023-07-12,DEM,../DSMs/2023-07-12_DEM.tif,2025-11-19T16:07:40.101329Z,4.10.dev245+g4144cef28,203_21,gray_frequencies,0,185.60000000000002
2023-07-12,DEM,../DSMs/2023-07-12_DEM.tif,2025-11-19T16:07:40.101329Z,4.10.dev245+g4144cef28,203_21,gray_frequencies,0,198.4
2023-07-12,DEM,../DSMs/2023-07-12_DEM.tif,2025-11-19T16:07:40.101329Z,4.10.dev245+g4144cef28,203_21,gray_frequencies,0,211.20000000000002
2023-07-12,DEM,../DSMs/2023-07-12_DEM.tif,2025-11-19T16:07:40.101329Z,4.10.dev245+g4144cef28,203_21,gray_frequencies,0,224.0
2023-07-12,DEM,../DSMs/2023-07-12_DEM.tif,2025-11-19T16:07:40.101329Z,4.10.dev245+g4144cef28,203_21,gray_frequencies,0,236.8
2023-07-12,DEM,../DSMs/2023-07-12_DEM.tif,2025-11-19T16:07:40.101329Z,4.10.dev245+g4144cef28,203_21,gray_frequencies,0,249.60000000000002
2023-07-12,DEM,../DSMs/2023-07-12_DEM.tif,2025-11-19T16:07:40.101329Z,4.10.dev245+g4144cef28,803_22,gray_frequencies,0,6.4
2023-07-12,DEM,../DSMs/2023-07-12_DEM.tif,2025-11-19T16:07:40.101329Z,4.10.dev245+g4144cef28,803_22,gray_frequencies,0,19.200000000000003
2023-07-12,DEM,../DSMs/2023-07-12_DEM.tif,2025-11-19T16:07:40.101329Z,4.10.dev245+g4144cef28,803_22,gray_frequencies,0,32.0
2023-07-12,DEM,../DSMs/2023-07-12_DEM.tif,2025-11-19T16:07:40.101329Z,4.10.dev245+g4144cef28,803_22,gray_frequencies,0,44.800000000000004
2023-07-12,DEM,../DSMs/2023-07-12_DEM.tif,2025-11-19T16:07:40.101329Z,4.10.dev245+g4144cef28,803_22,gray_frequencies,0,57.6
2023-07-12,DEM,../DSMs/2023-07-12_DEM.tif,2025-11-19T16:07:40.101329Z,4.10.dev245+g4144cef28,803_22,gray_frequencies,0,70.4
2023-07-12,DEM,../DSMs/2023-07-12_DEM.tif,2025-11-19T16:07:40.101329Z,4.10.dev245+g4144cef28,803_22,gray_frequencies,0,83.20000000000002
2023-07-12,DEM,../DSMs/2023-07-12_DEM.tif,2025-11-19T16:07:40.101329Z,4.10.dev245+g4144cef28,803_22,gray_frequencies,838,96.0
2023-07-12,DEM,../DSMs/2023-07-12_DEM.tif,2025-11-19T16:07:40.101329Z,4.10.dev245+g4144cef28,803_22,gray_frequencies,2124,108.80000000000001
2023-07-12,DEM,../DSMs/2023-07-12_DEM.tif,2025-11-19T16:07:40.101329Z,4.10.dev245+g4144cef28,803_22,gray_frequencies,2005,121.6
2023-07-12,DEM,../DSMs/2023-07-12_DEM.tif,2025-11-19T16:07:40.101329Z,4.10.dev245+g4144cef28,803_22,gray_frequencies,1154,134.4
2023-07-12,DEM,../DSMs/2023-07-12_DEM.tif,2025-11-19T16:07:40.101329Z,4.10.dev245+g4144cef28,803_22,gray_frequencies,1301,147.20000000000002
2023-07-12,DEM,../DSMs/2023-07-12_DEM.tif,2025-11-19T16:07:40.101329Z,4.10.dev245+g4144cef28,803_22,gray_frequencies,5316,160.0
2023-07-12,DEM,../DSMs/2023-07-12_DEM.tif,2025-11-19T16:07:40.101329Z,4.10.dev245+g4144cef28,803_22,gray_frequencies,1967,172.8
2023-07-12,DEM,../DSMs/2023-07-12_DEM.tif,2025-11-19T16:07:40.101329Z,4.10.dev245+g4144cef28,803_22,gray_frequencies,0,185.60000000000002
2023-07-12,DEM,../DSMs/2023-07-12_DEM.tif,2025-11-19T16:07:40.101329Z,4.10.dev245+g4144cef28,803_22,gray_frequencies,0,198.4
2023-07-12,DEM,../DSMs/2023-07-12_DEM.tif,2025-11-19T16:07:40.101329Z,4.10.dev245+g4144cef28,803_22,gray_frequencies,0,211.20000000000002
2023-07-12,DEM,../DSMs/2023-07-12_DEM.tif,2025-11-19T16:07:40.101329Z,4.10.dev245+g4144cef28,803_22,gray_frequencies,0,224.0
2023-07-12,DEM,../DSMs/2023-07-12_DEM.tif,2025-11-19T16:07:40.101329Z,4.10.dev245+g4144cef28,803_22,gray_frequencies,0,236.8
2023-07-12,DEM,../DSMs/2023-07-12_DEM.tif,2025-11-19T16:07:40.101329Z,4.10.dev245+g4144cef28,803_22,gray_frequencies,0,249.60000000000002
2023-07-12,DEM,../DSMs/2023-07-12_DEM.tif,2025-11-19T16:07:40.101329Z,4.10.dev245+g4144cef28,303_23,gray_frequencies,0,6.4
2023-07-12,DEM,../DSMs/2023-07-12_DEM.tif,2025-11-19T16:07:40.101329Z,4.10.dev245+g4144cef28,303_23,gray_frequencies,0,19.200000000000003
2023-07-12,DEM,../DSMs/2023-07-12_DEM.tif,2025-11-19T16:07:40.101329Z,4.10.dev245+g4144cef28,303_23,gray_frequencies,0,32.0
2023-07-12,DEM,../DSMs/2023-07-12_DEM.tif,2025-11-19T16:07:40.101329Z,4.10.dev245+g4144cef28,303_23,gray_frequencies,0,44.800000000000004
2023-07-12,DEM,../DSMs/2023-07-12_DEM.tif,2025-11-19T16:07:40.101329Z,4.10.dev245+g4144cef28,303_23,gray_frequencies,0,57.6
2023-07-12,DEM,../DSMs/2023-07-12_DEM.tif,2025-11-19T16:07:40.101329Z,4.10.dev245+g4144cef28,303_23,gray_frequencies,0,70.4
2023-07-12,DEM,../DSMs/2023-07-12_DEM.tif,2025-11-19T16:07:40.101329Z,4.10.dev245+g4144cef28,303_23,gray_frequencies,0,83.20000000000002
2023-07-12,DEM,../DSMs/2023-07-12_DEM.tif,2025-11-19T16:07:40.101329Z,4.10.dev245+g4144cef28,303_23,gray_frequencies,595,96.0
2023-07-12,DEM,../DSMs/2023-07-12_DEM.tif,2025-11-19T16:07:40.101329Z,4.10.dev245+g4144cef28,303_23,gray_frequencies,2953,108.80000000000001
2023-07-12,DEM,../DSMs/2023-07-12_DEM.tif,2025-11-19T16:07:40.101329Z,4.10.dev245+g4144cef28,303_23,gray_frequencies,2598,121.6
2023-07-12,DEM,../DSMs/2023-07-12_DEM.tif,2025-11-19T16:07:40.101329Z,4.10.dev245+g4144cef28,303_23,gray_frequencies,802,134.4
2023-07-12,DEM,../DSMs/2023-07-12_DEM.tif,2025-11-19T16:07:40.101329Z,4.10.dev245+g4144cef28,303_23,gray_frequencies,621,147.20000000000002
2023-07-12,DEM,../DSMs/2023-07-12_DEM.tif,2025-11-19T16:07:40.101329Z,4.10.dev245+g4144cef28,303_23,gray_frequencies,783,160.0
2023-07-12,DEM,../DSMs/2023-07-12_DEM.tif,2025-11-19T16:07:40.101329Z,4.10.dev245+g4144cef28,303_23,gray_frequencies,1308,172.8
2023-07-12,DEM,../DSMs/2023-07-12_DEM.tif,2025-11-19T16:07:40.101329Z,4.10.dev245+g4144cef28,303_23,gray_frequencies,3569,185.60000000000002
2023-07-12,DEM,../DSMs/2023-07-12_DEM.tif,2025-11-19T16:07:40.101329Z,4.10.dev245+g4144cef28,303_23,gray_frequencies,3198,198.4
2023-07-12,DEM,../DSMs/2023-07-12_DEM.tif,2025-11-19T16:07:40.101329Z,4.10.dev245+g4144cef28,303_23,gray_frequencies,0,211.20000000000002
2023-07-12,DEM,../DSMs/2023-07-12_DEM.tif,2025-11-19T16:07:40.101329Z,4.10.dev245+g4144cef28,303_23,gray_frequencies,0,224.0
2023-07-12,DEM,../DSMs/2023-07-12_DEM.tif,2025-11-19T16:07:40.101329Z,4.10.dev245+g4144cef28,303_23,gray_frequencies,0,236.8
2023-07-12,DEM,../DSMs/2023-07-12_DEM.tif,2025-11-19T16:07:40.101329Z,4.10.dev245+g4144cef28,303_23,gray_frequencies,0,249.60000000000002
2023-07-12,DEM,../DSMs/2023-07-12_DEM.tif,2025-11-19T16:07:40.101329Z,4.10.dev245+g4144cef28,903_24,gray_frequencies,0,6.4
2023-07-12,DEM,../DSMs/2023-07-12_DEM.tif,2025-11-19T16:07:40.101329Z,4.10.dev245+g4144cef28,903_24,gray_frequencies,0,19.200000000000003
2023-07-12,DEM,../DSMs/2023-07-12_DEM.tif,2025-11-19T16:07:40.101329Z,4.10.dev245+g4144cef28,903_24,gray_frequencies,0,32.0
2023-07-12,DEM,../DSMs/2023-07-12_DEM.tif,2025-11-19T16:07:40.101329Z,4.10.dev245+g4144cef28,903_24,gray_frequencies,0,44.800000000000004
2023-07-12,DEM,../DSMs/2023-07-12_DEM.tif,2025-11-19T16:07:40.101329Z,4.10.dev245+g4144cef28,903_24,gray_frequencies,0,57.6
2023-07-12,DEM,../DSMs/2023-07-12_DEM.tif,2025-11-19T16:07:40.101329Z,4.10.dev245+g4144cef28,903_24,gray_frequencies,0,70.4
2023-07-12,DEM,../DSMs/2023-07-12_DEM.tif,2025-11-19T16:07:40.101329Z,4.10.dev245+g4144cef28,903_24,gray_frequencies,0,83.20000000000002
2023-07-12,DEM,../DSMs/2023-07-12_DEM.tif,2025-11-19T16:07:40.101329Z,4.10.dev245+g4144cef28,903_24,gray_frequencies,2088,96.0
2023-07-12,DEM,../DSMs/2023-07-12_DEM.tif,2025-11-19T16:07:40.101329Z,4.10.dev245+g4144cef28,903_24,gray_frequencies,2500,108.80000000000001
2023-07-12,DEM,../DSMs/2023-07-12_DEM.tif,2025-11-19T16:07:40.101329Z,4.10.dev245+g4144cef28,903_24,gray_frequencies,1597,121.6
2023-07-12,DEM,../DSMs/2023-07-12_DEM.tif,2025-11-19T16:07:40.101329Z,4.10.dev245+g4144cef28,903_24,gray_frequencies,652,134.4
2023-07-12,DEM,../DSMs/2023-07-12_DEM.tif,2025-11-19T16:07:40.101329Z,4.10.dev245+g4144cef28,903_24,gray_frequencies,721,147.20000000000002
2023-07-12,DEM,../DSMs/2023-07-12_DEM.tif,2025-11-19T16:07:40.101329Z,4.10.dev245+g4144cef28,903_24,gray_frequencies,972,160.0
2023-07-12,DEM,../DSMs/2023-07-12_DEM.tif,2025-11-19T16:07:40.101329Z,4.10.dev245+g4144cef28,903_24,gray_frequencies,2547,172.8
2023-07-12,DEM,../DSMs/2023-07-12_DEM.tif,2025-11-19T16:07:40.101329Z,4.10.dev245+g4144cef28,903_24,gray_frequencies,4798,185.60000000000002
2023-07-12,DEM,../DSMs/2023-07-12_DEM.tif,2025-11-19T16:07:40.101329Z,4.10.dev245+g4144cef28,903_24,gray_frequencies,183,198.4
2023-07-12,DEM,../DSMs/2023-07-12_DEM.tif,2025-11-19T16:07:40.101329Z,4.10.dev245+g4144cef28,903_24,gray_frequencies,0,211.20000000000002
2023-07-12,DEM,../DSMs/2023-07-12_DEM.tif,2025-11-19T16:07:40.101329Z,4.10.dev245+g4144cef28,903_24,gray_frequencies,0,224.0
2023-07-12,DEM,../DSMs/2023-07-12_DEM.tif,2025-11-19T16:07:40.101329Z,4.10.dev245+g4144cef28,903_24,gray_frequencies,0,236.8
2023-07-12,DEM,../DSMs/2023-07-12_DEM.tif,2025-11-19T16:07:40.101329Z,4.10.dev245+g4144cef28,903_24,gray_frequencies,0,249.60000000000002
2023-07-12,DEM,../DSMs/2023-07-12_DEM.tif,2025-11-19T16:07:40.101329Z,4.10.dev245+g4144cef28,403_25,gray_frequencies,0,6.4
2023-07-12,DEM,../DSMs/2023-07-12_DEM.tif,2025-11-19T16:07:40.101329Z,4.10.dev245+g4144cef28,403_25,gray_frequencies,0,19.200000000000003
2023-07-12,DEM,../DSMs/2023-07-12_DEM.tif,2025-11-19T16:07:40.101329Z,4.10.dev245+g4144cef28,403_25,gray_frequencies,0,32.0
2023-07-12,DEM,../DSMs/2023-07-12_DEM.tif,2025-11-19T16:07:40.101329Z,4.10.dev245+g4144cef28,403_25,gray_frequencies,0,44.800000000000004
2023-07-12,DEM,../DSMs/2023-07-12_DEM.tif,2025-11-19T16:07:40.101329Z,4.10.dev245+g4144cef28,403_25,gray_frequencies,0,57.6
2023-07-12,DEM,../DSMs/2023-07-12_DEM.tif,2025-11-19T16:07:40.101329Z,4.10.dev245+g4144cef28,403_25,gray_frequencies,0,70.4
2023-07-12,DEM,../DSMs/2023-07-12_DEM.tif,2025-11-19T16:07:40.101329Z,4.10.dev245+g4144cef28,403_25,gray_frequencies,0,83.20000000000002
2023-07-12,DEM,../DSMs/2023-07-12_DEM.tif,2025-11-19T16:07:40.101329Z,4.10.dev245+g4144cef28,403_25,gray_frequencies,0,96.0
2023-07-12,DEM,../DSMs/2023-07-12_DEM.tif,2025-11-19T16:07:40.101329Z,4.10.dev245+g4144cef28,403_25,gray_frequencies,0,108.80000000000001
2023-07-12,DEM,../DSMs/2023-07-12_DEM.tif,2025-11-19T16:07:40.101329Z,4.10.dev245+g4144cef28,403_25,gray_frequencies,648,121.6
2023-07-12,DEM,../DSMs/2023-07-12_DEM.tif,2025-11-19T16:07:40.101329Z,4.10.dev245+g4144cef28,403_25,gray_frequencies,2623,134.4
2023-07-12,DEM,../DSMs/2023-07-12_DEM.tif,2025-11-19T16:07:40.101329Z,4.10.dev245+g4144cef28,403_25,gray_frequencies,1933,147.20000000000002
2023-07-12,DEM,../DSMs/2023-07-12_DEM.tif,2025-11-19T16:07:40.101329Z,4.10.dev245+g4144cef28,403_25,gray_frequencies,996,160.0
2023-07-12,DEM,../DSMs/2023-07-12_DEM.tif,2025-11-19T16:07:40.101329Z,4.10.dev245+g4144cef28,403_25,gray_frequencies,739,172.8
2023-07-12,DEM,../DSMs/2023-07-12_DEM.tif,2025-11-19T16:07:40.101329Z,4.10.dev245+g4144cef28,403_25,gray_frequencies,952,185.60000000000002
2023-07-12,DEM,../DSMs/2023-07-12_DEM.tif,2025-11-19T16:07:40.101329Z,4.10.dev245+g4144cef28,403_25,gray_frequencies,2559,198.4
2023-07-12,DEM,../DSMs/2023-07-12_DEM.tif,2025-11-19T16:07:40.101329Z,4.10.dev245+g4144cef28,403_25,gray_frequencies,2624,211.20000000000002
2023-07-12,DEM,../DSMs/2023-07-12_DEM.tif,2025-11-19T16:07:40.101329Z,4.10.dev245+g4144cef28,403_25,gray_frequencies,3077,224.0
2023-07-12,DEM,../DSMs/2023-07-12_DEM.tif,2025-11-19T16:07:40.101329Z,4.10.dev245+g4144cef28,403_25,gray_frequencies,48,236.8
2023-07-12,DEM,../DSMs/2023-07-12_DEM.tif,2025-11-19T16:07:40.101329Z,4.10.dev245+g4144cef28,403_25,gray_frequencies,0,249.60000000000002
2023-07-12,DEM,../DSMs/2023-07-12_DEM.tif,2025-11-19T16:07:40.101329Z,4.10.dev245+g4144cef28,503_26,gray_frequencies,0,6.4
2023-07-12,DEM,../DSMs/2023-07-12_DEM.tif,2025-11-19T16:07:40.101329Z,4.10.dev245+g4144cef28,503_26,gray_frequencies,0,19.200000000000003
2023-07-12,DEM,../DSMs/2023-07-12_DEM.tif,2025-11-19T16:07:40.101329Z,4.10.dev245+g4144cef28,503_26,gray_frequencies,0,32.0
2023-07-12,DEM,../DSMs/2023-07-12_DEM.tif,2025-11-19T16:07:40.101329Z,4.10.dev245+g4144cef28,503_26,gray_frequencies,0,44.800000000000004
2023-07-12,DEM,../DSMs/2023-07-12_DEM.tif,2025-11-19T16:07:40.101329Z,4.10.dev245+g4144cef28,503_26,gray_frequencies,0,57.6
2023-07-12,DEM,../DSMs/2023-07-12_DEM.tif,2025-11-19T16:07:40.101329Z,4.10.dev245+g4144cef28,503_26,gray_frequencies,0,70.4
2023-07-12,DEM,../DSMs/2023-07-12_DEM.tif,2025-11-19T16:07:40.101329Z,4.10.dev245+g4144cef28,503_26,gray_frequencies,0,83.20000000000002
2023-07-12,DEM,../DSMs/2023-07-12_DEM.tif,2025-11-19T16:07:40.101329Z,4.10.dev245+g4144cef28,503_26,gray_frequencies,0,96.0
2023-07-12,DEM,../DSMs/2023-07-12_DEM.tif,2025-11-19T16:07:40.101329Z,4.10.dev245+g4144cef28,503_26,gray_frequencies,0,108.80000000000001
2023-07-12,DEM,../DSMs/2023-07-12_DEM.tif,2025-11-19T16:07:40.101329Z,4.10.dev245+g4144cef28,503_26,gray_frequencies,1856,121.6
2023-07-12,DEM,../DSMs/2023-07-12_DEM.tif,2025-11-19T16:07:40.101329Z,4.10.dev245+g4144cef28,503_26,gray_frequencies,2586,134.4
2023-07-12,DEM,../DSMs/2023-07-12_DEM.tif,2025-11-19T16:07:40.101329Z,4.10.dev245+g4144cef28,503_26,gray_frequencies,1920,147.20000000000002
2023-07-12,DEM,../DSMs/2023-07-12_DEM.tif,2025-11-19T16:07:40.101329Z,4.10.dev245+g4144cef28,503_26,gray_frequencies,839,160.0
2023-07-12,DEM,../DSMs/2023-07-12_DEM.tif,2025-11-19T16:07:40.101329Z,4.10.dev245+g4144cef28,503_26,gray_frequencies,1156,172.8
2023-07-12,DEM,../DSMs/2023-07-12_DEM.tif,2025-11-19T16:07:40.101329Z,4.10.dev245+g4144cef28,503_26,gray_frequencies,2528,185.60000000000002
2023-07-12,DEM,../DSMs/2023-07-12_DEM.tif,2025-11-19T16:07:40.101329Z,4.10.dev245+g4144cef28,503_26,gray_frequencies,1976,198.4
2023-07-12,DEM,../DSMs/2023-07-12_DEM.tif,2025-11-19T16:07:40.101329Z,4.10.dev245+g4144cef28,503_26,gray_frequencies,3112,211.20000000000002
2023-07-12,DEM,../DSMs/2023-07-12_DEM.tif,2025-11-19T16:07:40.101329Z,4.10.dev245+g4144cef28,503_26,gray_frequencies,210,224.0
2023-07-12,DEM,../DSMs/2023-07-12_DEM.tif,2025-11-19T16:07:40.101329Z,4.10.dev245+g4144cef28,503_26,gray_frequencies,0,236.8
2023-07-12,DEM,../DSMs/2023-07-12_DEM.tif,2025-11-19T16:07:40.101329Z,4.10.dev245+g4144cef28,503_26,gray_frequencies,0,249.60000000000002
2023-07-12,DEM,../DSMs/2023-07-12_DEM.tif,2025-11-19T16:07:40.101329Z,4.10.dev245+g4144cef28,603_27,gray_frequencies,0,6.4
2023-07-12,DEM,../DSMs/2023-07-12_DEM.tif,2025-11-19T16:07:40.101329Z,4.10.dev245+g4144cef28,603_27,gray_frequencies,0,19.200000000000003
2023-07-12,DEM,../DSMs/2023-07-12_DEM.tif,2025-11-19T16:07:40.101329Z,4.10.dev245+g4144cef28,603_27,gray_frequencies,0,32.0
2023-07-12,DEM,../DSMs/2023-07-12_DEM.tif,2025-11-19T16:07:40.101329Z,4.10.dev245+g4144cef28,603_27,gray_frequencies,0,44.800000000000004
2023-07-12,DEM,../DSMs/2023-07-12_DEM.tif,2025-11-19T16:07:40.101329Z,4.10.dev245+g4144cef28,603_27,gray_frequencies,0,57.6
2023-07-12,DEM,../DSMs/2023-07-12_DEM.tif,2025-11-19T16:07:40.101329Z,4.10.dev245+g4144cef28,603_27,gray_frequencies,0,70.4
2023-07-12,DEM,../DSMs/2023-07-12_DEM.tif,2025-11-19T16:07:40.101329Z,4.10.dev245+g4144cef28,603_27,gray_frequencies,0,83.20000000000002
2023-07-12,DEM,../DSMs/2023-07-12_DEM.tif,2025-11-19T16:07:40.101329Z,4.10.dev245+g4144cef28,603_27,gray_frequencies,0,96.0
2023-07-12,DEM,../DSMs/2023-07-12_DEM.tif,2025-11-19T16:07:40.101329Z,4.10.dev245+g4144cef28,603_27,gray_frequencies,34,108.80000000000001
2023-07-12,DEM,../DSMs/2023-07-12_DEM.tif,2025-11-19T16:07:40.101329Z,4.10.dev245+g4144cef28,603_27,gray_frequencies,2710,121.6
2023-07-12,DEM,../DSMs/2023-07-12_DEM.tif,2025-11-19T16:07:40.101329Z,4.10.dev245+g4144cef28,603_27,gray_frequencies,2289,134.4
2023-07-12,DEM,../DSMs/2023-07-12_DEM.tif,2025-11-19T16:07:40.101329Z,4.10.dev245+g4144cef28,603_27,gray_frequencies,1407,147.20000000000002
2023-07-12,DEM,../DSMs/2023-07-12_DEM.tif,2025-11-19T16:07:40.101329Z,4.10.dev245+g4144cef28,603_27,gray_frequencies,872,160.0
2023-07-12,DEM,../DSMs/2023-07-12_DEM.tif,2025-11-19T16:07:40.101329Z,4.10.dev245+g4144cef28,603_27,gray_frequencies,1333,172.8
2023-07-12,DEM,../DSMs/2023-07-12_DEM.tif,2025-11-19T16:07:40.101329Z,4.10.dev245+g4144cef28,603_27,gray_frequencies,2550,185.60000000000002
2023-07-12,DEM,../DSMs/2023-07-12_DEM.tif,2025-11-19T16:07:40.101329Z,4.10.dev245+g4144cef28,603_27,gray_frequencies,3711,198.4
2023-07-12,DEM,../DSMs/2023-07-12_DEM.tif,2025-11-19T16:07:40.101329Z,4.10.dev245+g4144cef28,603_27,gray_frequencies,507,211.20000000000002
2023-07-12,DEM,../DSMs/2023-07-12_DEM.tif,2025-11-19T16:07:40.101329Z,4.10.dev245+g4144cef28,603_27,gray_frequencies,0,224.0
2023-07-12,DEM,../DSMs/2023-07-12_DEM.tif,2025-11-19T16:07:40.101329Z,4.10.dev245+g4144cef28,603_27,gray_frequencies,0,236.8
2023-07-12,DEM,../DSMs/2023-07-12_DEM.tif,2025-11-19T16:07:40.101329Z,4.10.dev245+g4144cef28,603_27,gray_frequencies,0,249.60000000000002
2023-06-29,DEM,../DSMs/2023-06-29_DEM.tif,2025-11-19T16:07:37.007040Z,4.10.dev245+g4144cef28,default_101,gray_frequencies,NA,NA
2023-06-29,DEM,../DSMs/2023-06-29_DEM.tif,2025-11-19T16:07:37.007040Z,4.10.dev245+g4144cef28,default_201,gray_frequencies,NA,NA
2023-06-29,DEM,../DSMs/2023-06-29_DEM.tif,2025-11-19T16:07:37.007040Z,4.10.dev245+g4144cef28,default_301,gray_frequencies,NA,NA
2023-06-29,DEM,../DSMs/2023-06-29_DEM.tif,2025-11-19T16:07:37.007040Z,4.10.dev245+g4144cef28,default_401,gray_frequencies,NA,NA
2023-06-29,DEM,../DSMs/2023-06-29_DEM.tif,2025-11-19T16:07:37.007040Z,4.10.dev245+g4144cef28,default_501,gray_frequencies,NA,NA
2023-06-29,DEM,../DSMs/2023-06-29_DEM.tif,2025-11-19T16:07:37.007040Z,4.10.dev245+g4144cef28,default_901,gray_frequencies,NA,NA
2023-06-29,DEM,../DSMs/2023-06-29_DEM.tif,2025-11-19T16:07:37.007040Z,4.10.dev245+g4144cef28,default_701,gray_frequencies,NA,NA
2023-06-29,DEM,../DSMs/2023-06-29_DEM.tif,2025-11-19T16:07:37.007040Z,4.10.dev245+g4144cef28,default_801,gray_frequencies,NA,NA
2023-06-29,DEM,../DSMs/2023-06-29_DEM.tif,2025-11-19T16:07:37.007040Z,4.10.dev245+g4144cef28,default_601,gray_frequencies,NA,NA
2023-06-29,DEM,../DSMs/2023-06-29_DEM.tif,2025-11-19T16:07:37.007040Z,4.10.dev245+g4144cef28,default_502,gray_frequencies,NA,NA
2023-06-29,DEM,../DSMs/2023-06-29_DEM.tif,2025-11-19T16:07:37.007040Z,4.10.dev245+g4144cef28,default_402,gray_frequencies,NA,NA
2023-06-29,DEM,../DSMs/2023-06-29_DEM.tif,2025-11-19T16:07:37.007040Z,4.10.dev245+g4144cef28,default_102,gray_frequencies,NA,NA
2023-06-29,DEM,../DSMs/2023-06-29_DEM.tif,2025-11-19T16:07:37.007040Z,4.10.dev245+g4144cef28,default_702,gray_frequencies,NA,NA
2023-06-29,DEM,../DSMs/2023-06-29_DEM.tif,2025-11-19T16:07:37.007040Z,4.10.dev245+g4144cef28,default_202,gray_frequencies,NA,NA
2023-06-29,DEM,../DSMs/2023-06-29_DEM.tif,2025-11-19T16:07:37.007040Z,4.10.dev245+g4144cef28,default_602,gray_frequencies,NA,NA
2023-06-29,DEM,../DSMs/2023-06-29_DEM.tif,2025-11-19T16:07:37.007040Z,4.10.dev245+g4144cef28,default_802,gray_frequencies,NA,NA
2023-06-29,DEM,../DSMs/2023-06-29_DEM.tif,2025-11-19T16:07:37.007040Z,4.10.dev245+g4144cef28,default_302,gray_frequencies,NA,NA
2023-06-29,DEM,../DSMs/2023-06-29_DEM.tif,2025-11-19T16:07:37.007040Z,4.10.dev245+g4144cef28,default_902,gray_frequencies,NA,NA
2023-06-29,DEM,../DSMs/2023-06-29_DEM.tif,2025-11-19T16:07:37.007040Z,4.10.dev245+g4144cef28,default_703,gray_frequencies,NA,NA
2023-06-29,DEM,../DSMs/2023-06-29_DEM.tif,2025-11-19T16:07:37.007040Z,4.10.dev245+g4144cef28,default_103,gray_frequencies,NA,NA
2023-06-29,DEM,../DSMs/2023-06-29_DEM.tif,2025-11-19T16:07:37.007040Z,4.10.dev245+g4144cef28,default_203,gray_frequencies,NA,NA
2023-06-29,DEM,../DSMs/2023-06-29_DEM.tif,2025-11-19T16:07:37.007040Z,4.10.dev245+g4144cef28,default_803,gray_frequencies,NA,NA
2023-06-29,DEM,../DSMs/2023-06-29_DEM.tif,2025-11-19T16:07:37.007040Z,4.10.dev245+g4144cef28,default_303,gray_frequencies,NA,NA
2023-06-29,DEM,../DSMs/2023-06-29_DEM.tif,2025-11-19T16:07:37.007040Z,4.10.dev245+g4144cef28,default_903,gray_frequencies,NA,NA
2023-06-29,DEM,../DSMs/2023-06-29_DEM.tif,2025-11-19T16:07:37.007040Z,4.10.dev245+g4144cef28,default_403,gray_frequencies,NA,NA
2023-06-29,DEM,../DSMs/2023-06-29_DEM.tif,2025-11-19T16:07:37.007040Z,4.10.dev245+g4144cef28,default_503,gray_frequencies,NA,NA
2023-06-29,DEM,../DSMs/2023-06-29_DEM.tif,2025-11-19T16:07:37.007040Z,4.10.dev245+g4144cef28,default_603,gray_frequencies,NA,NA
2023-06-29,DEM,../DSMs/2023-06-29_DEM.tif,2025-11-19T16:07:37.007040Z,4.10.dev245+g4144cef28,101_1,gray_frequencies,0,6.4
2023-06-29,DEM,../DSMs/2023-06-29_DEM.tif,2025-11-19T16:07:37.007040Z,4.10.dev245+g4144cef28,101_1,gray_frequencies,0,19.200000000000003
2023-06-29,DEM,../DSMs/2023-06-29_DEM.tif,2025-11-19T16:07:37.007040Z,4.10.dev245+g4144cef28,101_1,gray_frequencies,0,32.0
2023-06-29,DEM,../DSMs/2023-06-29_DEM.tif,2025-11-19T16:07:37.007040Z,4.10.dev245+g4144cef28,101_1,gray_frequencies,0,44.800000000000004
2023-06-29,DEM,../DSMs/2023-06-29_DEM.tif,2025-11-19T16:07:37.007040Z,4.10.dev245+g4144cef28,101_1,gray_frequencies,0,57.6
2023-06-29,DEM,../DSMs/2023-06-29_DEM.tif,2025-11-19T16:07:37.007040Z,4.10.dev245+g4144cef28,101_1,gray_frequencies,0,70.4
2023-06-29,DEM,../DSMs/2023-06-29_DEM.tif,2025-11-19T16:07:37.007040Z,4.10.dev245+g4144cef28,101_1,gray_frequencies,0,83.20000000000002
2023-06-29,DEM,../DSMs/2023-06-29_DEM.tif,2025-11-19T16:07:37.007040Z,4.10.dev245+g4144cef28,101_1,gray_frequencies,0,96.0
2023-06-29,DEM,../DSMs/2023-06-29_DEM.tif,2025-11-19T16:07:37.007040Z,4.10.dev245+g4144cef28,101_1,gray_frequencies,0,108.80000000000001
2023-06-29,DEM,../DSMs/2023-06-29_DEM.tif,2025-11-19T16:07:37.007040Z,4.10.dev245+g4144cef28,101_1,gray_frequencies,1790,121.6
2023-06-29,DEM,../DSMs/2023-06-29_DEM.tif,2025-11-19T16:07:37.007040Z,4.10.dev245+g4144cef28,101_1,gray_frequencies,5261,134.4
2023-06-29,DEM,../DSMs/2023-06-29_DEM.tif,2025-11-19T16:07:37.007040Z,4.10.dev245+g4144cef28,101_1,gray_frequencies,5859,147.20000000000002
2023-06-29,DEM,../DSMs/2023-06-29_DEM.tif,2025-11-19T16:07:37.007040Z,4.10.dev245+g4144cef28,101_1,gray_frequencies,67,160.0
2023-06-29,DEM,../DSMs/2023-06-29_DEM.tif,2025-11-19T16:07:37.007040Z,4.10.dev245+g4144cef28,101_1,gray_frequencies,0,172.8
2023-06-29,DEM,../DSMs/2023-06-29_DEM.tif,2025-11-19T16:07:37.007040Z,4.10.dev245+g4144cef28,101_1,gray_frequencies,0,185.60000000000002
2023-06-29,DEM,../DSMs/2023-06-29_DEM.tif,2025-11-19T16:07:37.007040Z,4.10.dev245+g4144cef28,101_1,gray_frequencies,0,198.4
2023-06-29,DEM,../DSMs/2023-06-29_DEM.tif,2025-11-19T16:07:37.007040Z,4.10.dev245+g4144cef28,101_1,gray_frequencies,0,211.20000000000002
2023-06-29,DEM,../DSMs/2023-06-29_DEM.tif,2025-11-19T16:07:37.007040Z,4.10.dev245+g4144cef28,101_1,gray_frequencies,0,224.0
2023-06-29,DEM,../DSMs/2023-06-29_DEM.tif,2025-11-19T16:07:37.007040Z,4.10.dev245+g4144cef28,101_1,gray_frequencies,0,236.8
2023-06-29,DEM,../DSMs/2023-06-29_DEM.tif,2025-11-19T16:07:37.007040Z,4.10.dev245+g4144cef28,101_1,gray_frequencies,0,249.60000000000002
2023-06-29,DEM,../DSMs/2023-06-29_DEM.tif,2025-11-19T16:07:37.007040Z,4.10.dev245+g4144cef28,201_2,gray_frequencies,0,6.4
2023-06-29,DEM,../DSMs/2023-06-29_DEM.tif,2025-11-19T16:07:37.007040Z,4.10.dev245+g4144cef28,201_2,gray_frequencies,0,19.200000000000003
2023-06-29,DEM,../DSMs/2023-06-29_DEM.tif,2025-11-19T16:07:37.007040Z,4.10.dev245+g4144cef28,201_2,gray_frequencies,0,32.0
2023-06-29,DEM,../DSMs/2023-06-29_DEM.tif,2025-11-19T16:07:37.007040Z,4.10.dev245+g4144cef28,201_2,gray_frequencies,0,44.800000000000004
2023-06-29,DEM,../DSMs/2023-06-29_DEM.tif,2025-11-19T16:07:37.007040Z,4.10.dev245+g4144cef28,201_2,gray_frequencies,0,57.6
2023-06-29,DEM,../DSMs/2023-06-29_DEM.tif,2025-11-19T16:07:37.007040Z,4.10.dev245+g4144cef28,201_2,gray_frequencies,0,70.4
2023-06-29,DEM,../DSMs/2023-06-29_DEM.tif,2025-11-19T16:07:37.007040Z,4.10.dev245+g4144cef28,201_2,gray_frequencies,0,83.20000000000002
2023-06-29,DEM,../DSMs/2023-06-29_DEM.tif,2025-11-19T16:07:37.007040Z,4.10.dev245+g4144cef28,201_2,gray_frequencies,0,96.0
2023-06-29,DEM,../DSMs/2023-06-29_DEM.tif,2025-11-19T16:07:37.007040Z,4.10.dev245+g4144cef28,201_2,gray_frequencies,31,108.80000000000001
2023-06-29,DEM,../DSMs/2023-06-29_DEM.tif,2025-11-19T16:07:37.007040Z,4.10.dev245+g4144cef28,201_2,gray_frequencies,2589,121.6
2023-06-29,DEM,../DSMs/2023-06-29_DEM.tif,2025-11-19T16:07:37.007040Z,4.10.dev245+g4144cef28,201_2,gray_frequencies,6309,134.4
2023-06-29,DEM,../DSMs/2023-06-29_DEM.tif,2025-11-19T16:07:37.007040Z,4.10.dev245+g4144cef28,201_2,gray_frequencies,2963,147.20000000000002
2023-06-29,DEM,../DSMs/2023-06-29_DEM.tif,2025-11-19T16:07:37.007040Z,4.10.dev245+g4144cef28,201_2,gray_frequencies,0,160.0
2023-06-29,DEM,../DSMs/2023-06-29_DEM.tif,2025-11-19T16:07:37.007040Z,4.10.dev245+g4144cef28,201_2,gray_frequencies,0,172.8
2023-06-29,DEM,../DSMs/2023-06-29_DEM.tif,2025-11-19T16:07:37.007040Z,4.10.dev245+g4144cef28,201_2,gray_frequencies,0,185.60000000000002
2023-06-29,DEM,../DSMs/2023-06-29_DEM.tif,2025-11-19T16:07:37.007040Z,4.10.dev245+g4144cef28,201_2,gray_frequencies,0,198.4
2023-06-29,DEM,../DSMs/2023-06-29_DEM.tif,2025-11-19T16:07:37.007040Z,4.10.dev245+g4144cef28,201_2,gray_frequencies,0,211.20000000000002
2023-06-29,DEM,../DSMs/2023-06-29_DEM.tif,2025-11-19T16:07:37.007040Z,4.10.dev245+g4144cef28,201_2,gray_frequencies,0,224.0
2023-06-29,DEM,../DSMs/2023-06-29_DEM.tif,2025-11-19T16:07:37.007040Z,4.10.dev245+g4144cef28,201_2,gray_frequencies,0,236.8
2023-06-29,DEM,../DSMs/2023-06-29_DEM.tif,2025-11-19T16:07:37.007040Z,4.10.dev245+g4144cef28,201_2,gray_frequencies,0,249.60000000000002
2023-06-29,DEM,../DSMs/2023-06-29_DEM.tif,2025-11-19T16:07:37.007040Z,4.10.dev245+g4144cef28,301_3,gray_frequencies,0,6.4
2023-06-29,DEM,../DSMs/2023-06-29_DEM.tif,2025-11-19T16:07:37.007040Z,4.10.dev245+g4144cef28,301_3,gray_frequencies,0,19.200000000000003
2023-06-29,DEM,../DSMs/2023-06-29_DEM.tif,2025-11-19T16:07:37.007040Z,4.10.dev245+g4144cef28,301_3,gray_frequencies,0,32.0
2023-06-29,DEM,../DSMs/2023-06-29_DEM.tif,2025-11-19T16:07:37.007040Z,4.10.dev245+g4144cef28,301_3,gray_frequencies,0,44.800000000000004
2023-06-29,DEM,../DSMs/2023-06-29_DEM.tif,2025-11-19T16:07:37.007040Z,4.10.dev245+g4144cef28,301_3,gray_frequencies,0,57.6
2023-06-29,DEM,../DSMs/2023-06-29_DEM.tif,2025-11-19T16:07:37.007040Z,4.10.dev245+g4144cef28,301_3,gray_frequencies,0,70.4
2023-06-29,DEM,../DSMs/2023-06-29_DEM.tif,2025-11-19T16:07:37.007040Z,4.10.dev245+g4144cef28,301_3,gray_frequencies,0,83.20000000000002
2023-06-29,DEM,../DSMs/2023-06-29_DEM.tif,2025-11-19T16:07:37.007040Z,4.10.dev245+g4144cef28,301_3,gray_frequencies,0,96.0
2023-06-29,DEM,../DSMs/2023-06-29_DEM.tif,2025-11-19T16:07:37.007040Z,4.10.dev245+g4144cef28,301_3,gray_frequencies,1044,108.80000000000001
2023-06-29,DEM,../DSMs/2023-06-29_DEM.tif,2025-11-19T16:07:37.007040Z,4.10.dev245+g4144cef28,301_3,gray_frequencies,3499,121.6
2023-06-29,DEM,../DSMs/2023-06-29_DEM.tif,2025-11-19T16:07:37.007040Z,4.10.dev245+g4144cef28,301_3,gray_frequencies,7853,134.4
2023-06-29,DEM,../DSMs/2023-06-29_DEM.tif,2025-11-19T16:07:37.007040Z,4.10.dev245+g4144cef28,301_3,gray_frequencies,38,147.20000000000002
2023-06-29,DEM,../DSMs/2023-06-29_DEM.tif,2025-11-19T16:07:37.007040Z,4.10.dev245+g4144cef28,301_3,gray_frequencies,0,160.0
2023-06-29,DEM,../DSMs/2023-06-29_DEM.tif,2025-11-19T16:07:37.007040Z,4.10.dev245+g4144cef28,301_3,gray_frequencies,0,172.8
2023-06-29,DEM,../DSMs/2023-06-29_DEM.tif,2025-11-19T16:07:37.007040Z,4.10.dev245+g4144cef28,301_3,gray_frequencies,0,185.60000000000002
2023-06-29,DEM,../DSMs/2023-06-29_DEM.tif,2025-11-19T16:07:37.007040Z,4.10.dev245+g4144cef28,301_3,gray_frequencies,0,198.4
2023-06-29,DEM,../DSMs/2023-06-29_DEM.tif,2025-11-19T16:07:37.007040Z,4.10.dev245+g4144cef28,301_3,gray_frequencies,0,211.20000000000002
2023-06-29,DEM,../DSMs/2023-06-29_DEM.tif,2025-11-19T16:07:37.007040Z,4.10.dev245+g4144cef28,301_3,gray_frequencies,0,224.0
2023-06-29,DEM,../DSMs/2023-06-29_DEM.tif,2025-11-19T16:07:37.007040Z,4.10.dev245+g4144cef28,301_3,gray_frequencies,0,236.8
2023-06-29,DEM,../DSMs/2023-06-29_DEM.tif,2025-11-19T16:07:37.007040Z,4.10.dev245+g4144cef28,301_3,gray_frequencies,0,249.60000000000002
2023-06-29,DEM,../DSMs/2023-06-29_DEM.tif,2025-11-19T16:07:37.007040Z,4.10.dev245+g4144cef28,401_4,gray_frequencies,0,6.4
2023-06-29,DEM,../DSMs/2023-06-29_DEM.tif,2025-11-19T16:07:37.007040Z,4.10.dev245+g4144cef28,401_4,gray_frequencies,0,19.200000000000003
2023-06-29,DEM,../DSMs/2023-06-29_DEM.tif,2025-11-19T16:07:37.007040Z,4.10.dev245+g4144cef28,401_4,gray_frequencies,0,32.0
2023-06-29,DEM,../DSMs/2023-06-29_DEM.tif,2025-11-19T16:07:37.007040Z,4.10.dev245+g4144cef28,401_4,gray_frequencies,0,44.800000000000004
2023-06-29,DEM,../DSMs/2023-06-29_DEM.tif,2025-11-19T16:07:37.007040Z,4.10.dev245+g4144cef28,401_4,gray_frequencies,0,57.6
2023-06-29,DEM,../DSMs/2023-06-29_DEM.tif,2025-11-19T16:07:37.007040Z,4.10.dev245+g4144cef28,401_4,gray_frequencies,0,70.4
2023-06-29,DEM,../DSMs/2023-06-29_DEM.tif,2025-11-19T16:07:37.007040Z,4.10.dev245+g4144cef28,401_4,gray_frequencies,0,83.20000000000002
2023-06-29,DEM,../DSMs/2023-06-29_DEM.tif,2025-11-19T16:07:37.007040Z,4.10.dev245+g4144cef28,401_4,gray_frequencies,0,96.0
2023-06-29,DEM,../DSMs/2023-06-29_DEM.tif,2025-11-19T16:07:37.007040Z,4.10.dev245+g4144cef28,401_4,gray_frequencies,0,108.80000000000001
2023-06-29,DEM,../DSMs/2023-06-29_DEM.tif,2025-11-19T16:07:37.007040Z,4.10.dev245+g4144cef28,401_4,gray_frequencies,0,121.6
2023-06-29,DEM,../DSMs/2023-06-29_DEM.tif,2025-11-19T16:07:37.007040Z,4.10.dev245+g4144cef28,401_4,gray_frequencies,0,134.4
2023-06-29,DEM,../DSMs/2023-06-29_DEM.tif,2025-11-19T16:07:37.007040Z,4.10.dev245+g4144cef28,401_4,gray_frequencies,1820,147.20000000000002
2023-06-29,DEM,../DSMs/2023-06-29_DEM.tif,2025-11-19T16:07:37.007040Z,4.10.dev245+g4144cef28,401_4,gray_frequencies,5714,160.0
2023-06-29,DEM,../DSMs/2023-06-29_DEM.tif,2025-11-19T16:07:37.007040Z,4.10.dev245+g4144cef28,401_4,gray_frequencies,4655,172.8
2023-06-29,DEM,../DSMs/2023-06-29_DEM.tif,2025-11-19T16:07:37.007040Z,4.10.dev245+g4144cef28,401_4,gray_frequencies,0,185.60000000000002
2023-06-29,DEM,../DSMs/2023-06-29_DEM.tif,2025-11-19T16:07:37.007040Z,4.10.dev245+g4144cef28,401_4,gray_frequencies,0,198.4
2023-06-29,DEM,../DSMs/2023-06-29_DEM.tif,2025-11-19T16:07:37.007040Z,4.10.dev245+g4144cef28,401_4,gray_frequencies,0,211.20000000000002
2023-06-29,DEM,../DSMs/2023-06-29_DEM.tif,2025-11-19T16:07:37.007040Z,4.10.dev245+g4144cef28,401_4,gray_frequencies,0,224.0
2023-06-29,DEM,../DSMs/2023-06-29_DEM.tif,2025-11-19T16:07:37.007040Z,4.10.dev245+g4144cef28,401_4,gray_frequencies,0,236.8
2023-06-29,DEM,../DSMs/2023-06-29_DEM.tif,2025-11-19T16:07:37.007040Z,4.10.dev245+g4144cef28,401_4,gray_frequencies,0,249.60000000000002
2023-06-29,DEM,../DSMs/2023-06-29_DEM.tif,2025-11-19T16:07:37.007040Z,4.10.dev245+g4144cef28,501_5,gray_frequencies,0,6.4
2023-06-29,DEM,../DSMs/2023-06-29_DEM.tif,2025-11-19T16:07:37.007040Z,4.10.dev245+g4144cef28,501_5,gray_frequencies,0,19.200000000000003
2023-06-29,DEM,../DSMs/2023-06-29_DEM.tif,2025-11-19T16:07:37.007040Z,4.10.dev245+g4144cef28,501_5,gray_frequencies,0,32.0
2023-06-29,DEM,../DSMs/2023-06-29_DEM.tif,2025-11-19T16:07:37.007040Z,4.10.dev245+g4144cef28,501_5,gray_frequencies,0,44.800000000000004
2023-06-29,DEM,../DSMs/2023-06-29_DEM.tif,2025-11-19T16:07:37.007040Z,4.10.dev245+g4144cef28,501_5,gray_frequencies,0,57.6
2023-06-29,DEM,../DSMs/2023-06-29_DEM.tif,2025-11-19T16:07:37.007040Z,4.10.dev245+g4144cef28,501_5,gray_frequencies,0,70.4
2023-06-29,DEM,../DSMs/2023-06-29_DEM.tif,2025-11-19T16:07:37.007040Z,4.10.dev245+g4144cef28,501_5,gray_frequencies,0,83.20000000000002
2023-06-29,DEM,../DSMs/2023-06-29_DEM.tif,2025-11-19T16:07:37.007040Z,4.10.dev245+g4144cef28,501_5,gray_frequencies,0,96.0
2023-06-29,DEM,../DSMs/2023-06-29_DEM.tif,2025-11-19T16:07:37.007040Z,4.10.dev245+g4144cef28,501_5,gray_frequencies,0,108.80000000000001
2023-06-29,DEM,../DSMs/2023-06-29_DEM.tif,2025-11-19T16:07:37.007040Z,4.10.dev245+g4144cef28,501_5,gray_frequencies,0,121.6
2023-06-29,DEM,../DSMs/2023-06-29_DEM.tif,2025-11-19T16:07:37.007040Z,4.10.dev245+g4144cef28,501_5,gray_frequencies,0,134.4
2023-06-29,DEM,../DSMs/2023-06-29_DEM.tif,2025-11-19T16:07:37.007040Z,4.10.dev245+g4144cef28,501_5,gray_frequencies,2173,147.20000000000002
2023-06-29,DEM,../DSMs/2023-06-29_DEM.tif,2025-11-19T16:07:37.007040Z,4.10.dev245+g4144cef28,501_5,gray_frequencies,6663,160.0
2023-06-29,DEM,../DSMs/2023-06-29_DEM.tif,2025-11-19T16:07:37.007040Z,4.10.dev245+g4144cef28,501_5,gray_frequencies,3305,172.8
2023-06-29,DEM,../DSMs/2023-06-29_DEM.tif,2025-11-19T16:07:37.007040Z,4.10.dev245+g4144cef28,501_5,gray_frequencies,0,185.60000000000002
2023-06-29,DEM,../DSMs/2023-06-29_DEM.tif,2025-11-19T16:07:37.007040Z,4.10.dev245+g4144cef28,501_5,gray_frequencies,0,198.4
2023-06-29,DEM,../DSMs/2023-06-29_DEM.tif,2025-11-19T16:07:37.007040Z,4.10.dev245+g4144cef28,501_5,gray_frequencies,0,211.20000000000002
2023-06-29,DEM,../DSMs/2023-06-29_DEM.tif,2025-11-19T16:07:37.007040Z,4.10.dev245+g4144cef28,501_5,gray_frequencies,0,224.0
2023-06-29,DEM,../DSMs/2023-06-29_DEM.tif,2025-11-19T16:07:37.007040Z,4.10.dev245+g4144cef28,501_5,gray_frequencies,0,236.8
2023-06-29,DEM,../DSMs/2023-06-29_DEM.tif,2025-11-19T16:07:37.007040Z,4.10.dev245+g4144cef28,501_5,gray_frequencies,0,249.60000000000002
2023-06-29,DEM,../DSMs/2023-06-29_DEM.tif,2025-11-19T16:07:37.007040Z,4.10.dev245+g4144cef28,901_6,gray_frequencies,0,6.4
2023-06-29,DEM,../DSMs/2023-06-29_DEM.tif,2025-11-19T16:07:37.007040Z,4.10.dev245+g4144cef28,901_6,gray_frequencies,0,19.200000000000003
2023-06-29,DEM,../DSMs/2023-06-29_DEM.tif,2025-11-19T16:07:37.007040Z,4.10.dev245+g4144cef28,901_6,gray_frequencies,0,32.0
2023-06-29,DEM,../DSMs/2023-06-29_DEM.tif,2025-11-19T16:07:37.007040Z,4.10.dev245+g4144cef28,901_6,gray_frequencies,0,44.800000000000004
2023-06-29,DEM,../DSMs/2023-06-29_DEM.tif,2025-11-19T16:07:37.007040Z,4.10.dev245+g4144cef28,901_6,gray_frequencies,0,57.6
2023-06-29,DEM,../DSMs/2023-06-29_DEM.tif,2025-11-19T16:07:37.007040Z,4.10.dev245+g4144cef28,901_6,gray_frequencies,0,70.4
2023-06-29,DEM,../DSMs/2023-06-29_DEM.tif,2025-11-19T16:07:37.007040Z,4.10.dev245+g4144cef28,901_6,gray_frequencies,0,83.20000000000002
2023-06-29,DEM,../DSMs/2023-06-29_DEM.tif,2025-11-19T16:07:37.007040Z,4.10.dev245+g4144cef28,901_6,gray_frequencies,0,96.0
2023-06-29,DEM,../DSMs/2023-06-29_DEM.tif,2025-11-19T16:07:37.007040Z,4.10.dev245+g4144cef28,901_6,gray_frequencies,0,108.80000000000001
2023-06-29,DEM,../DSMs/2023-06-29_DEM.tif,2025-11-19T16:07:37.007040Z,4.10.dev245+g4144cef28,901_6,gray_frequencies,0,121.6
2023-06-29,DEM,../DSMs/2023-06-29_DEM.tif,2025-11-19T16:07:37.007040Z,4.10.dev245+g4144cef28,901_6,gray_frequencies,26,134.4
2023-06-29,DEM,../DSMs/2023-06-29_DEM.tif,2025-11-19T16:07:37.007040Z,4.10.dev245+g4144cef28,901_6,gray_frequencies,3294,147.20000000000002
2023-06-29,DEM,../DSMs/2023-06-29_DEM.tif,2025-11-19T16:07:37.007040Z,4.10.dev245+g4144cef28,901_6,gray_frequencies,8700,160.0
2023-06-29,DEM,../DSMs/2023-06-29_DEM.tif,2025-11-19T16:07:37.007040Z,4.10.dev245+g4144cef28,901_6,gray_frequencies,53,172.8
2023-06-29,DEM,../DSMs/2023-06-29_DEM.tif,2025-11-19T16:07:37.007040Z,4.10.dev245+g4144cef28,901_6,gray_frequencies,0,185.60000000000002
2023-06-29,DEM,../DSMs/2023-06-29_DEM.tif,2025-11-19T16:07:37.007040Z,4.10.dev245+g4144cef28,901_6,gray_frequencies,0,198.4
2023-06-29,DEM,../DSMs/2023-06-29_DEM.tif,2025-11-19T16:07:37.007040Z,4.10.dev245+g4144cef28,901_6,gray_frequencies,0,211.20000000000002
2023-06-29,DEM,../DSMs/2023-06-29_DEM.tif,2025-11-19T16:07:37.007040Z,4.10.dev245+g4144cef28,901_6,gray_frequencies,0,224.0
2023-06-29,DEM,../DSMs/2023-06-29_DEM.tif,2025-11-19T16:07:37.007040Z,4.10.dev245+g4144cef28,901_6,gray_frequencies,0,236.8
2023-06-29,DEM,../DSMs/2023-06-29_DEM.tif,2025-11-19T16:07:37.007040Z,4.10.dev245+g4144cef28,901_6,gray_frequencies,0,249.60000000000002
2023-06-29,DEM,../DSMs/2023-06-29_DEM.tif,2025-11-19T16:07:37.007040Z,4.10.dev245+g4144cef28,701_7,gray_frequencies,0,6.4
2023-06-29,DEM,../DSMs/2023-06-29_DEM.tif,2025-11-19T16:07:37.007040Z,4.10.dev245+g4144cef28,701_7,gray_frequencies,0,19.200000000000003
2023-06-29,DEM,../DSMs/2023-06-29_DEM.tif,2025-11-19T16:07:37.007040Z,4.10.dev245+g4144cef28,701_7,gray_frequencies,0,32.0
2023-06-29,DEM,../DSMs/2023-06-29_DEM.tif,2025-11-19T16:07:37.007040Z,4.10.dev245+g4144cef28,701_7,gray_frequencies,0,44.800000000000004
2023-06-29,DEM,../DSMs/2023-06-29_DEM.tif,2025-11-19T16:07:37.007040Z,4.10.dev245+g4144cef28,701_7,gray_frequencies,0,57.6
2023-06-29,DEM,../DSMs/2023-06-29_DEM.tif,2025-11-19T16:07:37.007040Z,4.10.dev245+g4144cef28,701_7,gray_frequencies,0,70.4
2023-06-29,DEM,../DSMs/2023-06-29_DEM.tif,2025-11-19T16:07:37.007040Z,4.10.dev245+g4144cef28,701_7,gray_frequencies,0,83.20000000000002
2023-06-29,DEM,../DSMs/2023-06-29_DEM.tif,2025-11-19T16:07:37.007040Z,4.10.dev245+g4144cef28,701_7,gray_frequencies,0,96.0
2023-06-29,DEM,../DSMs/2023-06-29_DEM.tif,2025-11-19T16:07:37.007040Z,4.10.dev245+g4144cef28,701_7,gray_frequencies,0,108.80000000000001
2023-06-29,DEM,../DSMs/2023-06-29_DEM.tif,2025-11-19T16:07:37.007040Z,4.10.dev245+g4144cef28,701_7,gray_frequencies,0,121.6
2023-06-29,DEM,../DSMs/2023-06-29_DEM.tif,2025-11-19T16:07:37.007040Z,4.10.dev245+g4144cef28,701_7,gray_frequencies,0,134.4
2023-06-29,DEM,../DSMs/2023-06-29_DEM.tif,2025-11-19T16:07:37.007040Z,4.10.dev245+g4144cef28,701_7,gray_frequencies,0,147.20000000000002
2023-06-29,DEM,../DSMs/2023-06-29_DEM.tif,2025-11-19T16:07:37.007040Z,4.10.dev245+g4144cef28,701_7,gray_frequencies,21,160.0
2023-06-29,DEM,../DSMs/2023-06-29_DEM.tif,2025-11-19T16:07:37.007040Z,4.10.dev245+g4144cef28,701_7,gray_frequencies,2512,172.8
2023-06-29,DEM,../DSMs/2023-06-29_DEM.tif,2025-11-19T16:07:37.007040Z,4.10.dev245+g4144cef28,701_7,gray_frequencies,6956,185.60000000000002
2023-06-29,DEM,../DSMs/2023-06-29_DEM.tif,2025-11-19T16:07:37.007040Z,4.10.dev245+g4144cef28,701_7,gray_frequencies,1834,198.4
2023-06-29,DEM,../DSMs/2023-06-29_DEM.tif,2025-11-19T16:07:37.007040Z,4.10.dev245+g4144cef28,701_7,gray_frequencies,0,211.20000000000002
2023-06-29,DEM,../DSMs/2023-06-29_DEM.tif,2025-11-19T16:07:37.007040Z,4.10.dev245+g4144cef28,701_7,gray_frequencies,0,224.0
2023-06-29,DEM,../DSMs/2023-06-29_DEM.tif,2025-11-19T16:07:37.007040Z,4.10.dev245+g4144cef28,701_7,gray_frequencies,0,236.8
2023-06-29,DEM,../DSMs/2023-06-29_DEM.tif,2025-11-19T16:07:37.007040Z,4.10.dev245+g4144cef28,701_7,gray_frequencies,0,249.60000000000002
2023-06-29,DEM,../DSMs/2023-06-29_DEM.tif,2025-11-19T16:07:37.007040Z,4.10.dev245+g4144cef28,801_8,gray_frequencies,0,6.4
2023-06-29,DEM,../DSMs/2023-06-29_DEM.tif,2025-11-19T16:07:37.007040Z,4.10.dev245+g4144cef28,801_8,gray_frequencies,0,19.200000000000003
2023-06-29,DEM,../DSMs/2023-06-29_DEM.tif,2025-11-19T16:07:37.007040Z,4.10.dev245+g4144cef28,801_8,gray_frequencies,0,32.0
2023-06-29,DEM,../DSMs/2023-06-29_DEM.tif,2025-11-19T16:07:37.007040Z,4.10.dev245+g4144cef28,801_8,gray_frequencies,0,44.800000000000004
2023-06-29,DEM,../DSMs/2023-06-29_DEM.tif,2025-11-19T16:07:37.007040Z,4.10.dev245+g4144cef28,801_8,gray_frequencies,0,57.6
2023-06-29,DEM,../DSMs/2023-06-29_DEM.tif,2025-11-19T16:07:37.007040Z,4.10.dev245+g4144cef28,801_8,gray_frequencies,0,70.4
2023-06-29,DEM,../DSMs/2023-06-29_DEM.tif,2025-11-19T16:07:37.007040Z,4.10.dev245+g4144cef28,801_8,gray_frequencies,0,83.20000000000002
2023-06-29,DEM,../DSMs/2023-06-29_DEM.tif,2025-11-19T16:07:37.007040Z,4.10.dev245+g4144cef28,801_8,gray_frequencies,0,96.0
2023-06-29,DEM,../DSMs/2023-06-29_DEM.tif,2025-11-19T16:07:37.007040Z,4.10.dev245+g4144cef28,801_8,gray_frequencies,0,108.80000000000001
2023-06-29,DEM,../DSMs/2023-06-29_DEM.tif,2025-11-19T16:07:37.007040Z,4.10.dev245+g4144cef28,801_8,gray_frequencies,0,121.6
2023-06-29,DEM,../DSMs/2023-06-29_DEM.tif,2025-11-19T16:07:37.007040Z,4.10.dev245+g4144cef28,801_8,gray_frequencies,0,134.4
2023-06-29,DEM,../DSMs/2023-06-29_DEM.tif,2025-11-19T16:07:37.007040Z,4.10.dev245+g4144cef28,801_8,gray_frequencies,0,147.20000000000002
2023-06-29,DEM,../DSMs/2023-06-29_DEM.tif,2025-11-19T16:07:37.007040Z,4.10.dev245+g4144cef28,801_8,gray_frequencies,0,160.0
2023-06-29,DEM,../DSMs/2023-06-29_DEM.tif,2025-11-19T16:07:37.007040Z,4.10.dev245+g4144cef28,801_8,gray_frequencies,4437,172.8
2023-06-29,DEM,../DSMs/2023-06-29_DEM.tif,2025-11-19T16:07:37.007040Z,4.10.dev245+g4144cef28,801_8,gray_frequencies,6868,185.60000000000002
2023-06-29,DEM,../DSMs/2023-06-29_DEM.tif,2025-11-19T16:07:37.007040Z,4.10.dev245+g4144cef28,801_8,gray_frequencies,827,198.4
2023-06-29,DEM,../DSMs/2023-06-29_DEM.tif,2025-11-19T16:07:37.007040Z,4.10.dev245+g4144cef28,801_8,gray_frequencies,0,211.20000000000002
2023-06-29,DEM,../DSMs/2023-06-29_DEM.tif,2025-11-19T16:07:37.007040Z,4.10.dev245+g4144cef28,801_8,gray_frequencies,0,224.0
2023-06-29,DEM,../DSMs/2023-06-29_DEM.tif,2025-11-19T16:07:37.007040Z,4.10.dev245+g4144cef28,801_8,gray_frequencies,0,236.8
2023-06-29,DEM,../DSMs/2023-06-29_DEM.tif,2025-11-19T16:07:37.007040Z,4.10.dev245+g4144cef28,801_8,gray_frequencies,1,249.60000000000002
2023-06-29,DEM,../DSMs/2023-06-29_DEM.tif,2025-11-19T16:07:37.007040Z,4.10.dev245+g4144cef28,601_9,gray_frequencies,0,6.4
2023-06-29,DEM,../DSMs/2023-06-29_DEM.tif,2025-11-19T16:07:37.007040Z,4.10.dev245+g4144cef28,601_9,gray_frequencies,0,19.200000000000003
2023-06-29,DEM,../DSMs/2023-06-29_DEM.tif,2025-11-19T16:07:37.007040Z,4.10.dev245+g4144cef28,601_9,gray_frequencies,0,32.0
2023-06-29,DEM,../DSMs/2023-06-29_DEM.tif,2025-11-19T16:07:37.007040Z,4.10.dev245+g4144cef28,601_9,gray_frequencies,0,44.800000000000004
2023-06-29,DEM,../DSMs/2023-06-29_DEM.tif,2025-11-19T16:07:37.007040Z,4.10.dev245+g4144cef28,601_9,gray_frequencies,0,57.6
2023-06-29,DEM,../DSMs/2023-06-29_DEM.tif,2025-11-19T16:07:37.007040Z,4.10.dev245+g4144cef28,601_9,gray_frequencies,0,70.4
2023-06-29,DEM,../DSMs/2023-06-29_DEM.tif,2025-11-19T16:07:37.007040Z,4.10.dev245+g4144cef28,601_9,gray_frequencies,0,83.20000000000002
2023-06-29,DEM,../DSMs/2023-06-29_DEM.tif,2025-11-19T16:07:37.007040Z,4.10.dev245+g4144cef28,601_9,gray_frequencies,0,96.0
2023-06-29,DEM,../DSMs/2023-06-29_DEM.tif,2025-11-19T16:07:37.007040Z,4.10.dev245+g4144cef28,601_9,gray_frequencies,0,108.80000000000001
2023-06-29,DEM,../DSMs/2023-06-29_DEM.tif,2025-11-19T16:07:37.007040Z,4.10.dev245+g4144cef28,601_9,gray_frequencies,0,121.6
2023-06-29,DEM,../DSMs/2023-06-29_DEM.tif,2025-11-19T16:07:37.007040Z,4.10.dev245+g4144cef28,601_9,gray_frequencies,0,134.4
2023-06-29,DEM,../DSMs/2023-06-29_DEM.tif,2025-11-19T16:07:37.007040Z,4.10.dev245+g4144cef28,601_9,gray_frequencies,0,147.20000000000002
2023-06-29,DEM,../DSMs/2023-06-29_DEM.tif,2025-11-19T16:07:37.007040Z,4.10.dev245+g4144cef28,601_9,gray_frequencies,362,160.0
2023-06-29,DEM,../DSMs/2023-06-29_DEM.tif,2025-11-19T16:07:37.007040Z,4.10.dev245+g4144cef28,601_9,gray_frequencies,6062,172.8
2023-06-29,DEM,../DSMs/2023-06-29_DEM.tif,2025-11-19T16:07:37.007040Z,4.10.dev245+g4144cef28,601_9,gray_frequencies,6413,185.60000000000002
2023-06-29,DEM,../DSMs/2023-06-29_DEM.tif,2025-11-19T16:07:37.007040Z,4.10.dev245+g4144cef28,601_9,gray_frequencies,0,198.4
2023-06-29,DEM,../DSMs/2023-06-29_DEM.tif,2025-11-19T16:07:37.007040Z,4.10.dev245+g4144cef28,601_9,gray_frequencies,0,211.20000000000002
2023-06-29,DEM,../DSMs/2023-06-29_DEM.tif,2025-11-19T16:07:37.007040Z,4.10.dev245+g4144cef28,601_9,gray_frequencies,0,224.0
2023-06-29,DEM,../DSMs/2023-06-29_DEM.tif,2025-11-19T16:07:37.007040Z,4.10.dev245+g4144cef28,601_9,gray_frequencies,0,236.8
2023-06-29,DEM,../DSMs/2023-06-29_DEM.tif,2025-11-19T16:07:37.007040Z,4.10.dev245+g4144cef28,601_9,gray_frequencies,0,249.60000000000002
2023-06-29,DEM,../DSMs/2023-06-29_DEM.tif,2025-11-19T16:07:37.007040Z,4.10.dev245+g4144cef28,502_10,gray_frequencies,0,6.4
2023-06-29,DEM,../DSMs/2023-06-29_DEM.tif,2025-11-19T16:07:37.007040Z,4.10.dev245+g4144cef28,502_10,gray_frequencies,0,19.200000000000003
2023-06-29,DEM,../DSMs/2023-06-29_DEM.tif,2025-11-19T16:07:37.007040Z,4.10.dev245+g4144cef28,502_10,gray_frequencies,0,32.0
2023-06-29,DEM,../DSMs/2023-06-29_DEM.tif,2025-11-19T16:07:37.007040Z,4.10.dev245+g4144cef28,502_10,gray_frequencies,0,44.800000000000004
2023-06-29,DEM,../DSMs/2023-06-29_DEM.tif,2025-11-19T16:07:37.007040Z,4.10.dev245+g4144cef28,502_10,gray_frequencies,0,57.6
2023-06-29,DEM,../DSMs/2023-06-29_DEM.tif,2025-11-19T16:07:37.007040Z,4.10.dev245+g4144cef28,502_10,gray_frequencies,0,70.4
2023-06-29,DEM,../DSMs/2023-06-29_DEM.tif,2025-11-19T16:07:37.007040Z,4.10.dev245+g4144cef28,502_10,gray_frequencies,0,83.20000000000002
2023-06-29,DEM,../DSMs/2023-06-29_DEM.tif,2025-11-19T16:07:37.007040Z,4.10.dev245+g4144cef28,502_10,gray_frequencies,0,96.0
2023-06-29,DEM,../DSMs/2023-06-29_DEM.tif,2025-11-19T16:07:37.007040Z,4.10.dev245+g4144cef28,502_10,gray_frequencies,3583,108.80000000000001
2023-06-29,DEM,../DSMs/2023-06-29_DEM.tif,2025-11-19T16:07:37.007040Z,4.10.dev245+g4144cef28,502_10,gray_frequencies,6934,121.6
2023-06-29,DEM,../DSMs/2023-06-29_DEM.tif,2025-11-19T16:07:37.007040Z,4.10.dev245+g4144cef28,502_10,gray_frequencies,2353,134.4
2023-06-29,DEM,../DSMs/2023-06-29_DEM.tif,2025-11-19T16:07:37.007040Z,4.10.dev245+g4144cef28,502_10,gray_frequencies,0,147.20000000000002
2023-06-29,DEM,../DSMs/2023-06-29_DEM.tif,2025-11-19T16:07:37.007040Z,4.10.dev245+g4144cef28,502_10,gray_frequencies,0,160.0
2023-06-29,DEM,../DSMs/2023-06-29_DEM.tif,2025-11-19T16:07:37.007040Z,4.10.dev245+g4144cef28,502_10,gray_frequencies,0,172.8
2023-06-29,DEM,../DSMs/2023-06-29_DEM.tif,2025-11-19T16:07:37.007040Z,4.10.dev245+g4144cef28,502_10,gray_frequencies,0,185.60000000000002
2023-06-29,DEM,../DSMs/2023-06-29_DEM.tif,2025-11-19T16:07:37.007040Z,4.10.dev245+g4144cef28,502_10,gray_frequencies,0,198.4
2023-06-29,DEM,../DSMs/2023-06-29_DEM.tif,2025-11-19T16:07:37.007040Z,4.10.dev245+g4144cef28,502_10,gray_frequencies,0,211.20000000000002
2023-06-29,DEM,../DSMs/2023-06-29_DEM.tif,2025-11-19T16:07:37.007040Z,4.10.dev245+g4144cef28,502_10,gray_frequencies,0,224.0
2023-06-29,DEM,../DSMs/2023-06-29_DEM.tif,2025-11-19T16:07:37.007040Z,4.10.dev245+g4144cef28,502_10,gray_frequencies,0,236.8
2023-06-29,DEM,../DSMs/2023-06-29_DEM.tif,2025-11-19T16:07:37.007040Z,4.10.dev245+g4144cef28,502_10,gray_frequencies,0,249.60000000000002
2023-06-29,DEM,../DSMs/2023-06-29_DEM.tif,2025-11-19T16:07:37.007040Z,4.10.dev245+g4144cef28,402_11,gray_frequencies,0,6.4
2023-06-29,DEM,../DSMs/2023-06-29_DEM.tif,2025-11-19T16:07:37.007040Z,4.10.dev245+g4144cef28,402_11,gray_frequencies,0,19.200000000000003
2023-06-29,DEM,../DSMs/2023-06-29_DEM.tif,2025-11-19T16:07:37.007040Z,4.10.dev245+g4144cef28,402_11,gray_frequencies,0,32.0
2023-06-29,DEM,../DSMs/2023-06-29_DEM.tif,2025-11-19T16:07:37.007040Z,4.10.dev245+g4144cef28,402_11,gray_frequencies,0,44.800000000000004
2023-06-29,DEM,../DSMs/2023-06-29_DEM.tif,2025-11-19T16:07:37.007040Z,4.10.dev245+g4144cef28,402_11,gray_frequencies,0,57.6
2023-06-29,DEM,../DSMs/2023-06-29_DEM.tif,2025-11-19T16:07:37.007040Z,4.10.dev245+g4144cef28,402_11,gray_frequencies,0,70.4
2023-06-29,DEM,../DSMs/2023-06-29_DEM.tif,2025-11-19T16:07:37.007040Z,4.10.dev245+g4144cef28,402_11,gray_frequencies,0,83.20000000000002
2023-06-29,DEM,../DSMs/2023-06-29_DEM.tif,2025-11-19T16:07:37.007040Z,4.10.dev245+g4144cef28,402_11,gray_frequencies,1234,96.0
2023-06-29,DEM,../DSMs/2023-06-29_DEM.tif,2025-11-19T16:07:37.007040Z,4.10.dev245+g4144cef28,402_11,gray_frequencies,6428,108.80000000000001
2023-06-29,DEM,../DSMs/2023-06-29_DEM.tif,2025-11-19T16:07:37.007040Z,4.10.dev245+g4144cef28,402_11,gray_frequencies,5164,121.6
2023-06-29,DEM,../DSMs/2023-06-29_DEM.tif,2025-11-19T16:07:37.007040Z,4.10.dev245+g4144cef28,402_11,gray_frequencies,20,134.4
2023-06-29,DEM,../DSMs/2023-06-29_DEM.tif,2025-11-19T16:07:37.007040Z,4.10.dev245+g4144cef28,402_11,gray_frequencies,0,147.20000000000002
2023-06-29,DEM,../DSMs/2023-06-29_DEM.tif,2025-11-19T16:07:37.007040Z,4.10.dev245+g4144cef28,402_11,gray_frequencies,0,160.0
2023-06-29,DEM,../DSMs/2023-06-29_DEM.tif,2025-11-19T16:07:37.007040Z,4.10.dev245+g4144cef28,402_11,gray_frequencies,0,172.8
2023-06-29,DEM,../DSMs/2023-06-29_DEM.tif,2025-11-19T16:07:37.007040Z,4.10.dev245+g4144cef28,402_11,gray_frequencies,0,185.60000000000002
2023-06-29,DEM,../DSMs/2023-06-29_DEM.tif,2025-11-19T16:07:37.007040Z,4.10.dev245+g4144cef28,402_11,gray_frequencies,0,198.4
2023-06-29,DEM,../DSMs/2023-06-29_DEM.tif,2025-11-19T16:07:37.007040Z,4.10.dev245+g4144cef28,402_11,gray_frequencies,0,211.20000000000002
2023-06-29,DEM,../DSMs/2023-06-29_DEM.tif,2025-11-19T16:07:37.007040Z,4.10.dev245+g4144cef28,402_11,gray_frequencies,0,224.0
2023-06-29,DEM,../DSMs/2023-06-29_DEM.tif,2025-11-19T16:07:37.007040Z,4.10.dev245+g4144cef28,402_11,gray_frequencies,0,236.8
2023-06-29,DEM,../DSMs/2023-06-29_DEM.tif,2025-11-19T16:07:37.007040Z,4.10.dev245+g4144cef28,402_11,gray_frequencies,0,249.60000000000002
2023-06-29,DEM,../DSMs/2023-06-29_DEM.tif,2025-11-19T16:07:37.007040Z,4.10.dev245+g4144cef28,102_12,gray_frequencies,0,6.4
2023-06-29,DEM,../DSMs/2023-06-29_DEM.tif,2025-11-19T16:07:37.007040Z,4.10.dev245+g4144cef28,102_12,gray_frequencies,0,19.200000000000003
2023-06-29,DEM,../DSMs/2023-06-29_DEM.tif,2025-11-19T16:07:37.007040Z,4.10.dev245+g4144cef28,102_12,gray_frequencies,0,32.0
2023-06-29,DEM,../DSMs/2023-06-29_DEM.tif,2025-11-19T16:07:37.007040Z,4.10.dev245+g4144cef28,102_12,gray_frequencies,0,44.800000000000004
2023-06-29,DEM,../DSMs/2023-06-29_DEM.tif,2025-11-19T16:07:37.007040Z,4.10.dev245+g4144cef28,102_12,gray_frequencies,0,57.6
2023-06-29,DEM,../DSMs/2023-06-29_DEM.tif,2025-11-19T16:07:37.007040Z,4.10.dev245+g4144cef28,102_12,gray_frequencies,0,70.4
2023-06-29,DEM,../DSMs/2023-06-29_DEM.tif,2025-11-19T16:07:37.007040Z,4.10.dev245+g4144cef28,102_12,gray_frequencies,0,83.20000000000002
2023-06-29,DEM,../DSMs/2023-06-29_DEM.tif,2025-11-19T16:07:37.007040Z,4.10.dev245+g4144cef28,102_12,gray_frequencies,5096,96.0
2023-06-29,DEM,../DSMs/2023-06-29_DEM.tif,2025-11-19T16:07:37.007040Z,4.10.dev245+g4144cef28,102_12,gray_frequencies,7410,108.80000000000001
2023-06-29,DEM,../DSMs/2023-06-29_DEM.tif,2025-11-19T16:07:37.007040Z,4.10.dev245+g4144cef28,102_12,gray_frequencies,1421,121.6
2023-06-29,DEM,../DSMs/2023-06-29_DEM.tif,2025-11-19T16:07:37.007040Z,4.10.dev245+g4144cef28,102_12,gray_frequencies,0,134.4
2023-06-29,DEM,../DSMs/2023-06-29_DEM.tif,2025-11-19T16:07:37.007040Z,4.10.dev245+g4144cef28,102_12,gray_frequencies,0,147.20000000000002
2023-06-29,DEM,../DSMs/2023-06-29_DEM.tif,2025-11-19T16:07:37.007040Z,4.10.dev245+g4144cef28,102_12,gray_frequencies,0,160.0
2023-06-29,DEM,../DSMs/2023-06-29_DEM.tif,2025-11-19T16:07:37.007040Z,4.10.dev245+g4144cef28,102_12,gray_frequencies,0,172.8
2023-06-29,DEM,../DSMs/2023-06-29_DEM.tif,2025-11-19T16:07:37.007040Z,4.10.dev245+g4144cef28,102_12,gray_frequencies,0,185.60000000000002
2023-06-29,DEM,../DSMs/2023-06-29_DEM.tif,2025-11-19T16:07:37.007040Z,4.10.dev245+g4144cef28,102_12,gray_frequencies,0,198.4
2023-06-29,DEM,../DSMs/2023-06-29_DEM.tif,2025-11-19T16:07:37.007040Z,4.10.dev245+g4144cef28,102_12,gray_frequencies,0,211.20000000000002
2023-06-29,DEM,../DSMs/2023-06-29_DEM.tif,2025-11-19T16:07:37.007040Z,4.10.dev245+g4144cef28,102_12,gray_frequencies,0,224.0
2023-06-29,DEM,../DSMs/2023-06-29_DEM.tif,2025-11-19T16:07:37.007040Z,4.10.dev245+g4144cef28,102_12,gray_frequencies,0,236.8
2023-06-29,DEM,../DSMs/2023-06-29_DEM.tif,2025-11-19T16:07:37.007040Z,4.10.dev245+g4144cef28,102_12,gray_frequencies,0,249.60000000000002
2023-06-29,DEM,../DSMs/2023-06-29_DEM.tif,2025-11-19T16:07:37.007040Z,4.10.dev245+g4144cef28,702_13,gray_frequencies,0,6.4
2023-06-29,DEM,../DSMs/2023-06-29_DEM.tif,2025-11-19T16:07:37.007040Z,4.10.dev245+g4144cef28,702_13,gray_frequencies,0,19.200000000000003
2023-06-29,DEM,../DSMs/2023-06-29_DEM.tif,2025-11-19T16:07:37.007040Z,4.10.dev245+g4144cef28,702_13,gray_frequencies,0,32.0
2023-06-29,DEM,../DSMs/2023-06-29_DEM.tif,2025-11-19T16:07:37.007040Z,4.10.dev245+g4144cef28,702_13,gray_frequencies,0,44.800000000000004
2023-06-29,DEM,../DSMs/2023-06-29_DEM.tif,2025-11-19T16:07:37.007040Z,4.10.dev245+g4144cef28,702_13,gray_frequencies,0,57.6
2023-06-29,DEM,../DSMs/2023-06-29_DEM.tif,2025-11-19T16:07:37.007040Z,4.10.dev245+g4144cef28,702_13,gray_frequencies,0,70.4
2023-06-29,DEM,../DSMs/2023-06-29_DEM.tif,2025-11-19T16:07:37.007040Z,4.10.dev245+g4144cef28,702_13,gray_frequencies,0,83.20000000000002
2023-06-29,DEM,../DSMs/2023-06-29_DEM.tif,2025-11-19T16:07:37.007040Z,4.10.dev245+g4144cef28,702_13,gray_frequencies,0,96.0
2023-06-29,DEM,../DSMs/2023-06-29_DEM.tif,2025-11-19T16:07:37.007040Z,4.10.dev245+g4144cef28,702_13,gray_frequencies,0,108.80000000000001
2023-06-29,DEM,../DSMs/2023-06-29_DEM.tif,2025-11-19T16:07:37.007040Z,4.10.dev245+g4144cef28,702_13,gray_frequencies,0,121.6
2023-06-29,DEM,../DSMs/2023-06-29_DEM.tif,2025-11-19T16:07:37.007040Z,4.10.dev245+g4144cef28,702_13,gray_frequencies,2216,134.4
2023-06-29,DEM,../DSMs/2023-06-29_DEM.tif,2025-11-19T16:07:37.007040Z,4.10.dev245+g4144cef28,702_13,gray_frequencies,7153,147.20000000000002
2023-06-29,DEM,../DSMs/2023-06-29_DEM.tif,2025-11-19T16:07:37.007040Z,4.10.dev245+g4144cef28,702_13,gray_frequencies,3088,160.0
2023-06-29,DEM,../DSMs/2023-06-29_DEM.tif,2025-11-19T16:07:37.007040Z,4.10.dev245+g4144cef28,702_13,gray_frequencies,0,172.8
2023-06-29,DEM,../DSMs/2023-06-29_DEM.tif,2025-11-19T16:07:37.007040Z,4.10.dev245+g4144cef28,702_13,gray_frequencies,0,185.60000000000002
2023-06-29,DEM,../DSMs/2023-06-29_DEM.tif,2025-11-19T16:07:37.007040Z,4.10.dev245+g4144cef28,702_13,gray_frequencies,0,198.4
2023-06-29,DEM,../DSMs/2023-06-29_DEM.tif,2025-11-19T16:07:37.007040Z,4.10.dev245+g4144cef28,702_13,gray_frequencies,0,211.20000000000002
2023-06-29,DEM,../DSMs/2023-06-29_DEM.tif,2025-11-19T16:07:37.007040Z,4.10.dev245+g4144cef28,702_13,gray_frequencies,0,224.0
2023-06-29,DEM,../DSMs/2023-06-29_DEM.tif,2025-11-19T16:07:37.007040Z,4.10.dev245+g4144cef28,702_13,gray_frequencies,0,236.8
2023-06-29,DEM,../DSMs/2023-06-29_DEM.tif,2025-11-19T16:07:37.007040Z,4.10.dev245+g4144cef28,702_13,gray_frequencies,0,249.60000000000002
2023-06-29,DEM,../DSMs/2023-06-29_DEM.tif,2025-11-19T16:07:37.007040Z,4.10.dev245+g4144cef28,202_14,gray_frequencies,0,6.4
2023-06-29,DEM,../DSMs/2023-06-29_DEM.tif,2025-11-19T16:07:37.007040Z,4.10.dev245+g4144cef28,202_14,gray_frequencies,0,19.200000000000003
2023-06-29,DEM,../DSMs/2023-06-29_DEM.tif,2025-11-19T16:07:37.007040Z,4.10.dev245+g4144cef28,202_14,gray_frequencies,0,32.0
2023-06-29,DEM,../DSMs/2023-06-29_DEM.tif,2025-11-19T16:07:37.007040Z,4.10.dev245+g4144cef28,202_14,gray_frequencies,0,44.800000000000004
2023-06-29,DEM,../DSMs/2023-06-29_DEM.tif,2025-11-19T16:07:37.007040Z,4.10.dev245+g4144cef28,202_14,gray_frequencies,0,57.6
2023-06-29,DEM,../DSMs/2023-06-29_DEM.tif,2025-11-19T16:07:37.007040Z,4.10.dev245+g4144cef28,202_14,gray_frequencies,0,70.4
2023-06-29,DEM,../DSMs/2023-06-29_DEM.tif,2025-11-19T16:07:37.007040Z,4.10.dev245+g4144cef28,202_14,gray_frequencies,0,83.20000000000002
2023-06-29,DEM,../DSMs/2023-06-29_DEM.tif,2025-11-19T16:07:37.007040Z,4.10.dev245+g4144cef28,202_14,gray_frequencies,0,96.0
2023-06-29,DEM,../DSMs/2023-06-29_DEM.tif,2025-11-19T16:07:37.007040Z,4.10.dev245+g4144cef28,202_14,gray_frequencies,0,108.80000000000001
2023-06-29,DEM,../DSMs/2023-06-29_DEM.tif,2025-11-19T16:07:37.007040Z,4.10.dev245+g4144cef28,202_14,gray_frequencies,332,121.6
2023-06-29,DEM,../DSMs/2023-06-29_DEM.tif,2025-11-19T16:07:37.007040Z,4.10.dev245+g4144cef28,202_14,gray_frequencies,5979,134.4
2023-06-29,DEM,../DSMs/2023-06-29_DEM.tif,2025-11-19T16:07:37.007040Z,4.10.dev245+g4144cef28,202_14,gray_frequencies,6624,147.20000000000002
2023-06-29,DEM,../DSMs/2023-06-29_DEM.tif,2025-11-19T16:07:37.007040Z,4.10.dev245+g4144cef28,202_14,gray_frequencies,548,160.0
2023-06-29,DEM,../DSMs/2023-06-29_DEM.tif,2025-11-19T16:07:37.007040Z,4.10.dev245+g4144cef28,202_14,gray_frequencies,0,172.8
2023-06-29,DEM,../DSMs/2023-06-29_DEM.tif,2025-11-19T16:07:37.007040Z,4.10.dev245+g4144cef28,202_14,gray_frequencies,0,185.60000000000002
2023-06-29,DEM,../DSMs/2023-06-29_DEM.tif,2025-11-19T16:07:37.007040Z,4.10.dev245+g4144cef28,202_14,gray_frequencies,0,198.4
2023-06-29,DEM,../DSMs/2023-06-29_DEM.tif,2025-11-19T16:07:37.007040Z,4.10.dev245+g4144cef28,202_14,gray_frequencies,0,211.20000000000002
2023-06-29,DEM,../DSMs/2023-06-29_DEM.tif,2025-11-19T16:07:37.007040Z,4.10.dev245+g4144cef28,202_14,gray_frequencies,0,224.0
2023-06-29,DEM,../DSMs/2023-06-29_DEM.tif,2025-11-19T16:07:37.007040Z,4.10.dev245+g4144cef28,202_14,gray_frequencies,0,236.8
2023-06-29,DEM,../DSMs/2023-06-29_DEM.tif,2025-11-19T16:07:37.007040Z,4.10.dev245+g4144cef28,202_14,gray_frequencies,0,249.60000000000002
2023-06-29,DEM,../DSMs/2023-06-29_DEM.tif,2025-11-19T16:07:37.007040Z,4.10.dev245+g4144cef28,602_15,gray_frequencies,0,6.4
2023-06-29,DEM,../DSMs/2023-06-29_DEM.tif,2025-11-19T16:07:37.007040Z,4.10.dev245+g4144cef28,602_15,gray_frequencies,0,19.200000000000003
2023-06-29,DEM,../DSMs/2023-06-29_DEM.tif,2025-11-19T16:07:37.007040Z,4.10.dev245+g4144cef28,602_15,gray_frequencies,0,32.0
2023-06-29,DEM,../DSMs/2023-06-29_DEM.tif,2025-11-19T16:07:37.007040Z,4.10.dev245+g4144cef28,602_15,gray_frequencies,0,44.800000000000004
2023-06-29,DEM,../DSMs/2023-06-29_DEM.tif,2025-11-19T16:07:37.007040Z,4.10.dev245+g4144cef28,602_15,gray_frequencies,0,57.6
2023-06-29,DEM,../DSMs/2023-06-29_DEM.tif,2025-11-19T16:07:37.007040Z,4.10.dev245+g4144cef28,602_15,gray_frequencies,0,70.4
2023-06-29,DEM,../DSMs/2023-06-29_DEM.tif,2025-11-19T16:07:37.007040Z,4.10.dev245+g4144cef28,602_15,gray_frequencies,0,83.20000000000002
2023-06-29,DEM,../DSMs/2023-06-29_DEM.tif,2025-11-19T16:07:37.007040Z,4.10.dev245+g4144cef28,602_15,gray_frequencies,0,96.0
2023-06-29,DEM,../DSMs/2023-06-29_DEM.tif,2025-11-19T16:07:37.007040Z,4.10.dev245+g4144cef28,602_15,gray_frequencies,0,108.80000000000001
2023-06-29,DEM,../DSMs/2023-06-29_DEM.tif,2025-11-19T16:07:37.007040Z,4.10.dev245+g4144cef28,602_15,gray_frequencies,3295,121.6
2023-06-29,DEM,../DSMs/2023-06-29_DEM.tif,2025-11-19T16:07:37.007040Z,4.10.dev245+g4144cef28,602_15,gray_frequencies,6646,134.4
2023-06-29,DEM,../DSMs/2023-06-29_DEM.tif,2025-11-19T16:07:37.007040Z,4.10.dev245+g4144cef28,602_15,gray_frequencies,2167,147.20000000000002
2023-06-29,DEM,../DSMs/2023-06-29_DEM.tif,2025-11-19T16:07:37.007040Z,4.10.dev245+g4144cef28,602_15,gray_frequencies,0,160.0
2023-06-29,DEM,../DSMs/2023-06-29_DEM.tif,2025-11-19T16:07:37.007040Z,4.10.dev245+g4144cef28,602_15,gray_frequencies,0,172.8
2023-06-29,DEM,../DSMs/2023-06-29_DEM.tif,2025-11-19T16:07:37.007040Z,4.10.dev245+g4144cef28,602_15,gray_frequencies,0,185.60000000000002
2023-06-29,DEM,../DSMs/2023-06-29_DEM.tif,2025-11-19T16:07:37.007040Z,4.10.dev245+g4144cef28,602_15,gray_frequencies,0,198.4
2023-06-29,DEM,../DSMs/2023-06-29_DEM.tif,2025-11-19T16:07:37.007040Z,4.10.dev245+g4144cef28,602_15,gray_frequencies,0,211.20000000000002
2023-06-29,DEM,../DSMs/2023-06-29_DEM.tif,2025-11-19T16:07:37.007040Z,4.10.dev245+g4144cef28,602_15,gray_frequencies,0,224.0
2023-06-29,DEM,../DSMs/2023-06-29_DEM.tif,2025-11-19T16:07:37.007040Z,4.10.dev245+g4144cef28,602_15,gray_frequencies,0,236.8
2023-06-29,DEM,../DSMs/2023-06-29_DEM.tif,2025-11-19T16:07:37.007040Z,4.10.dev245+g4144cef28,602_15,gray_frequencies,0,249.60000000000002
2023-06-29,DEM,../DSMs/2023-06-29_DEM.tif,2025-11-19T16:07:37.007040Z,4.10.dev245+g4144cef28,802_16,gray_frequencies,0,6.4
2023-06-29,DEM,../DSMs/2023-06-29_DEM.tif,2025-11-19T16:07:37.007040Z,4.10.dev245+g4144cef28,802_16,gray_frequencies,0,19.200000000000003
2023-06-29,DEM,../DSMs/2023-06-29_DEM.tif,2025-11-19T16:07:37.007040Z,4.10.dev245+g4144cef28,802_16,gray_frequencies,0,32.0
2023-06-29,DEM,../DSMs/2023-06-29_DEM.tif,2025-11-19T16:07:37.007040Z,4.10.dev245+g4144cef28,802_16,gray_frequencies,0,44.800000000000004
2023-06-29,DEM,../DSMs/2023-06-29_DEM.tif,2025-11-19T16:07:37.007040Z,4.10.dev245+g4144cef28,802_16,gray_frequencies,0,57.6
2023-06-29,DEM,../DSMs/2023-06-29_DEM.tif,2025-11-19T16:07:37.007040Z,4.10.dev245+g4144cef28,802_16,gray_frequencies,0,70.4
2023-06-29,DEM,../DSMs/2023-06-29_DEM.tif,2025-11-19T16:07:37.007040Z,4.10.dev245+g4144cef28,802_16,gray_frequencies,0,83.20000000000002
2023-06-29,DEM,../DSMs/2023-06-29_DEM.tif,2025-11-19T16:07:37.007040Z,4.10.dev245+g4144cef28,802_16,gray_frequencies,0,96.0
2023-06-29,DEM,../DSMs/2023-06-29_DEM.tif,2025-11-19T16:07:37.007040Z,4.10.dev245+g4144cef28,802_16,gray_frequencies,0,108.80000000000001
2023-06-29,DEM,../DSMs/2023-06-29_DEM.tif,2025-11-19T16:07:37.007040Z,4.10.dev245+g4144cef28,802_16,gray_frequencies,0,121.6
2023-06-29,DEM,../DSMs/2023-06-29_DEM.tif,2025-11-19T16:07:37.007040Z,4.10.dev245+g4144cef28,802_16,gray_frequencies,0,134.4
2023-06-29,DEM,../DSMs/2023-06-29_DEM.tif,2025-11-19T16:07:37.007040Z,4.10.dev245+g4144cef28,802_16,gray_frequencies,0,147.20000000000002
2023-06-29,DEM,../DSMs/2023-06-29_DEM.tif,2025-11-19T16:07:37.007040Z,4.10.dev245+g4144cef28,802_16,gray_frequencies,3224,160.0
2023-06-29,DEM,../DSMs/2023-06-29_DEM.tif,2025-11-19T16:07:37.007040Z,4.10.dev245+g4144cef28,802_16,gray_frequencies,7099,172.8
2023-06-29,DEM,../DSMs/2023-06-29_DEM.tif,2025-11-19T16:07:37.007040Z,4.10.dev245+g4144cef28,802_16,gray_frequencies,2981,185.60000000000002
2023-06-29,DEM,../DSMs/2023-06-29_DEM.tif,2025-11-19T16:07:37.007040Z,4.10.dev245+g4144cef28,802_16,gray_frequencies,0,198.4
2023-06-29,DEM,../DSMs/2023-06-29_DEM.tif,2025-11-19T16:07:37.007040Z,4.10.dev245+g4144cef28,802_16,gray_frequencies,0,211.20000000000002
2023-06-29,DEM,../DSMs/2023-06-29_DEM.tif,2025-11-19T16:07:37.007040Z,4.10.dev245+g4144cef28,802_16,gray_frequencies,0,224.0
2023-06-29,DEM,../DSMs/2023-06-29_DEM.tif,2025-11-19T16:07:37.007040Z,4.10.dev245+g4144cef28,802_16,gray_frequencies,0,236.8
2023-06-29,DEM,../DSMs/2023-06-29_DEM.tif,2025-11-19T16:07:37.007040Z,4.10.dev245+g4144cef28,802_16,gray_frequencies,0,249.60000000000002
2023-06-29,DEM,../DSMs/2023-06-29_DEM.tif,2025-11-19T16:07:37.007040Z,4.10.dev245+g4144cef28,302_17,gray_frequencies,0,6.4
2023-06-29,DEM,../DSMs/2023-06-29_DEM.tif,2025-11-19T16:07:37.007040Z,4.10.dev245+g4144cef28,302_17,gray_frequencies,0,19.200000000000003
2023-06-29,DEM,../DSMs/2023-06-29_DEM.tif,2025-11-19T16:07:37.007040Z,4.10.dev245+g4144cef28,302_17,gray_frequencies,0,32.0
2023-06-29,DEM,../DSMs/2023-06-29_DEM.tif,2025-11-19T16:07:37.007040Z,4.10.dev245+g4144cef28,302_17,gray_frequencies,0,44.800000000000004
2023-06-29,DEM,../DSMs/2023-06-29_DEM.tif,2025-11-19T16:07:37.007040Z,4.10.dev245+g4144cef28,302_17,gray_frequencies,0,57.6
2023-06-29,DEM,../DSMs/2023-06-29_DEM.tif,2025-11-19T16:07:37.007040Z,4.10.dev245+g4144cef28,302_17,gray_frequencies,0,70.4
2023-06-29,DEM,../DSMs/2023-06-29_DEM.tif,2025-11-19T16:07:37.007040Z,4.10.dev245+g4144cef28,302_17,gray_frequencies,0,83.20000000000002
2023-06-29,DEM,../DSMs/2023-06-29_DEM.tif,2025-11-19T16:07:37.007040Z,4.10.dev245+g4144cef28,302_17,gray_frequencies,0,96.0
2023-06-29,DEM,../DSMs/2023-06-29_DEM.tif,2025-11-19T16:07:37.007040Z,4.10.dev245+g4144cef28,302_17,gray_frequencies,0,108.80000000000001
2023-06-29,DEM,../DSMs/2023-06-29_DEM.tif,2025-11-19T16:07:37.007040Z,4.10.dev245+g4144cef28,302_17,gray_frequencies,0,121.6
2023-06-29,DEM,../DSMs/2023-06-29_DEM.tif,2025-11-19T16:07:37.007040Z,4.10.dev245+g4144cef28,302_17,gray_frequencies,0,134.4
2023-06-29,DEM,../DSMs/2023-06-29_DEM.tif,2025-11-19T16:07:37.007040Z,4.10.dev245+g4144cef28,302_17,gray_frequencies,2,147.20000000000002
2023-06-29,DEM,../DSMs/2023-06-29_DEM.tif,2025-11-19T16:07:37.007040Z,4.10.dev245+g4144cef28,302_17,gray_frequencies,5883,160.0
2023-06-29,DEM,../DSMs/2023-06-29_DEM.tif,2025-11-19T16:07:37.007040Z,4.10.dev245+g4144cef28,302_17,gray_frequencies,8011,172.8
2023-06-29,DEM,../DSMs/2023-06-29_DEM.tif,2025-11-19T16:07:37.007040Z,4.10.dev245+g4144cef28,302_17,gray_frequencies,41,185.60000000000002
2023-06-29,DEM,../DSMs/2023-06-29_DEM.tif,2025-11-19T16:07:37.007040Z,4.10.dev245+g4144cef28,302_17,gray_frequencies,0,198.4
2023-06-29,DEM,../DSMs/2023-06-29_DEM.tif,2025-11-19T16:07:37.007040Z,4.10.dev245+g4144cef28,302_17,gray_frequencies,0,211.20000000000002
2023-06-29,DEM,../DSMs/2023-06-29_DEM.tif,2025-11-19T16:07:37.007040Z,4.10.dev245+g4144cef28,302_17,gray_frequencies,0,224.0
2023-06-29,DEM,../DSMs/2023-06-29_DEM.tif,2025-11-19T16:07:37.007040Z,4.10.dev245+g4144cef28,302_17,gray_frequencies,0,236.8
2023-06-29,DEM,../DSMs/2023-06-29_DEM.tif,2025-11-19T16:07:37.007040Z,4.10.dev245+g4144cef28,302_17,gray_frequencies,0,249.60000000000002
2023-06-29,DEM,../DSMs/2023-06-29_DEM.tif,2025-11-19T16:07:37.007040Z,4.10.dev245+g4144cef28,902_18,gray_frequencies,0,6.4
2023-06-29,DEM,../DSMs/2023-06-29_DEM.tif,2025-11-19T16:07:37.007040Z,4.10.dev245+g4144cef28,902_18,gray_frequencies,0,19.200000000000003
2023-06-29,DEM,../DSMs/2023-06-29_DEM.tif,2025-11-19T16:07:37.007040Z,4.10.dev245+g4144cef28,902_18,gray_frequencies,0,32.0
2023-06-29,DEM,../DSMs/2023-06-29_DEM.tif,2025-11-19T16:07:37.007040Z,4.10.dev245+g4144cef28,902_18,gray_frequencies,0,44.800000000000004
2023-06-29,DEM,../DSMs/2023-06-29_DEM.tif,2025-11-19T16:07:37.007040Z,4.10.dev245+g4144cef28,902_18,gray_frequencies,0,57.6
2023-06-29,DEM,../DSMs/2023-06-29_DEM.tif,2025-11-19T16:07:37.007040Z,4.10.dev245+g4144cef28,902_18,gray_frequencies,0,70.4
2023-06-29,DEM,../DSMs/2023-06-29_DEM.tif,2025-11-19T16:07:37.007040Z,4.10.dev245+g4144cef28,902_18,gray_frequencies,0,83.20000000000002
2023-06-29,DEM,../DSMs/2023-06-29_DEM.tif,2025-11-19T16:07:37.007040Z,4.10.dev245+g4144cef28,902_18,gray_frequencies,0,96.0
2023-06-29,DEM,../DSMs/2023-06-29_DEM.tif,2025-11-19T16:07:37.007040Z,4.10.dev245+g4144cef28,902_18,gray_frequencies,0,108.80000000000001
2023-06-29,DEM,../DSMs/2023-06-29_DEM.tif,2025-11-19T16:07:37.007040Z,4.10.dev245+g4144cef28,902_18,gray_frequencies,0,121.6
2023-06-29,DEM,../DSMs/2023-06-29_DEM.tif,2025-11-19T16:07:37.007040Z,4.10.dev245+g4144cef28,902_18,gray_frequencies,0,134.4
2023-06-29,DEM,../DSMs/2023-06-29_DEM.tif,2025-11-19T16:07:37.007040Z,4.10.dev245+g4144cef28,902_18,gray_frequencies,3091,147.20000000000002
2023-06-29,DEM,../DSMs/2023-06-29_DEM.tif,2025-11-19T16:07:37.007040Z,4.10.dev245+g4144cef28,902_18,gray_frequencies,7176,160.0
2023-06-29,DEM,../DSMs/2023-06-29_DEM.tif,2025-11-19T16:07:37.007040Z,4.10.dev245+g4144cef28,902_18,gray_frequencies,3303,172.8
2023-06-29,DEM,../DSMs/2023-06-29_DEM.tif,2025-11-19T16:07:37.007040Z,4.10.dev245+g4144cef28,902_18,gray_frequencies,0,185.60000000000002
2023-06-29,DEM,../DSMs/2023-06-29_DEM.tif,2025-11-19T16:07:37.007040Z,4.10.dev245+g4144cef28,902_18,gray_frequencies,0,198.4
2023-06-29,DEM,../DSMs/2023-06-29_DEM.tif,2025-11-19T16:07:37.007040Z,4.10.dev245+g4144cef28,902_18,gray_frequencies,0,211.20000000000002
2023-06-29,DEM,../DSMs/2023-06-29_DEM.tif,2025-11-19T16:07:37.007040Z,4.10.dev245+g4144cef28,902_18,gray_frequencies,0,224.0
2023-06-29,DEM,../DSMs/2023-06-29_DEM.tif,2025-11-19T16:07:37.007040Z,4.10.dev245+g4144cef28,902_18,gray_frequencies,0,236.8
2023-06-29,DEM,../DSMs/2023-06-29_DEM.tif,2025-11-19T16:07:37.007040Z,4.10.dev245+g4144cef28,902_18,gray_frequencies,0,249.60000000000002
2023-06-29,DEM,../DSMs/2023-06-29_DEM.tif,2025-11-19T16:07:37.007040Z,4.10.dev245+g4144cef28,703_19,gray_frequencies,0,6.4
2023-06-29,DEM,../DSMs/2023-06-29_DEM.tif,2025-11-19T16:07:37.007040Z,4.10.dev245+g4144cef28,703_19,gray_frequencies,0,19.200000000000003
2023-06-29,DEM,../DSMs/2023-06-29_DEM.tif,2025-11-19T16:07:37.007040Z,4.10.dev245+g4144cef28,703_19,gray_frequencies,0,32.0
2023-06-29,DEM,../DSMs/2023-06-29_DEM.tif,2025-11-19T16:07:37.007040Z,4.10.dev245+g4144cef28,703_19,gray_frequencies,0,44.800000000000004
2023-06-29,DEM,../DSMs/2023-06-29_DEM.tif,2025-11-19T16:07:37.007040Z,4.10.dev245+g4144cef28,703_19,gray_frequencies,0,57.6
2023-06-29,DEM,../DSMs/2023-06-29_DEM.tif,2025-11-19T16:07:37.007040Z,4.10.dev245+g4144cef28,703_19,gray_frequencies,0,70.4
2023-06-29,DEM,../DSMs/2023-06-29_DEM.tif,2025-11-19T16:07:37.007040Z,4.10.dev245+g4144cef28,703_19,gray_frequencies,936,83.20000000000002
2023-06-29,DEM,../DSMs/2023-06-29_DEM.tif,2025-11-19T16:07:37.007040Z,4.10.dev245+g4144cef28,703_19,gray_frequencies,7028,96.0
2023-06-29,DEM,../DSMs/2023-06-29_DEM.tif,2025-11-19T16:07:37.007040Z,4.10.dev245+g4144cef28,703_19,gray_frequencies,5372,108.80000000000001
2023-06-29,DEM,../DSMs/2023-06-29_DEM.tif,2025-11-19T16:07:37.007040Z,4.10.dev245+g4144cef28,703_19,gray_frequencies,0,121.6
2023-06-29,DEM,../DSMs/2023-06-29_DEM.tif,2025-11-19T16:07:37.007040Z,4.10.dev245+g4144cef28,703_19,gray_frequencies,0,134.4
2023-06-29,DEM,../DSMs/2023-06-29_DEM.tif,2025-11-19T16:07:37.007040Z,4.10.dev245+g4144cef28,703_19,gray_frequencies,0,147.20000000000002
2023-06-29,DEM,../DSMs/2023-06-29_DEM.tif,2025-11-19T16:07:37.007040Z,4.10.dev245+g4144cef28,703_19,gray_frequencies,0,160.0
2023-06-29,DEM,../DSMs/2023-06-29_DEM.tif,2025-11-19T16:07:37.007040Z,4.10.dev245+g4144cef28,703_19,gray_frequencies,0,172.8
2023-06-29,DEM,../DSMs/2023-06-29_DEM.tif,2025-11-19T16:07:37.007040Z,4.10.dev245+g4144cef28,703_19,gray_frequencies,0,185.60000000000002
2023-06-29,DEM,../DSMs/2023-06-29_DEM.tif,2025-11-19T16:07:37.007040Z,4.10.dev245+g4144cef28,703_19,gray_frequencies,0,198.4
2023-06-29,DEM,../DSMs/2023-06-29_DEM.tif,2025-11-19T16:07:37.007040Z,4.10.dev245+g4144cef28,703_19,gray_frequencies,0,211.20000000000002
2023-06-29,DEM,../DSMs/2023-06-29_DEM.tif,2025-11-19T16:07:37.007040Z,4.10.dev245+g4144cef28,703_19,gray_frequencies,0,224.0
2023-06-29,DEM,../DSMs/2023-06-29_DEM.tif,2025-11-19T16:07:37.007040Z,4.10.dev245+g4144cef28,703_19,gray_frequencies,0,236.8
2023-06-29,DEM,../DSMs/2023-06-29_DEM.tif,2025-11-19T16:07:37.007040Z,4.10.dev245+g4144cef28,703_19,gray_frequencies,0,249.60000000000002
2023-06-29,DEM,../DSMs/2023-06-29_DEM.tif,2025-11-19T16:07:37.007040Z,4.10.dev245+g4144cef28,103_20,gray_frequencies,0,6.4
2023-06-29,DEM,../DSMs/2023-06-29_DEM.tif,2025-11-19T16:07:37.007040Z,4.10.dev245+g4144cef28,103_20,gray_frequencies,0,19.200000000000003
2023-06-29,DEM,../DSMs/2023-06-29_DEM.tif,2025-11-19T16:07:37.007040Z,4.10.dev245+g4144cef28,103_20,gray_frequencies,0,32.0
2023-06-29,DEM,../DSMs/2023-06-29_DEM.tif,2025-11-19T16:07:37.007040Z,4.10.dev245+g4144cef28,103_20,gray_frequencies,0,44.800000000000004
2023-06-29,DEM,../DSMs/2023-06-29_DEM.tif,2025-11-19T16:07:37.007040Z,4.10.dev245+g4144cef28,103_20,gray_frequencies,0,57.6
2023-06-29,DEM,../DSMs/2023-06-29_DEM.tif,2025-11-19T16:07:37.007040Z,4.10.dev245+g4144cef28,103_20,gray_frequencies,7,70.4
2023-06-29,DEM,../DSMs/2023-06-29_DEM.tif,2025-11-19T16:07:37.007040Z,4.10.dev245+g4144cef28,103_20,gray_frequencies,4347,83.20000000000002
2023-06-29,DEM,../DSMs/2023-06-29_DEM.tif,2025-11-19T16:07:37.007040Z,4.10.dev245+g4144cef28,103_20,gray_frequencies,7431,96.0
2023-06-29,DEM,../DSMs/2023-06-29_DEM.tif,2025-11-19T16:07:37.007040Z,4.10.dev245+g4144cef28,103_20,gray_frequencies,2191,108.80000000000001
2023-06-29,DEM,../DSMs/2023-06-29_DEM.tif,2025-11-19T16:07:37.007040Z,4.10.dev245+g4144cef28,103_20,gray_frequencies,0,121.6
2023-06-29,DEM,../DSMs/2023-06-29_DEM.tif,2025-11-19T16:07:37.007040Z,4.10.dev245+g4144cef28,103_20,gray_frequencies,0,134.4
2023-06-29,DEM,../DSMs/2023-06-29_DEM.tif,2025-11-19T16:07:37.007040Z,4.10.dev245+g4144cef28,103_20,gray_frequencies,0,147.20000000000002
2023-06-29,DEM,../DSMs/2023-06-29_DEM.tif,2025-11-19T16:07:37.007040Z,4.10.dev245+g4144cef28,103_20,gray_frequencies,0,160.0
2023-06-29,DEM,../DSMs/2023-06-29_DEM.tif,2025-11-19T16:07:37.007040Z,4.10.dev245+g4144cef28,103_20,gray_frequencies,0,172.8
2023-06-29,DEM,../DSMs/2023-06-29_DEM.tif,2025-11-19T16:07:37.007040Z,4.10.dev245+g4144cef28,103_20,gray_frequencies,0,185.60000000000002
2023-06-29,DEM,../DSMs/2023-06-29_DEM.tif,2025-11-19T16:07:37.007040Z,4.10.dev245+g4144cef28,103_20,gray_frequencies,0,198.4
2023-06-29,DEM,../DSMs/2023-06-29_DEM.tif,2025-11-19T16:07:37.007040Z,4.10.dev245+g4144cef28,103_20,gray_frequencies,0,211.20000000000002
2023-06-29,DEM,../DSMs/2023-06-29_DEM.tif,2025-11-19T16:07:37.007040Z,4.10.dev245+g4144cef28,103_20,gray_frequencies,0,224.0
2023-06-29,DEM,../DSMs/2023-06-29_DEM.tif,2025-11-19T16:07:37.007040Z,4.10.dev245+g4144cef28,103_20,gray_frequencies,0,236.8
2023-06-29,DEM,../DSMs/2023-06-29_DEM.tif,2025-11-19T16:07:37.007040Z,4.10.dev245+g4144cef28,103_20,gray_frequencies,0,249.60000000000002
2023-06-29,DEM,../DSMs/2023-06-29_DEM.tif,2025-11-19T16:07:37.007040Z,4.10.dev245+g4144cef28,203_21,gray_frequencies,0,6.4
2023-06-29,DEM,../DSMs/2023-06-29_DEM.tif,2025-11-19T16:07:37.007040Z,4.10.dev245+g4144cef28,203_21,gray_frequencies,0,19.200000000000003
2023-06-29,DEM,../DSMs/2023-06-29_DEM.tif,2025-11-19T16:07:37.007040Z,4.10.dev245+g4144cef28,203_21,gray_frequencies,0,32.0
2023-06-29,DEM,../DSMs/2023-06-29_DEM.tif,2025-11-19T16:07:37.007040Z,4.10.dev245+g4144cef28,203_21,gray_frequencies,0,44.800000000000004
2023-06-29,DEM,../DSMs/2023-06-29_DEM.tif,2025-11-19T16:07:37.007040Z,4.10.dev245+g4144cef28,203_21,gray_frequencies,0,57.6
2023-06-29,DEM,../DSMs/2023-06-29_DEM.tif,2025-11-19T16:07:37.007040Z,4.10.dev245+g4144cef28,203_21,gray_frequencies,2604,70.4
2023-06-29,DEM,../DSMs/2023-06-29_DEM.tif,2025-11-19T16:07:37.007040Z,4.10.dev245+g4144cef28,203_21,gray_frequencies,6223,83.20000000000002
2023-06-29,DEM,../DSMs/2023-06-29_DEM.tif,2025-11-19T16:07:37.007040Z,4.10.dev245+g4144cef28,203_21,gray_frequencies,3993,96.0
2023-06-29,DEM,../DSMs/2023-06-29_DEM.tif,2025-11-19T16:07:37.007040Z,4.10.dev245+g4144cef28,203_21,gray_frequencies,0,108.80000000000001
2023-06-29,DEM,../DSMs/2023-06-29_DEM.tif,2025-11-19T16:07:37.007040Z,4.10.dev245+g4144cef28,203_21,gray_frequencies,0,121.6
2023-06-29,DEM,../DSMs/2023-06-29_DEM.tif,2025-11-19T16:07:37.007040Z,4.10.dev245+g4144cef28,203_21,gray_frequencies,0,134.4
2023-06-29,DEM,../DSMs/2023-06-29_DEM.tif,2025-11-19T16:07:37.007040Z,4.10.dev245+g4144cef28,203_21,gray_frequencies,0,147.20000000000002
2023-06-29,DEM,../DSMs/2023-06-29_DEM.tif,2025-11-19T16:07:37.007040Z,4.10.dev245+g4144cef28,203_21,gray_frequencies,0,160.0
2023-06-29,DEM,../DSMs/2023-06-29_DEM.tif,2025-11-19T16:07:37.007040Z,4.10.dev245+g4144cef28,203_21,gray_frequencies,0,172.8
2023-06-29,DEM,../DSMs/2023-06-29_DEM.tif,2025-11-19T16:07:37.007040Z,4.10.dev245+g4144cef28,203_21,gray_frequencies,0,185.60000000000002
2023-06-29,DEM,../DSMs/2023-06-29_DEM.tif,2025-11-19T16:07:37.007040Z,4.10.dev245+g4144cef28,203_21,gray_frequencies,0,198.4
2023-06-29,DEM,../DSMs/2023-06-29_DEM.tif,2025-11-19T16:07:37.007040Z,4.10.dev245+g4144cef28,203_21,gray_frequencies,0,211.20000000000002
2023-06-29,DEM,../DSMs/2023-06-29_DEM.tif,2025-11-19T16:07:37.007040Z,4.10.dev245+g4144cef28,203_21,gray_frequencies,0,224.0
2023-06-29,DEM,../DSMs/2023-06-29_DEM.tif,2025-11-19T16:07:37.007040Z,4.10.dev245+g4144cef28,203_21,gray_frequencies,0,236.8
2023-06-29,DEM,../DSMs/2023-06-29_DEM.tif,2025-11-19T16:07:37.007040Z,4.10.dev245+g4144cef28,203_21,gray_frequencies,0,249.60000000000002
2023-06-29,DEM,../DSMs/2023-06-29_DEM.tif,2025-11-19T16:07:37.007040Z,4.10.dev245+g4144cef28,803_22,gray_frequencies,0,6.4
2023-06-29,DEM,../DSMs/2023-06-29_DEM.tif,2025-11-19T16:07:37.007040Z,4.10.dev245+g4144cef28,803_22,gray_frequencies,0,19.200000000000003
2023-06-29,DEM,../DSMs/2023-06-29_DEM.tif,2025-11-19T16:07:37.007040Z,4.10.dev245+g4144cef28,803_22,gray_frequencies,0,32.0
2023-06-29,DEM,../DSMs/2023-06-29_DEM.tif,2025-11-19T16:07:37.007040Z,4.10.dev245+g4144cef28,803_22,gray_frequencies,0,44.800000000000004
2023-06-29,DEM,../DSMs/2023-06-29_DEM.tif,2025-11-19T16:07:37.007040Z,4.10.dev245+g4144cef28,803_22,gray_frequencies,0,57.6
2023-06-29,DEM,../DSMs/2023-06-29_DEM.tif,2025-11-19T16:07:37.007040Z,4.10.dev245+g4144cef28,803_22,gray_frequencies,0,70.4
2023-06-29,DEM,../DSMs/2023-06-29_DEM.tif,2025-11-19T16:07:37.007040Z,4.10.dev245+g4144cef28,803_22,gray_frequencies,0,83.20000000000002
2023-06-29,DEM,../DSMs/2023-06-29_DEM.tif,2025-11-19T16:07:37.007040Z,4.10.dev245+g4144cef28,803_22,gray_frequencies,0,96.0
2023-06-29,DEM,../DSMs/2023-06-29_DEM.tif,2025-11-19T16:07:37.007040Z,4.10.dev245+g4144cef28,803_22,gray_frequencies,1041,108.80000000000001
2023-06-29,DEM,../DSMs/2023-06-29_DEM.tif,2025-11-19T16:07:37.007040Z,4.10.dev245+g4144cef28,803_22,gray_frequencies,6448,121.6
2023-06-29,DEM,../DSMs/2023-06-29_DEM.tif,2025-11-19T16:07:37.007040Z,4.10.dev245+g4144cef28,803_22,gray_frequencies,4536,134.4
2023-06-29,DEM,../DSMs/2023-06-29_DEM.tif,2025-11-19T16:07:37.007040Z,4.10.dev245+g4144cef28,803_22,gray_frequencies,0,147.20000000000002
2023-06-29,DEM,../DSMs/2023-06-29_DEM.tif,2025-11-19T16:07:37.007040Z,4.10.dev245+g4144cef28,803_22,gray_frequencies,0,160.0
2023-06-29,DEM,../DSMs/2023-06-29_DEM.tif,2025-11-19T16:07:37.007040Z,4.10.dev245+g4144cef28,803_22,gray_frequencies,0,172.8
2023-06-29,DEM,../DSMs/2023-06-29_DEM.tif,2025-11-19T16:07:37.007040Z,4.10.dev245+g4144cef28,803_22,gray_frequencies,0,185.60000000000002
2023-06-29,DEM,../DSMs/2023-06-29_DEM.tif,2025-11-19T16:07:37.007040Z,4.10.dev245+g4144cef28,803_22,gray_frequencies,0,198.4
2023-06-29,DEM,../DSMs/2023-06-29_DEM.tif,2025-11-19T16:07:37.007040Z,4.10.dev245+g4144cef28,803_22,gray_frequencies,0,211.20000000000002
2023-06-29,DEM,../DSMs/2023-06-29_DEM.tif,2025-11-19T16:07:37.007040Z,4.10.dev245+g4144cef28,803_22,gray_frequencies,0,224.0
2023-06-29,DEM,../DSMs/2023-06-29_DEM.tif,2025-11-19T16:07:37.007040Z,4.10.dev245+g4144cef28,803_22,gray_frequencies,0,236.8
2023-06-29,DEM,../DSMs/2023-06-29_DEM.tif,2025-11-19T16:07:37.007040Z,4.10.dev245+g4144cef28,803_22,gray_frequencies,0,249.60000000000002
2023-06-29,DEM,../DSMs/2023-06-29_DEM.tif,2025-11-19T16:07:37.007040Z,4.10.dev245+g4144cef28,303_23,gray_frequencies,0,6.4
2023-06-29,DEM,../DSMs/2023-06-29_DEM.tif,2025-11-19T16:07:37.007040Z,4.10.dev245+g4144cef28,303_23,gray_frequencies,0,19.200000000000003
2023-06-29,DEM,../DSMs/2023-06-29_DEM.tif,2025-11-19T16:07:37.007040Z,4.10.dev245+g4144cef28,303_23,gray_frequencies,0,32.0
2023-06-29,DEM,../DSMs/2023-06-29_DEM.tif,2025-11-19T16:07:37.007040Z,4.10.dev245+g4144cef28,303_23,gray_frequencies,0,44.800000000000004
2023-06-29,DEM,../DSMs/2023-06-29_DEM.tif,2025-11-19T16:07:37.007040Z,4.10.dev245+g4144cef28,303_23,gray_frequencies,0,57.6
2023-06-29,DEM,../DSMs/2023-06-29_DEM.tif,2025-11-19T16:07:37.007040Z,4.10.dev245+g4144cef28,303_23,gray_frequencies,0,70.4
2023-06-29,DEM,../DSMs/2023-06-29_DEM.tif,2025-11-19T16:07:37.007040Z,4.10.dev245+g4144cef28,303_23,gray_frequencies,0,83.20000000000002
2023-06-29,DEM,../DSMs/2023-06-29_DEM.tif,2025-11-19T16:07:37.007040Z,4.10.dev245+g4144cef28,303_23,gray_frequencies,0,96.0
2023-06-29,DEM,../DSMs/2023-06-29_DEM.tif,2025-11-19T16:07:37.007040Z,4.10.dev245+g4144cef28,303_23,gray_frequencies,2920,108.80000000000001
2023-06-29,DEM,../DSMs/2023-06-29_DEM.tif,2025-11-19T16:07:37.007040Z,4.10.dev245+g4144cef28,303_23,gray_frequencies,7365,121.6
2023-06-29,DEM,../DSMs/2023-06-29_DEM.tif,2025-11-19T16:07:37.007040Z,4.10.dev245+g4144cef28,303_23,gray_frequencies,3139,134.4
2023-06-29,DEM,../DSMs/2023-06-29_DEM.tif,2025-11-19T16:07:37.007040Z,4.10.dev245+g4144cef28,303_23,gray_frequencies,0,147.20000000000002
2023-06-29,DEM,../DSMs/2023-06-29_DEM.tif,2025-11-19T16:07:37.007040Z,4.10.dev245+g4144cef28,303_23,gray_frequencies,0,160.0
2023-06-29,DEM,../DSMs/2023-06-29_DEM.tif,2025-11-19T16:07:37.007040Z,4.10.dev245+g4144cef28,303_23,gray_frequencies,0,172.8
2023-06-29,DEM,../DSMs/2023-06-29_DEM.tif,2025-11-19T16:07:37.007040Z,4.10.dev245+g4144cef28,303_23,gray_frequencies,0,185.60000000000002
2023-06-29,DEM,../DSMs/2023-06-29_DEM.tif,2025-11-19T16:07:37.007040Z,4.10.dev245+g4144cef28,303_23,gray_frequencies,0,198.4
2023-06-29,DEM,../DSMs/2023-06-29_DEM.tif,2025-11-19T16:07:37.007040Z,4.10.dev245+g4144cef28,303_23,gray_frequencies,0,211.20000000000002
2023-06-29,DEM,../DSMs/2023-06-29_DEM.tif,2025-11-19T16:07:37.007040Z,4.10.dev245+g4144cef28,303_23,gray_frequencies,0,224.0
2023-06-29,DEM,../DSMs/2023-06-29_DEM.tif,2025-11-19T16:07:37.007040Z,4.10.dev245+g4144cef28,303_23,gray_frequencies,0,236.8
2023-06-29,DEM,../DSMs/2023-06-29_DEM.tif,2025-11-19T16:07:37.007040Z,4.10.dev245+g4144cef28,303_23,gray_frequencies,0,249.60000000000002
2023-06-29,DEM,../DSMs/2023-06-29_DEM.tif,2025-11-19T16:07:37.007040Z,4.10.dev245+g4144cef28,903_24,gray_frequencies,0,6.4
2023-06-29,DEM,../DSMs/2023-06-29_DEM.tif,2025-11-19T16:07:37.007040Z,4.10.dev245+g4144cef28,903_24,gray_frequencies,0,19.200000000000003
2023-06-29,DEM,../DSMs/2023-06-29_DEM.tif,2025-11-19T16:07:37.007040Z,4.10.dev245+g4144cef28,903_24,gray_frequencies,0,32.0
2023-06-29,DEM,../DSMs/2023-06-29_DEM.tif,2025-11-19T16:07:37.007040Z,4.10.dev245+g4144cef28,903_24,gray_frequencies,0,44.800000000000004
2023-06-29,DEM,../DSMs/2023-06-29_DEM.tif,2025-11-19T16:07:37.007040Z,4.10.dev245+g4144cef28,903_24,gray_frequencies,0,57.6
2023-06-29,DEM,../DSMs/2023-06-29_DEM.tif,2025-11-19T16:07:37.007040Z,4.10.dev245+g4144cef28,903_24,gray_frequencies,0,70.4
2023-06-29,DEM,../DSMs/2023-06-29_DEM.tif,2025-11-19T16:07:37.007040Z,4.10.dev245+g4144cef28,903_24,gray_frequencies,0,83.20000000000002
2023-06-29,DEM,../DSMs/2023-06-29_DEM.tif,2025-11-19T16:07:37.007040Z,4.10.dev245+g4144cef28,903_24,gray_frequencies,1181,96.0
2023-06-29,DEM,../DSMs/2023-06-29_DEM.tif,2025-11-19T16:07:37.007040Z,4.10.dev245+g4144cef28,903_24,gray_frequencies,7489,108.80000000000001
2023-06-29,DEM,../DSMs/2023-06-29_DEM.tif,2025-11-19T16:07:37.007040Z,4.10.dev245+g4144cef28,903_24,gray_frequencies,4426,121.6
2023-06-29,DEM,../DSMs/2023-06-29_DEM.tif,2025-11-19T16:07:37.007040Z,4.10.dev245+g4144cef28,903_24,gray_frequencies,0,134.4
2023-06-29,DEM,../DSMs/2023-06-29_DEM.tif,2025-11-19T16:07:37.007040Z,4.10.dev245+g4144cef28,903_24,gray_frequencies,0,147.20000000000002
2023-06-29,DEM,../DSMs/2023-06-29_DEM.tif,2025-11-19T16:07:37.007040Z,4.10.dev245+g4144cef28,903_24,gray_frequencies,0,160.0
2023-06-29,DEM,../DSMs/2023-06-29_DEM.tif,2025-11-19T16:07:37.007040Z,4.10.dev245+g4144cef28,903_24,gray_frequencies,0,172.8
2023-06-29,DEM,../DSMs/2023-06-29_DEM.tif,2025-11-19T16:07:37.007040Z,4.10.dev245+g4144cef28,903_24,gray_frequencies,0,185.60000000000002
2023-06-29,DEM,../DSMs/2023-06-29_DEM.tif,2025-11-19T16:07:37.007040Z,4.10.dev245+g4144cef28,903_24,gray_frequencies,0,198.4
2023-06-29,DEM,../DSMs/2023-06-29_DEM.tif,2025-11-19T16:07:37.007040Z,4.10.dev245+g4144cef28,903_24,gray_frequencies,0,211.20000000000002
2023-06-29,DEM,../DSMs/2023-06-29_DEM.tif,2025-11-19T16:07:37.007040Z,4.10.dev245+g4144cef28,903_24,gray_frequencies,0,224.0
2023-06-29,DEM,../DSMs/2023-06-29_DEM.tif,2025-11-19T16:07:37.007040Z,4.10.dev245+g4144cef28,903_24,gray_frequencies,0,236.8
2023-06-29,DEM,../DSMs/2023-06-29_DEM.tif,2025-11-19T16:07:37.007040Z,4.10.dev245+g4144cef28,903_24,gray_frequencies,0,249.60000000000002
2023-06-29,DEM,../DSMs/2023-06-29_DEM.tif,2025-11-19T16:07:37.007040Z,4.10.dev245+g4144cef28,403_25,gray_frequencies,0,6.4
2023-06-29,DEM,../DSMs/2023-06-29_DEM.tif,2025-11-19T16:07:37.007040Z,4.10.dev245+g4144cef28,403_25,gray_frequencies,0,19.200000000000003
2023-06-29,DEM,../DSMs/2023-06-29_DEM.tif,2025-11-19T16:07:37.007040Z,4.10.dev245+g4144cef28,403_25,gray_frequencies,0,32.0
2023-06-29,DEM,../DSMs/2023-06-29_DEM.tif,2025-11-19T16:07:37.007040Z,4.10.dev245+g4144cef28,403_25,gray_frequencies,0,44.800000000000004
2023-06-29,DEM,../DSMs/2023-06-29_DEM.tif,2025-11-19T16:07:37.007040Z,4.10.dev245+g4144cef28,403_25,gray_frequencies,0,57.6
2023-06-29,DEM,../DSMs/2023-06-29_DEM.tif,2025-11-19T16:07:37.007040Z,4.10.dev245+g4144cef28,403_25,gray_frequencies,0,70.4
2023-06-29,DEM,../DSMs/2023-06-29_DEM.tif,2025-11-19T16:07:37.007040Z,4.10.dev245+g4144cef28,403_25,gray_frequencies,0,83.20000000000002
2023-06-29,DEM,../DSMs/2023-06-29_DEM.tif,2025-11-19T16:07:37.007040Z,4.10.dev245+g4144cef28,403_25,gray_frequencies,0,96.0
2023-06-29,DEM,../DSMs/2023-06-29_DEM.tif,2025-11-19T16:07:37.007040Z,4.10.dev245+g4144cef28,403_25,gray_frequencies,0,108.80000000000001
2023-06-29,DEM,../DSMs/2023-06-29_DEM.tif,2025-11-19T16:07:37.007040Z,4.10.dev245+g4144cef28,403_25,gray_frequencies,0,121.6
2023-06-29,DEM,../DSMs/2023-06-29_DEM.tif,2025-11-19T16:07:37.007040Z,4.10.dev245+g4144cef28,403_25,gray_frequencies,1190,134.4
2023-06-29,DEM,../DSMs/2023-06-29_DEM.tif,2025-11-19T16:07:37.007040Z,4.10.dev245+g4144cef28,403_25,gray_frequencies,6282,147.20000000000002
2023-06-29,DEM,../DSMs/2023-06-29_DEM.tif,2025-11-19T16:07:37.007040Z,4.10.dev245+g4144cef28,403_25,gray_frequencies,5929,160.0
2023-06-29,DEM,../DSMs/2023-06-29_DEM.tif,2025-11-19T16:07:37.007040Z,4.10.dev245+g4144cef28,403_25,gray_frequencies,0,172.8
2023-06-29,DEM,../DSMs/2023-06-29_DEM.tif,2025-11-19T16:07:37.007040Z,4.10.dev245+g4144cef28,403_25,gray_frequencies,0,185.60000000000002
2023-06-29,DEM,../DSMs/2023-06-29_DEM.tif,2025-11-19T16:07:37.007040Z,4.10.dev245+g4144cef28,403_25,gray_frequencies,0,198.4
2023-06-29,DEM,../DSMs/2023-06-29_DEM.tif,2025-11-19T16:07:37.007040Z,4.10.dev245+g4144cef28,403_25,gray_frequencies,0,211.20000000000002
2023-06-29,DEM,../DSMs/2023-06-29_DEM.tif,2025-11-19T16:07:37.007040Z,4.10.dev245+g4144cef28,403_25,gray_frequencies,0,224.0
2023-06-29,DEM,../DSMs/2023-06-29_DEM.tif,2025-11-19T16:07:37.007040Z,4.10.dev245+g4144cef28,403_25,gray_frequencies,0,236.8
2023-06-29,DEM,../DSMs/2023-06-29_DEM.tif,2025-11-19T16:07:37.007040Z,4.10.dev245+g4144cef28,403_25,gray_frequencies,0,249.60000000000002
2023-06-29,DEM,../DSMs/2023-06-29_DEM.tif,2025-11-19T16:07:37.007040Z,4.10.dev245+g4144cef28,503_26,gray_frequencies,0,6.4
2023-06-29,DEM,../DSMs/2023-06-29_DEM.tif,2025-11-19T16:07:37.007040Z,4.10.dev245+g4144cef28,503_26,gray_frequencies,0,19.200000000000003
2023-06-29,DEM,../DSMs/2023-06-29_DEM.tif,2025-11-19T16:07:37.007040Z,4.10.dev245+g4144cef28,503_26,gray_frequencies,0,32.0
2023-06-29,DEM,../DSMs/2023-06-29_DEM.tif,2025-11-19T16:07:37.007040Z,4.10.dev245+g4144cef28,503_26,gray_frequencies,0,44.800000000000004
2023-06-29,DEM,../DSMs/2023-06-29_DEM.tif,2025-11-19T16:07:37.007040Z,4.10.dev245+g4144cef28,503_26,gray_frequencies,0,57.6
2023-06-29,DEM,../DSMs/2023-06-29_DEM.tif,2025-11-19T16:07:37.007040Z,4.10.dev245+g4144cef28,503_26,gray_frequencies,0,70.4
2023-06-29,DEM,../DSMs/2023-06-29_DEM.tif,2025-11-19T16:07:37.007040Z,4.10.dev245+g4144cef28,503_26,gray_frequencies,0,83.20000000000002
2023-06-29,DEM,../DSMs/2023-06-29_DEM.tif,2025-11-19T16:07:37.007040Z,4.10.dev245+g4144cef28,503_26,gray_frequencies,0,96.0
2023-06-29,DEM,../DSMs/2023-06-29_DEM.tif,2025-11-19T16:07:37.007040Z,4.10.dev245+g4144cef28,503_26,gray_frequencies,0,108.80000000000001
2023-06-29,DEM,../DSMs/2023-06-29_DEM.tif,2025-11-19T16:07:37.007040Z,4.10.dev245+g4144cef28,503_26,gray_frequencies,10,121.6
2023-06-29,DEM,../DSMs/2023-06-29_DEM.tif,2025-11-19T16:07:37.007040Z,4.10.dev245+g4144cef28,503_26,gray_frequencies,5609,134.4
2023-06-29,DEM,../DSMs/2023-06-29_DEM.tif,2025-11-19T16:07:37.007040Z,4.10.dev245+g4144cef28,503_26,gray_frequencies,7129,147.20000000000002
2023-06-29,DEM,../DSMs/2023-06-29_DEM.tif,2025-11-19T16:07:37.007040Z,4.10.dev245+g4144cef28,503_26,gray_frequencies,520,160.0
2023-06-29,DEM,../DSMs/2023-06-29_DEM.tif,2025-11-19T16:07:37.007040Z,4.10.dev245+g4144cef28,503_26,gray_frequencies,0,172.8
2023-06-29,DEM,../DSMs/2023-06-29_DEM.tif,2025-11-19T16:07:37.007040Z,4.10.dev245+g4144cef28,503_26,gray_frequencies,0,185.60000000000002
2023-06-29,DEM,../DSMs/2023-06-29_DEM.tif,2025-11-19T16:07:37.007040Z,4.10.dev245+g4144cef28,503_26,gray_frequencies,0,198.4
2023-06-29,DEM,../DSMs/2023-06-29_DEM.tif,2025-11-19T16:07:37.007040Z,4.10.dev245+g4144cef28,503_26,gray_frequencies,0,211.20000000000002
2023-06-29,DEM,../DSMs/2023-06-29_DEM.tif,2025-11-19T16:07:37.007040Z,4.10.dev245+g4144cef28,503_26,gray_frequencies,0,224.0
2023-06-29,DEM,../DSMs/2023-06-29_DEM.tif,2025-11-19T16:07:37.007040Z,4.10.dev245+g4144cef28,503_26,gray_frequencies,0,236.8
2023-06-29,DEM,../DSMs/2023-06-29_DEM.tif,2025-11-19T16:07:37.007040Z,4.10.dev245+g4144cef28,503_26,gray_frequencies,0,249.60000000000002
2023-06-29,DEM,../DSMs/2023-06-29_DEM.tif,2025-11-19T16:07:37.007040Z,4.10.dev245+g4144cef28,603_27,gray_frequencies,0,6.4
2023-06-29,DEM,../DSMs/2023-06-29_DEM.tif,2025-11-19T16:07:37.007040Z,4.10.dev245+g4144cef28,603_27,gray_frequencies,0,19.200000000000003
2023-06-29,DEM,../DSMs/2023-06-29_DEM.tif,2025-11-19T16:07:37.007040Z,4.10.dev245+g4144cef28,603_27,gray_frequencies,0,32.0
2023-06-29,DEM,../DSMs/2023-06-29_DEM.tif,2025-11-19T16:07:37.007040Z,4.10.dev245+g4144cef28,603_27,gray_frequencies,0,44.800000000000004
2023-06-29,DEM,../DSMs/2023-06-29_DEM.tif,2025-11-19T16:07:37.007040Z,4.10.dev245+g4144cef28,603_27,gray_frequencies,0,57.6
2023-06-29,DEM,../DSMs/2023-06-29_DEM.tif,2025-11-19T16:07:37.007040Z,4.10.dev245+g4144cef28,603_27,gray_frequencies,0,70.4
2023-06-29,DEM,../DSMs/2023-06-29_DEM.tif,2025-11-19T16:07:37.007040Z,4.10.dev245+g4144cef28,603_27,gray_frequencies,0,83.20000000000002
2023-06-29,DEM,../DSMs/2023-06-29_DEM.tif,2025-11-19T16:07:37.007040Z,4.10.dev245+g4144cef28,603_27,gray_frequencies,0,96.0
2023-06-29,DEM,../DSMs/2023-06-29_DEM.tif,2025-11-19T16:07:37.007040Z,4.10.dev245+g4144cef28,603_27,gray_frequencies,0,108.80000000000001
2023-06-29,DEM,../DSMs/2023-06-29_DEM.tif,2025-11-19T16:07:37.007040Z,4.10.dev245+g4144cef28,603_27,gray_frequencies,2462,121.6
2023-06-29,DEM,../DSMs/2023-06-29_DEM.tif,2025-11-19T16:07:37.007040Z,4.10.dev245+g4144cef28,603_27,gray_frequencies,6703,134.4
2023-06-29,DEM,../DSMs/2023-06-29_DEM.tif,2025-11-19T16:07:37.007040Z,4.10.dev245+g4144cef28,603_27,gray_frequencies,3489,147.20000000000002
2023-06-29,DEM,../DSMs/2023-06-29_DEM.tif,2025-11-19T16:07:37.007040Z,4.10.dev245+g4144cef28,603_27,gray_frequencies,0,160.0
2023-06-29,DEM,../DSMs/2023-06-29_DEM.tif,2025-11-19T16:07:37.007040Z,4.10.dev245+g4144cef28,603_27,gray_frequencies,0,172.8
2023-06-29,DEM,../DSMs/2023-06-29_DEM.tif,2025-11-19T16:07:37.007040Z,4.10.dev245+g4144cef28,603_27,gray_frequencies,0,185.60000000000002
2023-06-29,DEM,../DSMs/2023-06-29_DEM.tif,2025-11-19T16:07:37.007040Z,4.10.dev245+g4144cef28,603_27,gray_frequencies,0,198.4
2023-06-29,DEM,../DSMs/2023-06-29_DEM.tif,2025-11-19T16:07:37.007040Z,4.10.dev245+g4144cef28,603_27,gray_frequencies,0,211.20000000000002
2023-06-29,DEM,../DSMs/2023-06-29_DEM.tif,2025-11-19T16:07:37.007040Z,4.10.dev245+g4144cef28,603_27,gray_frequencies,0,224.0
2023-06-29,DEM,../DSMs/2023-06-29_DEM.tif,2025-11-19T16:07:37.007040Z,4.10.dev245+g4144cef28,603_27,gray_frequencies,0,236.8
2023-06-29,DEM,../DSMs/2023-06-29_DEM.tif,2025-11-19T16:07:37.007040Z,4.10.dev245+g4144cef28,603_27,gray_frequencies,0,249.60000000000002
2023-07-07,DEM,../DSMs/2023-07-07_DEM.tif,2025-11-19T16:07:37.969039Z,4.10.dev245+g4144cef28,default_101,gray_frequencies,NA,NA
2023-07-07,DEM,../DSMs/2023-07-07_DEM.tif,2025-11-19T16:07:37.969039Z,4.10.dev245+g4144cef28,default_201,gray_frequencies,NA,NA
2023-07-07,DEM,../DSMs/2023-07-07_DEM.tif,2025-11-19T16:07:37.969039Z,4.10.dev245+g4144cef28,default_301,gray_frequencies,NA,NA
2023-07-07,DEM,../DSMs/2023-07-07_DEM.tif,2025-11-19T16:07:37.969039Z,4.10.dev245+g4144cef28,default_401,gray_frequencies,NA,NA
2023-07-07,DEM,../DSMs/2023-07-07_DEM.tif,2025-11-19T16:07:37.969039Z,4.10.dev245+g4144cef28,default_501,gray_frequencies,NA,NA
2023-07-07,DEM,../DSMs/2023-07-07_DEM.tif,2025-11-19T16:07:37.969039Z,4.10.dev245+g4144cef28,default_901,gray_frequencies,NA,NA
2023-07-07,DEM,../DSMs/2023-07-07_DEM.tif,2025-11-19T16:07:37.969039Z,4.10.dev245+g4144cef28,default_701,gray_frequencies,NA,NA
2023-07-07,DEM,../DSMs/2023-07-07_DEM.tif,2025-11-19T16:07:37.969039Z,4.10.dev245+g4144cef28,default_801,gray_frequencies,NA,NA
2023-07-07,DEM,../DSMs/2023-07-07_DEM.tif,2025-11-19T16:07:37.969039Z,4.10.dev245+g4144cef28,default_601,gray_frequencies,NA,NA
2023-07-07,DEM,../DSMs/2023-07-07_DEM.tif,2025-11-19T16:07:37.969039Z,4.10.dev245+g4144cef28,default_502,gray_frequencies,NA,NA
2023-07-07,DEM,../DSMs/2023-07-07_DEM.tif,2025-11-19T16:07:37.969039Z,4.10.dev245+g4144cef28,default_402,gray_frequencies,NA,NA
2023-07-07,DEM,../DSMs/2023-07-07_DEM.tif,2025-11-19T16:07:37.969039Z,4.10.dev245+g4144cef28,default_102,gray_frequencies,NA,NA
2023-07-07,DEM,../DSMs/2023-07-07_DEM.tif,2025-11-19T16:07:37.969039Z,4.10.dev245+g4144cef28,default_702,gray_frequencies,NA,NA
2023-07-07,DEM,../DSMs/2023-07-07_DEM.tif,2025-11-19T16:07:37.969039Z,4.10.dev245+g4144cef28,default_202,gray_frequencies,NA,NA
2023-07-07,DEM,../DSMs/2023-07-07_DEM.tif,2025-11-19T16:07:37.969039Z,4.10.dev245+g4144cef28,default_602,gray_frequencies,NA,NA
2023-07-07,DEM,../DSMs/2023-07-07_DEM.tif,2025-11-19T16:07:37.969039Z,4.10.dev245+g4144cef28,default_802,gray_frequencies,NA,NA
2023-07-07,DEM,../DSMs/2023-07-07_DEM.tif,2025-11-19T16:07:37.969039Z,4.10.dev245+g4144cef28,default_302,gray_frequencies,NA,NA
2023-07-07,DEM,../DSMs/2023-07-07_DEM.tif,2025-11-19T16:07:37.969039Z,4.10.dev245+g4144cef28,default_902,gray_frequencies,NA,NA
2023-07-07,DEM,../DSMs/2023-07-07_DEM.tif,2025-11-19T16:07:37.969039Z,4.10.dev245+g4144cef28,default_703,gray_frequencies,NA,NA
2023-07-07,DEM,../DSMs/2023-07-07_DEM.tif,2025-11-19T16:07:37.969039Z,4.10.dev245+g4144cef28,default_103,gray_frequencies,NA,NA
2023-07-07,DEM,../DSMs/2023-07-07_DEM.tif,2025-11-19T16:07:37.969039Z,4.10.dev245+g4144cef28,default_203,gray_frequencies,NA,NA
2023-07-07,DEM,../DSMs/2023-07-07_DEM.tif,2025-11-19T16:07:37.969039Z,4.10.dev245+g4144cef28,default_803,gray_frequencies,NA,NA
2023-07-07,DEM,../DSMs/2023-07-07_DEM.tif,2025-11-19T16:07:37.969039Z,4.10.dev245+g4144cef28,default_303,gray_frequencies,NA,NA
2023-07-07,DEM,../DSMs/2023-07-07_DEM.tif,2025-11-19T16:07:37.969039Z,4.10.dev245+g4144cef28,default_903,gray_frequencies,NA,NA
2023-07-07,DEM,../DSMs/2023-07-07_DEM.tif,2025-11-19T16:07:37.969039Z,4.10.dev245+g4144cef28,default_403,gray_frequencies,NA,NA
2023-07-07,DEM,../DSMs/2023-07-07_DEM.tif,2025-11-19T16:07:37.969039Z,4.10.dev245+g4144cef28,default_503,gray_frequencies,NA,NA
2023-07-07,DEM,../DSMs/2023-07-07_DEM.tif,2025-11-19T16:07:37.969039Z,4.10.dev245+g4144cef28,default_603,gray_frequencies,NA,NA
2023-07-07,DEM,../DSMs/2023-07-07_DEM.tif,2025-11-19T16:07:37.969039Z,4.10.dev245+g4144cef28,101_1,gray_frequencies,0,6.4
2023-07-07,DEM,../DSMs/2023-07-07_DEM.tif,2025-11-19T16:07:37.969039Z,4.10.dev245+g4144cef28,101_1,gray_frequencies,0,19.200000000000003
2023-07-07,DEM,../DSMs/2023-07-07_DEM.tif,2025-11-19T16:07:37.969039Z,4.10.dev245+g4144cef28,101_1,gray_frequencies,0,32.0
2023-07-07,DEM,../DSMs/2023-07-07_DEM.tif,2025-11-19T16:07:37.969039Z,4.10.dev245+g4144cef28,101_1,gray_frequencies,0,44.800000000000004
2023-07-07,DEM,../DSMs/2023-07-07_DEM.tif,2025-11-19T16:07:37.969039Z,4.10.dev245+g4144cef28,101_1,gray_frequencies,0,57.6
2023-07-07,DEM,../DSMs/2023-07-07_DEM.tif,2025-11-19T16:07:37.969039Z,4.10.dev245+g4144cef28,101_1,gray_frequencies,0,70.4
2023-07-07,DEM,../DSMs/2023-07-07_DEM.tif,2025-11-19T16:07:37.969039Z,4.10.dev245+g4144cef28,101_1,gray_frequencies,576,83.20000000000002
2023-07-07,DEM,../DSMs/2023-07-07_DEM.tif,2025-11-19T16:07:37.969039Z,4.10.dev245+g4144cef28,101_1,gray_frequencies,3041,96.0
2023-07-07,DEM,../DSMs/2023-07-07_DEM.tif,2025-11-19T16:07:37.969039Z,4.10.dev245+g4144cef28,101_1,gray_frequencies,6541,108.80000000000001
2023-07-07,DEM,../DSMs/2023-07-07_DEM.tif,2025-11-19T16:07:37.969039Z,4.10.dev245+g4144cef28,101_1,gray_frequencies,3783,121.6
2023-07-07,DEM,../DSMs/2023-07-07_DEM.tif,2025-11-19T16:07:37.969039Z,4.10.dev245+g4144cef28,101_1,gray_frequencies,182,134.4
2023-07-07,DEM,../DSMs/2023-07-07_DEM.tif,2025-11-19T16:07:37.969039Z,4.10.dev245+g4144cef28,101_1,gray_frequencies,0,147.20000000000002
2023-07-07,DEM,../DSMs/2023-07-07_DEM.tif,2025-11-19T16:07:37.969039Z,4.10.dev245+g4144cef28,101_1,gray_frequencies,0,160.0
2023-07-07,DEM,../DSMs/2023-07-07_DEM.tif,2025-11-19T16:07:37.969039Z,4.10.dev245+g4144cef28,101_1,gray_frequencies,0,172.8
2023-07-07,DEM,../DSMs/2023-07-07_DEM.tif,2025-11-19T16:07:37.969039Z,4.10.dev245+g4144cef28,101_1,gray_frequencies,0,185.60000000000002
2023-07-07,DEM,../DSMs/2023-07-07_DEM.tif,2025-11-19T16:07:37.969039Z,4.10.dev245+g4144cef28,101_1,gray_frequencies,0,198.4
2023-07-07,DEM,../DSMs/2023-07-07_DEM.tif,2025-11-19T16:07:37.969039Z,4.10.dev245+g4144cef28,101_1,gray_frequencies,0,211.20000000000002
2023-07-07,DEM,../DSMs/2023-07-07_DEM.tif,2025-11-19T16:07:37.969039Z,4.10.dev245+g4144cef28,101_1,gray_frequencies,0,224.0
2023-07-07,DEM,../DSMs/2023-07-07_DEM.tif,2025-11-19T16:07:37.969039Z,4.10.dev245+g4144cef28,101_1,gray_frequencies,0,236.8
2023-07-07,DEM,../DSMs/2023-07-07_DEM.tif,2025-11-19T16:07:37.969039Z,4.10.dev245+g4144cef28,101_1,gray_frequencies,0,249.60000000000002
2023-07-07,DEM,../DSMs/2023-07-07_DEM.tif,2025-11-19T16:07:37.969039Z,4.10.dev245+g4144cef28,201_2,gray_frequencies,0,6.4
2023-07-07,DEM,../DSMs/2023-07-07_DEM.tif,2025-11-19T16:07:37.969039Z,4.10.dev245+g4144cef28,201_2,gray_frequencies,0,19.200000000000003
2023-07-07,DEM,../DSMs/2023-07-07_DEM.tif,2025-11-19T16:07:37.969039Z,4.10.dev245+g4144cef28,201_2,gray_frequencies,0,32.0
2023-07-07,DEM,../DSMs/2023-07-07_DEM.tif,2025-11-19T16:07:37.969039Z,4.10.dev245+g4144cef28,201_2,gray_frequencies,0,44.800000000000004
2023-07-07,DEM,../DSMs/2023-07-07_DEM.tif,2025-11-19T16:07:37.969039Z,4.10.dev245+g4144cef28,201_2,gray_frequencies,0,57.6
2023-07-07,DEM,../DSMs/2023-07-07_DEM.tif,2025-11-19T16:07:37.969039Z,4.10.dev245+g4144cef28,201_2,gray_frequencies,0,70.4
2023-07-07,DEM,../DSMs/2023-07-07_DEM.tif,2025-11-19T16:07:37.969039Z,4.10.dev245+g4144cef28,201_2,gray_frequencies,3,83.20000000000002
2023-07-07,DEM,../DSMs/2023-07-07_DEM.tif,2025-11-19T16:07:37.969039Z,4.10.dev245+g4144cef28,201_2,gray_frequencies,1800,96.0
2023-07-07,DEM,../DSMs/2023-07-07_DEM.tif,2025-11-19T16:07:37.969039Z,4.10.dev245+g4144cef28,201_2,gray_frequencies,8468,108.80000000000001
2023-07-07,DEM,../DSMs/2023-07-07_DEM.tif,2025-11-19T16:07:37.969039Z,4.10.dev245+g4144cef28,201_2,gray_frequencies,2800,121.6
2023-07-07,DEM,../DSMs/2023-07-07_DEM.tif,2025-11-19T16:07:37.969039Z,4.10.dev245+g4144cef28,201_2,gray_frequencies,0,134.4
2023-07-07,DEM,../DSMs/2023-07-07_DEM.tif,2025-11-19T16:07:37.969039Z,4.10.dev245+g4144cef28,201_2,gray_frequencies,0,147.20000000000002
2023-07-07,DEM,../DSMs/2023-07-07_DEM.tif,2025-11-19T16:07:37.969039Z,4.10.dev245+g4144cef28,201_2,gray_frequencies,0,160.0
2023-07-07,DEM,../DSMs/2023-07-07_DEM.tif,2025-11-19T16:07:37.969039Z,4.10.dev245+g4144cef28,201_2,gray_frequencies,0,172.8
2023-07-07,DEM,../DSMs/2023-07-07_DEM.tif,2025-11-19T16:07:37.969039Z,4.10.dev245+g4144cef28,201_2,gray_frequencies,0,185.60000000000002
2023-07-07,DEM,../DSMs/2023-07-07_DEM.tif,2025-11-19T16:07:37.969039Z,4.10.dev245+g4144cef28,201_2,gray_frequencies,0,198.4
2023-07-07,DEM,../DSMs/2023-07-07_DEM.tif,2025-11-19T16:07:37.969039Z,4.10.dev245+g4144cef28,201_2,gray_frequencies,0,211.20000000000002
2023-07-07,DEM,../DSMs/2023-07-07_DEM.tif,2025-11-19T16:07:37.969039Z,4.10.dev245+g4144cef28,201_2,gray_frequencies,0,224.0
2023-07-07,DEM,../DSMs/2023-07-07_DEM.tif,2025-11-19T16:07:37.969039Z,4.10.dev245+g4144cef28,201_2,gray_frequencies,0,236.8
2023-07-07,DEM,../DSMs/2023-07-07_DEM.tif,2025-11-19T16:07:37.969039Z,4.10.dev245+g4144cef28,201_2,gray_frequencies,0,249.60000000000002
2023-07-07,DEM,../DSMs/2023-07-07_DEM.tif,2025-11-19T16:07:37.969039Z,4.10.dev245+g4144cef28,301_3,gray_frequencies,0,6.4
2023-07-07,DEM,../DSMs/2023-07-07_DEM.tif,2025-11-19T16:07:37.969039Z,4.10.dev245+g4144cef28,301_3,gray_frequencies,0,19.200000000000003
2023-07-07,DEM,../DSMs/2023-07-07_DEM.tif,2025-11-19T16:07:37.969039Z,4.10.dev245+g4144cef28,301_3,gray_frequencies,0,32.0
2023-07-07,DEM,../DSMs/2023-07-07_DEM.tif,2025-11-19T16:07:37.969039Z,4.10.dev245+g4144cef28,301_3,gray_frequencies,0,44.800000000000004
2023-07-07,DEM,../DSMs/2023-07-07_DEM.tif,2025-11-19T16:07:37.969039Z,4.10.dev245+g4144cef28,301_3,gray_frequencies,0,57.6
2023-07-07,DEM,../DSMs/2023-07-07_DEM.tif,2025-11-19T16:07:37.969039Z,4.10.dev245+g4144cef28,301_3,gray_frequencies,0,70.4
2023-07-07,DEM,../DSMs/2023-07-07_DEM.tif,2025-11-19T16:07:37.969039Z,4.10.dev245+g4144cef28,301_3,gray_frequencies,0,83.20000000000002
2023-07-07,DEM,../DSMs/2023-07-07_DEM.tif,2025-11-19T16:07:37.969039Z,4.10.dev245+g4144cef28,301_3,gray_frequencies,2433,96.0
2023-07-07,DEM,../DSMs/2023-07-07_DEM.tif,2025-11-19T16:07:37.969039Z,4.10.dev245+g4144cef28,301_3,gray_frequencies,8207,108.80000000000001
2023-07-07,DEM,../DSMs/2023-07-07_DEM.tif,2025-11-19T16:07:37.969039Z,4.10.dev245+g4144cef28,301_3,gray_frequencies,2829,121.6
2023-07-07,DEM,../DSMs/2023-07-07_DEM.tif,2025-11-19T16:07:37.969039Z,4.10.dev245+g4144cef28,301_3,gray_frequencies,84,134.4
2023-07-07,DEM,../DSMs/2023-07-07_DEM.tif,2025-11-19T16:07:37.969039Z,4.10.dev245+g4144cef28,301_3,gray_frequencies,0,147.20000000000002
2023-07-07,DEM,../DSMs/2023-07-07_DEM.tif,2025-11-19T16:07:37.969039Z,4.10.dev245+g4144cef28,301_3,gray_frequencies,0,160.0
2023-07-07,DEM,../DSMs/2023-07-07_DEM.tif,2025-11-19T16:07:37.969039Z,4.10.dev245+g4144cef28,301_3,gray_frequencies,0,172.8
2023-07-07,DEM,../DSMs/2023-07-07_DEM.tif,2025-11-19T16:07:37.969039Z,4.10.dev245+g4144cef28,301_3,gray_frequencies,0,185.60000000000002
2023-07-07,DEM,../DSMs/2023-07-07_DEM.tif,2025-11-19T16:07:37.969039Z,4.10.dev245+g4144cef28,301_3,gray_frequencies,0,198.4
2023-07-07,DEM,../DSMs/2023-07-07_DEM.tif,2025-11-19T16:07:37.969039Z,4.10.dev245+g4144cef28,301_3,gray_frequencies,0,211.20000000000002
2023-07-07,DEM,../DSMs/2023-07-07_DEM.tif,2025-11-19T16:07:37.969039Z,4.10.dev245+g4144cef28,301_3,gray_frequencies,0,224.0
2023-07-07,DEM,../DSMs/2023-07-07_DEM.tif,2025-11-19T16:07:37.969039Z,4.10.dev245+g4144cef28,301_3,gray_frequencies,0,236.8
2023-07-07,DEM,../DSMs/2023-07-07_DEM.tif,2025-11-19T16:07:37.969039Z,4.10.dev245+g4144cef28,301_3,gray_frequencies,0,249.60000000000002
2023-07-07,DEM,../DSMs/2023-07-07_DEM.tif,2025-11-19T16:07:37.969039Z,4.10.dev245+g4144cef28,401_4,gray_frequencies,0,6.4
2023-07-07,DEM,../DSMs/2023-07-07_DEM.tif,2025-11-19T16:07:37.969039Z,4.10.dev245+g4144cef28,401_4,gray_frequencies,0,19.200000000000003
2023-07-07,DEM,../DSMs/2023-07-07_DEM.tif,2025-11-19T16:07:37.969039Z,4.10.dev245+g4144cef28,401_4,gray_frequencies,0,32.0
2023-07-07,DEM,../DSMs/2023-07-07_DEM.tif,2025-11-19T16:07:37.969039Z,4.10.dev245+g4144cef28,401_4,gray_frequencies,0,44.800000000000004
2023-07-07,DEM,../DSMs/2023-07-07_DEM.tif,2025-11-19T16:07:37.969039Z,4.10.dev245+g4144cef28,401_4,gray_frequencies,0,57.6
2023-07-07,DEM,../DSMs/2023-07-07_DEM.tif,2025-11-19T16:07:37.969039Z,4.10.dev245+g4144cef28,401_4,gray_frequencies,0,70.4
2023-07-07,DEM,../DSMs/2023-07-07_DEM.tif,2025-11-19T16:07:37.969039Z,4.10.dev245+g4144cef28,401_4,gray_frequencies,0,83.20000000000002
2023-07-07,DEM,../DSMs/2023-07-07_DEM.tif,2025-11-19T16:07:37.969039Z,4.10.dev245+g4144cef28,401_4,gray_frequencies,2,96.0
2023-07-07,DEM,../DSMs/2023-07-07_DEM.tif,2025-11-19T16:07:37.969039Z,4.10.dev245+g4144cef28,401_4,gray_frequencies,779,108.80000000000001
2023-07-07,DEM,../DSMs/2023-07-07_DEM.tif,2025-11-19T16:07:37.969039Z,4.10.dev245+g4144cef28,401_4,gray_frequencies,3582,121.6
2023-07-07,DEM,../DSMs/2023-07-07_DEM.tif,2025-11-19T16:07:37.969039Z,4.10.dev245+g4144cef28,401_4,gray_frequencies,6834,134.4
2023-07-07,DEM,../DSMs/2023-07-07_DEM.tif,2025-11-19T16:07:37.969039Z,4.10.dev245+g4144cef28,401_4,gray_frequencies,1931,147.20000000000002
2023-07-07,DEM,../DSMs/2023-07-07_DEM.tif,2025-11-19T16:07:37.969039Z,4.10.dev245+g4144cef28,401_4,gray_frequencies,18,160.0
2023-07-07,DEM,../DSMs/2023-07-07_DEM.tif,2025-11-19T16:07:37.969039Z,4.10.dev245+g4144cef28,401_4,gray_frequencies,0,172.8
2023-07-07,DEM,../DSMs/2023-07-07_DEM.tif,2025-11-19T16:07:37.969039Z,4.10.dev245+g4144cef28,401_4,gray_frequencies,0,185.60000000000002
2023-07-07,DEM,../DSMs/2023-07-07_DEM.tif,2025-11-19T16:07:37.969039Z,4.10.dev245+g4144cef28,401_4,gray_frequencies,0,198.4
2023-07-07,DEM,../DSMs/2023-07-07_DEM.tif,2025-11-19T16:07:37.969039Z,4.10.dev245+g4144cef28,401_4,gray_frequencies,0,211.20000000000002
2023-07-07,DEM,../DSMs/2023-07-07_DEM.tif,2025-11-19T16:07:37.969039Z,4.10.dev245+g4144cef28,401_4,gray_frequencies,0,224.0
2023-07-07,DEM,../DSMs/2023-07-07_DEM.tif,2025-11-19T16:07:37.969039Z,4.10.dev245+g4144cef28,401_4,gray_frequencies,0,236.8
2023-07-07,DEM,../DSMs/2023-07-07_DEM.tif,2025-11-19T16:07:37.969039Z,4.10.dev245+g4144cef28,401_4,gray_frequencies,0,249.60000000000002
2023-07-07,DEM,../DSMs/2023-07-07_DEM.tif,2025-11-19T16:07:37.969039Z,4.10.dev245+g4144cef28,501_5,gray_frequencies,0,6.4
2023-07-07,DEM,../DSMs/2023-07-07_DEM.tif,2025-11-19T16:07:37.969039Z,4.10.dev245+g4144cef28,501_5,gray_frequencies,0,19.200000000000003
2023-07-07,DEM,../DSMs/2023-07-07_DEM.tif,2025-11-19T16:07:37.969039Z,4.10.dev245+g4144cef28,501_5,gray_frequencies,0,32.0
2023-07-07,DEM,../DSMs/2023-07-07_DEM.tif,2025-11-19T16:07:37.969039Z,4.10.dev245+g4144cef28,501_5,gray_frequencies,0,44.800000000000004
2023-07-07,DEM,../DSMs/2023-07-07_DEM.tif,2025-11-19T16:07:37.969039Z,4.10.dev245+g4144cef28,501_5,gray_frequencies,0,57.6
2023-07-07,DEM,../DSMs/2023-07-07_DEM.tif,2025-11-19T16:07:37.969039Z,4.10.dev245+g4144cef28,501_5,gray_frequencies,0,70.4
2023-07-07,DEM,../DSMs/2023-07-07_DEM.tif,2025-11-19T16:07:37.969039Z,4.10.dev245+g4144cef28,501_5,gray_frequencies,0,83.20000000000002
2023-07-07,DEM,../DSMs/2023-07-07_DEM.tif,2025-11-19T16:07:37.969039Z,4.10.dev245+g4144cef28,501_5,gray_frequencies,0,96.0
2023-07-07,DEM,../DSMs/2023-07-07_DEM.tif,2025-11-19T16:07:37.969039Z,4.10.dev245+g4144cef28,501_5,gray_frequencies,44,108.80000000000001
2023-07-07,DEM,../DSMs/2023-07-07_DEM.tif,2025-11-19T16:07:37.969039Z,4.10.dev245+g4144cef28,501_5,gray_frequencies,2718,121.6
2023-07-07,DEM,../DSMs/2023-07-07_DEM.tif,2025-11-19T16:07:37.969039Z,4.10.dev245+g4144cef28,501_5,gray_frequencies,6769,134.4
2023-07-07,DEM,../DSMs/2023-07-07_DEM.tif,2025-11-19T16:07:37.969039Z,4.10.dev245+g4144cef28,501_5,gray_frequencies,3708,147.20000000000002
2023-07-07,DEM,../DSMs/2023-07-07_DEM.tif,2025-11-19T16:07:37.969039Z,4.10.dev245+g4144cef28,501_5,gray_frequencies,3,160.0
2023-07-07,DEM,../DSMs/2023-07-07_DEM.tif,2025-11-19T16:07:37.969039Z,4.10.dev245+g4144cef28,501_5,gray_frequencies,0,172.8
2023-07-07,DEM,../DSMs/2023-07-07_DEM.tif,2025-11-19T16:07:37.969039Z,4.10.dev245+g4144cef28,501_5,gray_frequencies,0,185.60000000000002
2023-07-07,DEM,../DSMs/2023-07-07_DEM.tif,2025-11-19T16:07:37.969039Z,4.10.dev245+g4144cef28,501_5,gray_frequencies,0,198.4
2023-07-07,DEM,../DSMs/2023-07-07_DEM.tif,2025-11-19T16:07:37.969039Z,4.10.dev245+g4144cef28,501_5,gray_frequencies,0,211.20000000000002
2023-07-07,DEM,../DSMs/2023-07-07_DEM.tif,2025-11-19T16:07:37.969039Z,4.10.dev245+g4144cef28,501_5,gray_frequencies,0,224.0
2023-07-07,DEM,../DSMs/2023-07-07_DEM.tif,2025-11-19T16:07:37.969039Z,4.10.dev245+g4144cef28,501_5,gray_frequencies,0,236.8
2023-07-07,DEM,../DSMs/2023-07-07_DEM.tif,2025-11-19T16:07:37.969039Z,4.10.dev245+g4144cef28,501_5,gray_frequencies,0,249.60000000000002
2023-07-07,DEM,../DSMs/2023-07-07_DEM.tif,2025-11-19T16:07:37.969039Z,4.10.dev245+g4144cef28,901_6,gray_frequencies,0,6.4
2023-07-07,DEM,../DSMs/2023-07-07_DEM.tif,2025-11-19T16:07:37.969039Z,4.10.dev245+g4144cef28,901_6,gray_frequencies,0,19.200000000000003
2023-07-07,DEM,../DSMs/2023-07-07_DEM.tif,2025-11-19T16:07:37.969039Z,4.10.dev245+g4144cef28,901_6,gray_frequencies,0,32.0
2023-07-07,DEM,../DSMs/2023-07-07_DEM.tif,2025-11-19T16:07:37.969039Z,4.10.dev245+g4144cef28,901_6,gray_frequencies,0,44.800000000000004
2023-07-07,DEM,../DSMs/2023-07-07_DEM.tif,2025-11-19T16:07:37.969039Z,4.10.dev245+g4144cef28,901_6,gray_frequencies,0,57.6
2023-07-07,DEM,../DSMs/2023-07-07_DEM.tif,2025-11-19T16:07:37.969039Z,4.10.dev245+g4144cef28,901_6,gray_frequencies,0,70.4
2023-07-07,DEM,../DSMs/2023-07-07_DEM.tif,2025-11-19T16:07:37.969039Z,4.10.dev245+g4144cef28,901_6,gray_frequencies,0,83.20000000000002
2023-07-07,DEM,../DSMs/2023-07-07_DEM.tif,2025-11-19T16:07:37.969039Z,4.10.dev245+g4144cef28,901_6,gray_frequencies,0,96.0
2023-07-07,DEM,../DSMs/2023-07-07_DEM.tif,2025-11-19T16:07:37.969039Z,4.10.dev245+g4144cef28,901_6,gray_frequencies,0,108.80000000000001
2023-07-07,DEM,../DSMs/2023-07-07_DEM.tif,2025-11-19T16:07:37.969039Z,4.10.dev245+g4144cef28,901_6,gray_frequencies,927,121.6
2023-07-07,DEM,../DSMs/2023-07-07_DEM.tif,2025-11-19T16:07:37.969039Z,4.10.dev245+g4144cef28,901_6,gray_frequencies,4223,134.4
2023-07-07,DEM,../DSMs/2023-07-07_DEM.tif,2025-11-19T16:07:37.969039Z,4.10.dev245+g4144cef28,901_6,gray_frequencies,7558,147.20000000000002
2023-07-07,DEM,../DSMs/2023-07-07_DEM.tif,2025-11-19T16:07:37.969039Z,4.10.dev245+g4144cef28,901_6,gray_frequencies,477,160.0
2023-07-07,DEM,../DSMs/2023-07-07_DEM.tif,2025-11-19T16:07:37.969039Z,4.10.dev245+g4144cef28,901_6,gray_frequencies,0,172.8
2023-07-07,DEM,../DSMs/2023-07-07_DEM.tif,2025-11-19T16:07:37.969039Z,4.10.dev245+g4144cef28,901_6,gray_frequencies,0,185.60000000000002
2023-07-07,DEM,../DSMs/2023-07-07_DEM.tif,2025-11-19T16:07:37.969039Z,4.10.dev245+g4144cef28,901_6,gray_frequencies,0,198.4
2023-07-07,DEM,../DSMs/2023-07-07_DEM.tif,2025-11-19T16:07:37.969039Z,4.10.dev245+g4144cef28,901_6,gray_frequencies,0,211.20000000000002
2023-07-07,DEM,../DSMs/2023-07-07_DEM.tif,2025-11-19T16:07:37.969039Z,4.10.dev245+g4144cef28,901_6,gray_frequencies,0,224.0
2023-07-07,DEM,../DSMs/2023-07-07_DEM.tif,2025-11-19T16:07:37.969039Z,4.10.dev245+g4144cef28,901_6,gray_frequencies,0,236.8
2023-07-07,DEM,../DSMs/2023-07-07_DEM.tif,2025-11-19T16:07:37.969039Z,4.10.dev245+g4144cef28,901_6,gray_frequencies,0,249.60000000000002
2023-07-07,DEM,../DSMs/2023-07-07_DEM.tif,2025-11-19T16:07:37.969039Z,4.10.dev245+g4144cef28,701_7,gray_frequencies,0,6.4
2023-07-07,DEM,../DSMs/2023-07-07_DEM.tif,2025-11-19T16:07:37.969039Z,4.10.dev245+g4144cef28,701_7,gray_frequencies,0,19.200000000000003
2023-07-07,DEM,../DSMs/2023-07-07_DEM.tif,2025-11-19T16:07:37.969039Z,4.10.dev245+g4144cef28,701_7,gray_frequencies,0,32.0
2023-07-07,DEM,../DSMs/2023-07-07_DEM.tif,2025-11-19T16:07:37.969039Z,4.10.dev245+g4144cef28,701_7,gray_frequencies,0,44.800000000000004
2023-07-07,DEM,../DSMs/2023-07-07_DEM.tif,2025-11-19T16:07:37.969039Z,4.10.dev245+g4144cef28,701_7,gray_frequencies,0,57.6
2023-07-07,DEM,../DSMs/2023-07-07_DEM.tif,2025-11-19T16:07:37.969039Z,4.10.dev245+g4144cef28,701_7,gray_frequencies,0,70.4
2023-07-07,DEM,../DSMs/2023-07-07_DEM.tif,2025-11-19T16:07:37.969039Z,4.10.dev245+g4144cef28,701_7,gray_frequencies,0,83.20000000000002
2023-07-07,DEM,../DSMs/2023-07-07_DEM.tif,2025-11-19T16:07:37.969039Z,4.10.dev245+g4144cef28,701_7,gray_frequencies,0,96.0
2023-07-07,DEM,../DSMs/2023-07-07_DEM.tif,2025-11-19T16:07:37.969039Z,4.10.dev245+g4144cef28,701_7,gray_frequencies,0,108.80000000000001
2023-07-07,DEM,../DSMs/2023-07-07_DEM.tif,2025-11-19T16:07:37.969039Z,4.10.dev245+g4144cef28,701_7,gray_frequencies,0,121.6
2023-07-07,DEM,../DSMs/2023-07-07_DEM.tif,2025-11-19T16:07:37.969039Z,4.10.dev245+g4144cef28,701_7,gray_frequencies,434,134.4
2023-07-07,DEM,../DSMs/2023-07-07_DEM.tif,2025-11-19T16:07:37.969039Z,4.10.dev245+g4144cef28,701_7,gray_frequencies,3913,147.20000000000002
2023-07-07,DEM,../DSMs/2023-07-07_DEM.tif,2025-11-19T16:07:37.969039Z,4.10.dev245+g4144cef28,701_7,gray_frequencies,6695,160.0
2023-07-07,DEM,../DSMs/2023-07-07_DEM.tif,2025-11-19T16:07:37.969039Z,4.10.dev245+g4144cef28,701_7,gray_frequencies,1358,172.8
2023-07-07,DEM,../DSMs/2023-07-07_DEM.tif,2025-11-19T16:07:37.969039Z,4.10.dev245+g4144cef28,701_7,gray_frequencies,0,185.60000000000002
2023-07-07,DEM,../DSMs/2023-07-07_DEM.tif,2025-11-19T16:07:37.969039Z,4.10.dev245+g4144cef28,701_7,gray_frequencies,0,198.4
2023-07-07,DEM,../DSMs/2023-07-07_DEM.tif,2025-11-19T16:07:37.969039Z,4.10.dev245+g4144cef28,701_7,gray_frequencies,0,211.20000000000002
2023-07-07,DEM,../DSMs/2023-07-07_DEM.tif,2025-11-19T16:07:37.969039Z,4.10.dev245+g4144cef28,701_7,gray_frequencies,0,224.0
2023-07-07,DEM,../DSMs/2023-07-07_DEM.tif,2025-11-19T16:07:37.969039Z,4.10.dev245+g4144cef28,701_7,gray_frequencies,0,236.8
2023-07-07,DEM,../DSMs/2023-07-07_DEM.tif,2025-11-19T16:07:37.969039Z,4.10.dev245+g4144cef28,701_7,gray_frequencies,0,249.60000000000002
2023-07-07,DEM,../DSMs/2023-07-07_DEM.tif,2025-11-19T16:07:37.969039Z,4.10.dev245+g4144cef28,801_8,gray_frequencies,0,6.4
2023-07-07,DEM,../DSMs/2023-07-07_DEM.tif,2025-11-19T16:07:37.969039Z,4.10.dev245+g4144cef28,801_8,gray_frequencies,0,19.200000000000003
2023-07-07,DEM,../DSMs/2023-07-07_DEM.tif,2025-11-19T16:07:37.969039Z,4.10.dev245+g4144cef28,801_8,gray_frequencies,0,32.0
2023-07-07,DEM,../DSMs/2023-07-07_DEM.tif,2025-11-19T16:07:37.969039Z,4.10.dev245+g4144cef28,801_8,gray_frequencies,0,44.800000000000004
2023-07-07,DEM,../DSMs/2023-07-07_DEM.tif,2025-11-19T16:07:37.969039Z,4.10.dev245+g4144cef28,801_8,gray_frequencies,0,57.6
2023-07-07,DEM,../DSMs/2023-07-07_DEM.tif,2025-11-19T16:07:37.969039Z,4.10.dev245+g4144cef28,801_8,gray_frequencies,0,70.4
2023-07-07,DEM,../DSMs/2023-07-07_DEM.tif,2025-11-19T16:07:37.969039Z,4.10.dev245+g4144cef28,801_8,gray_frequencies,0,83.20000000000002
2023-07-07,DEM,../DSMs/2023-07-07_DEM.tif,2025-11-19T16:07:37.969039Z,4.10.dev245+g4144cef28,801_8,gray_frequencies,0,96.0
2023-07-07,DEM,../DSMs/2023-07-07_DEM.tif,2025-11-19T16:07:37.969039Z,4.10.dev245+g4144cef28,801_8,gray_frequencies,0,108.80000000000001
2023-07-07,DEM,../DSMs/2023-07-07_DEM.tif,2025-11-19T16:07:37.969039Z,4.10.dev245+g4144cef28,801_8,gray_frequencies,0,121.6
2023-07-07,DEM,../DSMs/2023-07-07_DEM.tif,2025-11-19T16:07:37.969039Z,4.10.dev245+g4144cef28,801_8,gray_frequencies,0,134.4
2023-07-07,DEM,../DSMs/2023-07-07_DEM.tif,2025-11-19T16:07:37.969039Z,4.10.dev245+g4144cef28,801_8,gray_frequencies,2972,147.20000000000002
2023-07-07,DEM,../DSMs/2023-07-07_DEM.tif,2025-11-19T16:07:37.969039Z,4.10.dev245+g4144cef28,801_8,gray_frequencies,8613,160.0
2023-07-07,DEM,../DSMs/2023-07-07_DEM.tif,2025-11-19T16:07:37.969039Z,4.10.dev245+g4144cef28,801_8,gray_frequencies,1756,172.8
2023-07-07,DEM,../DSMs/2023-07-07_DEM.tif,2025-11-19T16:07:37.969039Z,4.10.dev245+g4144cef28,801_8,gray_frequencies,0,185.60000000000002
2023-07-07,DEM,../DSMs/2023-07-07_DEM.tif,2025-11-19T16:07:37.969039Z,4.10.dev245+g4144cef28,801_8,gray_frequencies,0,198.4
2023-07-07,DEM,../DSMs/2023-07-07_DEM.tif,2025-11-19T16:07:37.969039Z,4.10.dev245+g4144cef28,801_8,gray_frequencies,0,211.20000000000002
2023-07-07,DEM,../DSMs/2023-07-07_DEM.tif,2025-11-19T16:07:37.969039Z,4.10.dev245+g4144cef28,801_8,gray_frequencies,0,224.0
2023-07-07,DEM,../DSMs/2023-07-07_DEM.tif,2025-11-19T16:07:37.969039Z,4.10.dev245+g4144cef28,801_8,gray_frequencies,0,236.8
2023-07-07,DEM,../DSMs/2023-07-07_DEM.tif,2025-11-19T16:07:37.969039Z,4.10.dev245+g4144cef28,801_8,gray_frequencies,0,249.60000000000002
2023-07-07,DEM,../DSMs/2023-07-07_DEM.tif,2025-11-19T16:07:37.969039Z,4.10.dev245+g4144cef28,601_9,gray_frequencies,0,6.4
2023-07-07,DEM,../DSMs/2023-07-07_DEM.tif,2025-11-19T16:07:37.969039Z,4.10.dev245+g4144cef28,601_9,gray_frequencies,0,19.200000000000003
2023-07-07,DEM,../DSMs/2023-07-07_DEM.tif,2025-11-19T16:07:37.969039Z,4.10.dev245+g4144cef28,601_9,gray_frequencies,0,32.0
2023-07-07,DEM,../DSMs/2023-07-07_DEM.tif,2025-11-19T16:07:37.969039Z,4.10.dev245+g4144cef28,601_9,gray_frequencies,0,44.800000000000004
2023-07-07,DEM,../DSMs/2023-07-07_DEM.tif,2025-11-19T16:07:37.969039Z,4.10.dev245+g4144cef28,601_9,gray_frequencies,0,57.6
2023-07-07,DEM,../DSMs/2023-07-07_DEM.tif,2025-11-19T16:07:37.969039Z,4.10.dev245+g4144cef28,601_9,gray_frequencies,0,70.4
2023-07-07,DEM,../DSMs/2023-07-07_DEM.tif,2025-11-19T16:07:37.969039Z,4.10.dev245+g4144cef28,601_9,gray_frequencies,0,83.20000000000002
2023-07-07,DEM,../DSMs/2023-07-07_DEM.tif,2025-11-19T16:07:37.969039Z,4.10.dev245+g4144cef28,601_9,gray_frequencies,0,96.0
2023-07-07,DEM,../DSMs/2023-07-07_DEM.tif,2025-11-19T16:07:37.969039Z,4.10.dev245+g4144cef28,601_9,gray_frequencies,0,108.80000000000001
2023-07-07,DEM,../DSMs/2023-07-07_DEM.tif,2025-11-19T16:07:37.969039Z,4.10.dev245+g4144cef28,601_9,gray_frequencies,0,121.6
2023-07-07,DEM,../DSMs/2023-07-07_DEM.tif,2025-11-19T16:07:37.969039Z,4.10.dev245+g4144cef28,601_9,gray_frequencies,0,134.4
2023-07-07,DEM,../DSMs/2023-07-07_DEM.tif,2025-11-19T16:07:37.969039Z,4.10.dev245+g4144cef28,601_9,gray_frequencies,3023,147.20000000000002
2023-07-07,DEM,../DSMs/2023-07-07_DEM.tif,2025-11-19T16:07:37.969039Z,4.10.dev245+g4144cef28,601_9,gray_frequencies,8344,160.0
2023-07-07,DEM,../DSMs/2023-07-07_DEM.tif,2025-11-19T16:07:37.969039Z,4.10.dev245+g4144cef28,601_9,gray_frequencies,2597,172.8
2023-07-07,DEM,../DSMs/2023-07-07_DEM.tif,2025-11-19T16:07:37.969039Z,4.10.dev245+g4144cef28,601_9,gray_frequencies,2,185.60000000000002
2023-07-07,DEM,../DSMs/2023-07-07_DEM.tif,2025-11-19T16:07:37.969039Z,4.10.dev245+g4144cef28,601_9,gray_frequencies,0,198.4
2023-07-07,DEM,../DSMs/2023-07-07_DEM.tif,2025-11-19T16:07:37.969039Z,4.10.dev245+g4144cef28,601_9,gray_frequencies,0,211.20000000000002
2023-07-07,DEM,../DSMs/2023-07-07_DEM.tif,2025-11-19T16:07:37.969039Z,4.10.dev245+g4144cef28,601_9,gray_frequencies,0,224.0
2023-07-07,DEM,../DSMs/2023-07-07_DEM.tif,2025-11-19T16:07:37.969039Z,4.10.dev245+g4144cef28,601_9,gray_frequencies,0,236.8
2023-07-07,DEM,../DSMs/2023-07-07_DEM.tif,2025-11-19T16:07:37.969039Z,4.10.dev245+g4144cef28,601_9,gray_frequencies,0,249.60000000000002
2023-07-07,DEM,../DSMs/2023-07-07_DEM.tif,2025-11-19T16:07:37.969039Z,4.10.dev245+g4144cef28,502_10,gray_frequencies,0,6.4
2023-07-07,DEM,../DSMs/2023-07-07_DEM.tif,2025-11-19T16:07:37.969039Z,4.10.dev245+g4144cef28,502_10,gray_frequencies,0,19.200000000000003
2023-07-07,DEM,../DSMs/2023-07-07_DEM.tif,2025-11-19T16:07:37.969039Z,4.10.dev245+g4144cef28,502_10,gray_frequencies,0,32.0
2023-07-07,DEM,../DSMs/2023-07-07_DEM.tif,2025-11-19T16:07:37.969039Z,4.10.dev245+g4144cef28,502_10,gray_frequencies,0,44.800000000000004
2023-07-07,DEM,../DSMs/2023-07-07_DEM.tif,2025-11-19T16:07:37.969039Z,4.10.dev245+g4144cef28,502_10,gray_frequencies,0,57.6
2023-07-07,DEM,../DSMs/2023-07-07_DEM.tif,2025-11-19T16:07:37.969039Z,4.10.dev245+g4144cef28,502_10,gray_frequencies,0,70.4
2023-07-07,DEM,../DSMs/2023-07-07_DEM.tif,2025-11-19T16:07:37.969039Z,4.10.dev245+g4144cef28,502_10,gray_frequencies,0,83.20000000000002
2023-07-07,DEM,../DSMs/2023-07-07_DEM.tif,2025-11-19T16:07:37.969039Z,4.10.dev245+g4144cef28,502_10,gray_frequencies,3668,96.0
2023-07-07,DEM,../DSMs/2023-07-07_DEM.tif,2025-11-19T16:07:37.969039Z,4.10.dev245+g4144cef28,502_10,gray_frequencies,9352,108.80000000000001
2023-07-07,DEM,../DSMs/2023-07-07_DEM.tif,2025-11-19T16:07:37.969039Z,4.10.dev245+g4144cef28,502_10,gray_frequencies,1075,121.6
2023-07-07,DEM,../DSMs/2023-07-07_DEM.tif,2025-11-19T16:07:37.969039Z,4.10.dev245+g4144cef28,502_10,gray_frequencies,0,134.4
2023-07-07,DEM,../DSMs/2023-07-07_DEM.tif,2025-11-19T16:07:37.969039Z,4.10.dev245+g4144cef28,502_10,gray_frequencies,0,147.20000000000002
2023-07-07,DEM,../DSMs/2023-07-07_DEM.tif,2025-11-19T16:07:37.969039Z,4.10.dev245+g4144cef28,502_10,gray_frequencies,0,160.0
2023-07-07,DEM,../DSMs/2023-07-07_DEM.tif,2025-11-19T16:07:37.969039Z,4.10.dev245+g4144cef28,502_10,gray_frequencies,0,172.8
2023-07-07,DEM,../DSMs/2023-07-07_DEM.tif,2025-11-19T16:07:37.969039Z,4.10.dev245+g4144cef28,502_10,gray_frequencies,0,185.60000000000002
2023-07-07,DEM,../DSMs/2023-07-07_DEM.tif,2025-11-19T16:07:37.969039Z,4.10.dev245+g4144cef28,502_10,gray_frequencies,0,198.4
2023-07-07,DEM,../DSMs/2023-07-07_DEM.tif,2025-11-19T16:07:37.969039Z,4.10.dev245+g4144cef28,502_10,gray_frequencies,0,211.20000000000002
2023-07-07,DEM,../DSMs/2023-07-07_DEM.tif,2025-11-19T16:07:37.969039Z,4.10.dev245+g4144cef28,502_10,gray_frequencies,0,224.0
2023-07-07,DEM,../DSMs/2023-07-07_DEM.tif,2025-11-19T16:07:37.969039Z,4.10.dev245+g4144cef28,502_10,gray_frequencies,0,236.8
2023-07-07,DEM,../DSMs/2023-07-07_DEM.tif,2025-11-19T16:07:37.969039Z,4.10.dev245+g4144cef28,502_10,gray_frequencies,0,249.60000000000002
2023-07-07,DEM,../DSMs/2023-07-07_DEM.tif,2025-11-19T16:07:37.969039Z,4.10.dev245+g4144cef28,402_11,gray_frequencies,0,6.4
2023-07-07,DEM,../DSMs/2023-07-07_DEM.tif,2025-11-19T16:07:37.969039Z,4.10.dev245+g4144cef28,402_11,gray_frequencies,0,19.200000000000003
2023-07-07,DEM,../DSMs/2023-07-07_DEM.tif,2025-11-19T16:07:37.969039Z,4.10.dev245+g4144cef28,402_11,gray_frequencies,0,32.0
2023-07-07,DEM,../DSMs/2023-07-07_DEM.tif,2025-11-19T16:07:37.969039Z,4.10.dev245+g4144cef28,402_11,gray_frequencies,0,44.800000000000004
2023-07-07,DEM,../DSMs/2023-07-07_DEM.tif,2025-11-19T16:07:37.969039Z,4.10.dev245+g4144cef28,402_11,gray_frequencies,0,57.6
2023-07-07,DEM,../DSMs/2023-07-07_DEM.tif,2025-11-19T16:07:37.969039Z,4.10.dev245+g4144cef28,402_11,gray_frequencies,0,70.4
2023-07-07,DEM,../DSMs/2023-07-07_DEM.tif,2025-11-19T16:07:37.969039Z,4.10.dev245+g4144cef28,402_11,gray_frequencies,0,83.20000000000002
2023-07-07,DEM,../DSMs/2023-07-07_DEM.tif,2025-11-19T16:07:37.969039Z,4.10.dev245+g4144cef28,402_11,gray_frequencies,3409,96.0
2023-07-07,DEM,../DSMs/2023-07-07_DEM.tif,2025-11-19T16:07:37.969039Z,4.10.dev245+g4144cef28,402_11,gray_frequencies,8262,108.80000000000001
2023-07-07,DEM,../DSMs/2023-07-07_DEM.tif,2025-11-19T16:07:37.969039Z,4.10.dev245+g4144cef28,402_11,gray_frequencies,2406,121.6
2023-07-07,DEM,../DSMs/2023-07-07_DEM.tif,2025-11-19T16:07:37.969039Z,4.10.dev245+g4144cef28,402_11,gray_frequencies,0,134.4
2023-07-07,DEM,../DSMs/2023-07-07_DEM.tif,2025-11-19T16:07:37.969039Z,4.10.dev245+g4144cef28,402_11,gray_frequencies,0,147.20000000000002
2023-07-07,DEM,../DSMs/2023-07-07_DEM.tif,2025-11-19T16:07:37.969039Z,4.10.dev245+g4144cef28,402_11,gray_frequencies,0,160.0
2023-07-07,DEM,../DSMs/2023-07-07_DEM.tif,2025-11-19T16:07:37.969039Z,4.10.dev245+g4144cef28,402_11,gray_frequencies,0,172.8
2023-07-07,DEM,../DSMs/2023-07-07_DEM.tif,2025-11-19T16:07:37.969039Z,4.10.dev245+g4144cef28,402_11,gray_frequencies,0,185.60000000000002
2023-07-07,DEM,../DSMs/2023-07-07_DEM.tif,2025-11-19T16:07:37.969039Z,4.10.dev245+g4144cef28,402_11,gray_frequencies,0,198.4
2023-07-07,DEM,../DSMs/2023-07-07_DEM.tif,2025-11-19T16:07:37.969039Z,4.10.dev245+g4144cef28,402_11,gray_frequencies,0,211.20000000000002
2023-07-07,DEM,../DSMs/2023-07-07_DEM.tif,2025-11-19T16:07:37.969039Z,4.10.dev245+g4144cef28,402_11,gray_frequencies,0,224.0
2023-07-07,DEM,../DSMs/2023-07-07_DEM.tif,2025-11-19T16:07:37.969039Z,4.10.dev245+g4144cef28,402_11,gray_frequencies,0,236.8
2023-07-07,DEM,../DSMs/2023-07-07_DEM.tif,2025-11-19T16:07:37.969039Z,4.10.dev245+g4144cef28,402_11,gray_frequencies,0,249.60000000000002
2023-07-07,DEM,../DSMs/2023-07-07_DEM.tif,2025-11-19T16:07:37.969039Z,4.10.dev245+g4144cef28,102_12,gray_frequencies,0,6.4
2023-07-07,DEM,../DSMs/2023-07-07_DEM.tif,2025-11-19T16:07:37.969039Z,4.10.dev245+g4144cef28,102_12,gray_frequencies,0,19.200000000000003
2023-07-07,DEM,../DSMs/2023-07-07_DEM.tif,2025-11-19T16:07:37.969039Z,4.10.dev245+g4144cef28,102_12,gray_frequencies,0,32.0
2023-07-07,DEM,../DSMs/2023-07-07_DEM.tif,2025-11-19T16:07:37.969039Z,4.10.dev245+g4144cef28,102_12,gray_frequencies,0,44.800000000000004
2023-07-07,DEM,../DSMs/2023-07-07_DEM.tif,2025-11-19T16:07:37.969039Z,4.10.dev245+g4144cef28,102_12,gray_frequencies,0,57.6
2023-07-07,DEM,../DSMs/2023-07-07_DEM.tif,2025-11-19T16:07:37.969039Z,4.10.dev245+g4144cef28,102_12,gray_frequencies,0,70.4
2023-07-07,DEM,../DSMs/2023-07-07_DEM.tif,2025-11-19T16:07:37.969039Z,4.10.dev245+g4144cef28,102_12,gray_frequencies,0,83.20000000000002
2023-07-07,DEM,../DSMs/2023-07-07_DEM.tif,2025-11-19T16:07:37.969039Z,4.10.dev245+g4144cef28,102_12,gray_frequencies,2925,96.0
2023-07-07,DEM,../DSMs/2023-07-07_DEM.tif,2025-11-19T16:07:37.969039Z,4.10.dev245+g4144cef28,102_12,gray_frequencies,8269,108.80000000000001
2023-07-07,DEM,../DSMs/2023-07-07_DEM.tif,2025-11-19T16:07:37.969039Z,4.10.dev245+g4144cef28,102_12,gray_frequencies,4083,121.6
2023-07-07,DEM,../DSMs/2023-07-07_DEM.tif,2025-11-19T16:07:37.969039Z,4.10.dev245+g4144cef28,102_12,gray_frequencies,15,134.4
2023-07-07,DEM,../DSMs/2023-07-07_DEM.tif,2025-11-19T16:07:37.969039Z,4.10.dev245+g4144cef28,102_12,gray_frequencies,0,147.20000000000002
2023-07-07,DEM,../DSMs/2023-07-07_DEM.tif,2025-11-19T16:07:37.969039Z,4.10.dev245+g4144cef28,102_12,gray_frequencies,0,160.0
2023-07-07,DEM,../DSMs/2023-07-07_DEM.tif,2025-11-19T16:07:37.969039Z,4.10.dev245+g4144cef28,102_12,gray_frequencies,0,172.8
2023-07-07,DEM,../DSMs/2023-07-07_DEM.tif,2025-11-19T16:07:37.969039Z,4.10.dev245+g4144cef28,102_12,gray_frequencies,0,185.60000000000002
2023-07-07,DEM,../DSMs/2023-07-07_DEM.tif,2025-11-19T16:07:37.969039Z,4.10.dev245+g4144cef28,102_12,gray_frequencies,0,198.4
2023-07-07,DEM,../DSMs/2023-07-07_DEM.tif,2025-11-19T16:07:37.969039Z,4.10.dev245+g4144cef28,102_12,gray_frequencies,0,211.20000000000002
2023-07-07,DEM,../DSMs/2023-07-07_DEM.tif,2025-11-19T16:07:37.969039Z,4.10.dev245+g4144cef28,102_12,gray_frequencies,0,224.0
2023-07-07,DEM,../DSMs/2023-07-07_DEM.tif,2025-11-19T16:07:37.969039Z,4.10.dev245+g4144cef28,102_12,gray_frequencies,0,236.8
2023-07-07,DEM,../DSMs/2023-07-07_DEM.tif,2025-11-19T16:07:37.969039Z,4.10.dev245+g4144cef28,102_12,gray_frequencies,0,249.60000000000002
2023-07-07,DEM,../DSMs/2023-07-07_DEM.tif,2025-11-19T16:07:37.969039Z,4.10.dev245+g4144cef28,702_13,gray_frequencies,0,6.4
2023-07-07,DEM,../DSMs/2023-07-07_DEM.tif,2025-11-19T16:07:37.969039Z,4.10.dev245+g4144cef28,702_13,gray_frequencies,0,19.200000000000003
2023-07-07,DEM,../DSMs/2023-07-07_DEM.tif,2025-11-19T16:07:37.969039Z,4.10.dev245+g4144cef28,702_13,gray_frequencies,0,32.0
2023-07-07,DEM,../DSMs/2023-07-07_DEM.tif,2025-11-19T16:07:37.969039Z,4.10.dev245+g4144cef28,702_13,gray_frequencies,0,44.800000000000004
2023-07-07,DEM,../DSMs/2023-07-07_DEM.tif,2025-11-19T16:07:37.969039Z,4.10.dev245+g4144cef28,702_13,gray_frequencies,0,57.6
2023-07-07,DEM,../DSMs/2023-07-07_DEM.tif,2025-11-19T16:07:37.969039Z,4.10.dev245+g4144cef28,702_13,gray_frequencies,0,70.4
2023-07-07,DEM,../DSMs/2023-07-07_DEM.tif,2025-11-19T16:07:37.969039Z,4.10.dev245+g4144cef28,702_13,gray_frequencies,0,83.20000000000002
2023-07-07,DEM,../DSMs/2023-07-07_DEM.tif,2025-11-19T16:07:37.969039Z,4.10.dev245+g4144cef28,702_13,gray_frequencies,0,96.0
2023-07-07,DEM,../DSMs/2023-07-07_DEM.tif,2025-11-19T16:07:37.969039Z,4.10.dev245+g4144cef28,702_13,gray_frequencies,28,108.80000000000001
2023-07-07,DEM,../DSMs/2023-07-07_DEM.tif,2025-11-19T16:07:37.969039Z,4.10.dev245+g4144cef28,702_13,gray_frequencies,1408,121.6
2023-07-07,DEM,../DSMs/2023-07-07_DEM.tif,2025-11-19T16:07:37.969039Z,4.10.dev245+g4144cef28,702_13,gray_frequencies,6369,134.4
2023-07-07,DEM,../DSMs/2023-07-07_DEM.tif,2025-11-19T16:07:37.969039Z,4.10.dev245+g4144cef28,702_13,gray_frequencies,5758,147.20000000000002
2023-07-07,DEM,../DSMs/2023-07-07_DEM.tif,2025-11-19T16:07:37.969039Z,4.10.dev245+g4144cef28,702_13,gray_frequencies,20,160.0
2023-07-07,DEM,../DSMs/2023-07-07_DEM.tif,2025-11-19T16:07:37.969039Z,4.10.dev245+g4144cef28,702_13,gray_frequencies,0,172.8
2023-07-07,DEM,../DSMs/2023-07-07_DEM.tif,2025-11-19T16:07:37.969039Z,4.10.dev245+g4144cef28,702_13,gray_frequencies,0,185.60000000000002
2023-07-07,DEM,../DSMs/2023-07-07_DEM.tif,2025-11-19T16:07:37.969039Z,4.10.dev245+g4144cef28,702_13,gray_frequencies,0,198.4
2023-07-07,DEM,../DSMs/2023-07-07_DEM.tif,2025-11-19T16:07:37.969039Z,4.10.dev245+g4144cef28,702_13,gray_frequencies,0,211.20000000000002
2023-07-07,DEM,../DSMs/2023-07-07_DEM.tif,2025-11-19T16:07:37.969039Z,4.10.dev245+g4144cef28,702_13,gray_frequencies,0,224.0
2023-07-07,DEM,../DSMs/2023-07-07_DEM.tif,2025-11-19T16:07:37.969039Z,4.10.dev245+g4144cef28,702_13,gray_frequencies,0,236.8
2023-07-07,DEM,../DSMs/2023-07-07_DEM.tif,2025-11-19T16:07:37.969039Z,4.10.dev245+g4144cef28,702_13,gray_frequencies,0,249.60000000000002
2023-07-07,DEM,../DSMs/2023-07-07_DEM.tif,2025-11-19T16:07:37.969039Z,4.10.dev245+g4144cef28,202_14,gray_frequencies,0,6.4
2023-07-07,DEM,../DSMs/2023-07-07_DEM.tif,2025-11-19T16:07:37.969039Z,4.10.dev245+g4144cef28,202_14,gray_frequencies,0,19.200000000000003
2023-07-07,DEM,../DSMs/2023-07-07_DEM.tif,2025-11-19T16:07:37.969039Z,4.10.dev245+g4144cef28,202_14,gray_frequencies,0,32.0
2023-07-07,DEM,../DSMs/2023-07-07_DEM.tif,2025-11-19T16:07:37.969039Z,4.10.dev245+g4144cef28,202_14,gray_frequencies,0,44.800000000000004
2023-07-07,DEM,../DSMs/2023-07-07_DEM.tif,2025-11-19T16:07:37.969039Z,4.10.dev245+g4144cef28,202_14,gray_frequencies,0,57.6
2023-07-07,DEM,../DSMs/2023-07-07_DEM.tif,2025-11-19T16:07:37.969039Z,4.10.dev245+g4144cef28,202_14,gray_frequencies,0,70.4
2023-07-07,DEM,../DSMs/2023-07-07_DEM.tif,2025-11-19T16:07:37.969039Z,4.10.dev245+g4144cef28,202_14,gray_frequencies,0,83.20000000000002
2023-07-07,DEM,../DSMs/2023-07-07_DEM.tif,2025-11-19T16:07:37.969039Z,4.10.dev245+g4144cef28,202_14,gray_frequencies,0,96.0
2023-07-07,DEM,../DSMs/2023-07-07_DEM.tif,2025-11-19T16:07:37.969039Z,4.10.dev245+g4144cef28,202_14,gray_frequencies,0,108.80000000000001
2023-07-07,DEM,../DSMs/2023-07-07_DEM.tif,2025-11-19T16:07:37.969039Z,4.10.dev245+g4144cef28,202_14,gray_frequencies,2026,121.6
2023-07-07,DEM,../DSMs/2023-07-07_DEM.tif,2025-11-19T16:07:37.969039Z,4.10.dev245+g4144cef28,202_14,gray_frequencies,5933,134.4
2023-07-07,DEM,../DSMs/2023-07-07_DEM.tif,2025-11-19T16:07:37.969039Z,4.10.dev245+g4144cef28,202_14,gray_frequencies,6647,147.20000000000002
2023-07-07,DEM,../DSMs/2023-07-07_DEM.tif,2025-11-19T16:07:37.969039Z,4.10.dev245+g4144cef28,202_14,gray_frequencies,37,160.0
2023-07-07,DEM,../DSMs/2023-07-07_DEM.tif,2025-11-19T16:07:37.969039Z,4.10.dev245+g4144cef28,202_14,gray_frequencies,0,172.8
2023-07-07,DEM,../DSMs/2023-07-07_DEM.tif,2025-11-19T16:07:37.969039Z,4.10.dev245+g4144cef28,202_14,gray_frequencies,0,185.60000000000002
2023-07-07,DEM,../DSMs/2023-07-07_DEM.tif,2025-11-19T16:07:37.969039Z,4.10.dev245+g4144cef28,202_14,gray_frequencies,0,198.4
2023-07-07,DEM,../DSMs/2023-07-07_DEM.tif,2025-11-19T16:07:37.969039Z,4.10.dev245+g4144cef28,202_14,gray_frequencies,0,211.20000000000002
2023-07-07,DEM,../DSMs/2023-07-07_DEM.tif,2025-11-19T16:07:37.969039Z,4.10.dev245+g4144cef28,202_14,gray_frequencies,0,224.0
2023-07-07,DEM,../DSMs/2023-07-07_DEM.tif,2025-11-19T16:07:37.969039Z,4.10.dev245+g4144cef28,202_14,gray_frequencies,0,236.8
2023-07-07,DEM,../DSMs/2023-07-07_DEM.tif,2025-11-19T16:07:37.969039Z,4.10.dev245+g4144cef28,202_14,gray_frequencies,0,249.60000000000002
2023-07-07,DEM,../DSMs/2023-07-07_DEM.tif,2025-11-19T16:07:37.969039Z,4.10.dev245+g4144cef28,602_15,gray_frequencies,0,6.4
2023-07-07,DEM,../DSMs/2023-07-07_DEM.tif,2025-11-19T16:07:37.969039Z,4.10.dev245+g4144cef28,602_15,gray_frequencies,0,19.200000000000003
2023-07-07,DEM,../DSMs/2023-07-07_DEM.tif,2025-11-19T16:07:37.969039Z,4.10.dev245+g4144cef28,602_15,gray_frequencies,0,32.0
2023-07-07,DEM,../DSMs/2023-07-07_DEM.tif,2025-11-19T16:07:37.969039Z,4.10.dev245+g4144cef28,602_15,gray_frequencies,0,44.800000000000004
2023-07-07,DEM,../DSMs/2023-07-07_DEM.tif,2025-11-19T16:07:37.969039Z,4.10.dev245+g4144cef28,602_15,gray_frequencies,0,57.6
2023-07-07,DEM,../DSMs/2023-07-07_DEM.tif,2025-11-19T16:07:37.969039Z,4.10.dev245+g4144cef28,602_15,gray_frequencies,0,70.4
2023-07-07,DEM,../DSMs/2023-07-07_DEM.tif,2025-11-19T16:07:37.969039Z,4.10.dev245+g4144cef28,602_15,gray_frequencies,0,83.20000000000002
2023-07-07,DEM,../DSMs/2023-07-07_DEM.tif,2025-11-19T16:07:37.969039Z,4.10.dev245+g4144cef28,602_15,gray_frequencies,0,96.0
2023-07-07,DEM,../DSMs/2023-07-07_DEM.tif,2025-11-19T16:07:37.969039Z,4.10.dev245+g4144cef28,602_15,gray_frequencies,0,108.80000000000001
2023-07-07,DEM,../DSMs/2023-07-07_DEM.tif,2025-11-19T16:07:37.969039Z,4.10.dev245+g4144cef28,602_15,gray_frequencies,1673,121.6
2023-07-07,DEM,../DSMs/2023-07-07_DEM.tif,2025-11-19T16:07:37.969039Z,4.10.dev245+g4144cef28,602_15,gray_frequencies,6620,134.4
2023-07-07,DEM,../DSMs/2023-07-07_DEM.tif,2025-11-19T16:07:37.969039Z,4.10.dev245+g4144cef28,602_15,gray_frequencies,4990,147.20000000000002
2023-07-07,DEM,../DSMs/2023-07-07_DEM.tif,2025-11-19T16:07:37.969039Z,4.10.dev245+g4144cef28,602_15,gray_frequencies,21,160.0
2023-07-07,DEM,../DSMs/2023-07-07_DEM.tif,2025-11-19T16:07:37.969039Z,4.10.dev245+g4144cef28,602_15,gray_frequencies,0,172.8
2023-07-07,DEM,../DSMs/2023-07-07_DEM.tif,2025-11-19T16:07:37.969039Z,4.10.dev245+g4144cef28,602_15,gray_frequencies,0,185.60000000000002
2023-07-07,DEM,../DSMs/2023-07-07_DEM.tif,2025-11-19T16:07:37.969039Z,4.10.dev245+g4144cef28,602_15,gray_frequencies,0,198.4
2023-07-07,DEM,../DSMs/2023-07-07_DEM.tif,2025-11-19T16:07:37.969039Z,4.10.dev245+g4144cef28,602_15,gray_frequencies,0,211.20000000000002
2023-07-07,DEM,../DSMs/2023-07-07_DEM.tif,2025-11-19T16:07:37.969039Z,4.10.dev245+g4144cef28,602_15,gray_frequencies,0,224.0
2023-07-07,DEM,../DSMs/2023-07-07_DEM.tif,2025-11-19T16:07:37.969039Z,4.10.dev245+g4144cef28,602_15,gray_frequencies,0,236.8
2023-07-07,DEM,../DSMs/2023-07-07_DEM.tif,2025-11-19T16:07:37.969039Z,4.10.dev245+g4144cef28,602_15,gray_frequencies,0,249.60000000000002
2023-07-07,DEM,../DSMs/2023-07-07_DEM.tif,2025-11-19T16:07:37.969039Z,4.10.dev245+g4144cef28,802_16,gray_frequencies,0,6.4
2023-07-07,DEM,../DSMs/2023-07-07_DEM.tif,2025-11-19T16:07:37.969039Z,4.10.dev245+g4144cef28,802_16,gray_frequencies,0,19.200000000000003
2023-07-07,DEM,../DSMs/2023-07-07_DEM.tif,2025-11-19T16:07:37.969039Z,4.10.dev245+g4144cef28,802_16,gray_frequencies,0,32.0
2023-07-07,DEM,../DSMs/2023-07-07_DEM.tif,2025-11-19T16:07:37.969039Z,4.10.dev245+g4144cef28,802_16,gray_frequencies,0,44.800000000000004
2023-07-07,DEM,../DSMs/2023-07-07_DEM.tif,2025-11-19T16:07:37.969039Z,4.10.dev245+g4144cef28,802_16,gray_frequencies,0,57.6
2023-07-07,DEM,../DSMs/2023-07-07_DEM.tif,2025-11-19T16:07:37.969039Z,4.10.dev245+g4144cef28,802_16,gray_frequencies,0,70.4
2023-07-07,DEM,../DSMs/2023-07-07_DEM.tif,2025-11-19T16:07:37.969039Z,4.10.dev245+g4144cef28,802_16,gray_frequencies,0,83.20000000000002
2023-07-07,DEM,../DSMs/2023-07-07_DEM.tif,2025-11-19T16:07:37.969039Z,4.10.dev245+g4144cef28,802_16,gray_frequencies,0,96.0
2023-07-07,DEM,../DSMs/2023-07-07_DEM.tif,2025-11-19T16:07:37.969039Z,4.10.dev245+g4144cef28,802_16,gray_frequencies,0,108.80000000000001
2023-07-07,DEM,../DSMs/2023-07-07_DEM.tif,2025-11-19T16:07:37.969039Z,4.10.dev245+g4144cef28,802_16,gray_frequencies,0,121.6
2023-07-07,DEM,../DSMs/2023-07-07_DEM.tif,2025-11-19T16:07:37.969039Z,4.10.dev245+g4144cef28,802_16,gray_frequencies,0,134.4
2023-07-07,DEM,../DSMs/2023-07-07_DEM.tif,2025-11-19T16:07:37.969039Z,4.10.dev245+g4144cef28,802_16,gray_frequencies,3351,147.20000000000002
2023-07-07,DEM,../DSMs/2023-07-07_DEM.tif,2025-11-19T16:07:37.969039Z,4.10.dev245+g4144cef28,802_16,gray_frequencies,8072,160.0
2023-07-07,DEM,../DSMs/2023-07-07_DEM.tif,2025-11-19T16:07:37.969039Z,4.10.dev245+g4144cef28,802_16,gray_frequencies,3032,172.8
2023-07-07,DEM,../DSMs/2023-07-07_DEM.tif,2025-11-19T16:07:37.969039Z,4.10.dev245+g4144cef28,802_16,gray_frequencies,0,185.60000000000002
2023-07-07,DEM,../DSMs/2023-07-07_DEM.tif,2025-11-19T16:07:37.969039Z,4.10.dev245+g4144cef28,802_16,gray_frequencies,0,198.4
2023-07-07,DEM,../DSMs/2023-07-07_DEM.tif,2025-11-19T16:07:37.969039Z,4.10.dev245+g4144cef28,802_16,gray_frequencies,0,211.20000000000002
2023-07-07,DEM,../DSMs/2023-07-07_DEM.tif,2025-11-19T16:07:37.969039Z,4.10.dev245+g4144cef28,802_16,gray_frequencies,0,224.0
2023-07-07,DEM,../DSMs/2023-07-07_DEM.tif,2025-11-19T16:07:37.969039Z,4.10.dev245+g4144cef28,802_16,gray_frequencies,0,236.8
2023-07-07,DEM,../DSMs/2023-07-07_DEM.tif,2025-11-19T16:07:37.969039Z,4.10.dev245+g4144cef28,802_16,gray_frequencies,0,249.60000000000002
2023-07-07,DEM,../DSMs/2023-07-07_DEM.tif,2025-11-19T16:07:37.969039Z,4.10.dev245+g4144cef28,302_17,gray_frequencies,0,6.4
2023-07-07,DEM,../DSMs/2023-07-07_DEM.tif,2025-11-19T16:07:37.969039Z,4.10.dev245+g4144cef28,302_17,gray_frequencies,0,19.200000000000003
2023-07-07,DEM,../DSMs/2023-07-07_DEM.tif,2025-11-19T16:07:37.969039Z,4.10.dev245+g4144cef28,302_17,gray_frequencies,0,32.0
2023-07-07,DEM,../DSMs/2023-07-07_DEM.tif,2025-11-19T16:07:37.969039Z,4.10.dev245+g4144cef28,302_17,gray_frequencies,0,44.800000000000004
2023-07-07,DEM,../DSMs/2023-07-07_DEM.tif,2025-11-19T16:07:37.969039Z,4.10.dev245+g4144cef28,302_17,gray_frequencies,0,57.6
2023-07-07,DEM,../DSMs/2023-07-07_DEM.tif,2025-11-19T16:07:37.969039Z,4.10.dev245+g4144cef28,302_17,gray_frequencies,0,70.4
2023-07-07,DEM,../DSMs/2023-07-07_DEM.tif,2025-11-19T16:07:37.969039Z,4.10.dev245+g4144cef28,302_17,gray_frequencies,0,83.20000000000002
2023-07-07,DEM,../DSMs/2023-07-07_DEM.tif,2025-11-19T16:07:37.969039Z,4.10.dev245+g4144cef28,302_17,gray_frequencies,0,96.0
2023-07-07,DEM,../DSMs/2023-07-07_DEM.tif,2025-11-19T16:07:37.969039Z,4.10.dev245+g4144cef28,302_17,gray_frequencies,0,108.80000000000001
2023-07-07,DEM,../DSMs/2023-07-07_DEM.tif,2025-11-19T16:07:37.969039Z,4.10.dev245+g4144cef28,302_17,gray_frequencies,0,121.6
2023-07-07,DEM,../DSMs/2023-07-07_DEM.tif,2025-11-19T16:07:37.969039Z,4.10.dev245+g4144cef28,302_17,gray_frequencies,0,134.4
2023-07-07,DEM,../DSMs/2023-07-07_DEM.tif,2025-11-19T16:07:37.969039Z,4.10.dev245+g4144cef28,302_17,gray_frequencies,1651,147.20000000000002
2023-07-07,DEM,../DSMs/2023-07-07_DEM.tif,2025-11-19T16:07:37.969039Z,4.10.dev245+g4144cef28,302_17,gray_frequencies,5124,160.0
2023-07-07,DEM,../DSMs/2023-07-07_DEM.tif,2025-11-19T16:07:37.969039Z,4.10.dev245+g4144cef28,302_17,gray_frequencies,7099,172.8
2023-07-07,DEM,../DSMs/2023-07-07_DEM.tif,2025-11-19T16:07:37.969039Z,4.10.dev245+g4144cef28,302_17,gray_frequencies,1421,185.60000000000002
2023-07-07,DEM,../DSMs/2023-07-07_DEM.tif,2025-11-19T16:07:37.969039Z,4.10.dev245+g4144cef28,302_17,gray_frequencies,0,198.4
2023-07-07,DEM,../DSMs/2023-07-07_DEM.tif,2025-11-19T16:07:37.969039Z,4.10.dev245+g4144cef28,302_17,gray_frequencies,0,211.20000000000002
2023-07-07,DEM,../DSMs/2023-07-07_DEM.tif,2025-11-19T16:07:37.969039Z,4.10.dev245+g4144cef28,302_17,gray_frequencies,0,224.0
2023-07-07,DEM,../DSMs/2023-07-07_DEM.tif,2025-11-19T16:07:37.969039Z,4.10.dev245+g4144cef28,302_17,gray_frequencies,0,236.8
2023-07-07,DEM,../DSMs/2023-07-07_DEM.tif,2025-11-19T16:07:37.969039Z,4.10.dev245+g4144cef28,302_17,gray_frequencies,0,249.60000000000002
2023-07-07,DEM,../DSMs/2023-07-07_DEM.tif,2025-11-19T16:07:37.969039Z,4.10.dev245+g4144cef28,902_18,gray_frequencies,0,6.4
2023-07-07,DEM,../DSMs/2023-07-07_DEM.tif,2025-11-19T16:07:37.969039Z,4.10.dev245+g4144cef28,902_18,gray_frequencies,0,19.200000000000003
2023-07-07,DEM,../DSMs/2023-07-07_DEM.tif,2025-11-19T16:07:37.969039Z,4.10.dev245+g4144cef28,902_18,gray_frequencies,0,32.0
2023-07-07,DEM,../DSMs/2023-07-07_DEM.tif,2025-11-19T16:07:37.969039Z,4.10.dev245+g4144cef28,902_18,gray_frequencies,0,44.800000000000004
2023-07-07,DEM,../DSMs/2023-07-07_DEM.tif,2025-11-19T16:07:37.969039Z,4.10.dev245+g4144cef28,902_18,gray_frequencies,0,57.6
2023-07-07,DEM,../DSMs/2023-07-07_DEM.tif,2025-11-19T16:07:37.969039Z,4.10.dev245+g4144cef28,902_18,gray_frequencies,0,70.4
2023-07-07,DEM,../DSMs/2023-07-07_DEM.tif,2025-11-19T16:07:37.969039Z,4.10.dev245+g4144cef28,902_18,gray_frequencies,0,83.20000000000002
2023-07-07,DEM,../DSMs/2023-07-07_DEM.tif,2025-11-19T16:07:37.969039Z,4.10.dev245+g4144cef28,902_18,gray_frequencies,0,96.0
2023-07-07,DEM,../DSMs/2023-07-07_DEM.tif,2025-11-19T16:07:37.969039Z,4.10.dev245+g4144cef28,902_18,gray_frequencies,0,108.80000000000001
2023-07-07,DEM,../DSMs/2023-07-07_DEM.tif,2025-11-19T16:07:37.969039Z,4.10.dev245+g4144cef28,902_18,gray_frequencies,0,121.6
2023-07-07,DEM,../DSMs/2023-07-07_DEM.tif,2025-11-19T16:07:37.969039Z,4.10.dev245+g4144cef28,902_18,gray_frequencies,0,134.4
2023-07-07,DEM,../DSMs/2023-07-07_DEM.tif,2025-11-19T16:07:37.969039Z,4.10.dev245+g4144cef28,902_18,gray_frequencies,1359,147.20000000000002
2023-07-07,DEM,../DSMs/2023-07-07_DEM.tif,2025-11-19T16:07:37.969039Z,4.10.dev245+g4144cef28,902_18,gray_frequencies,3618,160.0
2023-07-07,DEM,../DSMs/2023-07-07_DEM.tif,2025-11-19T16:07:37.969039Z,4.10.dev245+g4144cef28,902_18,gray_frequencies,6477,172.8
2023-07-07,DEM,../DSMs/2023-07-07_DEM.tif,2025-11-19T16:07:37.969039Z,4.10.dev245+g4144cef28,902_18,gray_frequencies,3292,185.60000000000002
2023-07-07,DEM,../DSMs/2023-07-07_DEM.tif,2025-11-19T16:07:37.969039Z,4.10.dev245+g4144cef28,902_18,gray_frequencies,0,198.4
2023-07-07,DEM,../DSMs/2023-07-07_DEM.tif,2025-11-19T16:07:37.969039Z,4.10.dev245+g4144cef28,902_18,gray_frequencies,0,211.20000000000002
2023-07-07,DEM,../DSMs/2023-07-07_DEM.tif,2025-11-19T16:07:37.969039Z,4.10.dev245+g4144cef28,902_18,gray_frequencies,0,224.0
2023-07-07,DEM,../DSMs/2023-07-07_DEM.tif,2025-11-19T16:07:37.969039Z,4.10.dev245+g4144cef28,902_18,gray_frequencies,0,236.8
2023-07-07,DEM,../DSMs/2023-07-07_DEM.tif,2025-11-19T16:07:37.969039Z,4.10.dev245+g4144cef28,902_18,gray_frequencies,0,249.60000000000002
2023-07-07,DEM,../DSMs/2023-07-07_DEM.tif,2025-11-19T16:07:37.969039Z,4.10.dev245+g4144cef28,703_19,gray_frequencies,0,6.4
2023-07-07,DEM,../DSMs/2023-07-07_DEM.tif,2025-11-19T16:07:37.969039Z,4.10.dev245+g4144cef28,703_19,gray_frequencies,0,19.200000000000003
2023-07-07,DEM,../DSMs/2023-07-07_DEM.tif,2025-11-19T16:07:37.969039Z,4.10.dev245+g4144cef28,703_19,gray_frequencies,0,32.0
2023-07-07,DEM,../DSMs/2023-07-07_DEM.tif,2025-11-19T16:07:37.969039Z,4.10.dev245+g4144cef28,703_19,gray_frequencies,0,44.800000000000004
2023-07-07,DEM,../DSMs/2023-07-07_DEM.tif,2025-11-19T16:07:37.969039Z,4.10.dev245+g4144cef28,703_19,gray_frequencies,0,57.6
2023-07-07,DEM,../DSMs/2023-07-07_DEM.tif,2025-11-19T16:07:37.969039Z,4.10.dev245+g4144cef28,703_19,gray_frequencies,0,70.4
2023-07-07,DEM,../DSMs/2023-07-07_DEM.tif,2025-11-19T16:07:37.969039Z,4.10.dev245+g4144cef28,703_19,gray_frequencies,0,83.20000000000002
2023-07-07,DEM,../DSMs/2023-07-07_DEM.tif,2025-11-19T16:07:37.969039Z,4.10.dev245+g4144cef28,703_19,gray_frequencies,1424,96.0
2023-07-07,DEM,../DSMs/2023-07-07_DEM.tif,2025-11-19T16:07:37.969039Z,4.10.dev245+g4144cef28,703_19,gray_frequencies,7580,108.80000000000001
2023-07-07,DEM,../DSMs/2023-07-07_DEM.tif,2025-11-19T16:07:37.969039Z,4.10.dev245+g4144cef28,703_19,gray_frequencies,5587,121.6
2023-07-07,DEM,../DSMs/2023-07-07_DEM.tif,2025-11-19T16:07:37.969039Z,4.10.dev245+g4144cef28,703_19,gray_frequencies,0,134.4
2023-07-07,DEM,../DSMs/2023-07-07_DEM.tif,2025-11-19T16:07:37.969039Z,4.10.dev245+g4144cef28,703_19,gray_frequencies,0,147.20000000000002
2023-07-07,DEM,../DSMs/2023-07-07_DEM.tif,2025-11-19T16:07:37.969039Z,4.10.dev245+g4144cef28,703_19,gray_frequencies,0,160.0
2023-07-07,DEM,../DSMs/2023-07-07_DEM.tif,2025-11-19T16:07:37.969039Z,4.10.dev245+g4144cef28,703_19,gray_frequencies,0,172.8
2023-07-07,DEM,../DSMs/2023-07-07_DEM.tif,2025-11-19T16:07:37.969039Z,4.10.dev245+g4144cef28,703_19,gray_frequencies,0,185.60000000000002
2023-07-07,DEM,../DSMs/2023-07-07_DEM.tif,2025-11-19T16:07:37.969039Z,4.10.dev245+g4144cef28,703_19,gray_frequencies,0,198.4
2023-07-07,DEM,../DSMs/2023-07-07_DEM.tif,2025-11-19T16:07:37.969039Z,4.10.dev245+g4144cef28,703_19,gray_frequencies,0,211.20000000000002
2023-07-07,DEM,../DSMs/2023-07-07_DEM.tif,2025-11-19T16:07:37.969039Z,4.10.dev245+g4144cef28,703_19,gray_frequencies,0,224.0
2023-07-07,DEM,../DSMs/2023-07-07_DEM.tif,2025-11-19T16:07:37.969039Z,4.10.dev245+g4144cef28,703_19,gray_frequencies,0,236.8
2023-07-07,DEM,../DSMs/2023-07-07_DEM.tif,2025-11-19T16:07:37.969039Z,4.10.dev245+g4144cef28,703_19,gray_frequencies,0,249.60000000000002
2023-07-07,DEM,../DSMs/2023-07-07_DEM.tif,2025-11-19T16:07:37.969039Z,4.10.dev245+g4144cef28,103_20,gray_frequencies,0,6.4
2023-07-07,DEM,../DSMs/2023-07-07_DEM.tif,2025-11-19T16:07:37.969039Z,4.10.dev245+g4144cef28,103_20,gray_frequencies,0,19.200000000000003
2023-07-07,DEM,../DSMs/2023-07-07_DEM.tif,2025-11-19T16:07:37.969039Z,4.10.dev245+g4144cef28,103_20,gray_frequencies,0,32.0
2023-07-07,DEM,../DSMs/2023-07-07_DEM.tif,2025-11-19T16:07:37.969039Z,4.10.dev245+g4144cef28,103_20,gray_frequencies,0,44.800000000000004
2023-07-07,DEM,../DSMs/2023-07-07_DEM.tif,2025-11-19T16:07:37.969039Z,4.10.dev245+g4144cef28,103_20,gray_frequencies,0,57.6
2023-07-07,DEM,../DSMs/2023-07-07_DEM.tif,2025-11-19T16:07:37.969039Z,4.10.dev245+g4144cef28,103_20,gray_frequencies,0,70.4
2023-07-07,DEM,../DSMs/2023-07-07_DEM.tif,2025-11-19T16:07:37.969039Z,4.10.dev245+g4144cef28,103_20,gray_frequencies,0,83.20000000000002
2023-07-07,DEM,../DSMs/2023-07-07_DEM.tif,2025-11-19T16:07:37.969039Z,4.10.dev245+g4144cef28,103_20,gray_frequencies,1149,96.0
2023-07-07,DEM,../DSMs/2023-07-07_DEM.tif,2025-11-19T16:07:37.969039Z,4.10.dev245+g4144cef28,103_20,gray_frequencies,3938,108.80000000000001
2023-07-07,DEM,../DSMs/2023-07-07_DEM.tif,2025-11-19T16:07:37.969039Z,4.10.dev245+g4144cef28,103_20,gray_frequencies,7912,121.6
2023-07-07,DEM,../DSMs/2023-07-07_DEM.tif,2025-11-19T16:07:37.969039Z,4.10.dev245+g4144cef28,103_20,gray_frequencies,2157,134.4
2023-07-07,DEM,../DSMs/2023-07-07_DEM.tif,2025-11-19T16:07:37.969039Z,4.10.dev245+g4144cef28,103_20,gray_frequencies,0,147.20000000000002
2023-07-07,DEM,../DSMs/2023-07-07_DEM.tif,2025-11-19T16:07:37.969039Z,4.10.dev245+g4144cef28,103_20,gray_frequencies,0,160.0
2023-07-07,DEM,../DSMs/2023-07-07_DEM.tif,2025-11-19T16:07:37.969039Z,4.10.dev245+g4144cef28,103_20,gray_frequencies,0,172.8
2023-07-07,DEM,../DSMs/2023-07-07_DEM.tif,2025-11-19T16:07:37.969039Z,4.10.dev245+g4144cef28,103_20,gray_frequencies,0,185.60000000000002
2023-07-07,DEM,../DSMs/2023-07-07_DEM.tif,2025-11-19T16:07:37.969039Z,4.10.dev245+g4144cef28,103_20,gray_frequencies,0,198.4
2023-07-07,DEM,../DSMs/2023-07-07_DEM.tif,2025-11-19T16:07:37.969039Z,4.10.dev245+g4144cef28,103_20,gray_frequencies,0,211.20000000000002
2023-07-07,DEM,../DSMs/2023-07-07_DEM.tif,2025-11-19T16:07:37.969039Z,4.10.dev245+g4144cef28,103_20,gray_frequencies,0,224.0
2023-07-07,DEM,../DSMs/2023-07-07_DEM.tif,2025-11-19T16:07:37.969039Z,4.10.dev245+g4144cef28,103_20,gray_frequencies,0,236.8
2023-07-07,DEM,../DSMs/2023-07-07_DEM.tif,2025-11-19T16:07:37.969039Z,4.10.dev245+g4144cef28,103_20,gray_frequencies,0,249.60000000000002
2023-07-07,DEM,../DSMs/2023-07-07_DEM.tif,2025-11-19T16:07:37.969039Z,4.10.dev245+g4144cef28,203_21,gray_frequencies,0,6.4
2023-07-07,DEM,../DSMs/2023-07-07_DEM.tif,2025-11-19T16:07:37.969039Z,4.10.dev245+g4144cef28,203_21,gray_frequencies,0,19.200000000000003
2023-07-07,DEM,../DSMs/2023-07-07_DEM.tif,2025-11-19T16:07:37.969039Z,4.10.dev245+g4144cef28,203_21,gray_frequencies,0,32.0
2023-07-07,DEM,../DSMs/2023-07-07_DEM.tif,2025-11-19T16:07:37.969039Z,4.10.dev245+g4144cef28,203_21,gray_frequencies,0,44.800000000000004
2023-07-07,DEM,../DSMs/2023-07-07_DEM.tif,2025-11-19T16:07:37.969039Z,4.10.dev245+g4144cef28,203_21,gray_frequencies,0,57.6
2023-07-07,DEM,../DSMs/2023-07-07_DEM.tif,2025-11-19T16:07:37.969039Z,4.10.dev245+g4144cef28,203_21,gray_frequencies,0,70.4
2023-07-07,DEM,../DSMs/2023-07-07_DEM.tif,2025-11-19T16:07:37.969039Z,4.10.dev245+g4144cef28,203_21,gray_frequencies,0,83.20000000000002
2023-07-07,DEM,../DSMs/2023-07-07_DEM.tif,2025-11-19T16:07:37.969039Z,4.10.dev245+g4144cef28,203_21,gray_frequencies,2218,96.0
2023-07-07,DEM,../DSMs/2023-07-07_DEM.tif,2025-11-19T16:07:37.969039Z,4.10.dev245+g4144cef28,203_21,gray_frequencies,4935,108.80000000000001
2023-07-07,DEM,../DSMs/2023-07-07_DEM.tif,2025-11-19T16:07:37.969039Z,4.10.dev245+g4144cef28,203_21,gray_frequencies,6895,121.6
2023-07-07,DEM,../DSMs/2023-07-07_DEM.tif,2025-11-19T16:07:37.969039Z,4.10.dev245+g4144cef28,203_21,gray_frequencies,4,134.4
2023-07-07,DEM,../DSMs/2023-07-07_DEM.tif,2025-11-19T16:07:37.969039Z,4.10.dev245+g4144cef28,203_21,gray_frequencies,0,147.20000000000002
2023-07-07,DEM,../DSMs/2023-07-07_DEM.tif,2025-11-19T16:07:37.969039Z,4.10.dev245+g4144cef28,203_21,gray_frequencies,0,160.0
2023-07-07,DEM,../DSMs/2023-07-07_DEM.tif,2025-11-19T16:07:37.969039Z,4.10.dev245+g4144cef28,203_21,gray_frequencies,0,172.8
2023-07-07,DEM,../DSMs/2023-07-07_DEM.tif,2025-11-19T16:07:37.969039Z,4.10.dev245+g4144cef28,203_21,gray_frequencies,0,185.60000000000002
2023-07-07,DEM,../DSMs/2023-07-07_DEM.tif,2025-11-19T16:07:37.969039Z,4.10.dev245+g4144cef28,203_21,gray_frequencies,0,198.4
2023-07-07,DEM,../DSMs/2023-07-07_DEM.tif,2025-11-19T16:07:37.969039Z,4.10.dev245+g4144cef28,203_21,gray_frequencies,0,211.20000000000002
2023-07-07,DEM,../DSMs/2023-07-07_DEM.tif,2025-11-19T16:07:37.969039Z,4.10.dev245+g4144cef28,203_21,gray_frequencies,0,224.0
2023-07-07,DEM,../DSMs/2023-07-07_DEM.tif,2025-11-19T16:07:37.969039Z,4.10.dev245+g4144cef28,203_21,gray_frequencies,0,236.8
2023-07-07,DEM,../DSMs/2023-07-07_DEM.tif,2025-11-19T16:07:37.969039Z,4.10.dev245+g4144cef28,203_21,gray_frequencies,0,249.60000000000002
2023-07-07,DEM,../DSMs/2023-07-07_DEM.tif,2025-11-19T16:07:37.969039Z,4.10.dev245+g4144cef28,803_22,gray_frequencies,0,6.4
2023-07-07,DEM,../DSMs/2023-07-07_DEM.tif,2025-11-19T16:07:37.969039Z,4.10.dev245+g4144cef28,803_22,gray_frequencies,0,19.200000000000003
2023-07-07,DEM,../DSMs/2023-07-07_DEM.tif,2025-11-19T16:07:37.969039Z,4.10.dev245+g4144cef28,803_22,gray_frequencies,0,32.0
2023-07-07,DEM,../DSMs/2023-07-07_DEM.tif,2025-11-19T16:07:37.969039Z,4.10.dev245+g4144cef28,803_22,gray_frequencies,0,44.800000000000004
2023-07-07,DEM,../DSMs/2023-07-07_DEM.tif,2025-11-19T16:07:37.969039Z,4.10.dev245+g4144cef28,803_22,gray_frequencies,0,57.6
2023-07-07,DEM,../DSMs/2023-07-07_DEM.tif,2025-11-19T16:07:37.969039Z,4.10.dev245+g4144cef28,803_22,gray_frequencies,0,70.4
2023-07-07,DEM,../DSMs/2023-07-07_DEM.tif,2025-11-19T16:07:37.969039Z,4.10.dev245+g4144cef28,803_22,gray_frequencies,0,83.20000000000002
2023-07-07,DEM,../DSMs/2023-07-07_DEM.tif,2025-11-19T16:07:37.969039Z,4.10.dev245+g4144cef28,803_22,gray_frequencies,0,96.0
2023-07-07,DEM,../DSMs/2023-07-07_DEM.tif,2025-11-19T16:07:37.969039Z,4.10.dev245+g4144cef28,803_22,gray_frequencies,0,108.80000000000001
2023-07-07,DEM,../DSMs/2023-07-07_DEM.tif,2025-11-19T16:07:37.969039Z,4.10.dev245+g4144cef28,803_22,gray_frequencies,1173,121.6
2023-07-07,DEM,../DSMs/2023-07-07_DEM.tif,2025-11-19T16:07:37.969039Z,4.10.dev245+g4144cef28,803_22,gray_frequencies,6726,134.4
2023-07-07,DEM,../DSMs/2023-07-07_DEM.tif,2025-11-19T16:07:37.969039Z,4.10.dev245+g4144cef28,803_22,gray_frequencies,5316,147.20000000000002
2023-07-07,DEM,../DSMs/2023-07-07_DEM.tif,2025-11-19T16:07:37.969039Z,4.10.dev245+g4144cef28,803_22,gray_frequencies,0,160.0
2023-07-07,DEM,../DSMs/2023-07-07_DEM.tif,2025-11-19T16:07:37.969039Z,4.10.dev245+g4144cef28,803_22,gray_frequencies,0,172.8
2023-07-07,DEM,../DSMs/2023-07-07_DEM.tif,2025-11-19T16:07:37.969039Z,4.10.dev245+g4144cef28,803_22,gray_frequencies,0,185.60000000000002
2023-07-07,DEM,../DSMs/2023-07-07_DEM.tif,2025-11-19T16:07:37.969039Z,4.10.dev245+g4144cef28,803_22,gray_frequencies,0,198.4
2023-07-07,DEM,../DSMs/2023-07-07_DEM.tif,2025-11-19T16:07:37.969039Z,4.10.dev245+g4144cef28,803_22,gray_frequencies,0,211.20000000000002
2023-07-07,DEM,../DSMs/2023-07-07_DEM.tif,2025-11-19T16:07:37.969039Z,4.10.dev245+g4144cef28,803_22,gray_frequencies,0,224.0
2023-07-07,DEM,../DSMs/2023-07-07_DEM.tif,2025-11-19T16:07:37.969039Z,4.10.dev245+g4144cef28,803_22,gray_frequencies,0,236.8
2023-07-07,DEM,../DSMs/2023-07-07_DEM.tif,2025-11-19T16:07:37.969039Z,4.10.dev245+g4144cef28,803_22,gray_frequencies,0,249.60000000000002
2023-07-07,DEM,../DSMs/2023-07-07_DEM.tif,2025-11-19T16:07:37.969039Z,4.10.dev245+g4144cef28,303_23,gray_frequencies,0,6.4
2023-07-07,DEM,../DSMs/2023-07-07_DEM.tif,2025-11-19T16:07:37.969039Z,4.10.dev245+g4144cef28,303_23,gray_frequencies,0,19.200000000000003
2023-07-07,DEM,../DSMs/2023-07-07_DEM.tif,2025-11-19T16:07:37.969039Z,4.10.dev245+g4144cef28,303_23,gray_frequencies,0,32.0
2023-07-07,DEM,../DSMs/2023-07-07_DEM.tif,2025-11-19T16:07:37.969039Z,4.10.dev245+g4144cef28,303_23,gray_frequencies,0,44.800000000000004
2023-07-07,DEM,../DSMs/2023-07-07_DEM.tif,2025-11-19T16:07:37.969039Z,4.10.dev245+g4144cef28,303_23,gray_frequencies,0,57.6
2023-07-07,DEM,../DSMs/2023-07-07_DEM.tif,2025-11-19T16:07:37.969039Z,4.10.dev245+g4144cef28,303_23,gray_frequencies,0,70.4
2023-07-07,DEM,../DSMs/2023-07-07_DEM.tif,2025-11-19T16:07:37.969039Z,4.10.dev245+g4144cef28,303_23,gray_frequencies,0,83.20000000000002
2023-07-07,DEM,../DSMs/2023-07-07_DEM.tif,2025-11-19T16:07:37.969039Z,4.10.dev245+g4144cef28,303_23,gray_frequencies,0,96.0
2023-07-07,DEM,../DSMs/2023-07-07_DEM.tif,2025-11-19T16:07:37.969039Z,4.10.dev245+g4144cef28,303_23,gray_frequencies,0,108.80000000000001
2023-07-07,DEM,../DSMs/2023-07-07_DEM.tif,2025-11-19T16:07:37.969039Z,4.10.dev245+g4144cef28,303_23,gray_frequencies,272,121.6
2023-07-07,DEM,../DSMs/2023-07-07_DEM.tif,2025-11-19T16:07:37.969039Z,4.10.dev245+g4144cef28,303_23,gray_frequencies,3287,134.4
2023-07-07,DEM,../DSMs/2023-07-07_DEM.tif,2025-11-19T16:07:37.969039Z,4.10.dev245+g4144cef28,303_23,gray_frequencies,6422,147.20000000000002
2023-07-07,DEM,../DSMs/2023-07-07_DEM.tif,2025-11-19T16:07:37.969039Z,4.10.dev245+g4144cef28,303_23,gray_frequencies,4547,160.0
2023-07-07,DEM,../DSMs/2023-07-07_DEM.tif,2025-11-19T16:07:37.969039Z,4.10.dev245+g4144cef28,303_23,gray_frequencies,63,172.8
2023-07-07,DEM,../DSMs/2023-07-07_DEM.tif,2025-11-19T16:07:37.969039Z,4.10.dev245+g4144cef28,303_23,gray_frequencies,0,185.60000000000002
2023-07-07,DEM,../DSMs/2023-07-07_DEM.tif,2025-11-19T16:07:37.969039Z,4.10.dev245+g4144cef28,303_23,gray_frequencies,0,198.4
2023-07-07,DEM,../DSMs/2023-07-07_DEM.tif,2025-11-19T16:07:37.969039Z,4.10.dev245+g4144cef28,303_23,gray_frequencies,0,211.20000000000002
2023-07-07,DEM,../DSMs/2023-07-07_DEM.tif,2025-11-19T16:07:37.969039Z,4.10.dev245+g4144cef28,303_23,gray_frequencies,0,224.0
2023-07-07,DEM,../DSMs/2023-07-07_DEM.tif,2025-11-19T16:07:37.969039Z,4.10.dev245+g4144cef28,303_23,gray_frequencies,0,236.8
2023-07-07,DEM,../DSMs/2023-07-07_DEM.tif,2025-11-19T16:07:37.969039Z,4.10.dev245+g4144cef28,303_23,gray_frequencies,0,249.60000000000002
2023-07-07,DEM,../DSMs/2023-07-07_DEM.tif,2025-11-19T16:07:37.969039Z,4.10.dev245+g4144cef28,903_24,gray_frequencies,0,6.4
2023-07-07,DEM,../DSMs/2023-07-07_DEM.tif,2025-11-19T16:07:37.969039Z,4.10.dev245+g4144cef28,903_24,gray_frequencies,0,19.200000000000003
2023-07-07,DEM,../DSMs/2023-07-07_DEM.tif,2025-11-19T16:07:37.969039Z,4.10.dev245+g4144cef28,903_24,gray_frequencies,0,32.0
2023-07-07,DEM,../DSMs/2023-07-07_DEM.tif,2025-11-19T16:07:37.969039Z,4.10.dev245+g4144cef28,903_24,gray_frequencies,0,44.800000000000004
2023-07-07,DEM,../DSMs/2023-07-07_DEM.tif,2025-11-19T16:07:37.969039Z,4.10.dev245+g4144cef28,903_24,gray_frequencies,0,57.6
2023-07-07,DEM,../DSMs/2023-07-07_DEM.tif,2025-11-19T16:07:37.969039Z,4.10.dev245+g4144cef28,903_24,gray_frequencies,0,70.4
2023-07-07,DEM,../DSMs/2023-07-07_DEM.tif,2025-11-19T16:07:37.969039Z,4.10.dev245+g4144cef28,903_24,gray_frequencies,0,83.20000000000002
2023-07-07,DEM,../DSMs/2023-07-07_DEM.tif,2025-11-19T16:07:37.969039Z,4.10.dev245+g4144cef28,903_24,gray_frequencies,0,96.0
2023-07-07,DEM,../DSMs/2023-07-07_DEM.tif,2025-11-19T16:07:37.969039Z,4.10.dev245+g4144cef28,903_24,gray_frequencies,0,108.80000000000001
2023-07-07,DEM,../DSMs/2023-07-07_DEM.tif,2025-11-19T16:07:37.969039Z,4.10.dev245+g4144cef28,903_24,gray_frequencies,649,121.6
2023-07-07,DEM,../DSMs/2023-07-07_DEM.tif,2025-11-19T16:07:37.969039Z,4.10.dev245+g4144cef28,903_24,gray_frequencies,2871,134.4
2023-07-07,DEM,../DSMs/2023-07-07_DEM.tif,2025-11-19T16:07:37.969039Z,4.10.dev245+g4144cef28,903_24,gray_frequencies,7360,147.20000000000002
2023-07-07,DEM,../DSMs/2023-07-07_DEM.tif,2025-11-19T16:07:37.969039Z,4.10.dev245+g4144cef28,903_24,gray_frequencies,3362,160.0
2023-07-07,DEM,../DSMs/2023-07-07_DEM.tif,2025-11-19T16:07:37.969039Z,4.10.dev245+g4144cef28,903_24,gray_frequencies,0,172.8
2023-07-07,DEM,../DSMs/2023-07-07_DEM.tif,2025-11-19T16:07:37.969039Z,4.10.dev245+g4144cef28,903_24,gray_frequencies,0,185.60000000000002
2023-07-07,DEM,../DSMs/2023-07-07_DEM.tif,2025-11-19T16:07:37.969039Z,4.10.dev245+g4144cef28,903_24,gray_frequencies,0,198.4
2023-07-07,DEM,../DSMs/2023-07-07_DEM.tif,2025-11-19T16:07:37.969039Z,4.10.dev245+g4144cef28,903_24,gray_frequencies,0,211.20000000000002
2023-07-07,DEM,../DSMs/2023-07-07_DEM.tif,2025-11-19T16:07:37.969039Z,4.10.dev245+g4144cef28,903_24,gray_frequencies,0,224.0
2023-07-07,DEM,../DSMs/2023-07-07_DEM.tif,2025-11-19T16:07:37.969039Z,4.10.dev245+g4144cef28,903_24,gray_frequencies,0,236.8
2023-07-07,DEM,../DSMs/2023-07-07_DEM.tif,2025-11-19T16:07:37.969039Z,4.10.dev245+g4144cef28,903_24,gray_frequencies,0,249.60000000000002
2023-07-07,DEM,../DSMs/2023-07-07_DEM.tif,2025-11-19T16:07:37.969039Z,4.10.dev245+g4144cef28,403_25,gray_frequencies,0,6.4
2023-07-07,DEM,../DSMs/2023-07-07_DEM.tif,2025-11-19T16:07:37.969039Z,4.10.dev245+g4144cef28,403_25,gray_frequencies,0,19.200000000000003
2023-07-07,DEM,../DSMs/2023-07-07_DEM.tif,2025-11-19T16:07:37.969039Z,4.10.dev245+g4144cef28,403_25,gray_frequencies,0,32.0
2023-07-07,DEM,../DSMs/2023-07-07_DEM.tif,2025-11-19T16:07:37.969039Z,4.10.dev245+g4144cef28,403_25,gray_frequencies,0,44.800000000000004
2023-07-07,DEM,../DSMs/2023-07-07_DEM.tif,2025-11-19T16:07:37.969039Z,4.10.dev245+g4144cef28,403_25,gray_frequencies,0,57.6
2023-07-07,DEM,../DSMs/2023-07-07_DEM.tif,2025-11-19T16:07:37.969039Z,4.10.dev245+g4144cef28,403_25,gray_frequencies,0,70.4
2023-07-07,DEM,../DSMs/2023-07-07_DEM.tif,2025-11-19T16:07:37.969039Z,4.10.dev245+g4144cef28,403_25,gray_frequencies,0,83.20000000000002
2023-07-07,DEM,../DSMs/2023-07-07_DEM.tif,2025-11-19T16:07:37.969039Z,4.10.dev245+g4144cef28,403_25,gray_frequencies,0,96.0
2023-07-07,DEM,../DSMs/2023-07-07_DEM.tif,2025-11-19T16:07:37.969039Z,4.10.dev245+g4144cef28,403_25,gray_frequencies,0,108.80000000000001
2023-07-07,DEM,../DSMs/2023-07-07_DEM.tif,2025-11-19T16:07:37.969039Z,4.10.dev245+g4144cef28,403_25,gray_frequencies,0,121.6
2023-07-07,DEM,../DSMs/2023-07-07_DEM.tif,2025-11-19T16:07:37.969039Z,4.10.dev245+g4144cef28,403_25,gray_frequencies,0,134.4
2023-07-07,DEM,../DSMs/2023-07-07_DEM.tif,2025-11-19T16:07:37.969039Z,4.10.dev245+g4144cef28,403_25,gray_frequencies,1219,147.20000000000002
2023-07-07,DEM,../DSMs/2023-07-07_DEM.tif,2025-11-19T16:07:37.969039Z,4.10.dev245+g4144cef28,403_25,gray_frequencies,3647,160.0
2023-07-07,DEM,../DSMs/2023-07-07_DEM.tif,2025-11-19T16:07:37.969039Z,4.10.dev245+g4144cef28,403_25,gray_frequencies,6543,172.8
2023-07-07,DEM,../DSMs/2023-07-07_DEM.tif,2025-11-19T16:07:37.969039Z,4.10.dev245+g4144cef28,403_25,gray_frequencies,3136,185.60000000000002
2023-07-07,DEM,../DSMs/2023-07-07_DEM.tif,2025-11-19T16:07:37.969039Z,4.10.dev245+g4144cef28,403_25,gray_frequencies,1,198.4
2023-07-07,DEM,../DSMs/2023-07-07_DEM.tif,2025-11-19T16:07:37.969039Z,4.10.dev245+g4144cef28,403_25,gray_frequencies,0,211.20000000000002
2023-07-07,DEM,../DSMs/2023-07-07_DEM.tif,2025-11-19T16:07:37.969039Z,4.10.dev245+g4144cef28,403_25,gray_frequencies,0,224.0
2023-07-07,DEM,../DSMs/2023-07-07_DEM.tif,2025-11-19T16:07:37.969039Z,4.10.dev245+g4144cef28,403_25,gray_frequencies,0,236.8
2023-07-07,DEM,../DSMs/2023-07-07_DEM.tif,2025-11-19T16:07:37.969039Z,4.10.dev245+g4144cef28,403_25,gray_frequencies,0,249.60000000000002
2023-07-07,DEM,../DSMs/2023-07-07_DEM.tif,2025-11-19T16:07:37.969039Z,4.10.dev245+g4144cef28,503_26,gray_frequencies,0,6.4
2023-07-07,DEM,../DSMs/2023-07-07_DEM.tif,2025-11-19T16:07:37.969039Z,4.10.dev245+g4144cef28,503_26,gray_frequencies,0,19.200000000000003
2023-07-07,DEM,../DSMs/2023-07-07_DEM.tif,2025-11-19T16:07:37.969039Z,4.10.dev245+g4144cef28,503_26,gray_frequencies,0,32.0
2023-07-07,DEM,../DSMs/2023-07-07_DEM.tif,2025-11-19T16:07:37.969039Z,4.10.dev245+g4144cef28,503_26,gray_frequencies,0,44.800000000000004
2023-07-07,DEM,../DSMs/2023-07-07_DEM.tif,2025-11-19T16:07:37.969039Z,4.10.dev245+g4144cef28,503_26,gray_frequencies,0,57.6
2023-07-07,DEM,../DSMs/2023-07-07_DEM.tif,2025-11-19T16:07:37.969039Z,4.10.dev245+g4144cef28,503_26,gray_frequencies,0,70.4
2023-07-07,DEM,../DSMs/2023-07-07_DEM.tif,2025-11-19T16:07:37.969039Z,4.10.dev245+g4144cef28,503_26,gray_frequencies,0,83.20000000000002
2023-07-07,DEM,../DSMs/2023-07-07_DEM.tif,2025-11-19T16:07:37.969039Z,4.10.dev245+g4144cef28,503_26,gray_frequencies,0,96.0
2023-07-07,DEM,../DSMs/2023-07-07_DEM.tif,2025-11-19T16:07:37.969039Z,4.10.dev245+g4144cef28,503_26,gray_frequencies,0,108.80000000000001
2023-07-07,DEM,../DSMs/2023-07-07_DEM.tif,2025-11-19T16:07:37.969039Z,4.10.dev245+g4144cef28,503_26,gray_frequencies,0,121.6
2023-07-07,DEM,../DSMs/2023-07-07_DEM.tif,2025-11-19T16:07:37.969039Z,4.10.dev245+g4144cef28,503_26,gray_frequencies,0,134.4
2023-07-07,DEM,../DSMs/2023-07-07_DEM.tif,2025-11-19T16:07:37.969039Z,4.10.dev245+g4144cef28,503_26,gray_frequencies,1490,147.20000000000002
2023-07-07,DEM,../DSMs/2023-07-07_DEM.tif,2025-11-19T16:07:37.969039Z,4.10.dev245+g4144cef28,503_26,gray_frequencies,5626,160.0
2023-07-07,DEM,../DSMs/2023-07-07_DEM.tif,2025-11-19T16:07:37.969039Z,4.10.dev245+g4144cef28,503_26,gray_frequencies,6986,172.8
2023-07-07,DEM,../DSMs/2023-07-07_DEM.tif,2025-11-19T16:07:37.969039Z,4.10.dev245+g4144cef28,503_26,gray_frequencies,350,185.60000000000002
2023-07-07,DEM,../DSMs/2023-07-07_DEM.tif,2025-11-19T16:07:37.969039Z,4.10.dev245+g4144cef28,503_26,gray_frequencies,0,198.4
2023-07-07,DEM,../DSMs/2023-07-07_DEM.tif,2025-11-19T16:07:37.969039Z,4.10.dev245+g4144cef28,503_26,gray_frequencies,0,211.20000000000002
2023-07-07,DEM,../DSMs/2023-07-07_DEM.tif,2025-11-19T16:07:37.969039Z,4.10.dev245+g4144cef28,503_26,gray_frequencies,0,224.0
2023-07-07,DEM,../DSMs/2023-07-07_DEM.tif,2025-11-19T16:07:37.969039Z,4.10.dev245+g4144cef28,503_26,gray_frequencies,0,236.8
2023-07-07,DEM,../DSMs/2023-07-07_DEM.tif,2025-11-19T16:07:37.969039Z,4.10.dev245+g4144cef28,503_26,gray_frequencies,0,249.60000000000002
2023-07-07,DEM,../DSMs/2023-07-07_DEM.tif,2025-11-19T16:07:37.969039Z,4.10.dev245+g4144cef28,603_27,gray_frequencies,0,6.4
2023-07-07,DEM,../DSMs/2023-07-07_DEM.tif,2025-11-19T16:07:37.969039Z,4.10.dev245+g4144cef28,603_27,gray_frequencies,0,19.200000000000003
2023-07-07,DEM,../DSMs/2023-07-07_DEM.tif,2025-11-19T16:07:37.969039Z,4.10.dev245+g4144cef28,603_27,gray_frequencies,0,32.0
2023-07-07,DEM,../DSMs/2023-07-07_DEM.tif,2025-11-19T16:07:37.969039Z,4.10.dev245+g4144cef28,603_27,gray_frequencies,0,44.800000000000004
2023-07-07,DEM,../DSMs/2023-07-07_DEM.tif,2025-11-19T16:07:37.969039Z,4.10.dev245+g4144cef28,603_27,gray_frequencies,0,57.6
2023-07-07,DEM,../DSMs/2023-07-07_DEM.tif,2025-11-19T16:07:37.969039Z,4.10.dev245+g4144cef28,603_27,gray_frequencies,0,70.4
2023-07-07,DEM,../DSMs/2023-07-07_DEM.tif,2025-11-19T16:07:37.969039Z,4.10.dev245+g4144cef28,603_27,gray_frequencies,0,83.20000000000002
2023-07-07,DEM,../DSMs/2023-07-07_DEM.tif,2025-11-19T16:07:37.969039Z,4.10.dev245+g4144cef28,603_27,gray_frequencies,0,96.0
2023-07-07,DEM,../DSMs/2023-07-07_DEM.tif,2025-11-19T16:07:37.969039Z,4.10.dev245+g4144cef28,603_27,gray_frequencies,0,108.80000000000001
2023-07-07,DEM,../DSMs/2023-07-07_DEM.tif,2025-11-19T16:07:37.969039Z,4.10.dev245+g4144cef28,603_27,gray_frequencies,0,121.6
2023-07-07,DEM,../DSMs/2023-07-07_DEM.tif,2025-11-19T16:07:37.969039Z,4.10.dev245+g4144cef28,603_27,gray_frequencies,0,134.4
2023-07-07,DEM,../DSMs/2023-07-07_DEM.tif,2025-11-19T16:07:37.969039Z,4.10.dev245+g4144cef28,603_27,gray_frequencies,1724,147.20000000000002
2023-07-07,DEM,../DSMs/2023-07-07_DEM.tif,2025-11-19T16:07:37.969039Z,4.10.dev245+g4144cef28,603_27,gray_frequencies,5001,160.0
2023-07-07,DEM,../DSMs/2023-07-07_DEM.tif,2025-11-19T16:07:37.969039Z,4.10.dev245+g4144cef28,603_27,gray_frequencies,6837,172.8
2023-07-07,DEM,../DSMs/2023-07-07_DEM.tif,2025-11-19T16:07:37.969039Z,4.10.dev245+g4144cef28,603_27,gray_frequencies,329,185.60000000000002
2023-07-07,DEM,../DSMs/2023-07-07_DEM.tif,2025-11-19T16:07:37.969039Z,4.10.dev245+g4144cef28,603_27,gray_frequencies,0,198.4
2023-07-07,DEM,../DSMs/2023-07-07_DEM.tif,2025-11-19T16:07:37.969039Z,4.10.dev245+g4144cef28,603_27,gray_frequencies,0,211.20000000000002
2023-07-07,DEM,../DSMs/2023-07-07_DEM.tif,2025-11-19T16:07:37.969039Z,4.10.dev245+g4144cef28,603_27,gray_frequencies,0,224.0
2023-07-07,DEM,../DSMs/2023-07-07_DEM.tif,2025-11-19T16:07:37.969039Z,4.10.dev245+g4144cef28,603_27,gray_frequencies,0,236.8
2023-07-07,DEM,../DSMs/2023-07-07_DEM.tif,2025-11-19T16:07:37.969039Z,4.10.dev245+g4144cef28,603_27,gray_frequencies,0,249.60000000000002
2023-08-17,DEM,../DSMs/2023-08-17_DEM.tif,2025-11-19T16:07:57.275945Z,4.10.dev245+g4144cef28,default_101,gray_frequencies,NA,NA
2023-08-17,DEM,../DSMs/2023-08-17_DEM.tif,2025-11-19T16:07:57.275945Z,4.10.dev245+g4144cef28,default_201,gray_frequencies,NA,NA
2023-08-17,DEM,../DSMs/2023-08-17_DEM.tif,2025-11-19T16:07:57.275945Z,4.10.dev245+g4144cef28,default_301,gray_frequencies,NA,NA
2023-08-17,DEM,../DSMs/2023-08-17_DEM.tif,2025-11-19T16:07:57.275945Z,4.10.dev245+g4144cef28,default_401,gray_frequencies,NA,NA
2023-08-17,DEM,../DSMs/2023-08-17_DEM.tif,2025-11-19T16:07:57.275945Z,4.10.dev245+g4144cef28,default_501,gray_frequencies,NA,NA
2023-08-17,DEM,../DSMs/2023-08-17_DEM.tif,2025-11-19T16:07:57.275945Z,4.10.dev245+g4144cef28,default_901,gray_frequencies,NA,NA
2023-08-17,DEM,../DSMs/2023-08-17_DEM.tif,2025-11-19T16:07:57.275945Z,4.10.dev245+g4144cef28,default_701,gray_frequencies,NA,NA
2023-08-17,DEM,../DSMs/2023-08-17_DEM.tif,2025-11-19T16:07:57.275945Z,4.10.dev245+g4144cef28,default_801,gray_frequencies,NA,NA
2023-08-17,DEM,../DSMs/2023-08-17_DEM.tif,2025-11-19T16:07:57.275945Z,4.10.dev245+g4144cef28,default_601,gray_frequencies,NA,NA
2023-08-17,DEM,../DSMs/2023-08-17_DEM.tif,2025-11-19T16:07:57.275945Z,4.10.dev245+g4144cef28,default_502,gray_frequencies,NA,NA
2023-08-17,DEM,../DSMs/2023-08-17_DEM.tif,2025-11-19T16:07:57.275945Z,4.10.dev245+g4144cef28,default_402,gray_frequencies,NA,NA
2023-08-17,DEM,../DSMs/2023-08-17_DEM.tif,2025-11-19T16:07:57.275945Z,4.10.dev245+g4144cef28,default_102,gray_frequencies,NA,NA
2023-08-17,DEM,../DSMs/2023-08-17_DEM.tif,2025-11-19T16:07:57.275945Z,4.10.dev245+g4144cef28,default_702,gray_frequencies,NA,NA
2023-08-17,DEM,../DSMs/2023-08-17_DEM.tif,2025-11-19T16:07:57.275945Z,4.10.dev245+g4144cef28,default_202,gray_frequencies,NA,NA
2023-08-17,DEM,../DSMs/2023-08-17_DEM.tif,2025-11-19T16:07:57.275945Z,4.10.dev245+g4144cef28,default_602,gray_frequencies,NA,NA
2023-08-17,DEM,../DSMs/2023-08-17_DEM.tif,2025-11-19T16:07:57.275945Z,4.10.dev245+g4144cef28,default_802,gray_frequencies,NA,NA
2023-08-17,DEM,../DSMs/2023-08-17_DEM.tif,2025-11-19T16:07:57.275945Z,4.10.dev245+g4144cef28,default_302,gray_frequencies,NA,NA
2023-08-17,DEM,../DSMs/2023-08-17_DEM.tif,2025-11-19T16:07:57.275945Z,4.10.dev245+g4144cef28,default_902,gray_frequencies,NA,NA
2023-08-17,DEM,../DSMs/2023-08-17_DEM.tif,2025-11-19T16:07:57.275945Z,4.10.dev245+g4144cef28,default_703,gray_frequencies,NA,NA
2023-08-17,DEM,../DSMs/2023-08-17_DEM.tif,2025-11-19T16:07:57.275945Z,4.10.dev245+g4144cef28,default_103,gray_frequencies,NA,NA
2023-08-17,DEM,../DSMs/2023-08-17_DEM.tif,2025-11-19T16:07:57.275945Z,4.10.dev245+g4144cef28,default_203,gray_frequencies,NA,NA
2023-08-17,DEM,../DSMs/2023-08-17_DEM.tif,2025-11-19T16:07:57.275945Z,4.10.dev245+g4144cef28,default_803,gray_frequencies,NA,NA
2023-08-17,DEM,../DSMs/2023-08-17_DEM.tif,2025-11-19T16:07:57.275945Z,4.10.dev245+g4144cef28,default_303,gray_frequencies,NA,NA
2023-08-17,DEM,../DSMs/2023-08-17_DEM.tif,2025-11-19T16:07:57.275945Z,4.10.dev245+g4144cef28,default_903,gray_frequencies,NA,NA
2023-08-17,DEM,../DSMs/2023-08-17_DEM.tif,2025-11-19T16:07:57.275945Z,4.10.dev245+g4144cef28,default_403,gray_frequencies,NA,NA
2023-08-17,DEM,../DSMs/2023-08-17_DEM.tif,2025-11-19T16:07:57.275945Z,4.10.dev245+g4144cef28,default_503,gray_frequencies,NA,NA
2023-08-17,DEM,../DSMs/2023-08-17_DEM.tif,2025-11-19T16:07:57.275945Z,4.10.dev245+g4144cef28,default_603,gray_frequencies,NA,NA
2023-08-17,DEM,../DSMs/2023-08-17_DEM.tif,2025-11-19T16:07:57.275945Z,4.10.dev245+g4144cef28,101_1,gray_frequencies,0,6.4
2023-08-17,DEM,../DSMs/2023-08-17_DEM.tif,2025-11-19T16:07:57.275945Z,4.10.dev245+g4144cef28,101_1,gray_frequencies,0,19.200000000000003
2023-08-17,DEM,../DSMs/2023-08-17_DEM.tif,2025-11-19T16:07:57.275945Z,4.10.dev245+g4144cef28,101_1,gray_frequencies,0,32.0
2023-08-17,DEM,../DSMs/2023-08-17_DEM.tif,2025-11-19T16:07:57.275945Z,4.10.dev245+g4144cef28,101_1,gray_frequencies,0,44.800000000000004
2023-08-17,DEM,../DSMs/2023-08-17_DEM.tif,2025-11-19T16:07:57.275945Z,4.10.dev245+g4144cef28,101_1,gray_frequencies,0,57.6
2023-08-17,DEM,../DSMs/2023-08-17_DEM.tif,2025-11-19T16:07:57.275945Z,4.10.dev245+g4144cef28,101_1,gray_frequencies,0,70.4
2023-08-17,DEM,../DSMs/2023-08-17_DEM.tif,2025-11-19T16:07:57.275945Z,4.10.dev245+g4144cef28,101_1,gray_frequencies,2,83.20000000000002
2023-08-17,DEM,../DSMs/2023-08-17_DEM.tif,2025-11-19T16:07:57.275945Z,4.10.dev245+g4144cef28,101_1,gray_frequencies,1392,96.0
2023-08-17,DEM,../DSMs/2023-08-17_DEM.tif,2025-11-19T16:07:57.275945Z,4.10.dev245+g4144cef28,101_1,gray_frequencies,1219,108.80000000000001
2023-08-17,DEM,../DSMs/2023-08-17_DEM.tif,2025-11-19T16:07:57.275945Z,4.10.dev245+g4144cef28,101_1,gray_frequencies,4023,121.6
2023-08-17,DEM,../DSMs/2023-08-17_DEM.tif,2025-11-19T16:07:57.275945Z,4.10.dev245+g4144cef28,101_1,gray_frequencies,4240,134.4
2023-08-17,DEM,../DSMs/2023-08-17_DEM.tif,2025-11-19T16:07:57.275945Z,4.10.dev245+g4144cef28,101_1,gray_frequencies,2074,147.20000000000002
2023-08-17,DEM,../DSMs/2023-08-17_DEM.tif,2025-11-19T16:07:57.275945Z,4.10.dev245+g4144cef28,101_1,gray_frequencies,241,160.0
2023-08-17,DEM,../DSMs/2023-08-17_DEM.tif,2025-11-19T16:07:57.275945Z,4.10.dev245+g4144cef28,101_1,gray_frequencies,30,172.8
2023-08-17,DEM,../DSMs/2023-08-17_DEM.tif,2025-11-19T16:07:57.275945Z,4.10.dev245+g4144cef28,101_1,gray_frequencies,0,185.60000000000002
2023-08-17,DEM,../DSMs/2023-08-17_DEM.tif,2025-11-19T16:07:57.275945Z,4.10.dev245+g4144cef28,101_1,gray_frequencies,0,198.4
2023-08-17,DEM,../DSMs/2023-08-17_DEM.tif,2025-11-19T16:07:57.275945Z,4.10.dev245+g4144cef28,101_1,gray_frequencies,0,211.20000000000002
2023-08-17,DEM,../DSMs/2023-08-17_DEM.tif,2025-11-19T16:07:57.275945Z,4.10.dev245+g4144cef28,101_1,gray_frequencies,0,224.0
2023-08-17,DEM,../DSMs/2023-08-17_DEM.tif,2025-11-19T16:07:57.275945Z,4.10.dev245+g4144cef28,101_1,gray_frequencies,0,236.8
2023-08-17,DEM,../DSMs/2023-08-17_DEM.tif,2025-11-19T16:07:57.275945Z,4.10.dev245+g4144cef28,101_1,gray_frequencies,0,249.60000000000002
2023-08-17,DEM,../DSMs/2023-08-17_DEM.tif,2025-11-19T16:07:57.275945Z,4.10.dev245+g4144cef28,201_2,gray_frequencies,0,6.4
2023-08-17,DEM,../DSMs/2023-08-17_DEM.tif,2025-11-19T16:07:57.275945Z,4.10.dev245+g4144cef28,201_2,gray_frequencies,0,19.200000000000003
2023-08-17,DEM,../DSMs/2023-08-17_DEM.tif,2025-11-19T16:07:57.275945Z,4.10.dev245+g4144cef28,201_2,gray_frequencies,0,32.0
2023-08-17,DEM,../DSMs/2023-08-17_DEM.tif,2025-11-19T16:07:57.275945Z,4.10.dev245+g4144cef28,201_2,gray_frequencies,0,44.800000000000004
2023-08-17,DEM,../DSMs/2023-08-17_DEM.tif,2025-11-19T16:07:57.275945Z,4.10.dev245+g4144cef28,201_2,gray_frequencies,0,57.6
2023-08-17,DEM,../DSMs/2023-08-17_DEM.tif,2025-11-19T16:07:57.275945Z,4.10.dev245+g4144cef28,201_2,gray_frequencies,0,70.4
2023-08-17,DEM,../DSMs/2023-08-17_DEM.tif,2025-11-19T16:07:57.275945Z,4.10.dev245+g4144cef28,201_2,gray_frequencies,4,83.20000000000002
2023-08-17,DEM,../DSMs/2023-08-17_DEM.tif,2025-11-19T16:07:57.275945Z,4.10.dev245+g4144cef28,201_2,gray_frequencies,803,96.0
2023-08-17,DEM,../DSMs/2023-08-17_DEM.tif,2025-11-19T16:07:57.275945Z,4.10.dev245+g4144cef28,201_2,gray_frequencies,440,108.80000000000001
2023-08-17,DEM,../DSMs/2023-08-17_DEM.tif,2025-11-19T16:07:57.275945Z,4.10.dev245+g4144cef28,201_2,gray_frequencies,1241,121.6
2023-08-17,DEM,../DSMs/2023-08-17_DEM.tif,2025-11-19T16:07:57.275945Z,4.10.dev245+g4144cef28,201_2,gray_frequencies,1596,134.4
2023-08-17,DEM,../DSMs/2023-08-17_DEM.tif,2025-11-19T16:07:57.275945Z,4.10.dev245+g4144cef28,201_2,gray_frequencies,3687,147.20000000000002
2023-08-17,DEM,../DSMs/2023-08-17_DEM.tif,2025-11-19T16:07:57.275945Z,4.10.dev245+g4144cef28,201_2,gray_frequencies,3755,160.0
2023-08-17,DEM,../DSMs/2023-08-17_DEM.tif,2025-11-19T16:07:57.275945Z,4.10.dev245+g4144cef28,201_2,gray_frequencies,164,172.8
2023-08-17,DEM,../DSMs/2023-08-17_DEM.tif,2025-11-19T16:07:57.275945Z,4.10.dev245+g4144cef28,201_2,gray_frequencies,44,185.60000000000002
2023-08-17,DEM,../DSMs/2023-08-17_DEM.tif,2025-11-19T16:07:57.275945Z,4.10.dev245+g4144cef28,201_2,gray_frequencies,36,198.4
2023-08-17,DEM,../DSMs/2023-08-17_DEM.tif,2025-11-19T16:07:57.275945Z,4.10.dev245+g4144cef28,201_2,gray_frequencies,27,211.20000000000002
2023-08-17,DEM,../DSMs/2023-08-17_DEM.tif,2025-11-19T16:07:57.275945Z,4.10.dev245+g4144cef28,201_2,gray_frequencies,25,224.0
2023-08-17,DEM,../DSMs/2023-08-17_DEM.tif,2025-11-19T16:07:57.275945Z,4.10.dev245+g4144cef28,201_2,gray_frequencies,24,236.8
2023-08-17,DEM,../DSMs/2023-08-17_DEM.tif,2025-11-19T16:07:57.275945Z,4.10.dev245+g4144cef28,201_2,gray_frequencies,20,249.60000000000002
2023-08-17,DEM,../DSMs/2023-08-17_DEM.tif,2025-11-19T16:07:57.275945Z,4.10.dev245+g4144cef28,301_3,gray_frequencies,0,6.4
2023-08-17,DEM,../DSMs/2023-08-17_DEM.tif,2025-11-19T16:07:57.275945Z,4.10.dev245+g4144cef28,301_3,gray_frequencies,0,19.200000000000003
2023-08-17,DEM,../DSMs/2023-08-17_DEM.tif,2025-11-19T16:07:57.275945Z,4.10.dev245+g4144cef28,301_3,gray_frequencies,0,32.0
2023-08-17,DEM,../DSMs/2023-08-17_DEM.tif,2025-11-19T16:07:57.275945Z,4.10.dev245+g4144cef28,301_3,gray_frequencies,0,44.800000000000004
2023-08-17,DEM,../DSMs/2023-08-17_DEM.tif,2025-11-19T16:07:57.275945Z,4.10.dev245+g4144cef28,301_3,gray_frequencies,0,57.6
2023-08-17,DEM,../DSMs/2023-08-17_DEM.tif,2025-11-19T16:07:57.275945Z,4.10.dev245+g4144cef28,301_3,gray_frequencies,0,70.4
2023-08-17,DEM,../DSMs/2023-08-17_DEM.tif,2025-11-19T16:07:57.275945Z,4.10.dev245+g4144cef28,301_3,gray_frequencies,0,83.20000000000002
2023-08-17,DEM,../DSMs/2023-08-17_DEM.tif,2025-11-19T16:07:57.275945Z,4.10.dev245+g4144cef28,301_3,gray_frequencies,1033,96.0
2023-08-17,DEM,../DSMs/2023-08-17_DEM.tif,2025-11-19T16:07:57.275945Z,4.10.dev245+g4144cef28,301_3,gray_frequencies,1002,108.80000000000001
2023-08-17,DEM,../DSMs/2023-08-17_DEM.tif,2025-11-19T16:07:57.275945Z,4.10.dev245+g4144cef28,301_3,gray_frequencies,3339,121.6
2023-08-17,DEM,../DSMs/2023-08-17_DEM.tif,2025-11-19T16:07:57.275945Z,4.10.dev245+g4144cef28,301_3,gray_frequencies,3951,134.4
2023-08-17,DEM,../DSMs/2023-08-17_DEM.tif,2025-11-19T16:07:57.275945Z,4.10.dev245+g4144cef28,301_3,gray_frequencies,3224,147.20000000000002
2023-08-17,DEM,../DSMs/2023-08-17_DEM.tif,2025-11-19T16:07:57.275945Z,4.10.dev245+g4144cef28,301_3,gray_frequencies,115,160.0
2023-08-17,DEM,../DSMs/2023-08-17_DEM.tif,2025-11-19T16:07:57.275945Z,4.10.dev245+g4144cef28,301_3,gray_frequencies,0,172.8
2023-08-17,DEM,../DSMs/2023-08-17_DEM.tif,2025-11-19T16:07:57.275945Z,4.10.dev245+g4144cef28,301_3,gray_frequencies,0,185.60000000000002
2023-08-17,DEM,../DSMs/2023-08-17_DEM.tif,2025-11-19T16:07:57.275945Z,4.10.dev245+g4144cef28,301_3,gray_frequencies,0,198.4
2023-08-17,DEM,../DSMs/2023-08-17_DEM.tif,2025-11-19T16:07:57.275945Z,4.10.dev245+g4144cef28,301_3,gray_frequencies,0,211.20000000000002
2023-08-17,DEM,../DSMs/2023-08-17_DEM.tif,2025-11-19T16:07:57.275945Z,4.10.dev245+g4144cef28,301_3,gray_frequencies,0,224.0
2023-08-17,DEM,../DSMs/2023-08-17_DEM.tif,2025-11-19T16:07:57.275945Z,4.10.dev245+g4144cef28,301_3,gray_frequencies,0,236.8
2023-08-17,DEM,../DSMs/2023-08-17_DEM.tif,2025-11-19T16:07:57.275945Z,4.10.dev245+g4144cef28,301_3,gray_frequencies,0,249.60000000000002
2023-08-17,DEM,../DSMs/2023-08-17_DEM.tif,2025-11-19T16:07:57.275945Z,4.10.dev245+g4144cef28,401_4,gray_frequencies,0,6.4
2023-08-17,DEM,../DSMs/2023-08-17_DEM.tif,2025-11-19T16:07:57.275945Z,4.10.dev245+g4144cef28,401_4,gray_frequencies,0,19.200000000000003
2023-08-17,DEM,../DSMs/2023-08-17_DEM.tif,2025-11-19T16:07:57.275945Z,4.10.dev245+g4144cef28,401_4,gray_frequencies,0,32.0
2023-08-17,DEM,../DSMs/2023-08-17_DEM.tif,2025-11-19T16:07:57.275945Z,4.10.dev245+g4144cef28,401_4,gray_frequencies,0,44.800000000000004
2023-08-17,DEM,../DSMs/2023-08-17_DEM.tif,2025-11-19T16:07:57.275945Z,4.10.dev245+g4144cef28,401_4,gray_frequencies,0,57.6
2023-08-17,DEM,../DSMs/2023-08-17_DEM.tif,2025-11-19T16:07:57.275945Z,4.10.dev245+g4144cef28,401_4,gray_frequencies,0,70.4
2023-08-17,DEM,../DSMs/2023-08-17_DEM.tif,2025-11-19T16:07:57.275945Z,4.10.dev245+g4144cef28,401_4,gray_frequencies,0,83.20000000000002
2023-08-17,DEM,../DSMs/2023-08-17_DEM.tif,2025-11-19T16:07:57.275945Z,4.10.dev245+g4144cef28,401_4,gray_frequencies,0,96.0
2023-08-17,DEM,../DSMs/2023-08-17_DEM.tif,2025-11-19T16:07:57.275945Z,4.10.dev245+g4144cef28,401_4,gray_frequencies,0,108.80000000000001
2023-08-17,DEM,../DSMs/2023-08-17_DEM.tif,2025-11-19T16:07:57.275945Z,4.10.dev245+g4144cef28,401_4,gray_frequencies,392,121.6
2023-08-17,DEM,../DSMs/2023-08-17_DEM.tif,2025-11-19T16:07:57.275945Z,4.10.dev245+g4144cef28,401_4,gray_frequencies,945,134.4
2023-08-17,DEM,../DSMs/2023-08-17_DEM.tif,2025-11-19T16:07:57.275945Z,4.10.dev245+g4144cef28,401_4,gray_frequencies,2658,147.20000000000002
2023-08-17,DEM,../DSMs/2023-08-17_DEM.tif,2025-11-19T16:07:57.275945Z,4.10.dev245+g4144cef28,401_4,gray_frequencies,3457,160.0
2023-08-17,DEM,../DSMs/2023-08-17_DEM.tif,2025-11-19T16:07:57.275945Z,4.10.dev245+g4144cef28,401_4,gray_frequencies,3480,172.8
2023-08-17,DEM,../DSMs/2023-08-17_DEM.tif,2025-11-19T16:07:57.275945Z,4.10.dev245+g4144cef28,401_4,gray_frequencies,1414,185.60000000000002
2023-08-17,DEM,../DSMs/2023-08-17_DEM.tif,2025-11-19T16:07:57.275945Z,4.10.dev245+g4144cef28,401_4,gray_frequencies,0,198.4
2023-08-17,DEM,../DSMs/2023-08-17_DEM.tif,2025-11-19T16:07:57.275945Z,4.10.dev245+g4144cef28,401_4,gray_frequencies,0,211.20000000000002
2023-08-17,DEM,../DSMs/2023-08-17_DEM.tif,2025-11-19T16:07:57.275945Z,4.10.dev245+g4144cef28,401_4,gray_frequencies,0,224.0
2023-08-17,DEM,../DSMs/2023-08-17_DEM.tif,2025-11-19T16:07:57.275945Z,4.10.dev245+g4144cef28,401_4,gray_frequencies,0,236.8
2023-08-17,DEM,../DSMs/2023-08-17_DEM.tif,2025-11-19T16:07:57.275945Z,4.10.dev245+g4144cef28,401_4,gray_frequencies,0,249.60000000000002
2023-08-17,DEM,../DSMs/2023-08-17_DEM.tif,2025-11-19T16:07:57.275945Z,4.10.dev245+g4144cef28,501_5,gray_frequencies,0,6.4
2023-08-17,DEM,../DSMs/2023-08-17_DEM.tif,2025-11-19T16:07:57.275945Z,4.10.dev245+g4144cef28,501_5,gray_frequencies,0,19.200000000000003
2023-08-17,DEM,../DSMs/2023-08-17_DEM.tif,2025-11-19T16:07:57.275945Z,4.10.dev245+g4144cef28,501_5,gray_frequencies,0,32.0
2023-08-17,DEM,../DSMs/2023-08-17_DEM.tif,2025-11-19T16:07:57.275945Z,4.10.dev245+g4144cef28,501_5,gray_frequencies,0,44.800000000000004
2023-08-17,DEM,../DSMs/2023-08-17_DEM.tif,2025-11-19T16:07:57.275945Z,4.10.dev245+g4144cef28,501_5,gray_frequencies,0,57.6
2023-08-17,DEM,../DSMs/2023-08-17_DEM.tif,2025-11-19T16:07:57.275945Z,4.10.dev245+g4144cef28,501_5,gray_frequencies,0,70.4
2023-08-17,DEM,../DSMs/2023-08-17_DEM.tif,2025-11-19T16:07:57.275945Z,4.10.dev245+g4144cef28,501_5,gray_frequencies,0,83.20000000000002
2023-08-17,DEM,../DSMs/2023-08-17_DEM.tif,2025-11-19T16:07:57.275945Z,4.10.dev245+g4144cef28,501_5,gray_frequencies,0,96.0
2023-08-17,DEM,../DSMs/2023-08-17_DEM.tif,2025-11-19T16:07:57.275945Z,4.10.dev245+g4144cef28,501_5,gray_frequencies,0,108.80000000000001
2023-08-17,DEM,../DSMs/2023-08-17_DEM.tif,2025-11-19T16:07:57.275945Z,4.10.dev245+g4144cef28,501_5,gray_frequencies,350,121.6
2023-08-17,DEM,../DSMs/2023-08-17_DEM.tif,2025-11-19T16:07:57.275945Z,4.10.dev245+g4144cef28,501_5,gray_frequencies,768,134.4
2023-08-17,DEM,../DSMs/2023-08-17_DEM.tif,2025-11-19T16:07:57.275945Z,4.10.dev245+g4144cef28,501_5,gray_frequencies,1857,147.20000000000002
2023-08-17,DEM,../DSMs/2023-08-17_DEM.tif,2025-11-19T16:07:57.275945Z,4.10.dev245+g4144cef28,501_5,gray_frequencies,2245,160.0
2023-08-17,DEM,../DSMs/2023-08-17_DEM.tif,2025-11-19T16:07:57.275945Z,4.10.dev245+g4144cef28,501_5,gray_frequencies,4870,172.8
2023-08-17,DEM,../DSMs/2023-08-17_DEM.tif,2025-11-19T16:07:57.275945Z,4.10.dev245+g4144cef28,501_5,gray_frequencies,2273,185.60000000000002
2023-08-17,DEM,../DSMs/2023-08-17_DEM.tif,2025-11-19T16:07:57.275945Z,4.10.dev245+g4144cef28,501_5,gray_frequencies,0,198.4
2023-08-17,DEM,../DSMs/2023-08-17_DEM.tif,2025-11-19T16:07:57.275945Z,4.10.dev245+g4144cef28,501_5,gray_frequencies,0,211.20000000000002
2023-08-17,DEM,../DSMs/2023-08-17_DEM.tif,2025-11-19T16:07:57.275945Z,4.10.dev245+g4144cef28,501_5,gray_frequencies,0,224.0
2023-08-17,DEM,../DSMs/2023-08-17_DEM.tif,2025-11-19T16:07:57.275945Z,4.10.dev245+g4144cef28,501_5,gray_frequencies,0,236.8
2023-08-17,DEM,../DSMs/2023-08-17_DEM.tif,2025-11-19T16:07:57.275945Z,4.10.dev245+g4144cef28,501_5,gray_frequencies,0,249.60000000000002
2023-08-17,DEM,../DSMs/2023-08-17_DEM.tif,2025-11-19T16:07:57.275945Z,4.10.dev245+g4144cef28,901_6,gray_frequencies,0,6.4
2023-08-17,DEM,../DSMs/2023-08-17_DEM.tif,2025-11-19T16:07:57.275945Z,4.10.dev245+g4144cef28,901_6,gray_frequencies,0,19.200000000000003
2023-08-17,DEM,../DSMs/2023-08-17_DEM.tif,2025-11-19T16:07:57.275945Z,4.10.dev245+g4144cef28,901_6,gray_frequencies,0,32.0
2023-08-17,DEM,../DSMs/2023-08-17_DEM.tif,2025-11-19T16:07:57.275945Z,4.10.dev245+g4144cef28,901_6,gray_frequencies,0,44.800000000000004
2023-08-17,DEM,../DSMs/2023-08-17_DEM.tif,2025-11-19T16:07:57.275945Z,4.10.dev245+g4144cef28,901_6,gray_frequencies,0,57.6
2023-08-17,DEM,../DSMs/2023-08-17_DEM.tif,2025-11-19T16:07:57.275945Z,4.10.dev245+g4144cef28,901_6,gray_frequencies,0,70.4
2023-08-17,DEM,../DSMs/2023-08-17_DEM.tif,2025-11-19T16:07:57.275945Z,4.10.dev245+g4144cef28,901_6,gray_frequencies,0,83.20000000000002
2023-08-17,DEM,../DSMs/2023-08-17_DEM.tif,2025-11-19T16:07:57.275945Z,4.10.dev245+g4144cef28,901_6,gray_frequencies,0,96.0
2023-08-17,DEM,../DSMs/2023-08-17_DEM.tif,2025-11-19T16:07:57.275945Z,4.10.dev245+g4144cef28,901_6,gray_frequencies,0,108.80000000000001
2023-08-17,DEM,../DSMs/2023-08-17_DEM.tif,2025-11-19T16:07:57.275945Z,4.10.dev245+g4144cef28,901_6,gray_frequencies,111,121.6
2023-08-17,DEM,../DSMs/2023-08-17_DEM.tif,2025-11-19T16:07:57.275945Z,4.10.dev245+g4144cef28,901_6,gray_frequencies,707,134.4
2023-08-17,DEM,../DSMs/2023-08-17_DEM.tif,2025-11-19T16:07:57.275945Z,4.10.dev245+g4144cef28,901_6,gray_frequencies,3203,147.20000000000002
2023-08-17,DEM,../DSMs/2023-08-17_DEM.tif,2025-11-19T16:07:57.275945Z,4.10.dev245+g4144cef28,901_6,gray_frequencies,3991,160.0
2023-08-17,DEM,../DSMs/2023-08-17_DEM.tif,2025-11-19T16:07:57.275945Z,4.10.dev245+g4144cef28,901_6,gray_frequencies,3516,172.8
2023-08-17,DEM,../DSMs/2023-08-17_DEM.tif,2025-11-19T16:07:57.275945Z,4.10.dev245+g4144cef28,901_6,gray_frequencies,707,185.60000000000002
2023-08-17,DEM,../DSMs/2023-08-17_DEM.tif,2025-11-19T16:07:57.275945Z,4.10.dev245+g4144cef28,901_6,gray_frequencies,0,198.4
2023-08-17,DEM,../DSMs/2023-08-17_DEM.tif,2025-11-19T16:07:57.275945Z,4.10.dev245+g4144cef28,901_6,gray_frequencies,0,211.20000000000002
2023-08-17,DEM,../DSMs/2023-08-17_DEM.tif,2025-11-19T16:07:57.275945Z,4.10.dev245+g4144cef28,901_6,gray_frequencies,0,224.0
2023-08-17,DEM,../DSMs/2023-08-17_DEM.tif,2025-11-19T16:07:57.275945Z,4.10.dev245+g4144cef28,901_6,gray_frequencies,0,236.8
2023-08-17,DEM,../DSMs/2023-08-17_DEM.tif,2025-11-19T16:07:57.275945Z,4.10.dev245+g4144cef28,901_6,gray_frequencies,0,249.60000000000002
2023-08-17,DEM,../DSMs/2023-08-17_DEM.tif,2025-11-19T16:07:57.275945Z,4.10.dev245+g4144cef28,701_7,gray_frequencies,0,6.4
2023-08-17,DEM,../DSMs/2023-08-17_DEM.tif,2025-11-19T16:07:57.275945Z,4.10.dev245+g4144cef28,701_7,gray_frequencies,0,19.200000000000003
2023-08-17,DEM,../DSMs/2023-08-17_DEM.tif,2025-11-19T16:07:57.275945Z,4.10.dev245+g4144cef28,701_7,gray_frequencies,0,32.0
2023-08-17,DEM,../DSMs/2023-08-17_DEM.tif,2025-11-19T16:07:57.275945Z,4.10.dev245+g4144cef28,701_7,gray_frequencies,0,44.800000000000004
2023-08-17,DEM,../DSMs/2023-08-17_DEM.tif,2025-11-19T16:07:57.275945Z,4.10.dev245+g4144cef28,701_7,gray_frequencies,0,57.6
2023-08-17,DEM,../DSMs/2023-08-17_DEM.tif,2025-11-19T16:07:57.275945Z,4.10.dev245+g4144cef28,701_7,gray_frequencies,0,70.4
2023-08-17,DEM,../DSMs/2023-08-17_DEM.tif,2025-11-19T16:07:57.275945Z,4.10.dev245+g4144cef28,701_7,gray_frequencies,0,83.20000000000002
2023-08-17,DEM,../DSMs/2023-08-17_DEM.tif,2025-11-19T16:07:57.275945Z,4.10.dev245+g4144cef28,701_7,gray_frequencies,0,96.0
2023-08-17,DEM,../DSMs/2023-08-17_DEM.tif,2025-11-19T16:07:57.275945Z,4.10.dev245+g4144cef28,701_7,gray_frequencies,0,108.80000000000001
2023-08-17,DEM,../DSMs/2023-08-17_DEM.tif,2025-11-19T16:07:57.275945Z,4.10.dev245+g4144cef28,701_7,gray_frequencies,0,121.6
2023-08-17,DEM,../DSMs/2023-08-17_DEM.tif,2025-11-19T16:07:57.275945Z,4.10.dev245+g4144cef28,701_7,gray_frequencies,0,134.4
2023-08-17,DEM,../DSMs/2023-08-17_DEM.tif,2025-11-19T16:07:57.275945Z,4.10.dev245+g4144cef28,701_7,gray_frequencies,97,147.20000000000002
2023-08-17,DEM,../DSMs/2023-08-17_DEM.tif,2025-11-19T16:07:57.275945Z,4.10.dev245+g4144cef28,701_7,gray_frequencies,582,160.0
2023-08-17,DEM,../DSMs/2023-08-17_DEM.tif,2025-11-19T16:07:57.275945Z,4.10.dev245+g4144cef28,701_7,gray_frequencies,1524,172.8
2023-08-17,DEM,../DSMs/2023-08-17_DEM.tif,2025-11-19T16:07:57.275945Z,4.10.dev245+g4144cef28,701_7,gray_frequencies,1407,185.60000000000002
2023-08-17,DEM,../DSMs/2023-08-17_DEM.tif,2025-11-19T16:07:57.275945Z,4.10.dev245+g4144cef28,701_7,gray_frequencies,3328,198.4
2023-08-17,DEM,../DSMs/2023-08-17_DEM.tif,2025-11-19T16:07:57.275945Z,4.10.dev245+g4144cef28,701_7,gray_frequencies,4545,211.20000000000002
2023-08-17,DEM,../DSMs/2023-08-17_DEM.tif,2025-11-19T16:07:57.275945Z,4.10.dev245+g4144cef28,701_7,gray_frequencies,141,224.0
2023-08-17,DEM,../DSMs/2023-08-17_DEM.tif,2025-11-19T16:07:57.275945Z,4.10.dev245+g4144cef28,701_7,gray_frequencies,0,236.8
2023-08-17,DEM,../DSMs/2023-08-17_DEM.tif,2025-11-19T16:07:57.275945Z,4.10.dev245+g4144cef28,701_7,gray_frequencies,0,249.60000000000002
2023-08-17,DEM,../DSMs/2023-08-17_DEM.tif,2025-11-19T16:07:57.275945Z,4.10.dev245+g4144cef28,801_8,gray_frequencies,0,6.4
2023-08-17,DEM,../DSMs/2023-08-17_DEM.tif,2025-11-19T16:07:57.275945Z,4.10.dev245+g4144cef28,801_8,gray_frequencies,0,19.200000000000003
2023-08-17,DEM,../DSMs/2023-08-17_DEM.tif,2025-11-19T16:07:57.275945Z,4.10.dev245+g4144cef28,801_8,gray_frequencies,0,32.0
2023-08-17,DEM,../DSMs/2023-08-17_DEM.tif,2025-11-19T16:07:57.275945Z,4.10.dev245+g4144cef28,801_8,gray_frequencies,0,44.800000000000004
2023-08-17,DEM,../DSMs/2023-08-17_DEM.tif,2025-11-19T16:07:57.275945Z,4.10.dev245+g4144cef28,801_8,gray_frequencies,0,57.6
2023-08-17,DEM,../DSMs/2023-08-17_DEM.tif,2025-11-19T16:07:57.275945Z,4.10.dev245+g4144cef28,801_8,gray_frequencies,0,70.4
2023-08-17,DEM,../DSMs/2023-08-17_DEM.tif,2025-11-19T16:07:57.275945Z,4.10.dev245+g4144cef28,801_8,gray_frequencies,0,83.20000000000002
2023-08-17,DEM,../DSMs/2023-08-17_DEM.tif,2025-11-19T16:07:57.275945Z,4.10.dev245+g4144cef28,801_8,gray_frequencies,0,96.0
2023-08-17,DEM,../DSMs/2023-08-17_DEM.tif,2025-11-19T16:07:57.275945Z,4.10.dev245+g4144cef28,801_8,gray_frequencies,0,108.80000000000001
2023-08-17,DEM,../DSMs/2023-08-17_DEM.tif,2025-11-19T16:07:57.275945Z,4.10.dev245+g4144cef28,801_8,gray_frequencies,0,121.6
2023-08-17,DEM,../DSMs/2023-08-17_DEM.tif,2025-11-19T16:07:57.275945Z,4.10.dev245+g4144cef28,801_8,gray_frequencies,0,134.4
2023-08-17,DEM,../DSMs/2023-08-17_DEM.tif,2025-11-19T16:07:57.275945Z,4.10.dev245+g4144cef28,801_8,gray_frequencies,33,147.20000000000002
2023-08-17,DEM,../DSMs/2023-08-17_DEM.tif,2025-11-19T16:07:57.275945Z,4.10.dev245+g4144cef28,801_8,gray_frequencies,1125,160.0
2023-08-17,DEM,../DSMs/2023-08-17_DEM.tif,2025-11-19T16:07:57.275945Z,4.10.dev245+g4144cef28,801_8,gray_frequencies,1155,172.8
2023-08-17,DEM,../DSMs/2023-08-17_DEM.tif,2025-11-19T16:07:57.275945Z,4.10.dev245+g4144cef28,801_8,gray_frequencies,2028,185.60000000000002
2023-08-17,DEM,../DSMs/2023-08-17_DEM.tif,2025-11-19T16:07:57.275945Z,4.10.dev245+g4144cef28,801_8,gray_frequencies,4215,198.4
2023-08-17,DEM,../DSMs/2023-08-17_DEM.tif,2025-11-19T16:07:57.275945Z,4.10.dev245+g4144cef28,801_8,gray_frequencies,3658,211.20000000000002
2023-08-17,DEM,../DSMs/2023-08-17_DEM.tif,2025-11-19T16:07:57.275945Z,4.10.dev245+g4144cef28,801_8,gray_frequencies,82,224.0
2023-08-17,DEM,../DSMs/2023-08-17_DEM.tif,2025-11-19T16:07:57.275945Z,4.10.dev245+g4144cef28,801_8,gray_frequencies,2,236.8
2023-08-17,DEM,../DSMs/2023-08-17_DEM.tif,2025-11-19T16:07:57.275945Z,4.10.dev245+g4144cef28,801_8,gray_frequencies,3,249.60000000000002
2023-08-17,DEM,../DSMs/2023-08-17_DEM.tif,2025-11-19T16:07:57.275945Z,4.10.dev245+g4144cef28,601_9,gray_frequencies,0,6.4
2023-08-17,DEM,../DSMs/2023-08-17_DEM.tif,2025-11-19T16:07:57.275945Z,4.10.dev245+g4144cef28,601_9,gray_frequencies,0,19.200000000000003
2023-08-17,DEM,../DSMs/2023-08-17_DEM.tif,2025-11-19T16:07:57.275945Z,4.10.dev245+g4144cef28,601_9,gray_frequencies,0,32.0
2023-08-17,DEM,../DSMs/2023-08-17_DEM.tif,2025-11-19T16:07:57.275945Z,4.10.dev245+g4144cef28,601_9,gray_frequencies,0,44.800000000000004
2023-08-17,DEM,../DSMs/2023-08-17_DEM.tif,2025-11-19T16:07:57.275945Z,4.10.dev245+g4144cef28,601_9,gray_frequencies,0,57.6
2023-08-17,DEM,../DSMs/2023-08-17_DEM.tif,2025-11-19T16:07:57.275945Z,4.10.dev245+g4144cef28,601_9,gray_frequencies,0,70.4
2023-08-17,DEM,../DSMs/2023-08-17_DEM.tif,2025-11-19T16:07:57.275945Z,4.10.dev245+g4144cef28,601_9,gray_frequencies,0,83.20000000000002
2023-08-17,DEM,../DSMs/2023-08-17_DEM.tif,2025-11-19T16:07:57.275945Z,4.10.dev245+g4144cef28,601_9,gray_frequencies,0,96.0
2023-08-17,DEM,../DSMs/2023-08-17_DEM.tif,2025-11-19T16:07:57.275945Z,4.10.dev245+g4144cef28,601_9,gray_frequencies,0,108.80000000000001
2023-08-17,DEM,../DSMs/2023-08-17_DEM.tif,2025-11-19T16:07:57.275945Z,4.10.dev245+g4144cef28,601_9,gray_frequencies,0,121.6
2023-08-17,DEM,../DSMs/2023-08-17_DEM.tif,2025-11-19T16:07:57.275945Z,4.10.dev245+g4144cef28,601_9,gray_frequencies,0,134.4
2023-08-17,DEM,../DSMs/2023-08-17_DEM.tif,2025-11-19T16:07:57.275945Z,4.10.dev245+g4144cef28,601_9,gray_frequencies,67,147.20000000000002
2023-08-17,DEM,../DSMs/2023-08-17_DEM.tif,2025-11-19T16:07:57.275945Z,4.10.dev245+g4144cef28,601_9,gray_frequencies,1628,160.0
2023-08-17,DEM,../DSMs/2023-08-17_DEM.tif,2025-11-19T16:07:57.275945Z,4.10.dev245+g4144cef28,601_9,gray_frequencies,2170,172.8
2023-08-17,DEM,../DSMs/2023-08-17_DEM.tif,2025-11-19T16:07:57.275945Z,4.10.dev245+g4144cef28,601_9,gray_frequencies,2034,185.60000000000002
2023-08-17,DEM,../DSMs/2023-08-17_DEM.tif,2025-11-19T16:07:57.275945Z,4.10.dev245+g4144cef28,601_9,gray_frequencies,4587,198.4
2023-08-17,DEM,../DSMs/2023-08-17_DEM.tif,2025-11-19T16:07:57.275945Z,4.10.dev245+g4144cef28,601_9,gray_frequencies,2660,211.20000000000002
2023-08-17,DEM,../DSMs/2023-08-17_DEM.tif,2025-11-19T16:07:57.275945Z,4.10.dev245+g4144cef28,601_9,gray_frequencies,0,224.0
2023-08-17,DEM,../DSMs/2023-08-17_DEM.tif,2025-11-19T16:07:57.275945Z,4.10.dev245+g4144cef28,601_9,gray_frequencies,0,236.8
2023-08-17,DEM,../DSMs/2023-08-17_DEM.tif,2025-11-19T16:07:57.275945Z,4.10.dev245+g4144cef28,601_9,gray_frequencies,0,249.60000000000002
2023-08-17,DEM,../DSMs/2023-08-17_DEM.tif,2025-11-19T16:07:57.275945Z,4.10.dev245+g4144cef28,502_10,gray_frequencies,0,6.4
2023-08-17,DEM,../DSMs/2023-08-17_DEM.tif,2025-11-19T16:07:57.275945Z,4.10.dev245+g4144cef28,502_10,gray_frequencies,0,19.200000000000003
2023-08-17,DEM,../DSMs/2023-08-17_DEM.tif,2025-11-19T16:07:57.275945Z,4.10.dev245+g4144cef28,502_10,gray_frequencies,0,32.0
2023-08-17,DEM,../DSMs/2023-08-17_DEM.tif,2025-11-19T16:07:57.275945Z,4.10.dev245+g4144cef28,502_10,gray_frequencies,0,44.800000000000004
2023-08-17,DEM,../DSMs/2023-08-17_DEM.tif,2025-11-19T16:07:57.275945Z,4.10.dev245+g4144cef28,502_10,gray_frequencies,0,57.6
2023-08-17,DEM,../DSMs/2023-08-17_DEM.tif,2025-11-19T16:07:57.275945Z,4.10.dev245+g4144cef28,502_10,gray_frequencies,0,70.4
2023-08-17,DEM,../DSMs/2023-08-17_DEM.tif,2025-11-19T16:07:57.275945Z,4.10.dev245+g4144cef28,502_10,gray_frequencies,0,83.20000000000002
2023-08-17,DEM,../DSMs/2023-08-17_DEM.tif,2025-11-19T16:07:57.275945Z,4.10.dev245+g4144cef28,502_10,gray_frequencies,1431,96.0
2023-08-17,DEM,../DSMs/2023-08-17_DEM.tif,2025-11-19T16:07:57.275945Z,4.10.dev245+g4144cef28,502_10,gray_frequencies,2158,108.80000000000001
2023-08-17,DEM,../DSMs/2023-08-17_DEM.tif,2025-11-19T16:07:57.275945Z,4.10.dev245+g4144cef28,502_10,gray_frequencies,2583,121.6
2023-08-17,DEM,../DSMs/2023-08-17_DEM.tif,2025-11-19T16:07:57.275945Z,4.10.dev245+g4144cef28,502_10,gray_frequencies,3499,134.4
2023-08-17,DEM,../DSMs/2023-08-17_DEM.tif,2025-11-19T16:07:57.275945Z,4.10.dev245+g4144cef28,502_10,gray_frequencies,3527,147.20000000000002
2023-08-17,DEM,../DSMs/2023-08-17_DEM.tif,2025-11-19T16:07:57.275945Z,4.10.dev245+g4144cef28,502_10,gray_frequencies,1,160.0
2023-08-17,DEM,../DSMs/2023-08-17_DEM.tif,2025-11-19T16:07:57.275945Z,4.10.dev245+g4144cef28,502_10,gray_frequencies,0,172.8
2023-08-17,DEM,../DSMs/2023-08-17_DEM.tif,2025-11-19T16:07:57.275945Z,4.10.dev245+g4144cef28,502_10,gray_frequencies,0,185.60000000000002
2023-08-17,DEM,../DSMs/2023-08-17_DEM.tif,2025-11-19T16:07:57.275945Z,4.10.dev245+g4144cef28,502_10,gray_frequencies,0,198.4
2023-08-17,DEM,../DSMs/2023-08-17_DEM.tif,2025-11-19T16:07:57.275945Z,4.10.dev245+g4144cef28,502_10,gray_frequencies,0,211.20000000000002
2023-08-17,DEM,../DSMs/2023-08-17_DEM.tif,2025-11-19T16:07:57.275945Z,4.10.dev245+g4144cef28,502_10,gray_frequencies,0,224.0
2023-08-17,DEM,../DSMs/2023-08-17_DEM.tif,2025-11-19T16:07:57.275945Z,4.10.dev245+g4144cef28,502_10,gray_frequencies,0,236.8
2023-08-17,DEM,../DSMs/2023-08-17_DEM.tif,2025-11-19T16:07:57.275945Z,4.10.dev245+g4144cef28,502_10,gray_frequencies,0,249.60000000000002
2023-08-17,DEM,../DSMs/2023-08-17_DEM.tif,2025-11-19T16:07:57.275945Z,4.10.dev245+g4144cef28,402_11,gray_frequencies,0,6.4
2023-08-17,DEM,../DSMs/2023-08-17_DEM.tif,2025-11-19T16:07:57.275945Z,4.10.dev245+g4144cef28,402_11,gray_frequencies,0,19.200000000000003
2023-08-17,DEM,../DSMs/2023-08-17_DEM.tif,2025-11-19T16:07:57.275945Z,4.10.dev245+g4144cef28,402_11,gray_frequencies,0,32.0
2023-08-17,DEM,../DSMs/2023-08-17_DEM.tif,2025-11-19T16:07:57.275945Z,4.10.dev245+g4144cef28,402_11,gray_frequencies,0,44.800000000000004
2023-08-17,DEM,../DSMs/2023-08-17_DEM.tif,2025-11-19T16:07:57.275945Z,4.10.dev245+g4144cef28,402_11,gray_frequencies,0,57.6
2023-08-17,DEM,../DSMs/2023-08-17_DEM.tif,2025-11-19T16:07:57.275945Z,4.10.dev245+g4144cef28,402_11,gray_frequencies,0,70.4
2023-08-17,DEM,../DSMs/2023-08-17_DEM.tif,2025-11-19T16:07:57.275945Z,4.10.dev245+g4144cef28,402_11,gray_frequencies,393,83.20000000000002
2023-08-17,DEM,../DSMs/2023-08-17_DEM.tif,2025-11-19T16:07:57.275945Z,4.10.dev245+g4144cef28,402_11,gray_frequencies,1268,96.0
2023-08-17,DEM,../DSMs/2023-08-17_DEM.tif,2025-11-19T16:07:57.275945Z,4.10.dev245+g4144cef28,402_11,gray_frequencies,4366,108.80000000000001
2023-08-17,DEM,../DSMs/2023-08-17_DEM.tif,2025-11-19T16:07:57.275945Z,4.10.dev245+g4144cef28,402_11,gray_frequencies,3865,121.6
2023-08-17,DEM,../DSMs/2023-08-17_DEM.tif,2025-11-19T16:07:57.275945Z,4.10.dev245+g4144cef28,402_11,gray_frequencies,2986,134.4
2023-08-17,DEM,../DSMs/2023-08-17_DEM.tif,2025-11-19T16:07:57.275945Z,4.10.dev245+g4144cef28,402_11,gray_frequencies,287,147.20000000000002
2023-08-17,DEM,../DSMs/2023-08-17_DEM.tif,2025-11-19T16:07:57.275945Z,4.10.dev245+g4144cef28,402_11,gray_frequencies,1,160.0
2023-08-17,DEM,../DSMs/2023-08-17_DEM.tif,2025-11-19T16:07:57.275945Z,4.10.dev245+g4144cef28,402_11,gray_frequencies,0,172.8
2023-08-17,DEM,../DSMs/2023-08-17_DEM.tif,2025-11-19T16:07:57.275945Z,4.10.dev245+g4144cef28,402_11,gray_frequencies,0,185.60000000000002
2023-08-17,DEM,../DSMs/2023-08-17_DEM.tif,2025-11-19T16:07:57.275945Z,4.10.dev245+g4144cef28,402_11,gray_frequencies,0,198.4
2023-08-17,DEM,../DSMs/2023-08-17_DEM.tif,2025-11-19T16:07:57.275945Z,4.10.dev245+g4144cef28,402_11,gray_frequencies,0,211.20000000000002
2023-08-17,DEM,../DSMs/2023-08-17_DEM.tif,2025-11-19T16:07:57.275945Z,4.10.dev245+g4144cef28,402_11,gray_frequencies,0,224.0
2023-08-17,DEM,../DSMs/2023-08-17_DEM.tif,2025-11-19T16:07:57.275945Z,4.10.dev245+g4144cef28,402_11,gray_frequencies,0,236.8
2023-08-17,DEM,../DSMs/2023-08-17_DEM.tif,2025-11-19T16:07:57.275945Z,4.10.dev245+g4144cef28,402_11,gray_frequencies,0,249.60000000000002
2023-08-17,DEM,../DSMs/2023-08-17_DEM.tif,2025-11-19T16:07:57.275945Z,4.10.dev245+g4144cef28,102_12,gray_frequencies,0,6.4
2023-08-17,DEM,../DSMs/2023-08-17_DEM.tif,2025-11-19T16:07:57.275945Z,4.10.dev245+g4144cef28,102_12,gray_frequencies,0,19.200000000000003
2023-08-17,DEM,../DSMs/2023-08-17_DEM.tif,2025-11-19T16:07:57.275945Z,4.10.dev245+g4144cef28,102_12,gray_frequencies,0,32.0
2023-08-17,DEM,../DSMs/2023-08-17_DEM.tif,2025-11-19T16:07:57.275945Z,4.10.dev245+g4144cef28,102_12,gray_frequencies,0,44.800000000000004
2023-08-17,DEM,../DSMs/2023-08-17_DEM.tif,2025-11-19T16:07:57.275945Z,4.10.dev245+g4144cef28,102_12,gray_frequencies,0,57.6
2023-08-17,DEM,../DSMs/2023-08-17_DEM.tif,2025-11-19T16:07:57.275945Z,4.10.dev245+g4144cef28,102_12,gray_frequencies,0,70.4
2023-08-17,DEM,../DSMs/2023-08-17_DEM.tif,2025-11-19T16:07:57.275945Z,4.10.dev245+g4144cef28,102_12,gray_frequencies,1093,83.20000000000002
2023-08-17,DEM,../DSMs/2023-08-17_DEM.tif,2025-11-19T16:07:57.275945Z,4.10.dev245+g4144cef28,102_12,gray_frequencies,1188,96.0
2023-08-17,DEM,../DSMs/2023-08-17_DEM.tif,2025-11-19T16:07:57.275945Z,4.10.dev245+g4144cef28,102_12,gray_frequencies,4726,108.80000000000001
2023-08-17,DEM,../DSMs/2023-08-17_DEM.tif,2025-11-19T16:07:57.275945Z,4.10.dev245+g4144cef28,102_12,gray_frequencies,4382,121.6
2023-08-17,DEM,../DSMs/2023-08-17_DEM.tif,2025-11-19T16:07:57.275945Z,4.10.dev245+g4144cef28,102_12,gray_frequencies,2241,134.4
2023-08-17,DEM,../DSMs/2023-08-17_DEM.tif,2025-11-19T16:07:57.275945Z,4.10.dev245+g4144cef28,102_12,gray_frequencies,630,147.20000000000002
2023-08-17,DEM,../DSMs/2023-08-17_DEM.tif,2025-11-19T16:07:57.275945Z,4.10.dev245+g4144cef28,102_12,gray_frequencies,0,160.0
2023-08-17,DEM,../DSMs/2023-08-17_DEM.tif,2025-11-19T16:07:57.275945Z,4.10.dev245+g4144cef28,102_12,gray_frequencies,0,172.8
2023-08-17,DEM,../DSMs/2023-08-17_DEM.tif,2025-11-19T16:07:57.275945Z,4.10.dev245+g4144cef28,102_12,gray_frequencies,0,185.60000000000002
2023-08-17,DEM,../DSMs/2023-08-17_DEM.tif,2025-11-19T16:07:57.275945Z,4.10.dev245+g4144cef28,102_12,gray_frequencies,0,198.4
2023-08-17,DEM,../DSMs/2023-08-17_DEM.tif,2025-11-19T16:07:57.275945Z,4.10.dev245+g4144cef28,102_12,gray_frequencies,0,211.20000000000002
2023-08-17,DEM,../DSMs/2023-08-17_DEM.tif,2025-11-19T16:07:57.275945Z,4.10.dev245+g4144cef28,102_12,gray_frequencies,0,224.0
2023-08-17,DEM,../DSMs/2023-08-17_DEM.tif,2025-11-19T16:07:57.275945Z,4.10.dev245+g4144cef28,102_12,gray_frequencies,0,236.8
2023-08-17,DEM,../DSMs/2023-08-17_DEM.tif,2025-11-19T16:07:57.275945Z,4.10.dev245+g4144cef28,102_12,gray_frequencies,0,249.60000000000002
2023-08-17,DEM,../DSMs/2023-08-17_DEM.tif,2025-11-19T16:07:57.275945Z,4.10.dev245+g4144cef28,702_13,gray_frequencies,0,6.4
2023-08-17,DEM,../DSMs/2023-08-17_DEM.tif,2025-11-19T16:07:57.275945Z,4.10.dev245+g4144cef28,702_13,gray_frequencies,0,19.200000000000003
2023-08-17,DEM,../DSMs/2023-08-17_DEM.tif,2025-11-19T16:07:57.275945Z,4.10.dev245+g4144cef28,702_13,gray_frequencies,0,32.0
2023-08-17,DEM,../DSMs/2023-08-17_DEM.tif,2025-11-19T16:07:57.275945Z,4.10.dev245+g4144cef28,702_13,gray_frequencies,0,44.800000000000004
2023-08-17,DEM,../DSMs/2023-08-17_DEM.tif,2025-11-19T16:07:57.275945Z,4.10.dev245+g4144cef28,702_13,gray_frequencies,0,57.6
2023-08-17,DEM,../DSMs/2023-08-17_DEM.tif,2025-11-19T16:07:57.275945Z,4.10.dev245+g4144cef28,702_13,gray_frequencies,0,70.4
2023-08-17,DEM,../DSMs/2023-08-17_DEM.tif,2025-11-19T16:07:57.275945Z,4.10.dev245+g4144cef28,702_13,gray_frequencies,0,83.20000000000002
2023-08-17,DEM,../DSMs/2023-08-17_DEM.tif,2025-11-19T16:07:57.275945Z,4.10.dev245+g4144cef28,702_13,gray_frequencies,0,96.0
2023-08-17,DEM,../DSMs/2023-08-17_DEM.tif,2025-11-19T16:07:57.275945Z,4.10.dev245+g4144cef28,702_13,gray_frequencies,0,108.80000000000001
2023-08-17,DEM,../DSMs/2023-08-17_DEM.tif,2025-11-19T16:07:57.275945Z,4.10.dev245+g4144cef28,702_13,gray_frequencies,684,121.6
2023-08-17,DEM,../DSMs/2023-08-17_DEM.tif,2025-11-19T16:07:57.275945Z,4.10.dev245+g4144cef28,702_13,gray_frequencies,868,134.4
2023-08-17,DEM,../DSMs/2023-08-17_DEM.tif,2025-11-19T16:07:57.275945Z,4.10.dev245+g4144cef28,702_13,gray_frequencies,1999,147.20000000000002
2023-08-17,DEM,../DSMs/2023-08-17_DEM.tif,2025-11-19T16:07:57.275945Z,4.10.dev245+g4144cef28,702_13,gray_frequencies,2246,160.0
2023-08-17,DEM,../DSMs/2023-08-17_DEM.tif,2025-11-19T16:07:57.275945Z,4.10.dev245+g4144cef28,702_13,gray_frequencies,4521,172.8
2023-08-17,DEM,../DSMs/2023-08-17_DEM.tif,2025-11-19T16:07:57.275945Z,4.10.dev245+g4144cef28,702_13,gray_frequencies,2453,185.60000000000002
2023-08-17,DEM,../DSMs/2023-08-17_DEM.tif,2025-11-19T16:07:57.275945Z,4.10.dev245+g4144cef28,702_13,gray_frequencies,0,198.4
2023-08-17,DEM,../DSMs/2023-08-17_DEM.tif,2025-11-19T16:07:57.275945Z,4.10.dev245+g4144cef28,702_13,gray_frequencies,0,211.20000000000002
2023-08-17,DEM,../DSMs/2023-08-17_DEM.tif,2025-11-19T16:07:57.275945Z,4.10.dev245+g4144cef28,702_13,gray_frequencies,0,224.0
2023-08-17,DEM,../DSMs/2023-08-17_DEM.tif,2025-11-19T16:07:57.275945Z,4.10.dev245+g4144cef28,702_13,gray_frequencies,0,236.8
2023-08-17,DEM,../DSMs/2023-08-17_DEM.tif,2025-11-19T16:07:57.275945Z,4.10.dev245+g4144cef28,702_13,gray_frequencies,0,249.60000000000002
2023-08-17,DEM,../DSMs/2023-08-17_DEM.tif,2025-11-19T16:07:57.275945Z,4.10.dev245+g4144cef28,202_14,gray_frequencies,0,6.4
2023-08-17,DEM,../DSMs/2023-08-17_DEM.tif,2025-11-19T16:07:57.275945Z,4.10.dev245+g4144cef28,202_14,gray_frequencies,0,19.200000000000003
2023-08-17,DEM,../DSMs/2023-08-17_DEM.tif,2025-11-19T16:07:57.275945Z,4.10.dev245+g4144cef28,202_14,gray_frequencies,0,32.0
2023-08-17,DEM,../DSMs/2023-08-17_DEM.tif,2025-11-19T16:07:57.275945Z,4.10.dev245+g4144cef28,202_14,gray_frequencies,0,44.800000000000004
2023-08-17,DEM,../DSMs/2023-08-17_DEM.tif,2025-11-19T16:07:57.275945Z,4.10.dev245+g4144cef28,202_14,gray_frequencies,0,57.6
2023-08-17,DEM,../DSMs/2023-08-17_DEM.tif,2025-11-19T16:07:57.275945Z,4.10.dev245+g4144cef28,202_14,gray_frequencies,0,70.4
2023-08-17,DEM,../DSMs/2023-08-17_DEM.tif,2025-11-19T16:07:57.275945Z,4.10.dev245+g4144cef28,202_14,gray_frequencies,0,83.20000000000002
2023-08-17,DEM,../DSMs/2023-08-17_DEM.tif,2025-11-19T16:07:57.275945Z,4.10.dev245+g4144cef28,202_14,gray_frequencies,0,96.0
2023-08-17,DEM,../DSMs/2023-08-17_DEM.tif,2025-11-19T16:07:57.275945Z,4.10.dev245+g4144cef28,202_14,gray_frequencies,0,108.80000000000001
2023-08-17,DEM,../DSMs/2023-08-17_DEM.tif,2025-11-19T16:07:57.275945Z,4.10.dev245+g4144cef28,202_14,gray_frequencies,701,121.6
2023-08-17,DEM,../DSMs/2023-08-17_DEM.tif,2025-11-19T16:07:57.275945Z,4.10.dev245+g4144cef28,202_14,gray_frequencies,1131,134.4
2023-08-17,DEM,../DSMs/2023-08-17_DEM.tif,2025-11-19T16:07:57.275945Z,4.10.dev245+g4144cef28,202_14,gray_frequencies,3039,147.20000000000002
2023-08-17,DEM,../DSMs/2023-08-17_DEM.tif,2025-11-19T16:07:57.275945Z,4.10.dev245+g4144cef28,202_14,gray_frequencies,2215,160.0
2023-08-17,DEM,../DSMs/2023-08-17_DEM.tif,2025-11-19T16:07:57.275945Z,4.10.dev245+g4144cef28,202_14,gray_frequencies,3178,172.8
2023-08-17,DEM,../DSMs/2023-08-17_DEM.tif,2025-11-19T16:07:57.275945Z,4.10.dev245+g4144cef28,202_14,gray_frequencies,3367,185.60000000000002
2023-08-17,DEM,../DSMs/2023-08-17_DEM.tif,2025-11-19T16:07:57.275945Z,4.10.dev245+g4144cef28,202_14,gray_frequencies,88,198.4
2023-08-17,DEM,../DSMs/2023-08-17_DEM.tif,2025-11-19T16:07:57.275945Z,4.10.dev245+g4144cef28,202_14,gray_frequencies,0,211.20000000000002
2023-08-17,DEM,../DSMs/2023-08-17_DEM.tif,2025-11-19T16:07:57.275945Z,4.10.dev245+g4144cef28,202_14,gray_frequencies,0,224.0
2023-08-17,DEM,../DSMs/2023-08-17_DEM.tif,2025-11-19T16:07:57.275945Z,4.10.dev245+g4144cef28,202_14,gray_frequencies,0,236.8
2023-08-17,DEM,../DSMs/2023-08-17_DEM.tif,2025-11-19T16:07:57.275945Z,4.10.dev245+g4144cef28,202_14,gray_frequencies,0,249.60000000000002
2023-08-17,DEM,../DSMs/2023-08-17_DEM.tif,2025-11-19T16:07:57.275945Z,4.10.dev245+g4144cef28,602_15,gray_frequencies,0,6.4
2023-08-17,DEM,../DSMs/2023-08-17_DEM.tif,2025-11-19T16:07:57.275945Z,4.10.dev245+g4144cef28,602_15,gray_frequencies,0,19.200000000000003
2023-08-17,DEM,../DSMs/2023-08-17_DEM.tif,2025-11-19T16:07:57.275945Z,4.10.dev245+g4144cef28,602_15,gray_frequencies,0,32.0
2023-08-17,DEM,../DSMs/2023-08-17_DEM.tif,2025-11-19T16:07:57.275945Z,4.10.dev245+g4144cef28,602_15,gray_frequencies,0,44.800000000000004
2023-08-17,DEM,../DSMs/2023-08-17_DEM.tif,2025-11-19T16:07:57.275945Z,4.10.dev245+g4144cef28,602_15,gray_frequencies,0,57.6
2023-08-17,DEM,../DSMs/2023-08-17_DEM.tif,2025-11-19T16:07:57.275945Z,4.10.dev245+g4144cef28,602_15,gray_frequencies,0,70.4
2023-08-17,DEM,../DSMs/2023-08-17_DEM.tif,2025-11-19T16:07:57.275945Z,4.10.dev245+g4144cef28,602_15,gray_frequencies,0,83.20000000000002
2023-08-17,DEM,../DSMs/2023-08-17_DEM.tif,2025-11-19T16:07:57.275945Z,4.10.dev245+g4144cef28,602_15,gray_frequencies,0,96.0
2023-08-17,DEM,../DSMs/2023-08-17_DEM.tif,2025-11-19T16:07:57.275945Z,4.10.dev245+g4144cef28,602_15,gray_frequencies,94,108.80000000000001
2023-08-17,DEM,../DSMs/2023-08-17_DEM.tif,2025-11-19T16:07:57.275945Z,4.10.dev245+g4144cef28,602_15,gray_frequencies,790,121.6
2023-08-17,DEM,../DSMs/2023-08-17_DEM.tif,2025-11-19T16:07:57.275945Z,4.10.dev245+g4144cef28,602_15,gray_frequencies,1356,134.4
2023-08-17,DEM,../DSMs/2023-08-17_DEM.tif,2025-11-19T16:07:57.275945Z,4.10.dev245+g4144cef28,602_15,gray_frequencies,4092,147.20000000000002
2023-08-17,DEM,../DSMs/2023-08-17_DEM.tif,2025-11-19T16:07:57.275945Z,4.10.dev245+g4144cef28,602_15,gray_frequencies,4094,160.0
2023-08-17,DEM,../DSMs/2023-08-17_DEM.tif,2025-11-19T16:07:57.275945Z,4.10.dev245+g4144cef28,602_15,gray_frequencies,1901,172.8
2023-08-17,DEM,../DSMs/2023-08-17_DEM.tif,2025-11-19T16:07:57.275945Z,4.10.dev245+g4144cef28,602_15,gray_frequencies,14,185.60000000000002
2023-08-17,DEM,../DSMs/2023-08-17_DEM.tif,2025-11-19T16:07:57.275945Z,4.10.dev245+g4144cef28,602_15,gray_frequencies,0,198.4
2023-08-17,DEM,../DSMs/2023-08-17_DEM.tif,2025-11-19T16:07:57.275945Z,4.10.dev245+g4144cef28,602_15,gray_frequencies,0,211.20000000000002
2023-08-17,DEM,../DSMs/2023-08-17_DEM.tif,2025-11-19T16:07:57.275945Z,4.10.dev245+g4144cef28,602_15,gray_frequencies,0,224.0
2023-08-17,DEM,../DSMs/2023-08-17_DEM.tif,2025-11-19T16:07:57.275945Z,4.10.dev245+g4144cef28,602_15,gray_frequencies,0,236.8
2023-08-17,DEM,../DSMs/2023-08-17_DEM.tif,2025-11-19T16:07:57.275945Z,4.10.dev245+g4144cef28,602_15,gray_frequencies,0,249.60000000000002
2023-08-17,DEM,../DSMs/2023-08-17_DEM.tif,2025-11-19T16:07:57.275945Z,4.10.dev245+g4144cef28,802_16,gray_frequencies,0,6.4
2023-08-17,DEM,../DSMs/2023-08-17_DEM.tif,2025-11-19T16:07:57.275945Z,4.10.dev245+g4144cef28,802_16,gray_frequencies,0,19.200000000000003
2023-08-17,DEM,../DSMs/2023-08-17_DEM.tif,2025-11-19T16:07:57.275945Z,4.10.dev245+g4144cef28,802_16,gray_frequencies,0,32.0
2023-08-17,DEM,../DSMs/2023-08-17_DEM.tif,2025-11-19T16:07:57.275945Z,4.10.dev245+g4144cef28,802_16,gray_frequencies,0,44.800000000000004
2023-08-17,DEM,../DSMs/2023-08-17_DEM.tif,2025-11-19T16:07:57.275945Z,4.10.dev245+g4144cef28,802_16,gray_frequencies,0,57.6
2023-08-17,DEM,../DSMs/2023-08-17_DEM.tif,2025-11-19T16:07:57.275945Z,4.10.dev245+g4144cef28,802_16,gray_frequencies,0,70.4
2023-08-17,DEM,../DSMs/2023-08-17_DEM.tif,2025-11-19T16:07:57.275945Z,4.10.dev245+g4144cef28,802_16,gray_frequencies,0,83.20000000000002
2023-08-17,DEM,../DSMs/2023-08-17_DEM.tif,2025-11-19T16:07:57.275945Z,4.10.dev245+g4144cef28,802_16,gray_frequencies,0,96.0
2023-08-17,DEM,../DSMs/2023-08-17_DEM.tif,2025-11-19T16:07:57.275945Z,4.10.dev245+g4144cef28,802_16,gray_frequencies,0,108.80000000000001
2023-08-17,DEM,../DSMs/2023-08-17_DEM.tif,2025-11-19T16:07:57.275945Z,4.10.dev245+g4144cef28,802_16,gray_frequencies,0,121.6
2023-08-17,DEM,../DSMs/2023-08-17_DEM.tif,2025-11-19T16:07:57.275945Z,4.10.dev245+g4144cef28,802_16,gray_frequencies,0,134.4
2023-08-17,DEM,../DSMs/2023-08-17_DEM.tif,2025-11-19T16:07:57.275945Z,4.10.dev245+g4144cef28,802_16,gray_frequencies,379,147.20000000000002
2023-08-17,DEM,../DSMs/2023-08-17_DEM.tif,2025-11-19T16:07:57.275945Z,4.10.dev245+g4144cef28,802_16,gray_frequencies,1567,160.0
2023-08-17,DEM,../DSMs/2023-08-17_DEM.tif,2025-11-19T16:07:57.275945Z,4.10.dev245+g4144cef28,802_16,gray_frequencies,2860,172.8
2023-08-17,DEM,../DSMs/2023-08-17_DEM.tif,2025-11-19T16:07:57.275945Z,4.10.dev245+g4144cef28,802_16,gray_frequencies,1644,185.60000000000002
2023-08-17,DEM,../DSMs/2023-08-17_DEM.tif,2025-11-19T16:07:57.275945Z,4.10.dev245+g4144cef28,802_16,gray_frequencies,4057,198.4
2023-08-17,DEM,../DSMs/2023-08-17_DEM.tif,2025-11-19T16:07:57.275945Z,4.10.dev245+g4144cef28,802_16,gray_frequencies,3123,211.20000000000002
2023-08-17,DEM,../DSMs/2023-08-17_DEM.tif,2025-11-19T16:07:57.275945Z,4.10.dev245+g4144cef28,802_16,gray_frequencies,0,224.0
2023-08-17,DEM,../DSMs/2023-08-17_DEM.tif,2025-11-19T16:07:57.275945Z,4.10.dev245+g4144cef28,802_16,gray_frequencies,0,236.8
2023-08-17,DEM,../DSMs/2023-08-17_DEM.tif,2025-11-19T16:07:57.275945Z,4.10.dev245+g4144cef28,802_16,gray_frequencies,0,249.60000000000002
2023-08-17,DEM,../DSMs/2023-08-17_DEM.tif,2025-11-19T16:07:57.275945Z,4.10.dev245+g4144cef28,302_17,gray_frequencies,0,6.4
2023-08-17,DEM,../DSMs/2023-08-17_DEM.tif,2025-11-19T16:07:57.275945Z,4.10.dev245+g4144cef28,302_17,gray_frequencies,0,19.200000000000003
2023-08-17,DEM,../DSMs/2023-08-17_DEM.tif,2025-11-19T16:07:57.275945Z,4.10.dev245+g4144cef28,302_17,gray_frequencies,0,32.0
2023-08-17,DEM,../DSMs/2023-08-17_DEM.tif,2025-11-19T16:07:57.275945Z,4.10.dev245+g4144cef28,302_17,gray_frequencies,0,44.800000000000004
2023-08-17,DEM,../DSMs/2023-08-17_DEM.tif,2025-11-19T16:07:57.275945Z,4.10.dev245+g4144cef28,302_17,gray_frequencies,0,57.6
2023-08-17,DEM,../DSMs/2023-08-17_DEM.tif,2025-11-19T16:07:57.275945Z,4.10.dev245+g4144cef28,302_17,gray_frequencies,0,70.4
2023-08-17,DEM,../DSMs/2023-08-17_DEM.tif,2025-11-19T16:07:57.275945Z,4.10.dev245+g4144cef28,302_17,gray_frequencies,0,83.20000000000002
2023-08-17,DEM,../DSMs/2023-08-17_DEM.tif,2025-11-19T16:07:57.275945Z,4.10.dev245+g4144cef28,302_17,gray_frequencies,0,96.0
2023-08-17,DEM,../DSMs/2023-08-17_DEM.tif,2025-11-19T16:07:57.275945Z,4.10.dev245+g4144cef28,302_17,gray_frequencies,0,108.80000000000001
2023-08-17,DEM,../DSMs/2023-08-17_DEM.tif,2025-11-19T16:07:57.275945Z,4.10.dev245+g4144cef28,302_17,gray_frequencies,0,121.6
2023-08-17,DEM,../DSMs/2023-08-17_DEM.tif,2025-11-19T16:07:57.275945Z,4.10.dev245+g4144cef28,302_17,gray_frequencies,0,134.4
2023-08-17,DEM,../DSMs/2023-08-17_DEM.tif,2025-11-19T16:07:57.275945Z,4.10.dev245+g4144cef28,302_17,gray_frequencies,492,147.20000000000002
2023-08-17,DEM,../DSMs/2023-08-17_DEM.tif,2025-11-19T16:07:57.275945Z,4.10.dev245+g4144cef28,302_17,gray_frequencies,1559,160.0
2023-08-17,DEM,../DSMs/2023-08-17_DEM.tif,2025-11-19T16:07:57.275945Z,4.10.dev245+g4144cef28,302_17,gray_frequencies,5574,172.8
2023-08-17,DEM,../DSMs/2023-08-17_DEM.tif,2025-11-19T16:07:57.275945Z,4.10.dev245+g4144cef28,302_17,gray_frequencies,3221,185.60000000000002
2023-08-17,DEM,../DSMs/2023-08-17_DEM.tif,2025-11-19T16:07:57.275945Z,4.10.dev245+g4144cef28,302_17,gray_frequencies,2703,198.4
2023-08-17,DEM,../DSMs/2023-08-17_DEM.tif,2025-11-19T16:07:57.275945Z,4.10.dev245+g4144cef28,302_17,gray_frequencies,727,211.20000000000002
2023-08-17,DEM,../DSMs/2023-08-17_DEM.tif,2025-11-19T16:07:57.275945Z,4.10.dev245+g4144cef28,302_17,gray_frequencies,0,224.0
2023-08-17,DEM,../DSMs/2023-08-17_DEM.tif,2025-11-19T16:07:57.275945Z,4.10.dev245+g4144cef28,302_17,gray_frequencies,0,236.8
2023-08-17,DEM,../DSMs/2023-08-17_DEM.tif,2025-11-19T16:07:57.275945Z,4.10.dev245+g4144cef28,302_17,gray_frequencies,0,249.60000000000002
2023-08-17,DEM,../DSMs/2023-08-17_DEM.tif,2025-11-19T16:07:57.275945Z,4.10.dev245+g4144cef28,902_18,gray_frequencies,0,6.4
2023-08-17,DEM,../DSMs/2023-08-17_DEM.tif,2025-11-19T16:07:57.275945Z,4.10.dev245+g4144cef28,902_18,gray_frequencies,0,19.200000000000003
2023-08-17,DEM,../DSMs/2023-08-17_DEM.tif,2025-11-19T16:07:57.275945Z,4.10.dev245+g4144cef28,902_18,gray_frequencies,0,32.0
2023-08-17,DEM,../DSMs/2023-08-17_DEM.tif,2025-11-19T16:07:57.275945Z,4.10.dev245+g4144cef28,902_18,gray_frequencies,0,44.800000000000004
2023-08-17,DEM,../DSMs/2023-08-17_DEM.tif,2025-11-19T16:07:57.275945Z,4.10.dev245+g4144cef28,902_18,gray_frequencies,0,57.6
2023-08-17,DEM,../DSMs/2023-08-17_DEM.tif,2025-11-19T16:07:57.275945Z,4.10.dev245+g4144cef28,902_18,gray_frequencies,0,70.4
2023-08-17,DEM,../DSMs/2023-08-17_DEM.tif,2025-11-19T16:07:57.275945Z,4.10.dev245+g4144cef28,902_18,gray_frequencies,0,83.20000000000002
2023-08-17,DEM,../DSMs/2023-08-17_DEM.tif,2025-11-19T16:07:57.275945Z,4.10.dev245+g4144cef28,902_18,gray_frequencies,0,96.0
2023-08-17,DEM,../DSMs/2023-08-17_DEM.tif,2025-11-19T16:07:57.275945Z,4.10.dev245+g4144cef28,902_18,gray_frequencies,0,108.80000000000001
2023-08-17,DEM,../DSMs/2023-08-17_DEM.tif,2025-11-19T16:07:57.275945Z,4.10.dev245+g4144cef28,902_18,gray_frequencies,0,121.6
2023-08-17,DEM,../DSMs/2023-08-17_DEM.tif,2025-11-19T16:07:57.275945Z,4.10.dev245+g4144cef28,902_18,gray_frequencies,0,134.4
2023-08-17,DEM,../DSMs/2023-08-17_DEM.tif,2025-11-19T16:07:57.275945Z,4.10.dev245+g4144cef28,902_18,gray_frequencies,748,147.20000000000002
2023-08-17,DEM,../DSMs/2023-08-17_DEM.tif,2025-11-19T16:07:57.275945Z,4.10.dev245+g4144cef28,902_18,gray_frequencies,1749,160.0
2023-08-17,DEM,../DSMs/2023-08-17_DEM.tif,2025-11-19T16:07:57.275945Z,4.10.dev245+g4144cef28,902_18,gray_frequencies,5905,172.8
2023-08-17,DEM,../DSMs/2023-08-17_DEM.tif,2025-11-19T16:07:57.275945Z,4.10.dev245+g4144cef28,902_18,gray_frequencies,3184,185.60000000000002
2023-08-17,DEM,../DSMs/2023-08-17_DEM.tif,2025-11-19T16:07:57.275945Z,4.10.dev245+g4144cef28,902_18,gray_frequencies,2018,198.4
2023-08-17,DEM,../DSMs/2023-08-17_DEM.tif,2025-11-19T16:07:57.275945Z,4.10.dev245+g4144cef28,902_18,gray_frequencies,215,211.20000000000002
2023-08-17,DEM,../DSMs/2023-08-17_DEM.tif,2025-11-19T16:07:57.275945Z,4.10.dev245+g4144cef28,902_18,gray_frequencies,0,224.0
2023-08-17,DEM,../DSMs/2023-08-17_DEM.tif,2025-11-19T16:07:57.275945Z,4.10.dev245+g4144cef28,902_18,gray_frequencies,0,236.8
2023-08-17,DEM,../DSMs/2023-08-17_DEM.tif,2025-11-19T16:07:57.275945Z,4.10.dev245+g4144cef28,902_18,gray_frequencies,0,249.60000000000002
2023-08-17,DEM,../DSMs/2023-08-17_DEM.tif,2025-11-19T16:07:57.275945Z,4.10.dev245+g4144cef28,703_19,gray_frequencies,0,6.4
2023-08-17,DEM,../DSMs/2023-08-17_DEM.tif,2025-11-19T16:07:57.275945Z,4.10.dev245+g4144cef28,703_19,gray_frequencies,0,19.200000000000003
2023-08-17,DEM,../DSMs/2023-08-17_DEM.tif,2025-11-19T16:07:57.275945Z,4.10.dev245+g4144cef28,703_19,gray_frequencies,0,32.0
2023-08-17,DEM,../DSMs/2023-08-17_DEM.tif,2025-11-19T16:07:57.275945Z,4.10.dev245+g4144cef28,703_19,gray_frequencies,0,44.800000000000004
2023-08-17,DEM,../DSMs/2023-08-17_DEM.tif,2025-11-19T16:07:57.275945Z,4.10.dev245+g4144cef28,703_19,gray_frequencies,0,57.6
2023-08-17,DEM,../DSMs/2023-08-17_DEM.tif,2025-11-19T16:07:57.275945Z,4.10.dev245+g4144cef28,703_19,gray_frequencies,0,70.4
2023-08-17,DEM,../DSMs/2023-08-17_DEM.tif,2025-11-19T16:07:57.275945Z,4.10.dev245+g4144cef28,703_19,gray_frequencies,1162,83.20000000000002
2023-08-17,DEM,../DSMs/2023-08-17_DEM.tif,2025-11-19T16:07:57.275945Z,4.10.dev245+g4144cef28,703_19,gray_frequencies,1164,96.0
2023-08-17,DEM,../DSMs/2023-08-17_DEM.tif,2025-11-19T16:07:57.275945Z,4.10.dev245+g4144cef28,703_19,gray_frequencies,3000,108.80000000000001
2023-08-17,DEM,../DSMs/2023-08-17_DEM.tif,2025-11-19T16:07:57.275945Z,4.10.dev245+g4144cef28,703_19,gray_frequencies,1742,121.6
2023-08-17,DEM,../DSMs/2023-08-17_DEM.tif,2025-11-19T16:07:57.275945Z,4.10.dev245+g4144cef28,703_19,gray_frequencies,4058,134.4
2023-08-17,DEM,../DSMs/2023-08-17_DEM.tif,2025-11-19T16:07:57.275945Z,4.10.dev245+g4144cef28,703_19,gray_frequencies,2539,147.20000000000002
2023-08-17,DEM,../DSMs/2023-08-17_DEM.tif,2025-11-19T16:07:57.275945Z,4.10.dev245+g4144cef28,703_19,gray_frequencies,0,160.0
2023-08-17,DEM,../DSMs/2023-08-17_DEM.tif,2025-11-19T16:07:57.275945Z,4.10.dev245+g4144cef28,703_19,gray_frequencies,0,172.8
2023-08-17,DEM,../DSMs/2023-08-17_DEM.tif,2025-11-19T16:07:57.275945Z,4.10.dev245+g4144cef28,703_19,gray_frequencies,0,185.60000000000002
2023-08-17,DEM,../DSMs/2023-08-17_DEM.tif,2025-11-19T16:07:57.275945Z,4.10.dev245+g4144cef28,703_19,gray_frequencies,0,198.4
2023-08-17,DEM,../DSMs/2023-08-17_DEM.tif,2025-11-19T16:07:57.275945Z,4.10.dev245+g4144cef28,703_19,gray_frequencies,0,211.20000000000002
2023-08-17,DEM,../DSMs/2023-08-17_DEM.tif,2025-11-19T16:07:57.275945Z,4.10.dev245+g4144cef28,703_19,gray_frequencies,0,224.0
2023-08-17,DEM,../DSMs/2023-08-17_DEM.tif,2025-11-19T16:07:57.275945Z,4.10.dev245+g4144cef28,703_19,gray_frequencies,0,236.8
2023-08-17,DEM,../DSMs/2023-08-17_DEM.tif,2025-11-19T16:07:57.275945Z,4.10.dev245+g4144cef28,703_19,gray_frequencies,0,249.60000000000002
2023-08-17,DEM,../DSMs/2023-08-17_DEM.tif,2025-11-19T16:07:57.275945Z,4.10.dev245+g4144cef28,103_20,gray_frequencies,0,6.4
2023-08-17,DEM,../DSMs/2023-08-17_DEM.tif,2025-11-19T16:07:57.275945Z,4.10.dev245+g4144cef28,103_20,gray_frequencies,0,19.200000000000003
2023-08-17,DEM,../DSMs/2023-08-17_DEM.tif,2025-11-19T16:07:57.275945Z,4.10.dev245+g4144cef28,103_20,gray_frequencies,0,32.0
2023-08-17,DEM,../DSMs/2023-08-17_DEM.tif,2025-11-19T16:07:57.275945Z,4.10.dev245+g4144cef28,103_20,gray_frequencies,0,44.800000000000004
2023-08-17,DEM,../DSMs/2023-08-17_DEM.tif,2025-11-19T16:07:57.275945Z,4.10.dev245+g4144cef28,103_20,gray_frequencies,0,57.6
2023-08-17,DEM,../DSMs/2023-08-17_DEM.tif,2025-11-19T16:07:57.275945Z,4.10.dev245+g4144cef28,103_20,gray_frequencies,0,70.4
2023-08-17,DEM,../DSMs/2023-08-17_DEM.tif,2025-11-19T16:07:57.275945Z,4.10.dev245+g4144cef28,103_20,gray_frequencies,1566,83.20000000000002
2023-08-17,DEM,../DSMs/2023-08-17_DEM.tif,2025-11-19T16:07:57.275945Z,4.10.dev245+g4144cef28,103_20,gray_frequencies,2044,96.0
2023-08-17,DEM,../DSMs/2023-08-17_DEM.tif,2025-11-19T16:07:57.275945Z,4.10.dev245+g4144cef28,103_20,gray_frequencies,6451,108.80000000000001
2023-08-17,DEM,../DSMs/2023-08-17_DEM.tif,2025-11-19T16:07:57.275945Z,4.10.dev245+g4144cef28,103_20,gray_frequencies,2873,121.6
2023-08-17,DEM,../DSMs/2023-08-17_DEM.tif,2025-11-19T16:07:57.275945Z,4.10.dev245+g4144cef28,103_20,gray_frequencies,1297,134.4
2023-08-17,DEM,../DSMs/2023-08-17_DEM.tif,2025-11-19T16:07:57.275945Z,4.10.dev245+g4144cef28,103_20,gray_frequencies,0,147.20000000000002
2023-08-17,DEM,../DSMs/2023-08-17_DEM.tif,2025-11-19T16:07:57.275945Z,4.10.dev245+g4144cef28,103_20,gray_frequencies,0,160.0
2023-08-17,DEM,../DSMs/2023-08-17_DEM.tif,2025-11-19T16:07:57.275945Z,4.10.dev245+g4144cef28,103_20,gray_frequencies,0,172.8
2023-08-17,DEM,../DSMs/2023-08-17_DEM.tif,2025-11-19T16:07:57.275945Z,4.10.dev245+g4144cef28,103_20,gray_frequencies,0,185.60000000000002
2023-08-17,DEM,../DSMs/2023-08-17_DEM.tif,2025-11-19T16:07:57.275945Z,4.10.dev245+g4144cef28,103_20,gray_frequencies,0,198.4
2023-08-17,DEM,../DSMs/2023-08-17_DEM.tif,2025-11-19T16:07:57.275945Z,4.10.dev245+g4144cef28,103_20,gray_frequencies,0,211.20000000000002
2023-08-17,DEM,../DSMs/2023-08-17_DEM.tif,2025-11-19T16:07:57.275945Z,4.10.dev245+g4144cef28,103_20,gray_frequencies,0,224.0
2023-08-17,DEM,../DSMs/2023-08-17_DEM.tif,2025-11-19T16:07:57.275945Z,4.10.dev245+g4144cef28,103_20,gray_frequencies,0,236.8
2023-08-17,DEM,../DSMs/2023-08-17_DEM.tif,2025-11-19T16:07:57.275945Z,4.10.dev245+g4144cef28,103_20,gray_frequencies,0,249.60000000000002
2023-08-17,DEM,../DSMs/2023-08-17_DEM.tif,2025-11-19T16:07:57.275945Z,4.10.dev245+g4144cef28,203_21,gray_frequencies,0,6.4
2023-08-17,DEM,../DSMs/2023-08-17_DEM.tif,2025-11-19T16:07:57.275945Z,4.10.dev245+g4144cef28,203_21,gray_frequencies,0,19.200000000000003
2023-08-17,DEM,../DSMs/2023-08-17_DEM.tif,2025-11-19T16:07:57.275945Z,4.10.dev245+g4144cef28,203_21,gray_frequencies,0,32.0
2023-08-17,DEM,../DSMs/2023-08-17_DEM.tif,2025-11-19T16:07:57.275945Z,4.10.dev245+g4144cef28,203_21,gray_frequencies,0,44.800000000000004
2023-08-17,DEM,../DSMs/2023-08-17_DEM.tif,2025-11-19T16:07:57.275945Z,4.10.dev245+g4144cef28,203_21,gray_frequencies,0,57.6
2023-08-17,DEM,../DSMs/2023-08-17_DEM.tif,2025-11-19T16:07:57.275945Z,4.10.dev245+g4144cef28,203_21,gray_frequencies,189,70.4
2023-08-17,DEM,../DSMs/2023-08-17_DEM.tif,2025-11-19T16:07:57.275945Z,4.10.dev245+g4144cef28,203_21,gray_frequencies,1328,83.20000000000002
2023-08-17,DEM,../DSMs/2023-08-17_DEM.tif,2025-11-19T16:07:57.275945Z,4.10.dev245+g4144cef28,203_21,gray_frequencies,2660,96.0
2023-08-17,DEM,../DSMs/2023-08-17_DEM.tif,2025-11-19T16:07:57.275945Z,4.10.dev245+g4144cef28,203_21,gray_frequencies,2213,108.80000000000001
2023-08-17,DEM,../DSMs/2023-08-17_DEM.tif,2025-11-19T16:07:57.275945Z,4.10.dev245+g4144cef28,203_21,gray_frequencies,3894,121.6
2023-08-17,DEM,../DSMs/2023-08-17_DEM.tif,2025-11-19T16:07:57.275945Z,4.10.dev245+g4144cef28,203_21,gray_frequencies,2777,134.4
2023-08-17,DEM,../DSMs/2023-08-17_DEM.tif,2025-11-19T16:07:57.275945Z,4.10.dev245+g4144cef28,203_21,gray_frequencies,0,147.20000000000002
2023-08-17,DEM,../DSMs/2023-08-17_DEM.tif,2025-11-19T16:07:57.275945Z,4.10.dev245+g4144cef28,203_21,gray_frequencies,0,160.0
2023-08-17,DEM,../DSMs/2023-08-17_DEM.tif,2025-11-19T16:07:57.275945Z,4.10.dev245+g4144cef28,203_21,gray_frequencies,0,172.8
2023-08-17,DEM,../DSMs/2023-08-17_DEM.tif,2025-11-19T16:07:57.275945Z,4.10.dev245+g4144cef28,203_21,gray_frequencies,0,185.60000000000002
2023-08-17,DEM,../DSMs/2023-08-17_DEM.tif,2025-11-19T16:07:57.275945Z,4.10.dev245+g4144cef28,203_21,gray_frequencies,0,198.4
2023-08-17,DEM,../DSMs/2023-08-17_DEM.tif,2025-11-19T16:07:57.275945Z,4.10.dev245+g4144cef28,203_21,gray_frequencies,0,211.20000000000002
2023-08-17,DEM,../DSMs/2023-08-17_DEM.tif,2025-11-19T16:07:57.275945Z,4.10.dev245+g4144cef28,203_21,gray_frequencies,0,224.0
2023-08-17,DEM,../DSMs/2023-08-17_DEM.tif,2025-11-19T16:07:57.275945Z,4.10.dev245+g4144cef28,203_21,gray_frequencies,0,236.8
2023-08-17,DEM,../DSMs/2023-08-17_DEM.tif,2025-11-19T16:07:57.275945Z,4.10.dev245+g4144cef28,203_21,gray_frequencies,0,249.60000000000002
2023-08-17,DEM,../DSMs/2023-08-17_DEM.tif,2025-11-19T16:07:57.275945Z,4.10.dev245+g4144cef28,803_22,gray_frequencies,0,6.4
2023-08-17,DEM,../DSMs/2023-08-17_DEM.tif,2025-11-19T16:07:57.275945Z,4.10.dev245+g4144cef28,803_22,gray_frequencies,0,19.200000000000003
2023-08-17,DEM,../DSMs/2023-08-17_DEM.tif,2025-11-19T16:07:57.275945Z,4.10.dev245+g4144cef28,803_22,gray_frequencies,0,32.0
2023-08-17,DEM,../DSMs/2023-08-17_DEM.tif,2025-11-19T16:07:57.275945Z,4.10.dev245+g4144cef28,803_22,gray_frequencies,0,44.800000000000004
2023-08-17,DEM,../DSMs/2023-08-17_DEM.tif,2025-11-19T16:07:57.275945Z,4.10.dev245+g4144cef28,803_22,gray_frequencies,0,57.6
2023-08-17,DEM,../DSMs/2023-08-17_DEM.tif,2025-11-19T16:07:57.275945Z,4.10.dev245+g4144cef28,803_22,gray_frequencies,0,70.4
2023-08-17,DEM,../DSMs/2023-08-17_DEM.tif,2025-11-19T16:07:57.275945Z,4.10.dev245+g4144cef28,803_22,gray_frequencies,0,83.20000000000002
2023-08-17,DEM,../DSMs/2023-08-17_DEM.tif,2025-11-19T16:07:57.275945Z,4.10.dev245+g4144cef28,803_22,gray_frequencies,0,96.0
2023-08-17,DEM,../DSMs/2023-08-17_DEM.tif,2025-11-19T16:07:57.275945Z,4.10.dev245+g4144cef28,803_22,gray_frequencies,492,108.80000000000001
2023-08-17,DEM,../DSMs/2023-08-17_DEM.tif,2025-11-19T16:07:57.275945Z,4.10.dev245+g4144cef28,803_22,gray_frequencies,933,121.6
2023-08-17,DEM,../DSMs/2023-08-17_DEM.tif,2025-11-19T16:07:57.275945Z,4.10.dev245+g4144cef28,803_22,gray_frequencies,1916,134.4
2023-08-17,DEM,../DSMs/2023-08-17_DEM.tif,2025-11-19T16:07:57.275945Z,4.10.dev245+g4144cef28,803_22,gray_frequencies,1347,147.20000000000002
2023-08-17,DEM,../DSMs/2023-08-17_DEM.tif,2025-11-19T16:07:57.275945Z,4.10.dev245+g4144cef28,803_22,gray_frequencies,4214,160.0
2023-08-17,DEM,../DSMs/2023-08-17_DEM.tif,2025-11-19T16:07:57.275945Z,4.10.dev245+g4144cef28,803_22,gray_frequencies,3354,172.8
2023-08-17,DEM,../DSMs/2023-08-17_DEM.tif,2025-11-19T16:07:57.275945Z,4.10.dev245+g4144cef28,803_22,gray_frequencies,0,185.60000000000002
2023-08-17,DEM,../DSMs/2023-08-17_DEM.tif,2025-11-19T16:07:57.275945Z,4.10.dev245+g4144cef28,803_22,gray_frequencies,0,198.4
2023-08-17,DEM,../DSMs/2023-08-17_DEM.tif,2025-11-19T16:07:57.275945Z,4.10.dev245+g4144cef28,803_22,gray_frequencies,0,211.20000000000002
2023-08-17,DEM,../DSMs/2023-08-17_DEM.tif,2025-11-19T16:07:57.275945Z,4.10.dev245+g4144cef28,803_22,gray_frequencies,0,224.0
2023-08-17,DEM,../DSMs/2023-08-17_DEM.tif,2025-11-19T16:07:57.275945Z,4.10.dev245+g4144cef28,803_22,gray_frequencies,0,236.8
2023-08-17,DEM,../DSMs/2023-08-17_DEM.tif,2025-11-19T16:07:57.275945Z,4.10.dev245+g4144cef28,803_22,gray_frequencies,0,249.60000000000002
2023-08-17,DEM,../DSMs/2023-08-17_DEM.tif,2025-11-19T16:07:57.275945Z,4.10.dev245+g4144cef28,303_23,gray_frequencies,0,6.4
2023-08-17,DEM,../DSMs/2023-08-17_DEM.tif,2025-11-19T16:07:57.275945Z,4.10.dev245+g4144cef28,303_23,gray_frequencies,0,19.200000000000003
2023-08-17,DEM,../DSMs/2023-08-17_DEM.tif,2025-11-19T16:07:57.275945Z,4.10.dev245+g4144cef28,303_23,gray_frequencies,0,32.0
2023-08-17,DEM,../DSMs/2023-08-17_DEM.tif,2025-11-19T16:07:57.275945Z,4.10.dev245+g4144cef28,303_23,gray_frequencies,0,44.800000000000004
2023-08-17,DEM,../DSMs/2023-08-17_DEM.tif,2025-11-19T16:07:57.275945Z,4.10.dev245+g4144cef28,303_23,gray_frequencies,0,57.6
2023-08-17,DEM,../DSMs/2023-08-17_DEM.tif,2025-11-19T16:07:57.275945Z,4.10.dev245+g4144cef28,303_23,gray_frequencies,0,70.4
2023-08-17,DEM,../DSMs/2023-08-17_DEM.tif,2025-11-19T16:07:57.275945Z,4.10.dev245+g4144cef28,303_23,gray_frequencies,0,83.20000000000002
2023-08-17,DEM,../DSMs/2023-08-17_DEM.tif,2025-11-19T16:07:57.275945Z,4.10.dev245+g4144cef28,303_23,gray_frequencies,0,96.0
2023-08-17,DEM,../DSMs/2023-08-17_DEM.tif,2025-11-19T16:07:57.275945Z,4.10.dev245+g4144cef28,303_23,gray_frequencies,646,108.80000000000001
2023-08-17,DEM,../DSMs/2023-08-17_DEM.tif,2025-11-19T16:07:57.275945Z,4.10.dev245+g4144cef28,303_23,gray_frequencies,1738,121.6
2023-08-17,DEM,../DSMs/2023-08-17_DEM.tif,2025-11-19T16:07:57.275945Z,4.10.dev245+g4144cef28,303_23,gray_frequencies,6000,134.4
2023-08-17,DEM,../DSMs/2023-08-17_DEM.tif,2025-11-19T16:07:57.275945Z,4.10.dev245+g4144cef28,303_23,gray_frequencies,4228,147.20000000000002
2023-08-17,DEM,../DSMs/2023-08-17_DEM.tif,2025-11-19T16:07:57.275945Z,4.10.dev245+g4144cef28,303_23,gray_frequencies,1152,160.0
2023-08-17,DEM,../DSMs/2023-08-17_DEM.tif,2025-11-19T16:07:57.275945Z,4.10.dev245+g4144cef28,303_23,gray_frequencies,0,172.8
2023-08-17,DEM,../DSMs/2023-08-17_DEM.tif,2025-11-19T16:07:57.275945Z,4.10.dev245+g4144cef28,303_23,gray_frequencies,0,185.60000000000002
2023-08-17,DEM,../DSMs/2023-08-17_DEM.tif,2025-11-19T16:07:57.275945Z,4.10.dev245+g4144cef28,303_23,gray_frequencies,0,198.4
2023-08-17,DEM,../DSMs/2023-08-17_DEM.tif,2025-11-19T16:07:57.275945Z,4.10.dev245+g4144cef28,303_23,gray_frequencies,0,211.20000000000002
2023-08-17,DEM,../DSMs/2023-08-17_DEM.tif,2025-11-19T16:07:57.275945Z,4.10.dev245+g4144cef28,303_23,gray_frequencies,0,224.0
2023-08-17,DEM,../DSMs/2023-08-17_DEM.tif,2025-11-19T16:07:57.275945Z,4.10.dev245+g4144cef28,303_23,gray_frequencies,0,236.8
2023-08-17,DEM,../DSMs/2023-08-17_DEM.tif,2025-11-19T16:07:57.275945Z,4.10.dev245+g4144cef28,303_23,gray_frequencies,0,249.60000000000002
2023-08-17,DEM,../DSMs/2023-08-17_DEM.tif,2025-11-19T16:07:57.275945Z,4.10.dev245+g4144cef28,903_24,gray_frequencies,0,6.4
2023-08-17,DEM,../DSMs/2023-08-17_DEM.tif,2025-11-19T16:07:57.275945Z,4.10.dev245+g4144cef28,903_24,gray_frequencies,0,19.200000000000003
2023-08-17,DEM,../DSMs/2023-08-17_DEM.tif,2025-11-19T16:07:57.275945Z,4.10.dev245+g4144cef28,903_24,gray_frequencies,0,32.0
2023-08-17,DEM,../DSMs/2023-08-17_DEM.tif,2025-11-19T16:07:57.275945Z,4.10.dev245+g4144cef28,903_24,gray_frequencies,0,44.800000000000004
2023-08-17,DEM,../DSMs/2023-08-17_DEM.tif,2025-11-19T16:07:57.275945Z,4.10.dev245+g4144cef28,903_24,gray_frequencies,0,57.6
2023-08-17,DEM,../DSMs/2023-08-17_DEM.tif,2025-11-19T16:07:57.275945Z,4.10.dev245+g4144cef28,903_24,gray_frequencies,0,70.4
2023-08-17,DEM,../DSMs/2023-08-17_DEM.tif,2025-11-19T16:07:57.275945Z,4.10.dev245+g4144cef28,903_24,gray_frequencies,0,83.20000000000002
2023-08-17,DEM,../DSMs/2023-08-17_DEM.tif,2025-11-19T16:07:57.275945Z,4.10.dev245+g4144cef28,903_24,gray_frequencies,71,96.0
2023-08-17,DEM,../DSMs/2023-08-17_DEM.tif,2025-11-19T16:07:57.275945Z,4.10.dev245+g4144cef28,903_24,gray_frequencies,947,108.80000000000001
2023-08-17,DEM,../DSMs/2023-08-17_DEM.tif,2025-11-19T16:07:57.275945Z,4.10.dev245+g4144cef28,903_24,gray_frequencies,2875,121.6
2023-08-17,DEM,../DSMs/2023-08-17_DEM.tif,2025-11-19T16:07:57.275945Z,4.10.dev245+g4144cef28,903_24,gray_frequencies,5371,134.4
2023-08-17,DEM,../DSMs/2023-08-17_DEM.tif,2025-11-19T16:07:57.275945Z,4.10.dev245+g4144cef28,903_24,gray_frequencies,2956,147.20000000000002
2023-08-17,DEM,../DSMs/2023-08-17_DEM.tif,2025-11-19T16:07:57.275945Z,4.10.dev245+g4144cef28,903_24,gray_frequencies,1112,160.0
2023-08-17,DEM,../DSMs/2023-08-17_DEM.tif,2025-11-19T16:07:57.275945Z,4.10.dev245+g4144cef28,903_24,gray_frequencies,0,172.8
2023-08-17,DEM,../DSMs/2023-08-17_DEM.tif,2025-11-19T16:07:57.275945Z,4.10.dev245+g4144cef28,903_24,gray_frequencies,0,185.60000000000002
2023-08-17,DEM,../DSMs/2023-08-17_DEM.tif,2025-11-19T16:07:57.275945Z,4.10.dev245+g4144cef28,903_24,gray_frequencies,0,198.4
2023-08-17,DEM,../DSMs/2023-08-17_DEM.tif,2025-11-19T16:07:57.275945Z,4.10.dev245+g4144cef28,903_24,gray_frequencies,0,211.20000000000002
2023-08-17,DEM,../DSMs/2023-08-17_DEM.tif,2025-11-19T16:07:57.275945Z,4.10.dev245+g4144cef28,903_24,gray_frequencies,0,224.0
2023-08-17,DEM,../DSMs/2023-08-17_DEM.tif,2025-11-19T16:07:57.275945Z,4.10.dev245+g4144cef28,903_24,gray_frequencies,0,236.8
2023-08-17,DEM,../DSMs/2023-08-17_DEM.tif,2025-11-19T16:07:57.275945Z,4.10.dev245+g4144cef28,903_24,gray_frequencies,0,249.60000000000002
2023-08-17,DEM,../DSMs/2023-08-17_DEM.tif,2025-11-19T16:07:57.275945Z,4.10.dev245+g4144cef28,403_25,gray_frequencies,0,6.4
2023-08-17,DEM,../DSMs/2023-08-17_DEM.tif,2025-11-19T16:07:57.275945Z,4.10.dev245+g4144cef28,403_25,gray_frequencies,0,19.200000000000003
2023-08-17,DEM,../DSMs/2023-08-17_DEM.tif,2025-11-19T16:07:57.275945Z,4.10.dev245+g4144cef28,403_25,gray_frequencies,0,32.0
2023-08-17,DEM,../DSMs/2023-08-17_DEM.tif,2025-11-19T16:07:57.275945Z,4.10.dev245+g4144cef28,403_25,gray_frequencies,0,44.800000000000004
2023-08-17,DEM,../DSMs/2023-08-17_DEM.tif,2025-11-19T16:07:57.275945Z,4.10.dev245+g4144cef28,403_25,gray_frequencies,0,57.6
2023-08-17,DEM,../DSMs/2023-08-17_DEM.tif,2025-11-19T16:07:57.275945Z,4.10.dev245+g4144cef28,403_25,gray_frequencies,0,70.4
2023-08-17,DEM,../DSMs/2023-08-17_DEM.tif,2025-11-19T16:07:57.275945Z,4.10.dev245+g4144cef28,403_25,gray_frequencies,0,83.20000000000002
2023-08-17,DEM,../DSMs/2023-08-17_DEM.tif,2025-11-19T16:07:57.275945Z,4.10.dev245+g4144cef28,403_25,gray_frequencies,0,96.0
2023-08-17,DEM,../DSMs/2023-08-17_DEM.tif,2025-11-19T16:07:57.275945Z,4.10.dev245+g4144cef28,403_25,gray_frequencies,0,108.80000000000001
2023-08-17,DEM,../DSMs/2023-08-17_DEM.tif,2025-11-19T16:07:57.275945Z,4.10.dev245+g4144cef28,403_25,gray_frequencies,0,121.6
2023-08-17,DEM,../DSMs/2023-08-17_DEM.tif,2025-11-19T16:07:57.275945Z,4.10.dev245+g4144cef28,403_25,gray_frequencies,194,134.4
2023-08-17,DEM,../DSMs/2023-08-17_DEM.tif,2025-11-19T16:07:57.275945Z,4.10.dev245+g4144cef28,403_25,gray_frequencies,1674,147.20000000000002
2023-08-17,DEM,../DSMs/2023-08-17_DEM.tif,2025-11-19T16:07:57.275945Z,4.10.dev245+g4144cef28,403_25,gray_frequencies,6007,160.0
2023-08-17,DEM,../DSMs/2023-08-17_DEM.tif,2025-11-19T16:07:57.275945Z,4.10.dev245+g4144cef28,403_25,gray_frequencies,3787,172.8
2023-08-17,DEM,../DSMs/2023-08-17_DEM.tif,2025-11-19T16:07:57.275945Z,4.10.dev245+g4144cef28,403_25,gray_frequencies,1702,185.60000000000002
2023-08-17,DEM,../DSMs/2023-08-17_DEM.tif,2025-11-19T16:07:57.275945Z,4.10.dev245+g4144cef28,403_25,gray_frequencies,264,198.4
2023-08-17,DEM,../DSMs/2023-08-17_DEM.tif,2025-11-19T16:07:57.275945Z,4.10.dev245+g4144cef28,403_25,gray_frequencies,0,211.20000000000002
2023-08-17,DEM,../DSMs/2023-08-17_DEM.tif,2025-11-19T16:07:57.275945Z,4.10.dev245+g4144cef28,403_25,gray_frequencies,0,224.0
2023-08-17,DEM,../DSMs/2023-08-17_DEM.tif,2025-11-19T16:07:57.275945Z,4.10.dev245+g4144cef28,403_25,gray_frequencies,0,236.8
2023-08-17,DEM,../DSMs/2023-08-17_DEM.tif,2025-11-19T16:07:57.275945Z,4.10.dev245+g4144cef28,403_25,gray_frequencies,0,249.60000000000002
2023-08-17,DEM,../DSMs/2023-08-17_DEM.tif,2025-11-19T16:07:57.275945Z,4.10.dev245+g4144cef28,503_26,gray_frequencies,0,6.4
2023-08-17,DEM,../DSMs/2023-08-17_DEM.tif,2025-11-19T16:07:57.275945Z,4.10.dev245+g4144cef28,503_26,gray_frequencies,0,19.200000000000003
2023-08-17,DEM,../DSMs/2023-08-17_DEM.tif,2025-11-19T16:07:57.275945Z,4.10.dev245+g4144cef28,503_26,gray_frequencies,0,32.0
2023-08-17,DEM,../DSMs/2023-08-17_DEM.tif,2025-11-19T16:07:57.275945Z,4.10.dev245+g4144cef28,503_26,gray_frequencies,0,44.800000000000004
2023-08-17,DEM,../DSMs/2023-08-17_DEM.tif,2025-11-19T16:07:57.275945Z,4.10.dev245+g4144cef28,503_26,gray_frequencies,0,57.6
2023-08-17,DEM,../DSMs/2023-08-17_DEM.tif,2025-11-19T16:07:57.275945Z,4.10.dev245+g4144cef28,503_26,gray_frequencies,0,70.4
2023-08-17,DEM,../DSMs/2023-08-17_DEM.tif,2025-11-19T16:07:57.275945Z,4.10.dev245+g4144cef28,503_26,gray_frequencies,0,83.20000000000002
2023-08-17,DEM,../DSMs/2023-08-17_DEM.tif,2025-11-19T16:07:57.275945Z,4.10.dev245+g4144cef28,503_26,gray_frequencies,0,96.0
2023-08-17,DEM,../DSMs/2023-08-17_DEM.tif,2025-11-19T16:07:57.275945Z,4.10.dev245+g4144cef28,503_26,gray_frequencies,0,108.80000000000001
2023-08-17,DEM,../DSMs/2023-08-17_DEM.tif,2025-11-19T16:07:57.275945Z,4.10.dev245+g4144cef28,503_26,gray_frequencies,0,121.6
2023-08-17,DEM,../DSMs/2023-08-17_DEM.tif,2025-11-19T16:07:57.275945Z,4.10.dev245+g4144cef28,503_26,gray_frequencies,687,134.4
2023-08-17,DEM,../DSMs/2023-08-17_DEM.tif,2025-11-19T16:07:57.275945Z,4.10.dev245+g4144cef28,503_26,gray_frequencies,1956,147.20000000000002
2023-08-17,DEM,../DSMs/2023-08-17_DEM.tif,2025-11-19T16:07:57.275945Z,4.10.dev245+g4144cef28,503_26,gray_frequencies,4917,160.0
2023-08-17,DEM,../DSMs/2023-08-17_DEM.tif,2025-11-19T16:07:57.275945Z,4.10.dev245+g4144cef28,503_26,gray_frequencies,3157,172.8
2023-08-17,DEM,../DSMs/2023-08-17_DEM.tif,2025-11-19T16:07:57.275945Z,4.10.dev245+g4144cef28,503_26,gray_frequencies,2433,185.60000000000002
2023-08-17,DEM,../DSMs/2023-08-17_DEM.tif,2025-11-19T16:07:57.275945Z,4.10.dev245+g4144cef28,503_26,gray_frequencies,283,198.4
2023-08-17,DEM,../DSMs/2023-08-17_DEM.tif,2025-11-19T16:07:57.275945Z,4.10.dev245+g4144cef28,503_26,gray_frequencies,0,211.20000000000002
2023-08-17,DEM,../DSMs/2023-08-17_DEM.tif,2025-11-19T16:07:57.275945Z,4.10.dev245+g4144cef28,503_26,gray_frequencies,0,224.0
2023-08-17,DEM,../DSMs/2023-08-17_DEM.tif,2025-11-19T16:07:57.275945Z,4.10.dev245+g4144cef28,503_26,gray_frequencies,0,236.8
2023-08-17,DEM,../DSMs/2023-08-17_DEM.tif,2025-11-19T16:07:57.275945Z,4.10.dev245+g4144cef28,503_26,gray_frequencies,0,249.60000000000002
2023-08-17,DEM,../DSMs/2023-08-17_DEM.tif,2025-11-19T16:07:57.275945Z,4.10.dev245+g4144cef28,603_27,gray_frequencies,0,6.4
2023-08-17,DEM,../DSMs/2023-08-17_DEM.tif,2025-11-19T16:07:57.275945Z,4.10.dev245+g4144cef28,603_27,gray_frequencies,0,19.200000000000003
2023-08-17,DEM,../DSMs/2023-08-17_DEM.tif,2025-11-19T16:07:57.275945Z,4.10.dev245+g4144cef28,603_27,gray_frequencies,0,32.0
2023-08-17,DEM,../DSMs/2023-08-17_DEM.tif,2025-11-19T16:07:57.275945Z,4.10.dev245+g4144cef28,603_27,gray_frequencies,0,44.800000000000004
2023-08-17,DEM,../DSMs/2023-08-17_DEM.tif,2025-11-19T16:07:57.275945Z,4.10.dev245+g4144cef28,603_27,gray_frequencies,0,57.6
2023-08-17,DEM,../DSMs/2023-08-17_DEM.tif,2025-11-19T16:07:57.275945Z,4.10.dev245+g4144cef28,603_27,gray_frequencies,0,70.4
2023-08-17,DEM,../DSMs/2023-08-17_DEM.tif,2025-11-19T16:07:57.275945Z,4.10.dev245+g4144cef28,603_27,gray_frequencies,0,83.20000000000002
2023-08-17,DEM,../DSMs/2023-08-17_DEM.tif,2025-11-19T16:07:57.275945Z,4.10.dev245+g4144cef28,603_27,gray_frequencies,0,96.0
2023-08-17,DEM,../DSMs/2023-08-17_DEM.tif,2025-11-19T16:07:57.275945Z,4.10.dev245+g4144cef28,603_27,gray_frequencies,0,108.80000000000001
2023-08-17,DEM,../DSMs/2023-08-17_DEM.tif,2025-11-19T16:07:57.275945Z,4.10.dev245+g4144cef28,603_27,gray_frequencies,16,121.6
2023-08-17,DEM,../DSMs/2023-08-17_DEM.tif,2025-11-19T16:07:57.275945Z,4.10.dev245+g4144cef28,603_27,gray_frequencies,1074,134.4
2023-08-17,DEM,../DSMs/2023-08-17_DEM.tif,2025-11-19T16:07:57.275945Z,4.10.dev245+g4144cef28,603_27,gray_frequencies,2831,147.20000000000002
2023-08-17,DEM,../DSMs/2023-08-17_DEM.tif,2025-11-19T16:07:57.275945Z,4.10.dev245+g4144cef28,603_27,gray_frequencies,4982,160.0
2023-08-17,DEM,../DSMs/2023-08-17_DEM.tif,2025-11-19T16:07:57.275945Z,4.10.dev245+g4144cef28,603_27,gray_frequencies,2686,172.8
2023-08-17,DEM,../DSMs/2023-08-17_DEM.tif,2025-11-19T16:07:57.275945Z,4.10.dev245+g4144cef28,603_27,gray_frequencies,1395,185.60000000000002
2023-08-17,DEM,../DSMs/2023-08-17_DEM.tif,2025-11-19T16:07:57.275945Z,4.10.dev245+g4144cef28,603_27,gray_frequencies,0,198.4
2023-08-17,DEM,../DSMs/2023-08-17_DEM.tif,2025-11-19T16:07:57.275945Z,4.10.dev245+g4144cef28,603_27,gray_frequencies,0,211.20000000000002
2023-08-17,DEM,../DSMs/2023-08-17_DEM.tif,2025-11-19T16:07:57.275945Z,4.10.dev245+g4144cef28,603_27,gray_frequencies,0,224.0
2023-08-17,DEM,../DSMs/2023-08-17_DEM.tif,2025-11-19T16:07:57.275945Z,4.10.dev245+g4144cef28,603_27,gray_frequencies,0,236.8
2023-08-17,DEM,../DSMs/2023-08-17_DEM.tif,2025-11-19T16:07:57.275945Z,4.10.dev245+g4144cef28,603_27,gray_frequencies,0,249.60000000000002
2023-07-17,DEM,../DSMs/2023-07-17_DEM.tif,2025-11-19T16:07:41.478860Z,4.10.dev245+g4144cef28,default_101,gray_frequencies,NA,NA
2023-07-17,DEM,../DSMs/2023-07-17_DEM.tif,2025-11-19T16:07:41.478860Z,4.10.dev245+g4144cef28,default_201,gray_frequencies,NA,NA
2023-07-17,DEM,../DSMs/2023-07-17_DEM.tif,2025-11-19T16:07:41.478860Z,4.10.dev245+g4144cef28,default_301,gray_frequencies,NA,NA
2023-07-17,DEM,../DSMs/2023-07-17_DEM.tif,2025-11-19T16:07:41.478860Z,4.10.dev245+g4144cef28,default_401,gray_frequencies,NA,NA
2023-07-17,DEM,../DSMs/2023-07-17_DEM.tif,2025-11-19T16:07:41.478860Z,4.10.dev245+g4144cef28,default_501,gray_frequencies,NA,NA
2023-07-17,DEM,../DSMs/2023-07-17_DEM.tif,2025-11-19T16:07:41.478860Z,4.10.dev245+g4144cef28,default_901,gray_frequencies,NA,NA
2023-07-17,DEM,../DSMs/2023-07-17_DEM.tif,2025-11-19T16:07:41.478860Z,4.10.dev245+g4144cef28,default_701,gray_frequencies,NA,NA
2023-07-17,DEM,../DSMs/2023-07-17_DEM.tif,2025-11-19T16:07:41.478860Z,4.10.dev245+g4144cef28,default_801,gray_frequencies,NA,NA
2023-07-17,DEM,../DSMs/2023-07-17_DEM.tif,2025-11-19T16:07:41.478860Z,4.10.dev245+g4144cef28,default_601,gray_frequencies,NA,NA
2023-07-17,DEM,../DSMs/2023-07-17_DEM.tif,2025-11-19T16:07:41.478860Z,4.10.dev245+g4144cef28,default_502,gray_frequencies,NA,NA
2023-07-17,DEM,../DSMs/2023-07-17_DEM.tif,2025-11-19T16:07:41.478860Z,4.10.dev245+g4144cef28,default_402,gray_frequencies,NA,NA
2023-07-17,DEM,../DSMs/2023-07-17_DEM.tif,2025-11-19T16:07:41.478860Z,4.10.dev245+g4144cef28,default_102,gray_frequencies,NA,NA
2023-07-17,DEM,../DSMs/2023-07-17_DEM.tif,2025-11-19T16:07:41.478860Z,4.10.dev245+g4144cef28,default_702,gray_frequencies,NA,NA
2023-07-17,DEM,../DSMs/2023-07-17_DEM.tif,2025-11-19T16:07:41.478860Z,4.10.dev245+g4144cef28,default_202,gray_frequencies,NA,NA
2023-07-17,DEM,../DSMs/2023-07-17_DEM.tif,2025-11-19T16:07:41.478860Z,4.10.dev245+g4144cef28,default_602,gray_frequencies,NA,NA
2023-07-17,DEM,../DSMs/2023-07-17_DEM.tif,2025-11-19T16:07:41.478860Z,4.10.dev245+g4144cef28,default_802,gray_frequencies,NA,NA
2023-07-17,DEM,../DSMs/2023-07-17_DEM.tif,2025-11-19T16:07:41.478860Z,4.10.dev245+g4144cef28,default_302,gray_frequencies,NA,NA
2023-07-17,DEM,../DSMs/2023-07-17_DEM.tif,2025-11-19T16:07:41.478860Z,4.10.dev245+g4144cef28,default_902,gray_frequencies,NA,NA
2023-07-17,DEM,../DSMs/2023-07-17_DEM.tif,2025-11-19T16:07:41.478860Z,4.10.dev245+g4144cef28,default_703,gray_frequencies,NA,NA
2023-07-17,DEM,../DSMs/2023-07-17_DEM.tif,2025-11-19T16:07:41.478860Z,4.10.dev245+g4144cef28,default_103,gray_frequencies,NA,NA
2023-07-17,DEM,../DSMs/2023-07-17_DEM.tif,2025-11-19T16:07:41.478860Z,4.10.dev245+g4144cef28,default_203,gray_frequencies,NA,NA
2023-07-17,DEM,../DSMs/2023-07-17_DEM.tif,2025-11-19T16:07:41.478860Z,4.10.dev245+g4144cef28,default_803,gray_frequencies,NA,NA
2023-07-17,DEM,../DSMs/2023-07-17_DEM.tif,2025-11-19T16:07:41.478860Z,4.10.dev245+g4144cef28,default_303,gray_frequencies,NA,NA
2023-07-17,DEM,../DSMs/2023-07-17_DEM.tif,2025-11-19T16:07:41.478860Z,4.10.dev245+g4144cef28,default_903,gray_frequencies,NA,NA
2023-07-17,DEM,../DSMs/2023-07-17_DEM.tif,2025-11-19T16:07:41.478860Z,4.10.dev245+g4144cef28,default_403,gray_frequencies,NA,NA
2023-07-17,DEM,../DSMs/2023-07-17_DEM.tif,2025-11-19T16:07:41.478860Z,4.10.dev245+g4144cef28,default_503,gray_frequencies,NA,NA
2023-07-17,DEM,../DSMs/2023-07-17_DEM.tif,2025-11-19T16:07:41.478860Z,4.10.dev245+g4144cef28,default_603,gray_frequencies,NA,NA
2023-07-17,DEM,../DSMs/2023-07-17_DEM.tif,2025-11-19T16:07:41.478860Z,4.10.dev245+g4144cef28,101_1,gray_frequencies,0,6.4
2023-07-17,DEM,../DSMs/2023-07-17_DEM.tif,2025-11-19T16:07:41.478860Z,4.10.dev245+g4144cef28,101_1,gray_frequencies,0,19.200000000000003
2023-07-17,DEM,../DSMs/2023-07-17_DEM.tif,2025-11-19T16:07:41.478860Z,4.10.dev245+g4144cef28,101_1,gray_frequencies,0,32.0
2023-07-17,DEM,../DSMs/2023-07-17_DEM.tif,2025-11-19T16:07:41.478860Z,4.10.dev245+g4144cef28,101_1,gray_frequencies,0,44.800000000000004
2023-07-17,DEM,../DSMs/2023-07-17_DEM.tif,2025-11-19T16:07:41.478860Z,4.10.dev245+g4144cef28,101_1,gray_frequencies,0,57.6
2023-07-17,DEM,../DSMs/2023-07-17_DEM.tif,2025-11-19T16:07:41.478860Z,4.10.dev245+g4144cef28,101_1,gray_frequencies,0,70.4
2023-07-17,DEM,../DSMs/2023-07-17_DEM.tif,2025-11-19T16:07:41.478860Z,4.10.dev245+g4144cef28,101_1,gray_frequencies,295,83.20000000000002
2023-07-17,DEM,../DSMs/2023-07-17_DEM.tif,2025-11-19T16:07:41.478860Z,4.10.dev245+g4144cef28,101_1,gray_frequencies,2200,96.0
2023-07-17,DEM,../DSMs/2023-07-17_DEM.tif,2025-11-19T16:07:41.478860Z,4.10.dev245+g4144cef28,101_1,gray_frequencies,1516,108.80000000000001
2023-07-17,DEM,../DSMs/2023-07-17_DEM.tif,2025-11-19T16:07:41.478860Z,4.10.dev245+g4144cef28,101_1,gray_frequencies,1248,121.6
2023-07-17,DEM,../DSMs/2023-07-17_DEM.tif,2025-11-19T16:07:41.478860Z,4.10.dev245+g4144cef28,101_1,gray_frequencies,1579,134.4
2023-07-17,DEM,../DSMs/2023-07-17_DEM.tif,2025-11-19T16:07:41.478860Z,4.10.dev245+g4144cef28,101_1,gray_frequencies,3918,147.20000000000002
2023-07-17,DEM,../DSMs/2023-07-17_DEM.tif,2025-11-19T16:07:41.478860Z,4.10.dev245+g4144cef28,101_1,gray_frequencies,3919,160.0
2023-07-17,DEM,../DSMs/2023-07-17_DEM.tif,2025-11-19T16:07:41.478860Z,4.10.dev245+g4144cef28,101_1,gray_frequencies,1196,172.8
2023-07-17,DEM,../DSMs/2023-07-17_DEM.tif,2025-11-19T16:07:41.478860Z,4.10.dev245+g4144cef28,101_1,gray_frequencies,58,185.60000000000002
2023-07-17,DEM,../DSMs/2023-07-17_DEM.tif,2025-11-19T16:07:41.478860Z,4.10.dev245+g4144cef28,101_1,gray_frequencies,0,198.4
2023-07-17,DEM,../DSMs/2023-07-17_DEM.tif,2025-11-19T16:07:41.478860Z,4.10.dev245+g4144cef28,101_1,gray_frequencies,0,211.20000000000002
2023-07-17,DEM,../DSMs/2023-07-17_DEM.tif,2025-11-19T16:07:41.478860Z,4.10.dev245+g4144cef28,101_1,gray_frequencies,0,224.0
2023-07-17,DEM,../DSMs/2023-07-17_DEM.tif,2025-11-19T16:07:41.478860Z,4.10.dev245+g4144cef28,101_1,gray_frequencies,0,236.8
2023-07-17,DEM,../DSMs/2023-07-17_DEM.tif,2025-11-19T16:07:41.478860Z,4.10.dev245+g4144cef28,101_1,gray_frequencies,0,249.60000000000002
2023-07-17,DEM,../DSMs/2023-07-17_DEM.tif,2025-11-19T16:07:41.478860Z,4.10.dev245+g4144cef28,201_2,gray_frequencies,0,6.4
2023-07-17,DEM,../DSMs/2023-07-17_DEM.tif,2025-11-19T16:07:41.478860Z,4.10.dev245+g4144cef28,201_2,gray_frequencies,0,19.200000000000003
2023-07-17,DEM,../DSMs/2023-07-17_DEM.tif,2025-11-19T16:07:41.478860Z,4.10.dev245+g4144cef28,201_2,gray_frequencies,0,32.0
2023-07-17,DEM,../DSMs/2023-07-17_DEM.tif,2025-11-19T16:07:41.478860Z,4.10.dev245+g4144cef28,201_2,gray_frequencies,0,44.800000000000004
2023-07-17,DEM,../DSMs/2023-07-17_DEM.tif,2025-11-19T16:07:41.478860Z,4.10.dev245+g4144cef28,201_2,gray_frequencies,0,57.6
2023-07-17,DEM,../DSMs/2023-07-17_DEM.tif,2025-11-19T16:07:41.478860Z,4.10.dev245+g4144cef28,201_2,gray_frequencies,0,70.4
2023-07-17,DEM,../DSMs/2023-07-17_DEM.tif,2025-11-19T16:07:41.478860Z,4.10.dev245+g4144cef28,201_2,gray_frequencies,0,83.20000000000002
2023-07-17,DEM,../DSMs/2023-07-17_DEM.tif,2025-11-19T16:07:41.478860Z,4.10.dev245+g4144cef28,201_2,gray_frequencies,2102,96.0
2023-07-17,DEM,../DSMs/2023-07-17_DEM.tif,2025-11-19T16:07:41.478860Z,4.10.dev245+g4144cef28,201_2,gray_frequencies,676,108.80000000000001
2023-07-17,DEM,../DSMs/2023-07-17_DEM.tif,2025-11-19T16:07:41.478860Z,4.10.dev245+g4144cef28,201_2,gray_frequencies,1601,121.6
2023-07-17,DEM,../DSMs/2023-07-17_DEM.tif,2025-11-19T16:07:41.478860Z,4.10.dev245+g4144cef28,201_2,gray_frequencies,1117,134.4
2023-07-17,DEM,../DSMs/2023-07-17_DEM.tif,2025-11-19T16:07:41.478860Z,4.10.dev245+g4144cef28,201_2,gray_frequencies,2492,147.20000000000002
2023-07-17,DEM,../DSMs/2023-07-17_DEM.tif,2025-11-19T16:07:41.478860Z,4.10.dev245+g4144cef28,201_2,gray_frequencies,6477,160.0
2023-07-17,DEM,../DSMs/2023-07-17_DEM.tif,2025-11-19T16:07:41.478860Z,4.10.dev245+g4144cef28,201_2,gray_frequencies,157,172.8
2023-07-17,DEM,../DSMs/2023-07-17_DEM.tif,2025-11-19T16:07:41.478860Z,4.10.dev245+g4144cef28,201_2,gray_frequencies,3,185.60000000000002
2023-07-17,DEM,../DSMs/2023-07-17_DEM.tif,2025-11-19T16:07:41.478860Z,4.10.dev245+g4144cef28,201_2,gray_frequencies,0,198.4
2023-07-17,DEM,../DSMs/2023-07-17_DEM.tif,2025-11-19T16:07:41.478860Z,4.10.dev245+g4144cef28,201_2,gray_frequencies,0,211.20000000000002
2023-07-17,DEM,../DSMs/2023-07-17_DEM.tif,2025-11-19T16:07:41.478860Z,4.10.dev245+g4144cef28,201_2,gray_frequencies,0,224.0
2023-07-17,DEM,../DSMs/2023-07-17_DEM.tif,2025-11-19T16:07:41.478860Z,4.10.dev245+g4144cef28,201_2,gray_frequencies,1,236.8
2023-07-17,DEM,../DSMs/2023-07-17_DEM.tif,2025-11-19T16:07:41.478860Z,4.10.dev245+g4144cef28,201_2,gray_frequencies,2,249.60000000000002
2023-07-17,DEM,../DSMs/2023-07-17_DEM.tif,2025-11-19T16:07:41.478860Z,4.10.dev245+g4144cef28,301_3,gray_frequencies,0,6.4
2023-07-17,DEM,../DSMs/2023-07-17_DEM.tif,2025-11-19T16:07:41.478860Z,4.10.dev245+g4144cef28,301_3,gray_frequencies,0,19.200000000000003
2023-07-17,DEM,../DSMs/2023-07-17_DEM.tif,2025-11-19T16:07:41.478860Z,4.10.dev245+g4144cef28,301_3,gray_frequencies,0,32.0
2023-07-17,DEM,../DSMs/2023-07-17_DEM.tif,2025-11-19T16:07:41.478860Z,4.10.dev245+g4144cef28,301_3,gray_frequencies,0,44.800000000000004
2023-07-17,DEM,../DSMs/2023-07-17_DEM.tif,2025-11-19T16:07:41.478860Z,4.10.dev245+g4144cef28,301_3,gray_frequencies,0,57.6
2023-07-17,DEM,../DSMs/2023-07-17_DEM.tif,2025-11-19T16:07:41.478860Z,4.10.dev245+g4144cef28,301_3,gray_frequencies,0,70.4
2023-07-17,DEM,../DSMs/2023-07-17_DEM.tif,2025-11-19T16:07:41.478860Z,4.10.dev245+g4144cef28,301_3,gray_frequencies,0,83.20000000000002
2023-07-17,DEM,../DSMs/2023-07-17_DEM.tif,2025-11-19T16:07:41.478860Z,4.10.dev245+g4144cef28,301_3,gray_frequencies,1766,96.0
2023-07-17,DEM,../DSMs/2023-07-17_DEM.tif,2025-11-19T16:07:41.478860Z,4.10.dev245+g4144cef28,301_3,gray_frequencies,1004,108.80000000000001
2023-07-17,DEM,../DSMs/2023-07-17_DEM.tif,2025-11-19T16:07:41.478860Z,4.10.dev245+g4144cef28,301_3,gray_frequencies,1592,121.6
2023-07-17,DEM,../DSMs/2023-07-17_DEM.tif,2025-11-19T16:07:41.478860Z,4.10.dev245+g4144cef28,301_3,gray_frequencies,917,134.4
2023-07-17,DEM,../DSMs/2023-07-17_DEM.tif,2025-11-19T16:07:41.478860Z,4.10.dev245+g4144cef28,301_3,gray_frequencies,1522,147.20000000000002
2023-07-17,DEM,../DSMs/2023-07-17_DEM.tif,2025-11-19T16:07:41.478860Z,4.10.dev245+g4144cef28,301_3,gray_frequencies,3649,160.0
2023-07-17,DEM,../DSMs/2023-07-17_DEM.tif,2025-11-19T16:07:41.478860Z,4.10.dev245+g4144cef28,301_3,gray_frequencies,4405,172.8
2023-07-17,DEM,../DSMs/2023-07-17_DEM.tif,2025-11-19T16:07:41.478860Z,4.10.dev245+g4144cef28,301_3,gray_frequencies,305,185.60000000000002
2023-07-17,DEM,../DSMs/2023-07-17_DEM.tif,2025-11-19T16:07:41.478860Z,4.10.dev245+g4144cef28,301_3,gray_frequencies,0,198.4
2023-07-17,DEM,../DSMs/2023-07-17_DEM.tif,2025-11-19T16:07:41.478860Z,4.10.dev245+g4144cef28,301_3,gray_frequencies,0,211.20000000000002
2023-07-17,DEM,../DSMs/2023-07-17_DEM.tif,2025-11-19T16:07:41.478860Z,4.10.dev245+g4144cef28,301_3,gray_frequencies,0,224.0
2023-07-17,DEM,../DSMs/2023-07-17_DEM.tif,2025-11-19T16:07:41.478860Z,4.10.dev245+g4144cef28,301_3,gray_frequencies,0,236.8
2023-07-17,DEM,../DSMs/2023-07-17_DEM.tif,2025-11-19T16:07:41.478860Z,4.10.dev245+g4144cef28,301_3,gray_frequencies,0,249.60000000000002
2023-07-17,DEM,../DSMs/2023-07-17_DEM.tif,2025-11-19T16:07:41.478860Z,4.10.dev245+g4144cef28,401_4,gray_frequencies,0,6.4
2023-07-17,DEM,../DSMs/2023-07-17_DEM.tif,2025-11-19T16:07:41.478860Z,4.10.dev245+g4144cef28,401_4,gray_frequencies,0,19.200000000000003
2023-07-17,DEM,../DSMs/2023-07-17_DEM.tif,2025-11-19T16:07:41.478860Z,4.10.dev245+g4144cef28,401_4,gray_frequencies,0,32.0
2023-07-17,DEM,../DSMs/2023-07-17_DEM.tif,2025-11-19T16:07:41.478860Z,4.10.dev245+g4144cef28,401_4,gray_frequencies,0,44.800000000000004
2023-07-17,DEM,../DSMs/2023-07-17_DEM.tif,2025-11-19T16:07:41.478860Z,4.10.dev245+g4144cef28,401_4,gray_frequencies,0,57.6
2023-07-17,DEM,../DSMs/2023-07-17_DEM.tif,2025-11-19T16:07:41.478860Z,4.10.dev245+g4144cef28,401_4,gray_frequencies,0,70.4
2023-07-17,DEM,../DSMs/2023-07-17_DEM.tif,2025-11-19T16:07:41.478860Z,4.10.dev245+g4144cef28,401_4,gray_frequencies,0,83.20000000000002
2023-07-17,DEM,../DSMs/2023-07-17_DEM.tif,2025-11-19T16:07:41.478860Z,4.10.dev245+g4144cef28,401_4,gray_frequencies,0,96.0
2023-07-17,DEM,../DSMs/2023-07-17_DEM.tif,2025-11-19T16:07:41.478860Z,4.10.dev245+g4144cef28,401_4,gray_frequencies,444,108.80000000000001
2023-07-17,DEM,../DSMs/2023-07-17_DEM.tif,2025-11-19T16:07:41.478860Z,4.10.dev245+g4144cef28,401_4,gray_frequencies,1869,121.6
2023-07-17,DEM,../DSMs/2023-07-17_DEM.tif,2025-11-19T16:07:41.478860Z,4.10.dev245+g4144cef28,401_4,gray_frequencies,1411,134.4
2023-07-17,DEM,../DSMs/2023-07-17_DEM.tif,2025-11-19T16:07:41.478860Z,4.10.dev245+g4144cef28,401_4,gray_frequencies,1328,147.20000000000002
2023-07-17,DEM,../DSMs/2023-07-17_DEM.tif,2025-11-19T16:07:41.478860Z,4.10.dev245+g4144cef28,401_4,gray_frequencies,1001,160.0
2023-07-17,DEM,../DSMs/2023-07-17_DEM.tif,2025-11-19T16:07:41.478860Z,4.10.dev245+g4144cef28,401_4,gray_frequencies,2153,172.8
2023-07-17,DEM,../DSMs/2023-07-17_DEM.tif,2025-11-19T16:07:41.478860Z,4.10.dev245+g4144cef28,401_4,gray_frequencies,3677,185.60000000000002
2023-07-17,DEM,../DSMs/2023-07-17_DEM.tif,2025-11-19T16:07:41.478860Z,4.10.dev245+g4144cef28,401_4,gray_frequencies,2534,198.4
2023-07-17,DEM,../DSMs/2023-07-17_DEM.tif,2025-11-19T16:07:41.478860Z,4.10.dev245+g4144cef28,401_4,gray_frequencies,397,211.20000000000002
2023-07-17,DEM,../DSMs/2023-07-17_DEM.tif,2025-11-19T16:07:41.478860Z,4.10.dev245+g4144cef28,401_4,gray_frequencies,0,224.0
2023-07-17,DEM,../DSMs/2023-07-17_DEM.tif,2025-11-19T16:07:41.478860Z,4.10.dev245+g4144cef28,401_4,gray_frequencies,0,236.8
2023-07-17,DEM,../DSMs/2023-07-17_DEM.tif,2025-11-19T16:07:41.478860Z,4.10.dev245+g4144cef28,401_4,gray_frequencies,0,249.60000000000002
2023-07-17,DEM,../DSMs/2023-07-17_DEM.tif,2025-11-19T16:07:41.478860Z,4.10.dev245+g4144cef28,501_5,gray_frequencies,0,6.4
2023-07-17,DEM,../DSMs/2023-07-17_DEM.tif,2025-11-19T16:07:41.478860Z,4.10.dev245+g4144cef28,501_5,gray_frequencies,0,19.200000000000003
2023-07-17,DEM,../DSMs/2023-07-17_DEM.tif,2025-11-19T16:07:41.478860Z,4.10.dev245+g4144cef28,501_5,gray_frequencies,0,32.0
2023-07-17,DEM,../DSMs/2023-07-17_DEM.tif,2025-11-19T16:07:41.478860Z,4.10.dev245+g4144cef28,501_5,gray_frequencies,0,44.800000000000004
2023-07-17,DEM,../DSMs/2023-07-17_DEM.tif,2025-11-19T16:07:41.478860Z,4.10.dev245+g4144cef28,501_5,gray_frequencies,0,57.6
2023-07-17,DEM,../DSMs/2023-07-17_DEM.tif,2025-11-19T16:07:41.478860Z,4.10.dev245+g4144cef28,501_5,gray_frequencies,0,70.4
2023-07-17,DEM,../DSMs/2023-07-17_DEM.tif,2025-11-19T16:07:41.478860Z,4.10.dev245+g4144cef28,501_5,gray_frequencies,0,83.20000000000002
2023-07-17,DEM,../DSMs/2023-07-17_DEM.tif,2025-11-19T16:07:41.478860Z,4.10.dev245+g4144cef28,501_5,gray_frequencies,0,96.0
2023-07-17,DEM,../DSMs/2023-07-17_DEM.tif,2025-11-19T16:07:41.478860Z,4.10.dev245+g4144cef28,501_5,gray_frequencies,0,108.80000000000001
2023-07-17,DEM,../DSMs/2023-07-17_DEM.tif,2025-11-19T16:07:41.478860Z,4.10.dev245+g4144cef28,501_5,gray_frequencies,1459,121.6
2023-07-17,DEM,../DSMs/2023-07-17_DEM.tif,2025-11-19T16:07:41.478860Z,4.10.dev245+g4144cef28,501_5,gray_frequencies,1113,134.4
2023-07-17,DEM,../DSMs/2023-07-17_DEM.tif,2025-11-19T16:07:41.478860Z,4.10.dev245+g4144cef28,501_5,gray_frequencies,1822,147.20000000000002
2023-07-17,DEM,../DSMs/2023-07-17_DEM.tif,2025-11-19T16:07:41.478860Z,4.10.dev245+g4144cef28,501_5,gray_frequencies,1069,160.0
2023-07-17,DEM,../DSMs/2023-07-17_DEM.tif,2025-11-19T16:07:41.478860Z,4.10.dev245+g4144cef28,501_5,gray_frequencies,1649,172.8
2023-07-17,DEM,../DSMs/2023-07-17_DEM.tif,2025-11-19T16:07:41.478860Z,4.10.dev245+g4144cef28,501_5,gray_frequencies,3567,185.60000000000002
2023-07-17,DEM,../DSMs/2023-07-17_DEM.tif,2025-11-19T16:07:41.478860Z,4.10.dev245+g4144cef28,501_5,gray_frequencies,4046,198.4
2023-07-17,DEM,../DSMs/2023-07-17_DEM.tif,2025-11-19T16:07:41.478860Z,4.10.dev245+g4144cef28,501_5,gray_frequencies,50,211.20000000000002
2023-07-17,DEM,../DSMs/2023-07-17_DEM.tif,2025-11-19T16:07:41.478860Z,4.10.dev245+g4144cef28,501_5,gray_frequencies,0,224.0
2023-07-17,DEM,../DSMs/2023-07-17_DEM.tif,2025-11-19T16:07:41.478860Z,4.10.dev245+g4144cef28,501_5,gray_frequencies,0,236.8
2023-07-17,DEM,../DSMs/2023-07-17_DEM.tif,2025-11-19T16:07:41.478860Z,4.10.dev245+g4144cef28,501_5,gray_frequencies,0,249.60000000000002
2023-07-17,DEM,../DSMs/2023-07-17_DEM.tif,2025-11-19T16:07:41.478860Z,4.10.dev245+g4144cef28,901_6,gray_frequencies,0,6.4
2023-07-17,DEM,../DSMs/2023-07-17_DEM.tif,2025-11-19T16:07:41.478860Z,4.10.dev245+g4144cef28,901_6,gray_frequencies,0,19.200000000000003
2023-07-17,DEM,../DSMs/2023-07-17_DEM.tif,2025-11-19T16:07:41.478860Z,4.10.dev245+g4144cef28,901_6,gray_frequencies,0,32.0
2023-07-17,DEM,../DSMs/2023-07-17_DEM.tif,2025-11-19T16:07:41.478860Z,4.10.dev245+g4144cef28,901_6,gray_frequencies,0,44.800000000000004
2023-07-17,DEM,../DSMs/2023-07-17_DEM.tif,2025-11-19T16:07:41.478860Z,4.10.dev245+g4144cef28,901_6,gray_frequencies,0,57.6
2023-07-17,DEM,../DSMs/2023-07-17_DEM.tif,2025-11-19T16:07:41.478860Z,4.10.dev245+g4144cef28,901_6,gray_frequencies,0,70.4
2023-07-17,DEM,../DSMs/2023-07-17_DEM.tif,2025-11-19T16:07:41.478860Z,4.10.dev245+g4144cef28,901_6,gray_frequencies,0,83.20000000000002
2023-07-17,DEM,../DSMs/2023-07-17_DEM.tif,2025-11-19T16:07:41.478860Z,4.10.dev245+g4144cef28,901_6,gray_frequencies,0,96.0
2023-07-17,DEM,../DSMs/2023-07-17_DEM.tif,2025-11-19T16:07:41.478860Z,4.10.dev245+g4144cef28,901_6,gray_frequencies,0,108.80000000000001
2023-07-17,DEM,../DSMs/2023-07-17_DEM.tif,2025-11-19T16:07:41.478860Z,4.10.dev245+g4144cef28,901_6,gray_frequencies,939,121.6
2023-07-17,DEM,../DSMs/2023-07-17_DEM.tif,2025-11-19T16:07:41.478860Z,4.10.dev245+g4144cef28,901_6,gray_frequencies,922,134.4
2023-07-17,DEM,../DSMs/2023-07-17_DEM.tif,2025-11-19T16:07:41.478860Z,4.10.dev245+g4144cef28,901_6,gray_frequencies,1662,147.20000000000002
2023-07-17,DEM,../DSMs/2023-07-17_DEM.tif,2025-11-19T16:07:41.478860Z,4.10.dev245+g4144cef28,901_6,gray_frequencies,958,160.0
2023-07-17,DEM,../DSMs/2023-07-17_DEM.tif,2025-11-19T16:07:41.478860Z,4.10.dev245+g4144cef28,901_6,gray_frequencies,1721,172.8
2023-07-17,DEM,../DSMs/2023-07-17_DEM.tif,2025-11-19T16:07:41.478860Z,4.10.dev245+g4144cef28,901_6,gray_frequencies,3596,185.60000000000002
2023-07-17,DEM,../DSMs/2023-07-17_DEM.tif,2025-11-19T16:07:41.478860Z,4.10.dev245+g4144cef28,901_6,gray_frequencies,4183,198.4
2023-07-17,DEM,../DSMs/2023-07-17_DEM.tif,2025-11-19T16:07:41.478860Z,4.10.dev245+g4144cef28,901_6,gray_frequencies,787,211.20000000000002
2023-07-17,DEM,../DSMs/2023-07-17_DEM.tif,2025-11-19T16:07:41.478860Z,4.10.dev245+g4144cef28,901_6,gray_frequencies,0,224.0
2023-07-17,DEM,../DSMs/2023-07-17_DEM.tif,2025-11-19T16:07:41.478860Z,4.10.dev245+g4144cef28,901_6,gray_frequencies,0,236.8
2023-07-17,DEM,../DSMs/2023-07-17_DEM.tif,2025-11-19T16:07:41.478860Z,4.10.dev245+g4144cef28,901_6,gray_frequencies,0,249.60000000000002
2023-07-17,DEM,../DSMs/2023-07-17_DEM.tif,2025-11-19T16:07:41.478860Z,4.10.dev245+g4144cef28,701_7,gray_frequencies,0,6.4
2023-07-17,DEM,../DSMs/2023-07-17_DEM.tif,2025-11-19T16:07:41.478860Z,4.10.dev245+g4144cef28,701_7,gray_frequencies,0,19.200000000000003
2023-07-17,DEM,../DSMs/2023-07-17_DEM.tif,2025-11-19T16:07:41.478860Z,4.10.dev245+g4144cef28,701_7,gray_frequencies,0,32.0
2023-07-17,DEM,../DSMs/2023-07-17_DEM.tif,2025-11-19T16:07:41.478860Z,4.10.dev245+g4144cef28,701_7,gray_frequencies,0,44.800000000000004
2023-07-17,DEM,../DSMs/2023-07-17_DEM.tif,2025-11-19T16:07:41.478860Z,4.10.dev245+g4144cef28,701_7,gray_frequencies,0,57.6
2023-07-17,DEM,../DSMs/2023-07-17_DEM.tif,2025-11-19T16:07:41.478860Z,4.10.dev245+g4144cef28,701_7,gray_frequencies,0,70.4
2023-07-17,DEM,../DSMs/2023-07-17_DEM.tif,2025-11-19T16:07:41.478860Z,4.10.dev245+g4144cef28,701_7,gray_frequencies,0,83.20000000000002
2023-07-17,DEM,../DSMs/2023-07-17_DEM.tif,2025-11-19T16:07:41.478860Z,4.10.dev245+g4144cef28,701_7,gray_frequencies,0,96.0
2023-07-17,DEM,../DSMs/2023-07-17_DEM.tif,2025-11-19T16:07:41.478860Z,4.10.dev245+g4144cef28,701_7,gray_frequencies,0,108.80000000000001
2023-07-17,DEM,../DSMs/2023-07-17_DEM.tif,2025-11-19T16:07:41.478860Z,4.10.dev245+g4144cef28,701_7,gray_frequencies,0,121.6
2023-07-17,DEM,../DSMs/2023-07-17_DEM.tif,2025-11-19T16:07:41.478860Z,4.10.dev245+g4144cef28,701_7,gray_frequencies,320,134.4
2023-07-17,DEM,../DSMs/2023-07-17_DEM.tif,2025-11-19T16:07:41.478860Z,4.10.dev245+g4144cef28,701_7,gray_frequencies,1330,147.20000000000002
2023-07-17,DEM,../DSMs/2023-07-17_DEM.tif,2025-11-19T16:07:41.478860Z,4.10.dev245+g4144cef28,701_7,gray_frequencies,1123,160.0
2023-07-17,DEM,../DSMs/2023-07-17_DEM.tif,2025-11-19T16:07:41.478860Z,4.10.dev245+g4144cef28,701_7,gray_frequencies,1558,172.8
2023-07-17,DEM,../DSMs/2023-07-17_DEM.tif,2025-11-19T16:07:41.478860Z,4.10.dev245+g4144cef28,701_7,gray_frequencies,1675,185.60000000000002
2023-07-17,DEM,../DSMs/2023-07-17_DEM.tif,2025-11-19T16:07:41.478860Z,4.10.dev245+g4144cef28,701_7,gray_frequencies,3560,198.4
2023-07-17,DEM,../DSMs/2023-07-17_DEM.tif,2025-11-19T16:07:41.478860Z,4.10.dev245+g4144cef28,701_7,gray_frequencies,4036,211.20000000000002
2023-07-17,DEM,../DSMs/2023-07-17_DEM.tif,2025-11-19T16:07:41.478860Z,4.10.dev245+g4144cef28,701_7,gray_frequencies,172,224.0
2023-07-17,DEM,../DSMs/2023-07-17_DEM.tif,2025-11-19T16:07:41.478860Z,4.10.dev245+g4144cef28,701_7,gray_frequencies,0,236.8
2023-07-17,DEM,../DSMs/2023-07-17_DEM.tif,2025-11-19T16:07:41.478860Z,4.10.dev245+g4144cef28,701_7,gray_frequencies,0,249.60000000000002
2023-07-17,DEM,../DSMs/2023-07-17_DEM.tif,2025-11-19T16:07:41.478860Z,4.10.dev245+g4144cef28,801_8,gray_frequencies,0,6.4
2023-07-17,DEM,../DSMs/2023-07-17_DEM.tif,2025-11-19T16:07:41.478860Z,4.10.dev245+g4144cef28,801_8,gray_frequencies,0,19.200000000000003
2023-07-17,DEM,../DSMs/2023-07-17_DEM.tif,2025-11-19T16:07:41.478860Z,4.10.dev245+g4144cef28,801_8,gray_frequencies,0,32.0
2023-07-17,DEM,../DSMs/2023-07-17_DEM.tif,2025-11-19T16:07:41.478860Z,4.10.dev245+g4144cef28,801_8,gray_frequencies,0,44.800000000000004
2023-07-17,DEM,../DSMs/2023-07-17_DEM.tif,2025-11-19T16:07:41.478860Z,4.10.dev245+g4144cef28,801_8,gray_frequencies,0,57.6
2023-07-17,DEM,../DSMs/2023-07-17_DEM.tif,2025-11-19T16:07:41.478860Z,4.10.dev245+g4144cef28,801_8,gray_frequencies,0,70.4
2023-07-17,DEM,../DSMs/2023-07-17_DEM.tif,2025-11-19T16:07:41.478860Z,4.10.dev245+g4144cef28,801_8,gray_frequencies,0,83.20000000000002
2023-07-17,DEM,../DSMs/2023-07-17_DEM.tif,2025-11-19T16:07:41.478860Z,4.10.dev245+g4144cef28,801_8,gray_frequencies,0,96.0
2023-07-17,DEM,../DSMs/2023-07-17_DEM.tif,2025-11-19T16:07:41.478860Z,4.10.dev245+g4144cef28,801_8,gray_frequencies,0,108.80000000000001
2023-07-17,DEM,../DSMs/2023-07-17_DEM.tif,2025-11-19T16:07:41.478860Z,4.10.dev245+g4144cef28,801_8,gray_frequencies,0,121.6
2023-07-17,DEM,../DSMs/2023-07-17_DEM.tif,2025-11-19T16:07:41.478860Z,4.10.dev245+g4144cef28,801_8,gray_frequencies,0,134.4
2023-07-17,DEM,../DSMs/2023-07-17_DEM.tif,2025-11-19T16:07:41.478860Z,4.10.dev245+g4144cef28,801_8,gray_frequencies,1327,147.20000000000002
2023-07-17,DEM,../DSMs/2023-07-17_DEM.tif,2025-11-19T16:07:41.478860Z,4.10.dev245+g4144cef28,801_8,gray_frequencies,1293,160.0
2023-07-17,DEM,../DSMs/2023-07-17_DEM.tif,2025-11-19T16:07:41.478860Z,4.10.dev245+g4144cef28,801_8,gray_frequencies,2035,172.8
2023-07-17,DEM,../DSMs/2023-07-17_DEM.tif,2025-11-19T16:07:41.478860Z,4.10.dev245+g4144cef28,801_8,gray_frequencies,1787,185.60000000000002
2023-07-17,DEM,../DSMs/2023-07-17_DEM.tif,2025-11-19T16:07:41.478860Z,4.10.dev245+g4144cef28,801_8,gray_frequencies,2973,198.4
2023-07-17,DEM,../DSMs/2023-07-17_DEM.tif,2025-11-19T16:07:41.478860Z,4.10.dev245+g4144cef28,801_8,gray_frequencies,5266,211.20000000000002
2023-07-17,DEM,../DSMs/2023-07-17_DEM.tif,2025-11-19T16:07:41.478860Z,4.10.dev245+g4144cef28,801_8,gray_frequencies,23,224.0
2023-07-17,DEM,../DSMs/2023-07-17_DEM.tif,2025-11-19T16:07:41.478860Z,4.10.dev245+g4144cef28,801_8,gray_frequencies,4,236.8
2023-07-17,DEM,../DSMs/2023-07-17_DEM.tif,2025-11-19T16:07:41.478860Z,4.10.dev245+g4144cef28,801_8,gray_frequencies,2,249.60000000000002
2023-07-17,DEM,../DSMs/2023-07-17_DEM.tif,2025-11-19T16:07:41.478860Z,4.10.dev245+g4144cef28,601_9,gray_frequencies,0,6.4
2023-07-17,DEM,../DSMs/2023-07-17_DEM.tif,2025-11-19T16:07:41.478860Z,4.10.dev245+g4144cef28,601_9,gray_frequencies,0,19.200000000000003
2023-07-17,DEM,../DSMs/2023-07-17_DEM.tif,2025-11-19T16:07:41.478860Z,4.10.dev245+g4144cef28,601_9,gray_frequencies,0,32.0
2023-07-17,DEM,../DSMs/2023-07-17_DEM.tif,2025-11-19T16:07:41.478860Z,4.10.dev245+g4144cef28,601_9,gray_frequencies,0,44.800000000000004
2023-07-17,DEM,../DSMs/2023-07-17_DEM.tif,2025-11-19T16:07:41.478860Z,4.10.dev245+g4144cef28,601_9,gray_frequencies,0,57.6
2023-07-17,DEM,../DSMs/2023-07-17_DEM.tif,2025-11-19T16:07:41.478860Z,4.10.dev245+g4144cef28,601_9,gray_frequencies,0,70.4
2023-07-17,DEM,../DSMs/2023-07-17_DEM.tif,2025-11-19T16:07:41.478860Z,4.10.dev245+g4144cef28,601_9,gray_frequencies,0,83.20000000000002
2023-07-17,DEM,../DSMs/2023-07-17_DEM.tif,2025-11-19T16:07:41.478860Z,4.10.dev245+g4144cef28,601_9,gray_frequencies,0,96.0
2023-07-17,DEM,../DSMs/2023-07-17_DEM.tif,2025-11-19T16:07:41.478860Z,4.10.dev245+g4144cef28,601_9,gray_frequencies,0,108.80000000000001
2023-07-17,DEM,../DSMs/2023-07-17_DEM.tif,2025-11-19T16:07:41.478860Z,4.10.dev245+g4144cef28,601_9,gray_frequencies,0,121.6
2023-07-17,DEM,../DSMs/2023-07-17_DEM.tif,2025-11-19T16:07:41.478860Z,4.10.dev245+g4144cef28,601_9,gray_frequencies,0,134.4
2023-07-17,DEM,../DSMs/2023-07-17_DEM.tif,2025-11-19T16:07:41.478860Z,4.10.dev245+g4144cef28,601_9,gray_frequencies,1015,147.20000000000002
2023-07-17,DEM,../DSMs/2023-07-17_DEM.tif,2025-11-19T16:07:41.478860Z,4.10.dev245+g4144cef28,601_9,gray_frequencies,2167,160.0
2023-07-17,DEM,../DSMs/2023-07-17_DEM.tif,2025-11-19T16:07:41.478860Z,4.10.dev245+g4144cef28,601_9,gray_frequencies,1967,172.8
2023-07-17,DEM,../DSMs/2023-07-17_DEM.tif,2025-11-19T16:07:41.478860Z,4.10.dev245+g4144cef28,601_9,gray_frequencies,952,185.60000000000002
2023-07-17,DEM,../DSMs/2023-07-17_DEM.tif,2025-11-19T16:07:41.478860Z,4.10.dev245+g4144cef28,601_9,gray_frequencies,1426,198.4
2023-07-17,DEM,../DSMs/2023-07-17_DEM.tif,2025-11-19T16:07:41.478860Z,4.10.dev245+g4144cef28,601_9,gray_frequencies,3805,211.20000000000002
2023-07-17,DEM,../DSMs/2023-07-17_DEM.tif,2025-11-19T16:07:41.478860Z,4.10.dev245+g4144cef28,601_9,gray_frequencies,4371,224.0
2023-07-17,DEM,../DSMs/2023-07-17_DEM.tif,2025-11-19T16:07:41.478860Z,4.10.dev245+g4144cef28,601_9,gray_frequencies,77,236.8
2023-07-17,DEM,../DSMs/2023-07-17_DEM.tif,2025-11-19T16:07:41.478860Z,4.10.dev245+g4144cef28,601_9,gray_frequencies,0,249.60000000000002
2023-07-17,DEM,../DSMs/2023-07-17_DEM.tif,2025-11-19T16:07:41.478860Z,4.10.dev245+g4144cef28,502_10,gray_frequencies,0,6.4
2023-07-17,DEM,../DSMs/2023-07-17_DEM.tif,2025-11-19T16:07:41.478860Z,4.10.dev245+g4144cef28,502_10,gray_frequencies,0,19.200000000000003
2023-07-17,DEM,../DSMs/2023-07-17_DEM.tif,2025-11-19T16:07:41.478860Z,4.10.dev245+g4144cef28,502_10,gray_frequencies,0,32.0
2023-07-17,DEM,../DSMs/2023-07-17_DEM.tif,2025-11-19T16:07:41.478860Z,4.10.dev245+g4144cef28,502_10,gray_frequencies,0,44.800000000000004
2023-07-17,DEM,../DSMs/2023-07-17_DEM.tif,2025-11-19T16:07:41.478860Z,4.10.dev245+g4144cef28,502_10,gray_frequencies,0,57.6
2023-07-17,DEM,../DSMs/2023-07-17_DEM.tif,2025-11-19T16:07:41.478860Z,4.10.dev245+g4144cef28,502_10,gray_frequencies,0,70.4
2023-07-17,DEM,../DSMs/2023-07-17_DEM.tif,2025-11-19T16:07:41.478860Z,4.10.dev245+g4144cef28,502_10,gray_frequencies,0,83.20000000000002
2023-07-17,DEM,../DSMs/2023-07-17_DEM.tif,2025-11-19T16:07:41.478860Z,4.10.dev245+g4144cef28,502_10,gray_frequencies,1959,96.0
2023-07-17,DEM,../DSMs/2023-07-17_DEM.tif,2025-11-19T16:07:41.478860Z,4.10.dev245+g4144cef28,502_10,gray_frequencies,2449,108.80000000000001
2023-07-17,DEM,../DSMs/2023-07-17_DEM.tif,2025-11-19T16:07:41.478860Z,4.10.dev245+g4144cef28,502_10,gray_frequencies,2618,121.6
2023-07-17,DEM,../DSMs/2023-07-17_DEM.tif,2025-11-19T16:07:41.478860Z,4.10.dev245+g4144cef28,502_10,gray_frequencies,2241,134.4
2023-07-17,DEM,../DSMs/2023-07-17_DEM.tif,2025-11-19T16:07:41.478860Z,4.10.dev245+g4144cef28,502_10,gray_frequencies,3258,147.20000000000002
2023-07-17,DEM,../DSMs/2023-07-17_DEM.tif,2025-11-19T16:07:41.478860Z,4.10.dev245+g4144cef28,502_10,gray_frequencies,3291,160.0
2023-07-17,DEM,../DSMs/2023-07-17_DEM.tif,2025-11-19T16:07:41.478860Z,4.10.dev245+g4144cef28,502_10,gray_frequencies,4,172.8
2023-07-17,DEM,../DSMs/2023-07-17_DEM.tif,2025-11-19T16:07:41.478860Z,4.10.dev245+g4144cef28,502_10,gray_frequencies,0,185.60000000000002
2023-07-17,DEM,../DSMs/2023-07-17_DEM.tif,2025-11-19T16:07:41.478860Z,4.10.dev245+g4144cef28,502_10,gray_frequencies,0,198.4
2023-07-17,DEM,../DSMs/2023-07-17_DEM.tif,2025-11-19T16:07:41.478860Z,4.10.dev245+g4144cef28,502_10,gray_frequencies,0,211.20000000000002
2023-07-17,DEM,../DSMs/2023-07-17_DEM.tif,2025-11-19T16:07:41.478860Z,4.10.dev245+g4144cef28,502_10,gray_frequencies,0,224.0
2023-07-17,DEM,../DSMs/2023-07-17_DEM.tif,2025-11-19T16:07:41.478860Z,4.10.dev245+g4144cef28,502_10,gray_frequencies,0,236.8
2023-07-17,DEM,../DSMs/2023-07-17_DEM.tif,2025-11-19T16:07:41.478860Z,4.10.dev245+g4144cef28,502_10,gray_frequencies,0,249.60000000000002
2023-07-17,DEM,../DSMs/2023-07-17_DEM.tif,2025-11-19T16:07:41.478860Z,4.10.dev245+g4144cef28,402_11,gray_frequencies,0,6.4
2023-07-17,DEM,../DSMs/2023-07-17_DEM.tif,2025-11-19T16:07:41.478860Z,4.10.dev245+g4144cef28,402_11,gray_frequencies,0,19.200000000000003
2023-07-17,DEM,../DSMs/2023-07-17_DEM.tif,2025-11-19T16:07:41.478860Z,4.10.dev245+g4144cef28,402_11,gray_frequencies,0,32.0
2023-07-17,DEM,../DSMs/2023-07-17_DEM.tif,2025-11-19T16:07:41.478860Z,4.10.dev245+g4144cef28,402_11,gray_frequencies,0,44.800000000000004
2023-07-17,DEM,../DSMs/2023-07-17_DEM.tif,2025-11-19T16:07:41.478860Z,4.10.dev245+g4144cef28,402_11,gray_frequencies,0,57.6
2023-07-17,DEM,../DSMs/2023-07-17_DEM.tif,2025-11-19T16:07:41.478860Z,4.10.dev245+g4144cef28,402_11,gray_frequencies,0,70.4
2023-07-17,DEM,../DSMs/2023-07-17_DEM.tif,2025-11-19T16:07:41.478860Z,4.10.dev245+g4144cef28,402_11,gray_frequencies,0,83.20000000000002
2023-07-17,DEM,../DSMs/2023-07-17_DEM.tif,2025-11-19T16:07:41.478860Z,4.10.dev245+g4144cef28,402_11,gray_frequencies,2221,96.0
2023-07-17,DEM,../DSMs/2023-07-17_DEM.tif,2025-11-19T16:07:41.478860Z,4.10.dev245+g4144cef28,402_11,gray_frequencies,1483,108.80000000000001
2023-07-17,DEM,../DSMs/2023-07-17_DEM.tif,2025-11-19T16:07:41.478860Z,4.10.dev245+g4144cef28,402_11,gray_frequencies,2841,121.6
2023-07-17,DEM,../DSMs/2023-07-17_DEM.tif,2025-11-19T16:07:41.478860Z,4.10.dev245+g4144cef28,402_11,gray_frequencies,1643,134.4
2023-07-17,DEM,../DSMs/2023-07-17_DEM.tif,2025-11-19T16:07:41.478860Z,4.10.dev245+g4144cef28,402_11,gray_frequencies,2222,147.20000000000002
2023-07-17,DEM,../DSMs/2023-07-17_DEM.tif,2025-11-19T16:07:41.478860Z,4.10.dev245+g4144cef28,402_11,gray_frequencies,4368,160.0
2023-07-17,DEM,../DSMs/2023-07-17_DEM.tif,2025-11-19T16:07:41.478860Z,4.10.dev245+g4144cef28,402_11,gray_frequencies,1118,172.8
2023-07-17,DEM,../DSMs/2023-07-17_DEM.tif,2025-11-19T16:07:41.478860Z,4.10.dev245+g4144cef28,402_11,gray_frequencies,0,185.60000000000002
2023-07-17,DEM,../DSMs/2023-07-17_DEM.tif,2025-11-19T16:07:41.478860Z,4.10.dev245+g4144cef28,402_11,gray_frequencies,0,198.4
2023-07-17,DEM,../DSMs/2023-07-17_DEM.tif,2025-11-19T16:07:41.478860Z,4.10.dev245+g4144cef28,402_11,gray_frequencies,0,211.20000000000002
2023-07-17,DEM,../DSMs/2023-07-17_DEM.tif,2025-11-19T16:07:41.478860Z,4.10.dev245+g4144cef28,402_11,gray_frequencies,0,224.0
2023-07-17,DEM,../DSMs/2023-07-17_DEM.tif,2025-11-19T16:07:41.478860Z,4.10.dev245+g4144cef28,402_11,gray_frequencies,0,236.8
2023-07-17,DEM,../DSMs/2023-07-17_DEM.tif,2025-11-19T16:07:41.478860Z,4.10.dev245+g4144cef28,402_11,gray_frequencies,0,249.60000000000002
2023-07-17,DEM,../DSMs/2023-07-17_DEM.tif,2025-11-19T16:07:41.478860Z,4.10.dev245+g4144cef28,102_12,gray_frequencies,0,6.4
2023-07-17,DEM,../DSMs/2023-07-17_DEM.tif,2025-11-19T16:07:41.478860Z,4.10.dev245+g4144cef28,102_12,gray_frequencies,0,19.200000000000003
2023-07-17,DEM,../DSMs/2023-07-17_DEM.tif,2025-11-19T16:07:41.478860Z,4.10.dev245+g4144cef28,102_12,gray_frequencies,0,32.0
2023-07-17,DEM,../DSMs/2023-07-17_DEM.tif,2025-11-19T16:07:41.478860Z,4.10.dev245+g4144cef28,102_12,gray_frequencies,0,44.800000000000004
2023-07-17,DEM,../DSMs/2023-07-17_DEM.tif,2025-11-19T16:07:41.478860Z,4.10.dev245+g4144cef28,102_12,gray_frequencies,0,57.6
2023-07-17,DEM,../DSMs/2023-07-17_DEM.tif,2025-11-19T16:07:41.478860Z,4.10.dev245+g4144cef28,102_12,gray_frequencies,0,70.4
2023-07-17,DEM,../DSMs/2023-07-17_DEM.tif,2025-11-19T16:07:41.478860Z,4.10.dev245+g4144cef28,102_12,gray_frequencies,0,83.20000000000002
2023-07-17,DEM,../DSMs/2023-07-17_DEM.tif,2025-11-19T16:07:41.478860Z,4.10.dev245+g4144cef28,102_12,gray_frequencies,2338,96.0
2023-07-17,DEM,../DSMs/2023-07-17_DEM.tif,2025-11-19T16:07:41.478860Z,4.10.dev245+g4144cef28,102_12,gray_frequencies,1566,108.80000000000001
2023-07-17,DEM,../DSMs/2023-07-17_DEM.tif,2025-11-19T16:07:41.478860Z,4.10.dev245+g4144cef28,102_12,gray_frequencies,2983,121.6
2023-07-17,DEM,../DSMs/2023-07-17_DEM.tif,2025-11-19T16:07:41.478860Z,4.10.dev245+g4144cef28,102_12,gray_frequencies,978,134.4
2023-07-17,DEM,../DSMs/2023-07-17_DEM.tif,2025-11-19T16:07:41.478860Z,4.10.dev245+g4144cef28,102_12,gray_frequencies,2472,147.20000000000002
2023-07-17,DEM,../DSMs/2023-07-17_DEM.tif,2025-11-19T16:07:41.478860Z,4.10.dev245+g4144cef28,102_12,gray_frequencies,4418,160.0
2023-07-17,DEM,../DSMs/2023-07-17_DEM.tif,2025-11-19T16:07:41.478860Z,4.10.dev245+g4144cef28,102_12,gray_frequencies,2400,172.8
2023-07-17,DEM,../DSMs/2023-07-17_DEM.tif,2025-11-19T16:07:41.478860Z,4.10.dev245+g4144cef28,102_12,gray_frequencies,19,185.60000000000002
2023-07-17,DEM,../DSMs/2023-07-17_DEM.tif,2025-11-19T16:07:41.478860Z,4.10.dev245+g4144cef28,102_12,gray_frequencies,0,198.4
2023-07-17,DEM,../DSMs/2023-07-17_DEM.tif,2025-11-19T16:07:41.478860Z,4.10.dev245+g4144cef28,102_12,gray_frequencies,0,211.20000000000002
2023-07-17,DEM,../DSMs/2023-07-17_DEM.tif,2025-11-19T16:07:41.478860Z,4.10.dev245+g4144cef28,102_12,gray_frequencies,0,224.0
2023-07-17,DEM,../DSMs/2023-07-17_DEM.tif,2025-11-19T16:07:41.478860Z,4.10.dev245+g4144cef28,102_12,gray_frequencies,0,236.8
2023-07-17,DEM,../DSMs/2023-07-17_DEM.tif,2025-11-19T16:07:41.478860Z,4.10.dev245+g4144cef28,102_12,gray_frequencies,0,249.60000000000002
2023-07-17,DEM,../DSMs/2023-07-17_DEM.tif,2025-11-19T16:07:41.478860Z,4.10.dev245+g4144cef28,702_13,gray_frequencies,0,6.4
2023-07-17,DEM,../DSMs/2023-07-17_DEM.tif,2025-11-19T16:07:41.478860Z,4.10.dev245+g4144cef28,702_13,gray_frequencies,0,19.200000000000003
2023-07-17,DEM,../DSMs/2023-07-17_DEM.tif,2025-11-19T16:07:41.478860Z,4.10.dev245+g4144cef28,702_13,gray_frequencies,0,32.0
2023-07-17,DEM,../DSMs/2023-07-17_DEM.tif,2025-11-19T16:07:41.478860Z,4.10.dev245+g4144cef28,702_13,gray_frequencies,0,44.800000000000004
2023-07-17,DEM,../DSMs/2023-07-17_DEM.tif,2025-11-19T16:07:41.478860Z,4.10.dev245+g4144cef28,702_13,gray_frequencies,0,57.6
2023-07-17,DEM,../DSMs/2023-07-17_DEM.tif,2025-11-19T16:07:41.478860Z,4.10.dev245+g4144cef28,702_13,gray_frequencies,0,70.4
2023-07-17,DEM,../DSMs/2023-07-17_DEM.tif,2025-11-19T16:07:41.478860Z,4.10.dev245+g4144cef28,702_13,gray_frequencies,0,83.20000000000002
2023-07-17,DEM,../DSMs/2023-07-17_DEM.tif,2025-11-19T16:07:41.478860Z,4.10.dev245+g4144cef28,702_13,gray_frequencies,0,96.0
2023-07-17,DEM,../DSMs/2023-07-17_DEM.tif,2025-11-19T16:07:41.478860Z,4.10.dev245+g4144cef28,702_13,gray_frequencies,0,108.80000000000001
2023-07-17,DEM,../DSMs/2023-07-17_DEM.tif,2025-11-19T16:07:41.478860Z,4.10.dev245+g4144cef28,702_13,gray_frequencies,1740,121.6
2023-07-17,DEM,../DSMs/2023-07-17_DEM.tif,2025-11-19T16:07:41.478860Z,4.10.dev245+g4144cef28,702_13,gray_frequencies,999,134.4
2023-07-17,DEM,../DSMs/2023-07-17_DEM.tif,2025-11-19T16:07:41.478860Z,4.10.dev245+g4144cef28,702_13,gray_frequencies,1867,147.20000000000002
2023-07-17,DEM,../DSMs/2023-07-17_DEM.tif,2025-11-19T16:07:41.478860Z,4.10.dev245+g4144cef28,702_13,gray_frequencies,1392,160.0
2023-07-17,DEM,../DSMs/2023-07-17_DEM.tif,2025-11-19T16:07:41.478860Z,4.10.dev245+g4144cef28,702_13,gray_frequencies,5642,172.8
2023-07-17,DEM,../DSMs/2023-07-17_DEM.tif,2025-11-19T16:07:41.478860Z,4.10.dev245+g4144cef28,702_13,gray_frequencies,3491,185.60000000000002
2023-07-17,DEM,../DSMs/2023-07-17_DEM.tif,2025-11-19T16:07:41.478860Z,4.10.dev245+g4144cef28,702_13,gray_frequencies,132,198.4
2023-07-17,DEM,../DSMs/2023-07-17_DEM.tif,2025-11-19T16:07:41.478860Z,4.10.dev245+g4144cef28,702_13,gray_frequencies,0,211.20000000000002
2023-07-17,DEM,../DSMs/2023-07-17_DEM.tif,2025-11-19T16:07:41.478860Z,4.10.dev245+g4144cef28,702_13,gray_frequencies,0,224.0
2023-07-17,DEM,../DSMs/2023-07-17_DEM.tif,2025-11-19T16:07:41.478860Z,4.10.dev245+g4144cef28,702_13,gray_frequencies,0,236.8
2023-07-17,DEM,../DSMs/2023-07-17_DEM.tif,2025-11-19T16:07:41.478860Z,4.10.dev245+g4144cef28,702_13,gray_frequencies,0,249.60000000000002
2023-07-17,DEM,../DSMs/2023-07-17_DEM.tif,2025-11-19T16:07:41.478860Z,4.10.dev245+g4144cef28,202_14,gray_frequencies,0,6.4
2023-07-17,DEM,../DSMs/2023-07-17_DEM.tif,2025-11-19T16:07:41.478860Z,4.10.dev245+g4144cef28,202_14,gray_frequencies,0,19.200000000000003
2023-07-17,DEM,../DSMs/2023-07-17_DEM.tif,2025-11-19T16:07:41.478860Z,4.10.dev245+g4144cef28,202_14,gray_frequencies,0,32.0
2023-07-17,DEM,../DSMs/2023-07-17_DEM.tif,2025-11-19T16:07:41.478860Z,4.10.dev245+g4144cef28,202_14,gray_frequencies,0,44.800000000000004
2023-07-17,DEM,../DSMs/2023-07-17_DEM.tif,2025-11-19T16:07:41.478860Z,4.10.dev245+g4144cef28,202_14,gray_frequencies,0,57.6
2023-07-17,DEM,../DSMs/2023-07-17_DEM.tif,2025-11-19T16:07:41.478860Z,4.10.dev245+g4144cef28,202_14,gray_frequencies,0,70.4
2023-07-17,DEM,../DSMs/2023-07-17_DEM.tif,2025-11-19T16:07:41.478860Z,4.10.dev245+g4144cef28,202_14,gray_frequencies,0,83.20000000000002
2023-07-17,DEM,../DSMs/2023-07-17_DEM.tif,2025-11-19T16:07:41.478860Z,4.10.dev245+g4144cef28,202_14,gray_frequencies,0,96.0
2023-07-17,DEM,../DSMs/2023-07-17_DEM.tif,2025-11-19T16:07:41.478860Z,4.10.dev245+g4144cef28,202_14,gray_frequencies,0,108.80000000000001
2023-07-17,DEM,../DSMs/2023-07-17_DEM.tif,2025-11-19T16:07:41.478860Z,4.10.dev245+g4144cef28,202_14,gray_frequencies,1378,121.6
2023-07-17,DEM,../DSMs/2023-07-17_DEM.tif,2025-11-19T16:07:41.478860Z,4.10.dev245+g4144cef28,202_14,gray_frequencies,2120,134.4
2023-07-17,DEM,../DSMs/2023-07-17_DEM.tif,2025-11-19T16:07:41.478860Z,4.10.dev245+g4144cef28,202_14,gray_frequencies,3078,147.20000000000002
2023-07-17,DEM,../DSMs/2023-07-17_DEM.tif,2025-11-19T16:07:41.478860Z,4.10.dev245+g4144cef28,202_14,gray_frequencies,1385,160.0
2023-07-17,DEM,../DSMs/2023-07-17_DEM.tif,2025-11-19T16:07:41.478860Z,4.10.dev245+g4144cef28,202_14,gray_frequencies,3202,172.8
2023-07-17,DEM,../DSMs/2023-07-17_DEM.tif,2025-11-19T16:07:41.478860Z,4.10.dev245+g4144cef28,202_14,gray_frequencies,4289,185.60000000000002
2023-07-17,DEM,../DSMs/2023-07-17_DEM.tif,2025-11-19T16:07:41.478860Z,4.10.dev245+g4144cef28,202_14,gray_frequencies,1040,198.4
2023-07-17,DEM,../DSMs/2023-07-17_DEM.tif,2025-11-19T16:07:41.478860Z,4.10.dev245+g4144cef28,202_14,gray_frequencies,0,211.20000000000002
2023-07-17,DEM,../DSMs/2023-07-17_DEM.tif,2025-11-19T16:07:41.478860Z,4.10.dev245+g4144cef28,202_14,gray_frequencies,0,224.0
2023-07-17,DEM,../DSMs/2023-07-17_DEM.tif,2025-11-19T16:07:41.478860Z,4.10.dev245+g4144cef28,202_14,gray_frequencies,0,236.8
2023-07-17,DEM,../DSMs/2023-07-17_DEM.tif,2025-11-19T16:07:41.478860Z,4.10.dev245+g4144cef28,202_14,gray_frequencies,0,249.60000000000002
2023-07-17,DEM,../DSMs/2023-07-17_DEM.tif,2025-11-19T16:07:41.478860Z,4.10.dev245+g4144cef28,602_15,gray_frequencies,0,6.4
2023-07-17,DEM,../DSMs/2023-07-17_DEM.tif,2025-11-19T16:07:41.478860Z,4.10.dev245+g4144cef28,602_15,gray_frequencies,0,19.200000000000003
2023-07-17,DEM,../DSMs/2023-07-17_DEM.tif,2025-11-19T16:07:41.478860Z,4.10.dev245+g4144cef28,602_15,gray_frequencies,0,32.0
2023-07-17,DEM,../DSMs/2023-07-17_DEM.tif,2025-11-19T16:07:41.478860Z,4.10.dev245+g4144cef28,602_15,gray_frequencies,0,44.800000000000004
2023-07-17,DEM,../DSMs/2023-07-17_DEM.tif,2025-11-19T16:07:41.478860Z,4.10.dev245+g4144cef28,602_15,gray_frequencies,0,57.6
2023-07-17,DEM,../DSMs/2023-07-17_DEM.tif,2025-11-19T16:07:41.478860Z,4.10.dev245+g4144cef28,602_15,gray_frequencies,0,70.4
2023-07-17,DEM,../DSMs/2023-07-17_DEM.tif,2025-11-19T16:07:41.478860Z,4.10.dev245+g4144cef28,602_15,gray_frequencies,0,83.20000000000002
2023-07-17,DEM,../DSMs/2023-07-17_DEM.tif,2025-11-19T16:07:41.478860Z,4.10.dev245+g4144cef28,602_15,gray_frequencies,0,96.0
2023-07-17,DEM,../DSMs/2023-07-17_DEM.tif,2025-11-19T16:07:41.478860Z,4.10.dev245+g4144cef28,602_15,gray_frequencies,0,108.80000000000001
2023-07-17,DEM,../DSMs/2023-07-17_DEM.tif,2025-11-19T16:07:41.478860Z,4.10.dev245+g4144cef28,602_15,gray_frequencies,1092,121.6
2023-07-17,DEM,../DSMs/2023-07-17_DEM.tif,2025-11-19T16:07:41.478860Z,4.10.dev245+g4144cef28,602_15,gray_frequencies,2000,134.4
2023-07-17,DEM,../DSMs/2023-07-17_DEM.tif,2025-11-19T16:07:41.478860Z,4.10.dev245+g4144cef28,602_15,gray_frequencies,1843,147.20000000000002
2023-07-17,DEM,../DSMs/2023-07-17_DEM.tif,2025-11-19T16:07:41.478860Z,4.10.dev245+g4144cef28,602_15,gray_frequencies,824,160.0
2023-07-17,DEM,../DSMs/2023-07-17_DEM.tif,2025-11-19T16:07:41.478860Z,4.10.dev245+g4144cef28,602_15,gray_frequencies,1542,172.8
2023-07-17,DEM,../DSMs/2023-07-17_DEM.tif,2025-11-19T16:07:41.478860Z,4.10.dev245+g4144cef28,602_15,gray_frequencies,4831,185.60000000000002
2023-07-17,DEM,../DSMs/2023-07-17_DEM.tif,2025-11-19T16:07:41.478860Z,4.10.dev245+g4144cef28,602_15,gray_frequencies,2662,198.4
2023-07-17,DEM,../DSMs/2023-07-17_DEM.tif,2025-11-19T16:07:41.478860Z,4.10.dev245+g4144cef28,602_15,gray_frequencies,5,211.20000000000002
2023-07-17,DEM,../DSMs/2023-07-17_DEM.tif,2025-11-19T16:07:41.478860Z,4.10.dev245+g4144cef28,602_15,gray_frequencies,0,224.0
2023-07-17,DEM,../DSMs/2023-07-17_DEM.tif,2025-11-19T16:07:41.478860Z,4.10.dev245+g4144cef28,602_15,gray_frequencies,0,236.8
2023-07-17,DEM,../DSMs/2023-07-17_DEM.tif,2025-11-19T16:07:41.478860Z,4.10.dev245+g4144cef28,602_15,gray_frequencies,0,249.60000000000002
2023-07-17,DEM,../DSMs/2023-07-17_DEM.tif,2025-11-19T16:07:41.478860Z,4.10.dev245+g4144cef28,802_16,gray_frequencies,0,6.4
2023-07-17,DEM,../DSMs/2023-07-17_DEM.tif,2025-11-19T16:07:41.478860Z,4.10.dev245+g4144cef28,802_16,gray_frequencies,0,19.200000000000003
2023-07-17,DEM,../DSMs/2023-07-17_DEM.tif,2025-11-19T16:07:41.478860Z,4.10.dev245+g4144cef28,802_16,gray_frequencies,0,32.0
2023-07-17,DEM,../DSMs/2023-07-17_DEM.tif,2025-11-19T16:07:41.478860Z,4.10.dev245+g4144cef28,802_16,gray_frequencies,0,44.800000000000004
2023-07-17,DEM,../DSMs/2023-07-17_DEM.tif,2025-11-19T16:07:41.478860Z,4.10.dev245+g4144cef28,802_16,gray_frequencies,0,57.6
2023-07-17,DEM,../DSMs/2023-07-17_DEM.tif,2025-11-19T16:07:41.478860Z,4.10.dev245+g4144cef28,802_16,gray_frequencies,0,70.4
2023-07-17,DEM,../DSMs/2023-07-17_DEM.tif,2025-11-19T16:07:41.478860Z,4.10.dev245+g4144cef28,802_16,gray_frequencies,0,83.20000000000002
2023-07-17,DEM,../DSMs/2023-07-17_DEM.tif,2025-11-19T16:07:41.478860Z,4.10.dev245+g4144cef28,802_16,gray_frequencies,0,96.0
2023-07-17,DEM,../DSMs/2023-07-17_DEM.tif,2025-11-19T16:07:41.478860Z,4.10.dev245+g4144cef28,802_16,gray_frequencies,0,108.80000000000001
2023-07-17,DEM,../DSMs/2023-07-17_DEM.tif,2025-11-19T16:07:41.478860Z,4.10.dev245+g4144cef28,802_16,gray_frequencies,0,121.6
2023-07-17,DEM,../DSMs/2023-07-17_DEM.tif,2025-11-19T16:07:41.478860Z,4.10.dev245+g4144cef28,802_16,gray_frequencies,0,134.4
2023-07-17,DEM,../DSMs/2023-07-17_DEM.tif,2025-11-19T16:07:41.478860Z,4.10.dev245+g4144cef28,802_16,gray_frequencies,975,147.20000000000002
2023-07-17,DEM,../DSMs/2023-07-17_DEM.tif,2025-11-19T16:07:41.478860Z,4.10.dev245+g4144cef28,802_16,gray_frequencies,2685,160.0
2023-07-17,DEM,../DSMs/2023-07-17_DEM.tif,2025-11-19T16:07:41.478860Z,4.10.dev245+g4144cef28,802_16,gray_frequencies,3269,172.8
2023-07-17,DEM,../DSMs/2023-07-17_DEM.tif,2025-11-19T16:07:41.478860Z,4.10.dev245+g4144cef28,802_16,gray_frequencies,3060,185.60000000000002
2023-07-17,DEM,../DSMs/2023-07-17_DEM.tif,2025-11-19T16:07:41.478860Z,4.10.dev245+g4144cef28,802_16,gray_frequencies,3405,198.4
2023-07-17,DEM,../DSMs/2023-07-17_DEM.tif,2025-11-19T16:07:41.478860Z,4.10.dev245+g4144cef28,802_16,gray_frequencies,2776,211.20000000000002
2023-07-17,DEM,../DSMs/2023-07-17_DEM.tif,2025-11-19T16:07:41.478860Z,4.10.dev245+g4144cef28,802_16,gray_frequencies,112,224.0
2023-07-17,DEM,../DSMs/2023-07-17_DEM.tif,2025-11-19T16:07:41.478860Z,4.10.dev245+g4144cef28,802_16,gray_frequencies,0,236.8
2023-07-17,DEM,../DSMs/2023-07-17_DEM.tif,2025-11-19T16:07:41.478860Z,4.10.dev245+g4144cef28,802_16,gray_frequencies,0,249.60000000000002
2023-07-17,DEM,../DSMs/2023-07-17_DEM.tif,2025-11-19T16:07:41.478860Z,4.10.dev245+g4144cef28,302_17,gray_frequencies,0,6.4
2023-07-17,DEM,../DSMs/2023-07-17_DEM.tif,2025-11-19T16:07:41.478860Z,4.10.dev245+g4144cef28,302_17,gray_frequencies,0,19.200000000000003
2023-07-17,DEM,../DSMs/2023-07-17_DEM.tif,2025-11-19T16:07:41.478860Z,4.10.dev245+g4144cef28,302_17,gray_frequencies,0,32.0
2023-07-17,DEM,../DSMs/2023-07-17_DEM.tif,2025-11-19T16:07:41.478860Z,4.10.dev245+g4144cef28,302_17,gray_frequencies,0,44.800000000000004
2023-07-17,DEM,../DSMs/2023-07-17_DEM.tif,2025-11-19T16:07:41.478860Z,4.10.dev245+g4144cef28,302_17,gray_frequencies,0,57.6
2023-07-17,DEM,../DSMs/2023-07-17_DEM.tif,2025-11-19T16:07:41.478860Z,4.10.dev245+g4144cef28,302_17,gray_frequencies,0,70.4
2023-07-17,DEM,../DSMs/2023-07-17_DEM.tif,2025-11-19T16:07:41.478860Z,4.10.dev245+g4144cef28,302_17,gray_frequencies,0,83.20000000000002
2023-07-17,DEM,../DSMs/2023-07-17_DEM.tif,2025-11-19T16:07:41.478860Z,4.10.dev245+g4144cef28,302_17,gray_frequencies,0,96.0
2023-07-17,DEM,../DSMs/2023-07-17_DEM.tif,2025-11-19T16:07:41.478860Z,4.10.dev245+g4144cef28,302_17,gray_frequencies,0,108.80000000000001
2023-07-17,DEM,../DSMs/2023-07-17_DEM.tif,2025-11-19T16:07:41.478860Z,4.10.dev245+g4144cef28,302_17,gray_frequencies,0,121.6
2023-07-17,DEM,../DSMs/2023-07-17_DEM.tif,2025-11-19T16:07:41.478860Z,4.10.dev245+g4144cef28,302_17,gray_frequencies,0,134.4
2023-07-17,DEM,../DSMs/2023-07-17_DEM.tif,2025-11-19T16:07:41.478860Z,4.10.dev245+g4144cef28,302_17,gray_frequencies,581,147.20000000000002
2023-07-17,DEM,../DSMs/2023-07-17_DEM.tif,2025-11-19T16:07:41.478860Z,4.10.dev245+g4144cef28,302_17,gray_frequencies,2558,160.0
2023-07-17,DEM,../DSMs/2023-07-17_DEM.tif,2025-11-19T16:07:41.478860Z,4.10.dev245+g4144cef28,302_17,gray_frequencies,2796,172.8
2023-07-17,DEM,../DSMs/2023-07-17_DEM.tif,2025-11-19T16:07:41.478860Z,4.10.dev245+g4144cef28,302_17,gray_frequencies,1099,185.60000000000002
2023-07-17,DEM,../DSMs/2023-07-17_DEM.tif,2025-11-19T16:07:41.478860Z,4.10.dev245+g4144cef28,302_17,gray_frequencies,952,198.4
2023-07-17,DEM,../DSMs/2023-07-17_DEM.tif,2025-11-19T16:07:41.478860Z,4.10.dev245+g4144cef28,302_17,gray_frequencies,3557,211.20000000000002
2023-07-17,DEM,../DSMs/2023-07-17_DEM.tif,2025-11-19T16:07:41.478860Z,4.10.dev245+g4144cef28,302_17,gray_frequencies,4167,224.0
2023-07-17,DEM,../DSMs/2023-07-17_DEM.tif,2025-11-19T16:07:41.478860Z,4.10.dev245+g4144cef28,302_17,gray_frequencies,1456,236.8
2023-07-17,DEM,../DSMs/2023-07-17_DEM.tif,2025-11-19T16:07:41.478860Z,4.10.dev245+g4144cef28,302_17,gray_frequencies,0,249.60000000000002
2023-07-17,DEM,../DSMs/2023-07-17_DEM.tif,2025-11-19T16:07:41.478860Z,4.10.dev245+g4144cef28,902_18,gray_frequencies,0,6.4
2023-07-17,DEM,../DSMs/2023-07-17_DEM.tif,2025-11-19T16:07:41.478860Z,4.10.dev245+g4144cef28,902_18,gray_frequencies,0,19.200000000000003
2023-07-17,DEM,../DSMs/2023-07-17_DEM.tif,2025-11-19T16:07:41.478860Z,4.10.dev245+g4144cef28,902_18,gray_frequencies,0,32.0
2023-07-17,DEM,../DSMs/2023-07-17_DEM.tif,2025-11-19T16:07:41.478860Z,4.10.dev245+g4144cef28,902_18,gray_frequencies,0,44.800000000000004
2023-07-17,DEM,../DSMs/2023-07-17_DEM.tif,2025-11-19T16:07:41.478860Z,4.10.dev245+g4144cef28,902_18,gray_frequencies,0,57.6
2023-07-17,DEM,../DSMs/2023-07-17_DEM.tif,2025-11-19T16:07:41.478860Z,4.10.dev245+g4144cef28,902_18,gray_frequencies,0,70.4
2023-07-17,DEM,../DSMs/2023-07-17_DEM.tif,2025-11-19T16:07:41.478860Z,4.10.dev245+g4144cef28,902_18,gray_frequencies,0,83.20000000000002
2023-07-17,DEM,../DSMs/2023-07-17_DEM.tif,2025-11-19T16:07:41.478860Z,4.10.dev245+g4144cef28,902_18,gray_frequencies,0,96.0
2023-07-17,DEM,../DSMs/2023-07-17_DEM.tif,2025-11-19T16:07:41.478860Z,4.10.dev245+g4144cef28,902_18,gray_frequencies,0,108.80000000000001
2023-07-17,DEM,../DSMs/2023-07-17_DEM.tif,2025-11-19T16:07:41.478860Z,4.10.dev245+g4144cef28,902_18,gray_frequencies,0,121.6
2023-07-17,DEM,../DSMs/2023-07-17_DEM.tif,2025-11-19T16:07:41.478860Z,4.10.dev245+g4144cef28,902_18,gray_frequencies,0,134.4
2023-07-17,DEM,../DSMs/2023-07-17_DEM.tif,2025-11-19T16:07:41.478860Z,4.10.dev245+g4144cef28,902_18,gray_frequencies,1480,147.20000000000002
2023-07-17,DEM,../DSMs/2023-07-17_DEM.tif,2025-11-19T16:07:41.478860Z,4.10.dev245+g4144cef28,902_18,gray_frequencies,1426,160.0
2023-07-17,DEM,../DSMs/2023-07-17_DEM.tif,2025-11-19T16:07:41.478860Z,4.10.dev245+g4144cef28,902_18,gray_frequencies,2342,172.8
2023-07-17,DEM,../DSMs/2023-07-17_DEM.tif,2025-11-19T16:07:41.478860Z,4.10.dev245+g4144cef28,902_18,gray_frequencies,746,185.60000000000002
2023-07-17,DEM,../DSMs/2023-07-17_DEM.tif,2025-11-19T16:07:41.478860Z,4.10.dev245+g4144cef28,902_18,gray_frequencies,1808,198.4
2023-07-17,DEM,../DSMs/2023-07-17_DEM.tif,2025-11-19T16:07:41.478860Z,4.10.dev245+g4144cef28,902_18,gray_frequencies,4841,211.20000000000002
2023-07-17,DEM,../DSMs/2023-07-17_DEM.tif,2025-11-19T16:07:41.478860Z,4.10.dev245+g4144cef28,902_18,gray_frequencies,3040,224.0
2023-07-17,DEM,../DSMs/2023-07-17_DEM.tif,2025-11-19T16:07:41.478860Z,4.10.dev245+g4144cef28,902_18,gray_frequencies,831,236.8
2023-07-17,DEM,../DSMs/2023-07-17_DEM.tif,2025-11-19T16:07:41.478860Z,4.10.dev245+g4144cef28,902_18,gray_frequencies,0,249.60000000000002
2023-07-17,DEM,../DSMs/2023-07-17_DEM.tif,2025-11-19T16:07:41.478860Z,4.10.dev245+g4144cef28,703_19,gray_frequencies,0,6.4
2023-07-17,DEM,../DSMs/2023-07-17_DEM.tif,2025-11-19T16:07:41.478860Z,4.10.dev245+g4144cef28,703_19,gray_frequencies,0,19.200000000000003
2023-07-17,DEM,../DSMs/2023-07-17_DEM.tif,2025-11-19T16:07:41.478860Z,4.10.dev245+g4144cef28,703_19,gray_frequencies,0,32.0
2023-07-17,DEM,../DSMs/2023-07-17_DEM.tif,2025-11-19T16:07:41.478860Z,4.10.dev245+g4144cef28,703_19,gray_frequencies,0,44.800000000000004
2023-07-17,DEM,../DSMs/2023-07-17_DEM.tif,2025-11-19T16:07:41.478860Z,4.10.dev245+g4144cef28,703_19,gray_frequencies,0,57.6
2023-07-17,DEM,../DSMs/2023-07-17_DEM.tif,2025-11-19T16:07:41.478860Z,4.10.dev245+g4144cef28,703_19,gray_frequencies,0,70.4
2023-07-17,DEM,../DSMs/2023-07-17_DEM.tif,2025-11-19T16:07:41.478860Z,4.10.dev245+g4144cef28,703_19,gray_frequencies,0,83.20000000000002
2023-07-17,DEM,../DSMs/2023-07-17_DEM.tif,2025-11-19T16:07:41.478860Z,4.10.dev245+g4144cef28,703_19,gray_frequencies,1630,96.0
2023-07-17,DEM,../DSMs/2023-07-17_DEM.tif,2025-11-19T16:07:41.478860Z,4.10.dev245+g4144cef28,703_19,gray_frequencies,1758,108.80000000000001
2023-07-17,DEM,../DSMs/2023-07-17_DEM.tif,2025-11-19T16:07:41.478860Z,4.10.dev245+g4144cef28,703_19,gray_frequencies,3029,121.6
2023-07-17,DEM,../DSMs/2023-07-17_DEM.tif,2025-11-19T16:07:41.478860Z,4.10.dev245+g4144cef28,703_19,gray_frequencies,1371,134.4
2023-07-17,DEM,../DSMs/2023-07-17_DEM.tif,2025-11-19T16:07:41.478860Z,4.10.dev245+g4144cef28,703_19,gray_frequencies,4232,147.20000000000002
2023-07-17,DEM,../DSMs/2023-07-17_DEM.tif,2025-11-19T16:07:41.478860Z,4.10.dev245+g4144cef28,703_19,gray_frequencies,4178,160.0
2023-07-17,DEM,../DSMs/2023-07-17_DEM.tif,2025-11-19T16:07:41.478860Z,4.10.dev245+g4144cef28,703_19,gray_frequencies,59,172.8
2023-07-17,DEM,../DSMs/2023-07-17_DEM.tif,2025-11-19T16:07:41.478860Z,4.10.dev245+g4144cef28,703_19,gray_frequencies,0,185.60000000000002
2023-07-17,DEM,../DSMs/2023-07-17_DEM.tif,2025-11-19T16:07:41.478860Z,4.10.dev245+g4144cef28,703_19,gray_frequencies,0,198.4
2023-07-17,DEM,../DSMs/2023-07-17_DEM.tif,2025-11-19T16:07:41.478860Z,4.10.dev245+g4144cef28,703_19,gray_frequencies,0,211.20000000000002
2023-07-17,DEM,../DSMs/2023-07-17_DEM.tif,2025-11-19T16:07:41.478860Z,4.10.dev245+g4144cef28,703_19,gray_frequencies,0,224.0
2023-07-17,DEM,../DSMs/2023-07-17_DEM.tif,2025-11-19T16:07:41.478860Z,4.10.dev245+g4144cef28,703_19,gray_frequencies,0,236.8
2023-07-17,DEM,../DSMs/2023-07-17_DEM.tif,2025-11-19T16:07:41.478860Z,4.10.dev245+g4144cef28,703_19,gray_frequencies,0,249.60000000000002
2023-07-17,DEM,../DSMs/2023-07-17_DEM.tif,2025-11-19T16:07:41.478860Z,4.10.dev245+g4144cef28,103_20,gray_frequencies,0,6.4
2023-07-17,DEM,../DSMs/2023-07-17_DEM.tif,2025-11-19T16:07:41.478860Z,4.10.dev245+g4144cef28,103_20,gray_frequencies,0,19.200000000000003
2023-07-17,DEM,../DSMs/2023-07-17_DEM.tif,2025-11-19T16:07:41.478860Z,4.10.dev245+g4144cef28,103_20,gray_frequencies,0,32.0
2023-07-17,DEM,../DSMs/2023-07-17_DEM.tif,2025-11-19T16:07:41.478860Z,4.10.dev245+g4144cef28,103_20,gray_frequencies,0,44.800000000000004
2023-07-17,DEM,../DSMs/2023-07-17_DEM.tif,2025-11-19T16:07:41.478860Z,4.10.dev245+g4144cef28,103_20,gray_frequencies,0,57.6
2023-07-17,DEM,../DSMs/2023-07-17_DEM.tif,2025-11-19T16:07:41.478860Z,4.10.dev245+g4144cef28,103_20,gray_frequencies,0,70.4
2023-07-17,DEM,../DSMs/2023-07-17_DEM.tif,2025-11-19T16:07:41.478860Z,4.10.dev245+g4144cef28,103_20,gray_frequencies,0,83.20000000000002
2023-07-17,DEM,../DSMs/2023-07-17_DEM.tif,2025-11-19T16:07:41.478860Z,4.10.dev245+g4144cef28,103_20,gray_frequencies,2250,96.0
2023-07-17,DEM,../DSMs/2023-07-17_DEM.tif,2025-11-19T16:07:41.478860Z,4.10.dev245+g4144cef28,103_20,gray_frequencies,1766,108.80000000000001
2023-07-17,DEM,../DSMs/2023-07-17_DEM.tif,2025-11-19T16:07:41.478860Z,4.10.dev245+g4144cef28,103_20,gray_frequencies,2838,121.6
2023-07-17,DEM,../DSMs/2023-07-17_DEM.tif,2025-11-19T16:07:41.478860Z,4.10.dev245+g4144cef28,103_20,gray_frequencies,787,134.4
2023-07-17,DEM,../DSMs/2023-07-17_DEM.tif,2025-11-19T16:07:41.478860Z,4.10.dev245+g4144cef28,103_20,gray_frequencies,1261,147.20000000000002
2023-07-17,DEM,../DSMs/2023-07-17_DEM.tif,2025-11-19T16:07:41.478860Z,4.10.dev245+g4144cef28,103_20,gray_frequencies,4544,160.0
2023-07-17,DEM,../DSMs/2023-07-17_DEM.tif,2025-11-19T16:07:41.478860Z,4.10.dev245+g4144cef28,103_20,gray_frequencies,3268,172.8
2023-07-17,DEM,../DSMs/2023-07-17_DEM.tif,2025-11-19T16:07:41.478860Z,4.10.dev245+g4144cef28,103_20,gray_frequencies,337,185.60000000000002
2023-07-17,DEM,../DSMs/2023-07-17_DEM.tif,2025-11-19T16:07:41.478860Z,4.10.dev245+g4144cef28,103_20,gray_frequencies,0,198.4
2023-07-17,DEM,../DSMs/2023-07-17_DEM.tif,2025-11-19T16:07:41.478860Z,4.10.dev245+g4144cef28,103_20,gray_frequencies,0,211.20000000000002
2023-07-17,DEM,../DSMs/2023-07-17_DEM.tif,2025-11-19T16:07:41.478860Z,4.10.dev245+g4144cef28,103_20,gray_frequencies,0,224.0
2023-07-17,DEM,../DSMs/2023-07-17_DEM.tif,2025-11-19T16:07:41.478860Z,4.10.dev245+g4144cef28,103_20,gray_frequencies,0,236.8
2023-07-17,DEM,../DSMs/2023-07-17_DEM.tif,2025-11-19T16:07:41.478860Z,4.10.dev245+g4144cef28,103_20,gray_frequencies,0,249.60000000000002
2023-07-17,DEM,../DSMs/2023-07-17_DEM.tif,2025-11-19T16:07:41.478860Z,4.10.dev245+g4144cef28,203_21,gray_frequencies,0,6.4
2023-07-17,DEM,../DSMs/2023-07-17_DEM.tif,2025-11-19T16:07:41.478860Z,4.10.dev245+g4144cef28,203_21,gray_frequencies,0,19.200000000000003
2023-07-17,DEM,../DSMs/2023-07-17_DEM.tif,2025-11-19T16:07:41.478860Z,4.10.dev245+g4144cef28,203_21,gray_frequencies,0,32.0
2023-07-17,DEM,../DSMs/2023-07-17_DEM.tif,2025-11-19T16:07:41.478860Z,4.10.dev245+g4144cef28,203_21,gray_frequencies,0,44.800000000000004
2023-07-17,DEM,../DSMs/2023-07-17_DEM.tif,2025-11-19T16:07:41.478860Z,4.10.dev245+g4144cef28,203_21,gray_frequencies,0,57.6
2023-07-17,DEM,../DSMs/2023-07-17_DEM.tif,2025-11-19T16:07:41.478860Z,4.10.dev245+g4144cef28,203_21,gray_frequencies,0,70.4
2023-07-17,DEM,../DSMs/2023-07-17_DEM.tif,2025-11-19T16:07:41.478860Z,4.10.dev245+g4144cef28,203_21,gray_frequencies,0,83.20000000000002
2023-07-17,DEM,../DSMs/2023-07-17_DEM.tif,2025-11-19T16:07:41.478860Z,4.10.dev245+g4144cef28,203_21,gray_frequencies,1902,96.0
2023-07-17,DEM,../DSMs/2023-07-17_DEM.tif,2025-11-19T16:07:41.478860Z,4.10.dev245+g4144cef28,203_21,gray_frequencies,1943,108.80000000000001
2023-07-17,DEM,../DSMs/2023-07-17_DEM.tif,2025-11-19T16:07:41.478860Z,4.10.dev245+g4144cef28,203_21,gray_frequencies,2738,121.6
2023-07-17,DEM,../DSMs/2023-07-17_DEM.tif,2025-11-19T16:07:41.478860Z,4.10.dev245+g4144cef28,203_21,gray_frequencies,2167,134.4
2023-07-17,DEM,../DSMs/2023-07-17_DEM.tif,2025-11-19T16:07:41.478860Z,4.10.dev245+g4144cef28,203_21,gray_frequencies,3394,147.20000000000002
2023-07-17,DEM,../DSMs/2023-07-17_DEM.tif,2025-11-19T16:07:41.478860Z,4.10.dev245+g4144cef28,203_21,gray_frequencies,3528,160.0
2023-07-17,DEM,../DSMs/2023-07-17_DEM.tif,2025-11-19T16:07:41.478860Z,4.10.dev245+g4144cef28,203_21,gray_frequencies,0,172.8
2023-07-17,DEM,../DSMs/2023-07-17_DEM.tif,2025-11-19T16:07:41.478860Z,4.10.dev245+g4144cef28,203_21,gray_frequencies,0,185.60000000000002
2023-07-17,DEM,../DSMs/2023-07-17_DEM.tif,2025-11-19T16:07:41.478860Z,4.10.dev245+g4144cef28,203_21,gray_frequencies,0,198.4
2023-07-17,DEM,../DSMs/2023-07-17_DEM.tif,2025-11-19T16:07:41.478860Z,4.10.dev245+g4144cef28,203_21,gray_frequencies,0,211.20000000000002
2023-07-17,DEM,../DSMs/2023-07-17_DEM.tif,2025-11-19T16:07:41.478860Z,4.10.dev245+g4144cef28,203_21,gray_frequencies,0,224.0
2023-07-17,DEM,../DSMs/2023-07-17_DEM.tif,2025-11-19T16:07:41.478860Z,4.10.dev245+g4144cef28,203_21,gray_frequencies,0,236.8
2023-07-17,DEM,../DSMs/2023-07-17_DEM.tif,2025-11-19T16:07:41.478860Z,4.10.dev245+g4144cef28,203_21,gray_frequencies,0,249.60000000000002
2023-07-17,DEM,../DSMs/2023-07-17_DEM.tif,2025-11-19T16:07:41.478860Z,4.10.dev245+g4144cef28,803_22,gray_frequencies,0,6.4
2023-07-17,DEM,../DSMs/2023-07-17_DEM.tif,2025-11-19T16:07:41.478860Z,4.10.dev245+g4144cef28,803_22,gray_frequencies,0,19.200000000000003
2023-07-17,DEM,../DSMs/2023-07-17_DEM.tif,2025-11-19T16:07:41.478860Z,4.10.dev245+g4144cef28,803_22,gray_frequencies,0,32.0
2023-07-17,DEM,../DSMs/2023-07-17_DEM.tif,2025-11-19T16:07:41.478860Z,4.10.dev245+g4144cef28,803_22,gray_frequencies,0,44.800000000000004
2023-07-17,DEM,../DSMs/2023-07-17_DEM.tif,2025-11-19T16:07:41.478860Z,4.10.dev245+g4144cef28,803_22,gray_frequencies,0,57.6
2023-07-17,DEM,../DSMs/2023-07-17_DEM.tif,2025-11-19T16:07:41.478860Z,4.10.dev245+g4144cef28,803_22,gray_frequencies,0,70.4
2023-07-17,DEM,../DSMs/2023-07-17_DEM.tif,2025-11-19T16:07:41.478860Z,4.10.dev245+g4144cef28,803_22,gray_frequencies,0,83.20000000000002
2023-07-17,DEM,../DSMs/2023-07-17_DEM.tif,2025-11-19T16:07:41.478860Z,4.10.dev245+g4144cef28,803_22,gray_frequencies,0,96.0
2023-07-17,DEM,../DSMs/2023-07-17_DEM.tif,2025-11-19T16:07:41.478860Z,4.10.dev245+g4144cef28,803_22,gray_frequencies,0,108.80000000000001
2023-07-17,DEM,../DSMs/2023-07-17_DEM.tif,2025-11-19T16:07:41.478860Z,4.10.dev245+g4144cef28,803_22,gray_frequencies,796,121.6
2023-07-17,DEM,../DSMs/2023-07-17_DEM.tif,2025-11-19T16:07:41.478860Z,4.10.dev245+g4144cef28,803_22,gray_frequencies,2219,134.4
2023-07-17,DEM,../DSMs/2023-07-17_DEM.tif,2025-11-19T16:07:41.478860Z,4.10.dev245+g4144cef28,803_22,gray_frequencies,1825,147.20000000000002
2023-07-17,DEM,../DSMs/2023-07-17_DEM.tif,2025-11-19T16:07:41.478860Z,4.10.dev245+g4144cef28,803_22,gray_frequencies,1082,160.0
2023-07-17,DEM,../DSMs/2023-07-17_DEM.tif,2025-11-19T16:07:41.478860Z,4.10.dev245+g4144cef28,803_22,gray_frequencies,2680,172.8
2023-07-17,DEM,../DSMs/2023-07-17_DEM.tif,2025-11-19T16:07:41.478860Z,4.10.dev245+g4144cef28,803_22,gray_frequencies,5994,185.60000000000002
2023-07-17,DEM,../DSMs/2023-07-17_DEM.tif,2025-11-19T16:07:41.478860Z,4.10.dev245+g4144cef28,803_22,gray_frequencies,109,198.4
2023-07-17,DEM,../DSMs/2023-07-17_DEM.tif,2025-11-19T16:07:41.478860Z,4.10.dev245+g4144cef28,803_22,gray_frequencies,0,211.20000000000002
2023-07-17,DEM,../DSMs/2023-07-17_DEM.tif,2025-11-19T16:07:41.478860Z,4.10.dev245+g4144cef28,803_22,gray_frequencies,0,224.0
2023-07-17,DEM,../DSMs/2023-07-17_DEM.tif,2025-11-19T16:07:41.478860Z,4.10.dev245+g4144cef28,803_22,gray_frequencies,0,236.8
2023-07-17,DEM,../DSMs/2023-07-17_DEM.tif,2025-11-19T16:07:41.478860Z,4.10.dev245+g4144cef28,803_22,gray_frequencies,0,249.60000000000002
2023-07-17,DEM,../DSMs/2023-07-17_DEM.tif,2025-11-19T16:07:41.478860Z,4.10.dev245+g4144cef28,303_23,gray_frequencies,0,6.4
2023-07-17,DEM,../DSMs/2023-07-17_DEM.tif,2025-11-19T16:07:41.478860Z,4.10.dev245+g4144cef28,303_23,gray_frequencies,0,19.200000000000003
2023-07-17,DEM,../DSMs/2023-07-17_DEM.tif,2025-11-19T16:07:41.478860Z,4.10.dev245+g4144cef28,303_23,gray_frequencies,0,32.0
2023-07-17,DEM,../DSMs/2023-07-17_DEM.tif,2025-11-19T16:07:41.478860Z,4.10.dev245+g4144cef28,303_23,gray_frequencies,0,44.800000000000004
2023-07-17,DEM,../DSMs/2023-07-17_DEM.tif,2025-11-19T16:07:41.478860Z,4.10.dev245+g4144cef28,303_23,gray_frequencies,0,57.6
2023-07-17,DEM,../DSMs/2023-07-17_DEM.tif,2025-11-19T16:07:41.478860Z,4.10.dev245+g4144cef28,303_23,gray_frequencies,0,70.4
2023-07-17,DEM,../DSMs/2023-07-17_DEM.tif,2025-11-19T16:07:41.478860Z,4.10.dev245+g4144cef28,303_23,gray_frequencies,0,83.20000000000002
2023-07-17,DEM,../DSMs/2023-07-17_DEM.tif,2025-11-19T16:07:41.478860Z,4.10.dev245+g4144cef28,303_23,gray_frequencies,0,96.0
2023-07-17,DEM,../DSMs/2023-07-17_DEM.tif,2025-11-19T16:07:41.478860Z,4.10.dev245+g4144cef28,303_23,gray_frequencies,0,108.80000000000001
2023-07-17,DEM,../DSMs/2023-07-17_DEM.tif,2025-11-19T16:07:41.478860Z,4.10.dev245+g4144cef28,303_23,gray_frequencies,474,121.6
2023-07-17,DEM,../DSMs/2023-07-17_DEM.tif,2025-11-19T16:07:41.478860Z,4.10.dev245+g4144cef28,303_23,gray_frequencies,2462,134.4
2023-07-17,DEM,../DSMs/2023-07-17_DEM.tif,2025-11-19T16:07:41.478860Z,4.10.dev245+g4144cef28,303_23,gray_frequencies,2707,147.20000000000002
2023-07-17,DEM,../DSMs/2023-07-17_DEM.tif,2025-11-19T16:07:41.478860Z,4.10.dev245+g4144cef28,303_23,gray_frequencies,785,160.0
2023-07-17,DEM,../DSMs/2023-07-17_DEM.tif,2025-11-19T16:07:41.478860Z,4.10.dev245+g4144cef28,303_23,gray_frequencies,2227,172.8
2023-07-17,DEM,../DSMs/2023-07-17_DEM.tif,2025-11-19T16:07:41.478860Z,4.10.dev245+g4144cef28,303_23,gray_frequencies,3922,185.60000000000002
2023-07-17,DEM,../DSMs/2023-07-17_DEM.tif,2025-11-19T16:07:41.478860Z,4.10.dev245+g4144cef28,303_23,gray_frequencies,3135,198.4
2023-07-17,DEM,../DSMs/2023-07-17_DEM.tif,2025-11-19T16:07:41.478860Z,4.10.dev245+g4144cef28,303_23,gray_frequencies,789,211.20000000000002
2023-07-17,DEM,../DSMs/2023-07-17_DEM.tif,2025-11-19T16:07:41.478860Z,4.10.dev245+g4144cef28,303_23,gray_frequencies,0,224.0
2023-07-17,DEM,../DSMs/2023-07-17_DEM.tif,2025-11-19T16:07:41.478860Z,4.10.dev245+g4144cef28,303_23,gray_frequencies,0,236.8
2023-07-17,DEM,../DSMs/2023-07-17_DEM.tif,2025-11-19T16:07:41.478860Z,4.10.dev245+g4144cef28,303_23,gray_frequencies,0,249.60000000000002
2023-07-17,DEM,../DSMs/2023-07-17_DEM.tif,2025-11-19T16:07:41.478860Z,4.10.dev245+g4144cef28,903_24,gray_frequencies,0,6.4
2023-07-17,DEM,../DSMs/2023-07-17_DEM.tif,2025-11-19T16:07:41.478860Z,4.10.dev245+g4144cef28,903_24,gray_frequencies,0,19.200000000000003
2023-07-17,DEM,../DSMs/2023-07-17_DEM.tif,2025-11-19T16:07:41.478860Z,4.10.dev245+g4144cef28,903_24,gray_frequencies,0,32.0
2023-07-17,DEM,../DSMs/2023-07-17_DEM.tif,2025-11-19T16:07:41.478860Z,4.10.dev245+g4144cef28,903_24,gray_frequencies,0,44.800000000000004
2023-07-17,DEM,../DSMs/2023-07-17_DEM.tif,2025-11-19T16:07:41.478860Z,4.10.dev245+g4144cef28,903_24,gray_frequencies,0,57.6
2023-07-17,DEM,../DSMs/2023-07-17_DEM.tif,2025-11-19T16:07:41.478860Z,4.10.dev245+g4144cef28,903_24,gray_frequencies,0,70.4
2023-07-17,DEM,../DSMs/2023-07-17_DEM.tif,2025-11-19T16:07:41.478860Z,4.10.dev245+g4144cef28,903_24,gray_frequencies,0,83.20000000000002
2023-07-17,DEM,../DSMs/2023-07-17_DEM.tif,2025-11-19T16:07:41.478860Z,4.10.dev245+g4144cef28,903_24,gray_frequencies,0,96.0
2023-07-17,DEM,../DSMs/2023-07-17_DEM.tif,2025-11-19T16:07:41.478860Z,4.10.dev245+g4144cef28,903_24,gray_frequencies,0,108.80000000000001
2023-07-17,DEM,../DSMs/2023-07-17_DEM.tif,2025-11-19T16:07:41.478860Z,4.10.dev245+g4144cef28,903_24,gray_frequencies,1070,121.6
2023-07-17,DEM,../DSMs/2023-07-17_DEM.tif,2025-11-19T16:07:41.478860Z,4.10.dev245+g4144cef28,903_24,gray_frequencies,1889,134.4
2023-07-17,DEM,../DSMs/2023-07-17_DEM.tif,2025-11-19T16:07:41.478860Z,4.10.dev245+g4144cef28,903_24,gray_frequencies,2421,147.20000000000002
2023-07-17,DEM,../DSMs/2023-07-17_DEM.tif,2025-11-19T16:07:41.478860Z,4.10.dev245+g4144cef28,903_24,gray_frequencies,653,160.0
2023-07-17,DEM,../DSMs/2023-07-17_DEM.tif,2025-11-19T16:07:41.478860Z,4.10.dev245+g4144cef28,903_24,gray_frequencies,1920,172.8
2023-07-17,DEM,../DSMs/2023-07-17_DEM.tif,2025-11-19T16:07:41.478860Z,4.10.dev245+g4144cef28,903_24,gray_frequencies,4091,185.60000000000002
2023-07-17,DEM,../DSMs/2023-07-17_DEM.tif,2025-11-19T16:07:41.478860Z,4.10.dev245+g4144cef28,903_24,gray_frequencies,3205,198.4
2023-07-17,DEM,../DSMs/2023-07-17_DEM.tif,2025-11-19T16:07:41.478860Z,4.10.dev245+g4144cef28,903_24,gray_frequencies,900,211.20000000000002
2023-07-17,DEM,../DSMs/2023-07-17_DEM.tif,2025-11-19T16:07:41.478860Z,4.10.dev245+g4144cef28,903_24,gray_frequencies,0,224.0
2023-07-17,DEM,../DSMs/2023-07-17_DEM.tif,2025-11-19T16:07:41.478860Z,4.10.dev245+g4144cef28,903_24,gray_frequencies,0,236.8
2023-07-17,DEM,../DSMs/2023-07-17_DEM.tif,2025-11-19T16:07:41.478860Z,4.10.dev245+g4144cef28,903_24,gray_frequencies,0,249.60000000000002
2023-07-17,DEM,../DSMs/2023-07-17_DEM.tif,2025-11-19T16:07:41.478860Z,4.10.dev245+g4144cef28,403_25,gray_frequencies,0,6.4
2023-07-17,DEM,../DSMs/2023-07-17_DEM.tif,2025-11-19T16:07:41.478860Z,4.10.dev245+g4144cef28,403_25,gray_frequencies,0,19.200000000000003
2023-07-17,DEM,../DSMs/2023-07-17_DEM.tif,2025-11-19T16:07:41.478860Z,4.10.dev245+g4144cef28,403_25,gray_frequencies,0,32.0
2023-07-17,DEM,../DSMs/2023-07-17_DEM.tif,2025-11-19T16:07:41.478860Z,4.10.dev245+g4144cef28,403_25,gray_frequencies,0,44.800000000000004
2023-07-17,DEM,../DSMs/2023-07-17_DEM.tif,2025-11-19T16:07:41.478860Z,4.10.dev245+g4144cef28,403_25,gray_frequencies,0,57.6
2023-07-17,DEM,../DSMs/2023-07-17_DEM.tif,2025-11-19T16:07:41.478860Z,4.10.dev245+g4144cef28,403_25,gray_frequencies,0,70.4
2023-07-17,DEM,../DSMs/2023-07-17_DEM.tif,2025-11-19T16:07:41.478860Z,4.10.dev245+g4144cef28,403_25,gray_frequencies,0,83.20000000000002
2023-07-17,DEM,../DSMs/2023-07-17_DEM.tif,2025-11-19T16:07:41.478860Z,4.10.dev245+g4144cef28,403_25,gray_frequencies,0,96.0
2023-07-17,DEM,../DSMs/2023-07-17_DEM.tif,2025-11-19T16:07:41.478860Z,4.10.dev245+g4144cef28,403_25,gray_frequencies,0,108.80000000000001
2023-07-17,DEM,../DSMs/2023-07-17_DEM.tif,2025-11-19T16:07:41.478860Z,4.10.dev245+g4144cef28,403_25,gray_frequencies,0,121.6
2023-07-17,DEM,../DSMs/2023-07-17_DEM.tif,2025-11-19T16:07:41.478860Z,4.10.dev245+g4144cef28,403_25,gray_frequencies,0,134.4
2023-07-17,DEM,../DSMs/2023-07-17_DEM.tif,2025-11-19T16:07:41.478860Z,4.10.dev245+g4144cef28,403_25,gray_frequencies,1855,147.20000000000002
2023-07-17,DEM,../DSMs/2023-07-17_DEM.tif,2025-11-19T16:07:41.478860Z,4.10.dev245+g4144cef28,403_25,gray_frequencies,1924,160.0
2023-07-17,DEM,../DSMs/2023-07-17_DEM.tif,2025-11-19T16:07:41.478860Z,4.10.dev245+g4144cef28,403_25,gray_frequencies,1712,172.8
2023-07-17,DEM,../DSMs/2023-07-17_DEM.tif,2025-11-19T16:07:41.478860Z,4.10.dev245+g4144cef28,403_25,gray_frequencies,778,185.60000000000002
2023-07-17,DEM,../DSMs/2023-07-17_DEM.tif,2025-11-19T16:07:41.478860Z,4.10.dev245+g4144cef28,403_25,gray_frequencies,1085,198.4
2023-07-17,DEM,../DSMs/2023-07-17_DEM.tif,2025-11-19T16:07:41.478860Z,4.10.dev245+g4144cef28,403_25,gray_frequencies,2327,211.20000000000002
2023-07-17,DEM,../DSMs/2023-07-17_DEM.tif,2025-11-19T16:07:41.478860Z,4.10.dev245+g4144cef28,403_25,gray_frequencies,4806,224.0
2023-07-17,DEM,../DSMs/2023-07-17_DEM.tif,2025-11-19T16:07:41.478860Z,4.10.dev245+g4144cef28,403_25,gray_frequencies,1893,236.8
2023-07-17,DEM,../DSMs/2023-07-17_DEM.tif,2025-11-19T16:07:41.478860Z,4.10.dev245+g4144cef28,403_25,gray_frequencies,0,249.60000000000002
2023-07-17,DEM,../DSMs/2023-07-17_DEM.tif,2025-11-19T16:07:41.478860Z,4.10.dev245+g4144cef28,503_26,gray_frequencies,0,6.4
2023-07-17,DEM,../DSMs/2023-07-17_DEM.tif,2025-11-19T16:07:41.478860Z,4.10.dev245+g4144cef28,503_26,gray_frequencies,0,19.200000000000003
2023-07-17,DEM,../DSMs/2023-07-17_DEM.tif,2025-11-19T16:07:41.478860Z,4.10.dev245+g4144cef28,503_26,gray_frequencies,0,32.0
2023-07-17,DEM,../DSMs/2023-07-17_DEM.tif,2025-11-19T16:07:41.478860Z,4.10.dev245+g4144cef28,503_26,gray_frequencies,0,44.800000000000004
2023-07-17,DEM,../DSMs/2023-07-17_DEM.tif,2025-11-19T16:07:41.478860Z,4.10.dev245+g4144cef28,503_26,gray_frequencies,0,57.6
2023-07-17,DEM,../DSMs/2023-07-17_DEM.tif,2025-11-19T16:07:41.478860Z,4.10.dev245+g4144cef28,503_26,gray_frequencies,0,70.4
2023-07-17,DEM,../DSMs/2023-07-17_DEM.tif,2025-11-19T16:07:41.478860Z,4.10.dev245+g4144cef28,503_26,gray_frequencies,0,83.20000000000002
2023-07-17,DEM,../DSMs/2023-07-17_DEM.tif,2025-11-19T16:07:41.478860Z,4.10.dev245+g4144cef28,503_26,gray_frequencies,0,96.0
2023-07-17,DEM,../DSMs/2023-07-17_DEM.tif,2025-11-19T16:07:41.478860Z,4.10.dev245+g4144cef28,503_26,gray_frequencies,0,108.80000000000001
2023-07-17,DEM,../DSMs/2023-07-17_DEM.tif,2025-11-19T16:07:41.478860Z,4.10.dev245+g4144cef28,503_26,gray_frequencies,0,121.6
2023-07-17,DEM,../DSMs/2023-07-17_DEM.tif,2025-11-19T16:07:41.478860Z,4.10.dev245+g4144cef28,503_26,gray_frequencies,0,134.4
2023-07-17,DEM,../DSMs/2023-07-17_DEM.tif,2025-11-19T16:07:41.478860Z,4.10.dev245+g4144cef28,503_26,gray_frequencies,1781,147.20000000000002
2023-07-17,DEM,../DSMs/2023-07-17_DEM.tif,2025-11-19T16:07:41.478860Z,4.10.dev245+g4144cef28,503_26,gray_frequencies,2046,160.0
2023-07-17,DEM,../DSMs/2023-07-17_DEM.tif,2025-11-19T16:07:41.478860Z,4.10.dev245+g4144cef28,503_26,gray_frequencies,2029,172.8
2023-07-17,DEM,../DSMs/2023-07-17_DEM.tif,2025-11-19T16:07:41.478860Z,4.10.dev245+g4144cef28,503_26,gray_frequencies,772,185.60000000000002
2023-07-17,DEM,../DSMs/2023-07-17_DEM.tif,2025-11-19T16:07:41.478860Z,4.10.dev245+g4144cef28,503_26,gray_frequencies,1270,198.4
2023-07-17,DEM,../DSMs/2023-07-17_DEM.tif,2025-11-19T16:07:41.478860Z,4.10.dev245+g4144cef28,503_26,gray_frequencies,3376,211.20000000000002
2023-07-17,DEM,../DSMs/2023-07-17_DEM.tif,2025-11-19T16:07:41.478860Z,4.10.dev245+g4144cef28,503_26,gray_frequencies,4591,224.0
2023-07-17,DEM,../DSMs/2023-07-17_DEM.tif,2025-11-19T16:07:41.478860Z,4.10.dev245+g4144cef28,503_26,gray_frequencies,318,236.8
2023-07-17,DEM,../DSMs/2023-07-17_DEM.tif,2025-11-19T16:07:41.478860Z,4.10.dev245+g4144cef28,503_26,gray_frequencies,0,249.60000000000002
2023-07-17,DEM,../DSMs/2023-07-17_DEM.tif,2025-11-19T16:07:41.478860Z,4.10.dev245+g4144cef28,603_27,gray_frequencies,0,6.4
2023-07-17,DEM,../DSMs/2023-07-17_DEM.tif,2025-11-19T16:07:41.478860Z,4.10.dev245+g4144cef28,603_27,gray_frequencies,0,19.200000000000003
2023-07-17,DEM,../DSMs/2023-07-17_DEM.tif,2025-11-19T16:07:41.478860Z,4.10.dev245+g4144cef28,603_27,gray_frequencies,0,32.0
2023-07-17,DEM,../DSMs/2023-07-17_DEM.tif,2025-11-19T16:07:41.478860Z,4.10.dev245+g4144cef28,603_27,gray_frequencies,0,44.800000000000004
2023-07-17,DEM,../DSMs/2023-07-17_DEM.tif,2025-11-19T16:07:41.478860Z,4.10.dev245+g4144cef28,603_27,gray_frequencies,0,57.6
2023-07-17,DEM,../DSMs/2023-07-17_DEM.tif,2025-11-19T16:07:41.478860Z,4.10.dev245+g4144cef28,603_27,gray_frequencies,0,70.4
2023-07-17,DEM,../DSMs/2023-07-17_DEM.tif,2025-11-19T16:07:41.478860Z,4.10.dev245+g4144cef28,603_27,gray_frequencies,0,83.20000000000002
2023-07-17,DEM,../DSMs/2023-07-17_DEM.tif,2025-11-19T16:07:41.478860Z,4.10.dev245+g4144cef28,603_27,gray_frequencies,0,96.0
2023-07-17,DEM,../DSMs/2023-07-17_DEM.tif,2025-11-19T16:07:41.478860Z,4.10.dev245+g4144cef28,603_27,gray_frequencies,0,108.80000000000001
2023-07-17,DEM,../DSMs/2023-07-17_DEM.tif,2025-11-19T16:07:41.478860Z,4.10.dev245+g4144cef28,603_27,gray_frequencies,0,121.6
2023-07-17,DEM,../DSMs/2023-07-17_DEM.tif,2025-11-19T16:07:41.478860Z,4.10.dev245+g4144cef28,603_27,gray_frequencies,0,134.4
2023-07-17,DEM,../DSMs/2023-07-17_DEM.tif,2025-11-19T16:07:41.478860Z,4.10.dev245+g4144cef28,603_27,gray_frequencies,2064,147.20000000000002
2023-07-17,DEM,../DSMs/2023-07-17_DEM.tif,2025-11-19T16:07:41.478860Z,4.10.dev245+g4144cef28,603_27,gray_frequencies,1544,160.0
2023-07-17,DEM,../DSMs/2023-07-17_DEM.tif,2025-11-19T16:07:41.478860Z,4.10.dev245+g4144cef28,603_27,gray_frequencies,1948,172.8
2023-07-17,DEM,../DSMs/2023-07-17_DEM.tif,2025-11-19T16:07:41.478860Z,4.10.dev245+g4144cef28,603_27,gray_frequencies,767,185.60000000000002
2023-07-17,DEM,../DSMs/2023-07-17_DEM.tif,2025-11-19T16:07:41.478860Z,4.10.dev245+g4144cef28,603_27,gray_frequencies,1376,198.4
2023-07-17,DEM,../DSMs/2023-07-17_DEM.tif,2025-11-19T16:07:41.478860Z,4.10.dev245+g4144cef28,603_27,gray_frequencies,3173,211.20000000000002
2023-07-17,DEM,../DSMs/2023-07-17_DEM.tif,2025-11-19T16:07:41.478860Z,4.10.dev245+g4144cef28,603_27,gray_frequencies,4635,224.0
2023-07-17,DEM,../DSMs/2023-07-17_DEM.tif,2025-11-19T16:07:41.478860Z,4.10.dev245+g4144cef28,603_27,gray_frequencies,9,236.8
2023-07-17,DEM,../DSMs/2023-07-17_DEM.tif,2025-11-19T16:07:41.478860Z,4.10.dev245+g4144cef28,603_27,gray_frequencies,0,249.60000000000002
2023-07-27,DEM,../DSMs/2023-07-27_DEM.tif,2025-11-19T16:07:43.612787Z,4.10.dev245+g4144cef28,default_101,gray_frequencies,NA,NA
2023-07-27,DEM,../DSMs/2023-07-27_DEM.tif,2025-11-19T16:07:43.612787Z,4.10.dev245+g4144cef28,default_201,gray_frequencies,NA,NA
2023-07-27,DEM,../DSMs/2023-07-27_DEM.tif,2025-11-19T16:07:43.612787Z,4.10.dev245+g4144cef28,default_301,gray_frequencies,NA,NA
2023-07-27,DEM,../DSMs/2023-07-27_DEM.tif,2025-11-19T16:07:43.612787Z,4.10.dev245+g4144cef28,default_401,gray_frequencies,NA,NA
2023-07-27,DEM,../DSMs/2023-07-27_DEM.tif,2025-11-19T16:07:43.612787Z,4.10.dev245+g4144cef28,default_501,gray_frequencies,NA,NA
2023-07-27,DEM,../DSMs/2023-07-27_DEM.tif,2025-11-19T16:07:43.612787Z,4.10.dev245+g4144cef28,default_901,gray_frequencies,NA,NA
2023-07-27,DEM,../DSMs/2023-07-27_DEM.tif,2025-11-19T16:07:43.612787Z,4.10.dev245+g4144cef28,default_701,gray_frequencies,NA,NA
2023-07-27,DEM,../DSMs/2023-07-27_DEM.tif,2025-11-19T16:07:43.612787Z,4.10.dev245+g4144cef28,default_801,gray_frequencies,NA,NA
2023-07-27,DEM,../DSMs/2023-07-27_DEM.tif,2025-11-19T16:07:43.612787Z,4.10.dev245+g4144cef28,default_601,gray_frequencies,NA,NA
2023-07-27,DEM,../DSMs/2023-07-27_DEM.tif,2025-11-19T16:07:43.612787Z,4.10.dev245+g4144cef28,default_502,gray_frequencies,NA,NA
2023-07-27,DEM,../DSMs/2023-07-27_DEM.tif,2025-11-19T16:07:43.612787Z,4.10.dev245+g4144cef28,default_402,gray_frequencies,NA,NA
2023-07-27,DEM,../DSMs/2023-07-27_DEM.tif,2025-11-19T16:07:43.612787Z,4.10.dev245+g4144cef28,default_102,gray_frequencies,NA,NA
2023-07-27,DEM,../DSMs/2023-07-27_DEM.tif,2025-11-19T16:07:43.612787Z,4.10.dev245+g4144cef28,default_702,gray_frequencies,NA,NA
2023-07-27,DEM,../DSMs/2023-07-27_DEM.tif,2025-11-19T16:07:43.612787Z,4.10.dev245+g4144cef28,default_202,gray_frequencies,NA,NA
2023-07-27,DEM,../DSMs/2023-07-27_DEM.tif,2025-11-19T16:07:43.612787Z,4.10.dev245+g4144cef28,default_602,gray_frequencies,NA,NA
2023-07-27,DEM,../DSMs/2023-07-27_DEM.tif,2025-11-19T16:07:43.612787Z,4.10.dev245+g4144cef28,default_802,gray_frequencies,NA,NA
2023-07-27,DEM,../DSMs/2023-07-27_DEM.tif,2025-11-19T16:07:43.612787Z,4.10.dev245+g4144cef28,default_302,gray_frequencies,NA,NA
2023-07-27,DEM,../DSMs/2023-07-27_DEM.tif,2025-11-19T16:07:43.612787Z,4.10.dev245+g4144cef28,default_902,gray_frequencies,NA,NA
2023-07-27,DEM,../DSMs/2023-07-27_DEM.tif,2025-11-19T16:07:43.612787Z,4.10.dev245+g4144cef28,default_703,gray_frequencies,NA,NA
2023-07-27,DEM,../DSMs/2023-07-27_DEM.tif,2025-11-19T16:07:43.612787Z,4.10.dev245+g4144cef28,default_103,gray_frequencies,NA,NA
2023-07-27,DEM,../DSMs/2023-07-27_DEM.tif,2025-11-19T16:07:43.612787Z,4.10.dev245+g4144cef28,default_203,gray_frequencies,NA,NA
2023-07-27,DEM,../DSMs/2023-07-27_DEM.tif,2025-11-19T16:07:43.612787Z,4.10.dev245+g4144cef28,default_803,gray_frequencies,NA,NA
2023-07-27,DEM,../DSMs/2023-07-27_DEM.tif,2025-11-19T16:07:43.612787Z,4.10.dev245+g4144cef28,default_303,gray_frequencies,NA,NA
2023-07-27,DEM,../DSMs/2023-07-27_DEM.tif,2025-11-19T16:07:43.612787Z,4.10.dev245+g4144cef28,default_903,gray_frequencies,NA,NA
2023-07-27,DEM,../DSMs/2023-07-27_DEM.tif,2025-11-19T16:07:43.612787Z,4.10.dev245+g4144cef28,default_403,gray_frequencies,NA,NA
2023-07-27,DEM,../DSMs/2023-07-27_DEM.tif,2025-11-19T16:07:43.612787Z,4.10.dev245+g4144cef28,default_503,gray_frequencies,NA,NA
2023-07-27,DEM,../DSMs/2023-07-27_DEM.tif,2025-11-19T16:07:43.612787Z,4.10.dev245+g4144cef28,default_603,gray_frequencies,NA,NA
2023-07-27,DEM,../DSMs/2023-07-27_DEM.tif,2025-11-19T16:07:43.612787Z,4.10.dev245+g4144cef28,101_1,gray_frequencies,0,6.4
2023-07-27,DEM,../DSMs/2023-07-27_DEM.tif,2025-11-19T16:07:43.612787Z,4.10.dev245+g4144cef28,101_1,gray_frequencies,0,19.200000000000003
2023-07-27,DEM,../DSMs/2023-07-27_DEM.tif,2025-11-19T16:07:43.612787Z,4.10.dev245+g4144cef28,101_1,gray_frequencies,0,32.0
2023-07-27,DEM,../DSMs/2023-07-27_DEM.tif,2025-11-19T16:07:43.612787Z,4.10.dev245+g4144cef28,101_1,gray_frequencies,0,44.800000000000004
2023-07-27,DEM,../DSMs/2023-07-27_DEM.tif,2025-11-19T16:07:43.612787Z,4.10.dev245+g4144cef28,101_1,gray_frequencies,0,57.6
2023-07-27,DEM,../DSMs/2023-07-27_DEM.tif,2025-11-19T16:07:43.612787Z,4.10.dev245+g4144cef28,101_1,gray_frequencies,0,70.4
2023-07-27,DEM,../DSMs/2023-07-27_DEM.tif,2025-11-19T16:07:43.612787Z,4.10.dev245+g4144cef28,101_1,gray_frequencies,0,83.20000000000002
2023-07-27,DEM,../DSMs/2023-07-27_DEM.tif,2025-11-19T16:07:43.612787Z,4.10.dev245+g4144cef28,101_1,gray_frequencies,1773,96.0
2023-07-27,DEM,../DSMs/2023-07-27_DEM.tif,2025-11-19T16:07:43.612787Z,4.10.dev245+g4144cef28,101_1,gray_frequencies,2958,108.80000000000001
2023-07-27,DEM,../DSMs/2023-07-27_DEM.tif,2025-11-19T16:07:43.612787Z,4.10.dev245+g4144cef28,101_1,gray_frequencies,2304,121.6
2023-07-27,DEM,../DSMs/2023-07-27_DEM.tif,2025-11-19T16:07:43.612787Z,4.10.dev245+g4144cef28,101_1,gray_frequencies,898,134.4
2023-07-27,DEM,../DSMs/2023-07-27_DEM.tif,2025-11-19T16:07:43.612787Z,4.10.dev245+g4144cef28,101_1,gray_frequencies,1280,147.20000000000002
2023-07-27,DEM,../DSMs/2023-07-27_DEM.tif,2025-11-19T16:07:43.612787Z,4.10.dev245+g4144cef28,101_1,gray_frequencies,1956,160.0
2023-07-27,DEM,../DSMs/2023-07-27_DEM.tif,2025-11-19T16:07:43.612787Z,4.10.dev245+g4144cef28,101_1,gray_frequencies,2817,172.8
2023-07-27,DEM,../DSMs/2023-07-27_DEM.tif,2025-11-19T16:07:43.612787Z,4.10.dev245+g4144cef28,101_1,gray_frequencies,3439,185.60000000000002
2023-07-27,DEM,../DSMs/2023-07-27_DEM.tif,2025-11-19T16:07:43.612787Z,4.10.dev245+g4144cef28,101_1,gray_frequencies,1265,198.4
2023-07-27,DEM,../DSMs/2023-07-27_DEM.tif,2025-11-19T16:07:43.612787Z,4.10.dev245+g4144cef28,101_1,gray_frequencies,32,211.20000000000002
2023-07-27,DEM,../DSMs/2023-07-27_DEM.tif,2025-11-19T16:07:43.612787Z,4.10.dev245+g4144cef28,101_1,gray_frequencies,0,224.0
2023-07-27,DEM,../DSMs/2023-07-27_DEM.tif,2025-11-19T16:07:43.612787Z,4.10.dev245+g4144cef28,101_1,gray_frequencies,0,236.8
2023-07-27,DEM,../DSMs/2023-07-27_DEM.tif,2025-11-19T16:07:43.612787Z,4.10.dev245+g4144cef28,101_1,gray_frequencies,0,249.60000000000002
2023-07-27,DEM,../DSMs/2023-07-27_DEM.tif,2025-11-19T16:07:43.612787Z,4.10.dev245+g4144cef28,201_2,gray_frequencies,0,6.4
2023-07-27,DEM,../DSMs/2023-07-27_DEM.tif,2025-11-19T16:07:43.612787Z,4.10.dev245+g4144cef28,201_2,gray_frequencies,0,19.200000000000003
2023-07-27,DEM,../DSMs/2023-07-27_DEM.tif,2025-11-19T16:07:43.612787Z,4.10.dev245+g4144cef28,201_2,gray_frequencies,0,32.0
2023-07-27,DEM,../DSMs/2023-07-27_DEM.tif,2025-11-19T16:07:43.612787Z,4.10.dev245+g4144cef28,201_2,gray_frequencies,0,44.800000000000004
2023-07-27,DEM,../DSMs/2023-07-27_DEM.tif,2025-11-19T16:07:43.612787Z,4.10.dev245+g4144cef28,201_2,gray_frequencies,0,57.6
2023-07-27,DEM,../DSMs/2023-07-27_DEM.tif,2025-11-19T16:07:43.612787Z,4.10.dev245+g4144cef28,201_2,gray_frequencies,0,70.4
2023-07-27,DEM,../DSMs/2023-07-27_DEM.tif,2025-11-19T16:07:43.612787Z,4.10.dev245+g4144cef28,201_2,gray_frequencies,0,83.20000000000002
2023-07-27,DEM,../DSMs/2023-07-27_DEM.tif,2025-11-19T16:07:43.612787Z,4.10.dev245+g4144cef28,201_2,gray_frequencies,2223,96.0
2023-07-27,DEM,../DSMs/2023-07-27_DEM.tif,2025-11-19T16:07:43.612787Z,4.10.dev245+g4144cef28,201_2,gray_frequencies,1344,108.80000000000001
2023-07-27,DEM,../DSMs/2023-07-27_DEM.tif,2025-11-19T16:07:43.612787Z,4.10.dev245+g4144cef28,201_2,gray_frequencies,1969,121.6
2023-07-27,DEM,../DSMs/2023-07-27_DEM.tif,2025-11-19T16:07:43.612787Z,4.10.dev245+g4144cef28,201_2,gray_frequencies,757,134.4
2023-07-27,DEM,../DSMs/2023-07-27_DEM.tif,2025-11-19T16:07:43.612787Z,4.10.dev245+g4144cef28,201_2,gray_frequencies,807,147.20000000000002
2023-07-27,DEM,../DSMs/2023-07-27_DEM.tif,2025-11-19T16:07:43.612787Z,4.10.dev245+g4144cef28,201_2,gray_frequencies,1304,160.0
2023-07-27,DEM,../DSMs/2023-07-27_DEM.tif,2025-11-19T16:07:43.612787Z,4.10.dev245+g4144cef28,201_2,gray_frequencies,4380,172.8
2023-07-27,DEM,../DSMs/2023-07-27_DEM.tif,2025-11-19T16:07:43.612787Z,4.10.dev245+g4144cef28,201_2,gray_frequencies,4404,185.60000000000002
2023-07-27,DEM,../DSMs/2023-07-27_DEM.tif,2025-11-19T16:07:43.612787Z,4.10.dev245+g4144cef28,201_2,gray_frequencies,17,198.4
2023-07-27,DEM,../DSMs/2023-07-27_DEM.tif,2025-11-19T16:07:43.612787Z,4.10.dev245+g4144cef28,201_2,gray_frequencies,2,211.20000000000002
2023-07-27,DEM,../DSMs/2023-07-27_DEM.tif,2025-11-19T16:07:43.612787Z,4.10.dev245+g4144cef28,201_2,gray_frequencies,1,224.0
2023-07-27,DEM,../DSMs/2023-07-27_DEM.tif,2025-11-19T16:07:43.612787Z,4.10.dev245+g4144cef28,201_2,gray_frequencies,0,236.8
2023-07-27,DEM,../DSMs/2023-07-27_DEM.tif,2025-11-19T16:07:43.612787Z,4.10.dev245+g4144cef28,201_2,gray_frequencies,0,249.60000000000002
2023-07-27,DEM,../DSMs/2023-07-27_DEM.tif,2025-11-19T16:07:43.612787Z,4.10.dev245+g4144cef28,301_3,gray_frequencies,0,6.4
2023-07-27,DEM,../DSMs/2023-07-27_DEM.tif,2025-11-19T16:07:43.612787Z,4.10.dev245+g4144cef28,301_3,gray_frequencies,0,19.200000000000003
2023-07-27,DEM,../DSMs/2023-07-27_DEM.tif,2025-11-19T16:07:43.612787Z,4.10.dev245+g4144cef28,301_3,gray_frequencies,0,32.0
2023-07-27,DEM,../DSMs/2023-07-27_DEM.tif,2025-11-19T16:07:43.612787Z,4.10.dev245+g4144cef28,301_3,gray_frequencies,0,44.800000000000004
2023-07-27,DEM,../DSMs/2023-07-27_DEM.tif,2025-11-19T16:07:43.612787Z,4.10.dev245+g4144cef28,301_3,gray_frequencies,0,57.6
2023-07-27,DEM,../DSMs/2023-07-27_DEM.tif,2025-11-19T16:07:43.612787Z,4.10.dev245+g4144cef28,301_3,gray_frequencies,0,70.4
2023-07-27,DEM,../DSMs/2023-07-27_DEM.tif,2025-11-19T16:07:43.612787Z,4.10.dev245+g4144cef28,301_3,gray_frequencies,101,83.20000000000002
2023-07-27,DEM,../DSMs/2023-07-27_DEM.tif,2025-11-19T16:07:43.612787Z,4.10.dev245+g4144cef28,301_3,gray_frequencies,2772,96.0
2023-07-27,DEM,../DSMs/2023-07-27_DEM.tif,2025-11-19T16:07:43.612787Z,4.10.dev245+g4144cef28,301_3,gray_frequencies,2470,108.80000000000001
2023-07-27,DEM,../DSMs/2023-07-27_DEM.tif,2025-11-19T16:07:43.612787Z,4.10.dev245+g4144cef28,301_3,gray_frequencies,822,121.6
2023-07-27,DEM,../DSMs/2023-07-27_DEM.tif,2025-11-19T16:07:43.612787Z,4.10.dev245+g4144cef28,301_3,gray_frequencies,586,134.4
2023-07-27,DEM,../DSMs/2023-07-27_DEM.tif,2025-11-19T16:07:43.612787Z,4.10.dev245+g4144cef28,301_3,gray_frequencies,913,147.20000000000002
2023-07-27,DEM,../DSMs/2023-07-27_DEM.tif,2025-11-19T16:07:43.612787Z,4.10.dev245+g4144cef28,301_3,gray_frequencies,1221,160.0
2023-07-27,DEM,../DSMs/2023-07-27_DEM.tif,2025-11-19T16:07:43.612787Z,4.10.dev245+g4144cef28,301_3,gray_frequencies,1936,172.8
2023-07-27,DEM,../DSMs/2023-07-27_DEM.tif,2025-11-19T16:07:43.612787Z,4.10.dev245+g4144cef28,301_3,gray_frequencies,3934,185.60000000000002
2023-07-27,DEM,../DSMs/2023-07-27_DEM.tif,2025-11-19T16:07:43.612787Z,4.10.dev245+g4144cef28,301_3,gray_frequencies,2978,198.4
2023-07-27,DEM,../DSMs/2023-07-27_DEM.tif,2025-11-19T16:07:43.612787Z,4.10.dev245+g4144cef28,301_3,gray_frequencies,152,211.20000000000002
2023-07-27,DEM,../DSMs/2023-07-27_DEM.tif,2025-11-19T16:07:43.612787Z,4.10.dev245+g4144cef28,301_3,gray_frequencies,0,224.0
2023-07-27,DEM,../DSMs/2023-07-27_DEM.tif,2025-11-19T16:07:43.612787Z,4.10.dev245+g4144cef28,301_3,gray_frequencies,0,236.8
2023-07-27,DEM,../DSMs/2023-07-27_DEM.tif,2025-11-19T16:07:43.612787Z,4.10.dev245+g4144cef28,301_3,gray_frequencies,0,249.60000000000002
2023-07-27,DEM,../DSMs/2023-07-27_DEM.tif,2025-11-19T16:07:43.612787Z,4.10.dev245+g4144cef28,401_4,gray_frequencies,0,6.4
2023-07-27,DEM,../DSMs/2023-07-27_DEM.tif,2025-11-19T16:07:43.612787Z,4.10.dev245+g4144cef28,401_4,gray_frequencies,0,19.200000000000003
2023-07-27,DEM,../DSMs/2023-07-27_DEM.tif,2025-11-19T16:07:43.612787Z,4.10.dev245+g4144cef28,401_4,gray_frequencies,0,32.0
2023-07-27,DEM,../DSMs/2023-07-27_DEM.tif,2025-11-19T16:07:43.612787Z,4.10.dev245+g4144cef28,401_4,gray_frequencies,0,44.800000000000004
2023-07-27,DEM,../DSMs/2023-07-27_DEM.tif,2025-11-19T16:07:43.612787Z,4.10.dev245+g4144cef28,401_4,gray_frequencies,0,57.6
2023-07-27,DEM,../DSMs/2023-07-27_DEM.tif,2025-11-19T16:07:43.612787Z,4.10.dev245+g4144cef28,401_4,gray_frequencies,0,70.4
2023-07-27,DEM,../DSMs/2023-07-27_DEM.tif,2025-11-19T16:07:43.612787Z,4.10.dev245+g4144cef28,401_4,gray_frequencies,0,83.20000000000002
2023-07-27,DEM,../DSMs/2023-07-27_DEM.tif,2025-11-19T16:07:43.612787Z,4.10.dev245+g4144cef28,401_4,gray_frequencies,0,96.0
2023-07-27,DEM,../DSMs/2023-07-27_DEM.tif,2025-11-19T16:07:43.612787Z,4.10.dev245+g4144cef28,401_4,gray_frequencies,14,108.80000000000001
2023-07-27,DEM,../DSMs/2023-07-27_DEM.tif,2025-11-19T16:07:43.612787Z,4.10.dev245+g4144cef28,401_4,gray_frequencies,2707,121.6
2023-07-27,DEM,../DSMs/2023-07-27_DEM.tif,2025-11-19T16:07:43.612787Z,4.10.dev245+g4144cef28,401_4,gray_frequencies,3192,134.4
2023-07-27,DEM,../DSMs/2023-07-27_DEM.tif,2025-11-19T16:07:43.612787Z,4.10.dev245+g4144cef28,401_4,gray_frequencies,943,147.20000000000002
2023-07-27,DEM,../DSMs/2023-07-27_DEM.tif,2025-11-19T16:07:43.612787Z,4.10.dev245+g4144cef28,401_4,gray_frequencies,703,160.0
2023-07-27,DEM,../DSMs/2023-07-27_DEM.tif,2025-11-19T16:07:43.612787Z,4.10.dev245+g4144cef28,401_4,gray_frequencies,768,172.8
2023-07-27,DEM,../DSMs/2023-07-27_DEM.tif,2025-11-19T16:07:43.612787Z,4.10.dev245+g4144cef28,401_4,gray_frequencies,1474,185.60000000000002
2023-07-27,DEM,../DSMs/2023-07-27_DEM.tif,2025-11-19T16:07:43.612787Z,4.10.dev245+g4144cef28,401_4,gray_frequencies,3233,198.4
2023-07-27,DEM,../DSMs/2023-07-27_DEM.tif,2025-11-19T16:07:43.612787Z,4.10.dev245+g4144cef28,401_4,gray_frequencies,4181,211.20000000000002
2023-07-27,DEM,../DSMs/2023-07-27_DEM.tif,2025-11-19T16:07:43.612787Z,4.10.dev245+g4144cef28,401_4,gray_frequencies,379,224.0
2023-07-27,DEM,../DSMs/2023-07-27_DEM.tif,2025-11-19T16:07:43.612787Z,4.10.dev245+g4144cef28,401_4,gray_frequencies,0,236.8
2023-07-27,DEM,../DSMs/2023-07-27_DEM.tif,2025-11-19T16:07:43.612787Z,4.10.dev245+g4144cef28,401_4,gray_frequencies,0,249.60000000000002
2023-07-27,DEM,../DSMs/2023-07-27_DEM.tif,2025-11-19T16:07:43.612787Z,4.10.dev245+g4144cef28,501_5,gray_frequencies,0,6.4
2023-07-27,DEM,../DSMs/2023-07-27_DEM.tif,2025-11-19T16:07:43.612787Z,4.10.dev245+g4144cef28,501_5,gray_frequencies,0,19.200000000000003
2023-07-27,DEM,../DSMs/2023-07-27_DEM.tif,2025-11-19T16:07:43.612787Z,4.10.dev245+g4144cef28,501_5,gray_frequencies,0,32.0
2023-07-27,DEM,../DSMs/2023-07-27_DEM.tif,2025-11-19T16:07:43.612787Z,4.10.dev245+g4144cef28,501_5,gray_frequencies,0,44.800000000000004
2023-07-27,DEM,../DSMs/2023-07-27_DEM.tif,2025-11-19T16:07:43.612787Z,4.10.dev245+g4144cef28,501_5,gray_frequencies,0,57.6
2023-07-27,DEM,../DSMs/2023-07-27_DEM.tif,2025-11-19T16:07:43.612787Z,4.10.dev245+g4144cef28,501_5,gray_frequencies,0,70.4
2023-07-27,DEM,../DSMs/2023-07-27_DEM.tif,2025-11-19T16:07:43.612787Z,4.10.dev245+g4144cef28,501_5,gray_frequencies,0,83.20000000000002
2023-07-27,DEM,../DSMs/2023-07-27_DEM.tif,2025-11-19T16:07:43.612787Z,4.10.dev245+g4144cef28,501_5,gray_frequencies,0,96.0
2023-07-27,DEM,../DSMs/2023-07-27_DEM.tif,2025-11-19T16:07:43.612787Z,4.10.dev245+g4144cef28,501_5,gray_frequencies,0,108.80000000000001
2023-07-27,DEM,../DSMs/2023-07-27_DEM.tif,2025-11-19T16:07:43.612787Z,4.10.dev245+g4144cef28,501_5,gray_frequencies,2113,121.6
2023-07-27,DEM,../DSMs/2023-07-27_DEM.tif,2025-11-19T16:07:43.612787Z,4.10.dev245+g4144cef28,501_5,gray_frequencies,2687,134.4
2023-07-27,DEM,../DSMs/2023-07-27_DEM.tif,2025-11-19T16:07:43.612787Z,4.10.dev245+g4144cef28,501_5,gray_frequencies,1441,147.20000000000002
2023-07-27,DEM,../DSMs/2023-07-27_DEM.tif,2025-11-19T16:07:43.612787Z,4.10.dev245+g4144cef28,501_5,gray_frequencies,744,160.0
2023-07-27,DEM,../DSMs/2023-07-27_DEM.tif,2025-11-19T16:07:43.612787Z,4.10.dev245+g4144cef28,501_5,gray_frequencies,814,172.8
2023-07-27,DEM,../DSMs/2023-07-27_DEM.tif,2025-11-19T16:07:43.612787Z,4.10.dev245+g4144cef28,501_5,gray_frequencies,1599,185.60000000000002
2023-07-27,DEM,../DSMs/2023-07-27_DEM.tif,2025-11-19T16:07:43.612787Z,4.10.dev245+g4144cef28,501_5,gray_frequencies,4775,198.4
2023-07-27,DEM,../DSMs/2023-07-27_DEM.tif,2025-11-19T16:07:43.612787Z,4.10.dev245+g4144cef28,501_5,gray_frequencies,3241,211.20000000000002
2023-07-27,DEM,../DSMs/2023-07-27_DEM.tif,2025-11-19T16:07:43.612787Z,4.10.dev245+g4144cef28,501_5,gray_frequencies,8,224.0
2023-07-27,DEM,../DSMs/2023-07-27_DEM.tif,2025-11-19T16:07:43.612787Z,4.10.dev245+g4144cef28,501_5,gray_frequencies,0,236.8
2023-07-27,DEM,../DSMs/2023-07-27_DEM.tif,2025-11-19T16:07:43.612787Z,4.10.dev245+g4144cef28,501_5,gray_frequencies,0,249.60000000000002
2023-07-27,DEM,../DSMs/2023-07-27_DEM.tif,2025-11-19T16:07:43.612787Z,4.10.dev245+g4144cef28,901_6,gray_frequencies,0,6.4
2023-07-27,DEM,../DSMs/2023-07-27_DEM.tif,2025-11-19T16:07:43.612787Z,4.10.dev245+g4144cef28,901_6,gray_frequencies,0,19.200000000000003
2023-07-27,DEM,../DSMs/2023-07-27_DEM.tif,2025-11-19T16:07:43.612787Z,4.10.dev245+g4144cef28,901_6,gray_frequencies,0,32.0
2023-07-27,DEM,../DSMs/2023-07-27_DEM.tif,2025-11-19T16:07:43.612787Z,4.10.dev245+g4144cef28,901_6,gray_frequencies,0,44.800000000000004
2023-07-27,DEM,../DSMs/2023-07-27_DEM.tif,2025-11-19T16:07:43.612787Z,4.10.dev245+g4144cef28,901_6,gray_frequencies,0,57.6
2023-07-27,DEM,../DSMs/2023-07-27_DEM.tif,2025-11-19T16:07:43.612787Z,4.10.dev245+g4144cef28,901_6,gray_frequencies,0,70.4
2023-07-27,DEM,../DSMs/2023-07-27_DEM.tif,2025-11-19T16:07:43.612787Z,4.10.dev245+g4144cef28,901_6,gray_frequencies,0,83.20000000000002
2023-07-27,DEM,../DSMs/2023-07-27_DEM.tif,2025-11-19T16:07:43.612787Z,4.10.dev245+g4144cef28,901_6,gray_frequencies,0,96.0
2023-07-27,DEM,../DSMs/2023-07-27_DEM.tif,2025-11-19T16:07:43.612787Z,4.10.dev245+g4144cef28,901_6,gray_frequencies,266,108.80000000000001
2023-07-27,DEM,../DSMs/2023-07-27_DEM.tif,2025-11-19T16:07:43.612787Z,4.10.dev245+g4144cef28,901_6,gray_frequencies,1898,121.6
2023-07-27,DEM,../DSMs/2023-07-27_DEM.tif,2025-11-19T16:07:43.612787Z,4.10.dev245+g4144cef28,901_6,gray_frequencies,2778,134.4
2023-07-27,DEM,../DSMs/2023-07-27_DEM.tif,2025-11-19T16:07:43.612787Z,4.10.dev245+g4144cef28,901_6,gray_frequencies,839,147.20000000000002
2023-07-27,DEM,../DSMs/2023-07-27_DEM.tif,2025-11-19T16:07:43.612787Z,4.10.dev245+g4144cef28,901_6,gray_frequencies,778,160.0
2023-07-27,DEM,../DSMs/2023-07-27_DEM.tif,2025-11-19T16:07:43.612787Z,4.10.dev245+g4144cef28,901_6,gray_frequencies,1082,172.8
2023-07-27,DEM,../DSMs/2023-07-27_DEM.tif,2025-11-19T16:07:43.612787Z,4.10.dev245+g4144cef28,901_6,gray_frequencies,1306,185.60000000000002
2023-07-27,DEM,../DSMs/2023-07-27_DEM.tif,2025-11-19T16:07:43.612787Z,4.10.dev245+g4144cef28,901_6,gray_frequencies,2598,198.4
2023-07-27,DEM,../DSMs/2023-07-27_DEM.tif,2025-11-19T16:07:43.612787Z,4.10.dev245+g4144cef28,901_6,gray_frequencies,3667,211.20000000000002
2023-07-27,DEM,../DSMs/2023-07-27_DEM.tif,2025-11-19T16:07:43.612787Z,4.10.dev245+g4144cef28,901_6,gray_frequencies,2081,224.0
2023-07-27,DEM,../DSMs/2023-07-27_DEM.tif,2025-11-19T16:07:43.612787Z,4.10.dev245+g4144cef28,901_6,gray_frequencies,129,236.8
2023-07-27,DEM,../DSMs/2023-07-27_DEM.tif,2025-11-19T16:07:43.612787Z,4.10.dev245+g4144cef28,901_6,gray_frequencies,2,249.60000000000002
2023-07-27,DEM,../DSMs/2023-07-27_DEM.tif,2025-11-19T16:07:43.612787Z,4.10.dev245+g4144cef28,701_7,gray_frequencies,0,6.4
2023-07-27,DEM,../DSMs/2023-07-27_DEM.tif,2025-11-19T16:07:43.612787Z,4.10.dev245+g4144cef28,701_7,gray_frequencies,0,19.200000000000003
2023-07-27,DEM,../DSMs/2023-07-27_DEM.tif,2025-11-19T16:07:43.612787Z,4.10.dev245+g4144cef28,701_7,gray_frequencies,0,32.0
2023-07-27,DEM,../DSMs/2023-07-27_DEM.tif,2025-11-19T16:07:43.612787Z,4.10.dev245+g4144cef28,701_7,gray_frequencies,0,44.800000000000004
2023-07-27,DEM,../DSMs/2023-07-27_DEM.tif,2025-11-19T16:07:43.612787Z,4.10.dev245+g4144cef28,701_7,gray_frequencies,0,57.6
2023-07-27,DEM,../DSMs/2023-07-27_DEM.tif,2025-11-19T16:07:43.612787Z,4.10.dev245+g4144cef28,701_7,gray_frequencies,0,70.4
2023-07-27,DEM,../DSMs/2023-07-27_DEM.tif,2025-11-19T16:07:43.612787Z,4.10.dev245+g4144cef28,701_7,gray_frequencies,0,83.20000000000002
2023-07-27,DEM,../DSMs/2023-07-27_DEM.tif,2025-11-19T16:07:43.612787Z,4.10.dev245+g4144cef28,701_7,gray_frequencies,0,96.0
2023-07-27,DEM,../DSMs/2023-07-27_DEM.tif,2025-11-19T16:07:43.612787Z,4.10.dev245+g4144cef28,701_7,gray_frequencies,0,108.80000000000001
2023-07-27,DEM,../DSMs/2023-07-27_DEM.tif,2025-11-19T16:07:43.612787Z,4.10.dev245+g4144cef28,701_7,gray_frequencies,0,121.6
2023-07-27,DEM,../DSMs/2023-07-27_DEM.tif,2025-11-19T16:07:43.612787Z,4.10.dev245+g4144cef28,701_7,gray_frequencies,513,134.4
2023-07-27,DEM,../DSMs/2023-07-27_DEM.tif,2025-11-19T16:07:43.612787Z,4.10.dev245+g4144cef28,701_7,gray_frequencies,1942,147.20000000000002
2023-07-27,DEM,../DSMs/2023-07-27_DEM.tif,2025-11-19T16:07:43.612787Z,4.10.dev245+g4144cef28,701_7,gray_frequencies,2418,160.0
2023-07-27,DEM,../DSMs/2023-07-27_DEM.tif,2025-11-19T16:07:43.612787Z,4.10.dev245+g4144cef28,701_7,gray_frequencies,842,172.8
2023-07-27,DEM,../DSMs/2023-07-27_DEM.tif,2025-11-19T16:07:43.612787Z,4.10.dev245+g4144cef28,701_7,gray_frequencies,840,185.60000000000002
2023-07-27,DEM,../DSMs/2023-07-27_DEM.tif,2025-11-19T16:07:43.612787Z,4.10.dev245+g4144cef28,701_7,gray_frequencies,1792,198.4
2023-07-27,DEM,../DSMs/2023-07-27_DEM.tif,2025-11-19T16:07:43.612787Z,4.10.dev245+g4144cef28,701_7,gray_frequencies,5176,211.20000000000002
2023-07-27,DEM,../DSMs/2023-07-27_DEM.tif,2025-11-19T16:07:43.612787Z,4.10.dev245+g4144cef28,701_7,gray_frequencies,2940,224.0
2023-07-27,DEM,../DSMs/2023-07-27_DEM.tif,2025-11-19T16:07:43.612787Z,4.10.dev245+g4144cef28,701_7,gray_frequencies,3,236.8
2023-07-27,DEM,../DSMs/2023-07-27_DEM.tif,2025-11-19T16:07:43.612787Z,4.10.dev245+g4144cef28,701_7,gray_frequencies,0,249.60000000000002
2023-07-27,DEM,../DSMs/2023-07-27_DEM.tif,2025-11-19T16:07:43.612787Z,4.10.dev245+g4144cef28,801_8,gray_frequencies,0,6.4
2023-07-27,DEM,../DSMs/2023-07-27_DEM.tif,2025-11-19T16:07:43.612787Z,4.10.dev245+g4144cef28,801_8,gray_frequencies,0,19.200000000000003
2023-07-27,DEM,../DSMs/2023-07-27_DEM.tif,2025-11-19T16:07:43.612787Z,4.10.dev245+g4144cef28,801_8,gray_frequencies,0,32.0
2023-07-27,DEM,../DSMs/2023-07-27_DEM.tif,2025-11-19T16:07:43.612787Z,4.10.dev245+g4144cef28,801_8,gray_frequencies,0,44.800000000000004
2023-07-27,DEM,../DSMs/2023-07-27_DEM.tif,2025-11-19T16:07:43.612787Z,4.10.dev245+g4144cef28,801_8,gray_frequencies,0,57.6
2023-07-27,DEM,../DSMs/2023-07-27_DEM.tif,2025-11-19T16:07:43.612787Z,4.10.dev245+g4144cef28,801_8,gray_frequencies,0,70.4
2023-07-27,DEM,../DSMs/2023-07-27_DEM.tif,2025-11-19T16:07:43.612787Z,4.10.dev245+g4144cef28,801_8,gray_frequencies,0,83.20000000000002
2023-07-27,DEM,../DSMs/2023-07-27_DEM.tif,2025-11-19T16:07:43.612787Z,4.10.dev245+g4144cef28,801_8,gray_frequencies,0,96.0
2023-07-27,DEM,../DSMs/2023-07-27_DEM.tif,2025-11-19T16:07:43.612787Z,4.10.dev245+g4144cef28,801_8,gray_frequencies,0,108.80000000000001
2023-07-27,DEM,../DSMs/2023-07-27_DEM.tif,2025-11-19T16:07:43.612787Z,4.10.dev245+g4144cef28,801_8,gray_frequencies,0,121.6
2023-07-27,DEM,../DSMs/2023-07-27_DEM.tif,2025-11-19T16:07:43.612787Z,4.10.dev245+g4144cef28,801_8,gray_frequencies,73,134.4
2023-07-27,DEM,../DSMs/2023-07-27_DEM.tif,2025-11-19T16:07:43.612787Z,4.10.dev245+g4144cef28,801_8,gray_frequencies,3094,147.20000000000002
2023-07-27,DEM,../DSMs/2023-07-27_DEM.tif,2025-11-19T16:07:43.612787Z,4.10.dev245+g4144cef28,801_8,gray_frequencies,2648,160.0
2023-07-27,DEM,../DSMs/2023-07-27_DEM.tif,2025-11-19T16:07:43.612787Z,4.10.dev245+g4144cef28,801_8,gray_frequencies,996,172.8
2023-07-27,DEM,../DSMs/2023-07-27_DEM.tif,2025-11-19T16:07:43.612787Z,4.10.dev245+g4144cef28,801_8,gray_frequencies,1080,185.60000000000002
2023-07-27,DEM,../DSMs/2023-07-27_DEM.tif,2025-11-19T16:07:43.612787Z,4.10.dev245+g4144cef28,801_8,gray_frequencies,3130,198.4
2023-07-27,DEM,../DSMs/2023-07-27_DEM.tif,2025-11-19T16:07:43.612787Z,4.10.dev245+g4144cef28,801_8,gray_frequencies,6582,211.20000000000002
2023-07-27,DEM,../DSMs/2023-07-27_DEM.tif,2025-11-19T16:07:43.612787Z,4.10.dev245+g4144cef28,801_8,gray_frequencies,34,224.0
2023-07-27,DEM,../DSMs/2023-07-27_DEM.tif,2025-11-19T16:07:43.612787Z,4.10.dev245+g4144cef28,801_8,gray_frequencies,0,236.8
2023-07-27,DEM,../DSMs/2023-07-27_DEM.tif,2025-11-19T16:07:43.612787Z,4.10.dev245+g4144cef28,801_8,gray_frequencies,0,249.60000000000002
2023-07-27,DEM,../DSMs/2023-07-27_DEM.tif,2025-11-19T16:07:43.612787Z,4.10.dev245+g4144cef28,601_9,gray_frequencies,0,6.4
2023-07-27,DEM,../DSMs/2023-07-27_DEM.tif,2025-11-19T16:07:43.612787Z,4.10.dev245+g4144cef28,601_9,gray_frequencies,0,19.200000000000003
2023-07-27,DEM,../DSMs/2023-07-27_DEM.tif,2025-11-19T16:07:43.612787Z,4.10.dev245+g4144cef28,601_9,gray_frequencies,0,32.0
2023-07-27,DEM,../DSMs/2023-07-27_DEM.tif,2025-11-19T16:07:43.612787Z,4.10.dev245+g4144cef28,601_9,gray_frequencies,0,44.800000000000004
2023-07-27,DEM,../DSMs/2023-07-27_DEM.tif,2025-11-19T16:07:43.612787Z,4.10.dev245+g4144cef28,601_9,gray_frequencies,0,57.6
2023-07-27,DEM,../DSMs/2023-07-27_DEM.tif,2025-11-19T16:07:43.612787Z,4.10.dev245+g4144cef28,601_9,gray_frequencies,0,70.4
2023-07-27,DEM,../DSMs/2023-07-27_DEM.tif,2025-11-19T16:07:43.612787Z,4.10.dev245+g4144cef28,601_9,gray_frequencies,0,83.20000000000002
2023-07-27,DEM,../DSMs/2023-07-27_DEM.tif,2025-11-19T16:07:43.612787Z,4.10.dev245+g4144cef28,601_9,gray_frequencies,0,96.0
2023-07-27,DEM,../DSMs/2023-07-27_DEM.tif,2025-11-19T16:07:43.612787Z,4.10.dev245+g4144cef28,601_9,gray_frequencies,0,108.80000000000001
2023-07-27,DEM,../DSMs/2023-07-27_DEM.tif,2025-11-19T16:07:43.612787Z,4.10.dev245+g4144cef28,601_9,gray_frequencies,0,121.6
2023-07-27,DEM,../DSMs/2023-07-27_DEM.tif,2025-11-19T16:07:43.612787Z,4.10.dev245+g4144cef28,601_9,gray_frequencies,1946,134.4
2023-07-27,DEM,../DSMs/2023-07-27_DEM.tif,2025-11-19T16:07:43.612787Z,4.10.dev245+g4144cef28,601_9,gray_frequencies,2693,147.20000000000002
2023-07-27,DEM,../DSMs/2023-07-27_DEM.tif,2025-11-19T16:07:43.612787Z,4.10.dev245+g4144cef28,601_9,gray_frequencies,2277,160.0
2023-07-27,DEM,../DSMs/2023-07-27_DEM.tif,2025-11-19T16:07:43.612787Z,4.10.dev245+g4144cef28,601_9,gray_frequencies,806,172.8
2023-07-27,DEM,../DSMs/2023-07-27_DEM.tif,2025-11-19T16:07:43.612787Z,4.10.dev245+g4144cef28,601_9,gray_frequencies,740,185.60000000000002
2023-07-27,DEM,../DSMs/2023-07-27_DEM.tif,2025-11-19T16:07:43.612787Z,4.10.dev245+g4144cef28,601_9,gray_frequencies,1775,198.4
2023-07-27,DEM,../DSMs/2023-07-27_DEM.tif,2025-11-19T16:07:43.612787Z,4.10.dev245+g4144cef28,601_9,gray_frequencies,5526,211.20000000000002
2023-07-27,DEM,../DSMs/2023-07-27_DEM.tif,2025-11-19T16:07:43.612787Z,4.10.dev245+g4144cef28,601_9,gray_frequencies,2752,224.0
2023-07-27,DEM,../DSMs/2023-07-27_DEM.tif,2025-11-19T16:07:43.612787Z,4.10.dev245+g4144cef28,601_9,gray_frequencies,27,236.8
2023-07-27,DEM,../DSMs/2023-07-27_DEM.tif,2025-11-19T16:07:43.612787Z,4.10.dev245+g4144cef28,601_9,gray_frequencies,0,249.60000000000002
2023-07-27,DEM,../DSMs/2023-07-27_DEM.tif,2025-11-19T16:07:43.612787Z,4.10.dev245+g4144cef28,502_10,gray_frequencies,0,6.4
2023-07-27,DEM,../DSMs/2023-07-27_DEM.tif,2025-11-19T16:07:43.612787Z,4.10.dev245+g4144cef28,502_10,gray_frequencies,0,19.200000000000003
2023-07-27,DEM,../DSMs/2023-07-27_DEM.tif,2025-11-19T16:07:43.612787Z,4.10.dev245+g4144cef28,502_10,gray_frequencies,0,32.0
2023-07-27,DEM,../DSMs/2023-07-27_DEM.tif,2025-11-19T16:07:43.612787Z,4.10.dev245+g4144cef28,502_10,gray_frequencies,0,44.800000000000004
2023-07-27,DEM,../DSMs/2023-07-27_DEM.tif,2025-11-19T16:07:43.612787Z,4.10.dev245+g4144cef28,502_10,gray_frequencies,0,57.6
2023-07-27,DEM,../DSMs/2023-07-27_DEM.tif,2025-11-19T16:07:43.612787Z,4.10.dev245+g4144cef28,502_10,gray_frequencies,0,70.4
2023-07-27,DEM,../DSMs/2023-07-27_DEM.tif,2025-11-19T16:07:43.612787Z,4.10.dev245+g4144cef28,502_10,gray_frequencies,1146,83.20000000000002
2023-07-27,DEM,../DSMs/2023-07-27_DEM.tif,2025-11-19T16:07:43.612787Z,4.10.dev245+g4144cef28,502_10,gray_frequencies,2905,96.0
2023-07-27,DEM,../DSMs/2023-07-27_DEM.tif,2025-11-19T16:07:43.612787Z,4.10.dev245+g4144cef28,502_10,gray_frequencies,3956,108.80000000000001
2023-07-27,DEM,../DSMs/2023-07-27_DEM.tif,2025-11-19T16:07:43.612787Z,4.10.dev245+g4144cef28,502_10,gray_frequencies,829,121.6
2023-07-27,DEM,../DSMs/2023-07-27_DEM.tif,2025-11-19T16:07:43.612787Z,4.10.dev245+g4144cef28,502_10,gray_frequencies,989,134.4
2023-07-27,DEM,../DSMs/2023-07-27_DEM.tif,2025-11-19T16:07:43.612787Z,4.10.dev245+g4144cef28,502_10,gray_frequencies,1720,147.20000000000002
2023-07-27,DEM,../DSMs/2023-07-27_DEM.tif,2025-11-19T16:07:43.612787Z,4.10.dev245+g4144cef28,502_10,gray_frequencies,4091,160.0
2023-07-27,DEM,../DSMs/2023-07-27_DEM.tif,2025-11-19T16:07:43.612787Z,4.10.dev245+g4144cef28,502_10,gray_frequencies,2895,172.8
2023-07-27,DEM,../DSMs/2023-07-27_DEM.tif,2025-11-19T16:07:43.612787Z,4.10.dev245+g4144cef28,502_10,gray_frequencies,61,185.60000000000002
2023-07-27,DEM,../DSMs/2023-07-27_DEM.tif,2025-11-19T16:07:43.612787Z,4.10.dev245+g4144cef28,502_10,gray_frequencies,1,198.4
2023-07-27,DEM,../DSMs/2023-07-27_DEM.tif,2025-11-19T16:07:43.612787Z,4.10.dev245+g4144cef28,502_10,gray_frequencies,0,211.20000000000002
2023-07-27,DEM,../DSMs/2023-07-27_DEM.tif,2025-11-19T16:07:43.612787Z,4.10.dev245+g4144cef28,502_10,gray_frequencies,0,224.0
2023-07-27,DEM,../DSMs/2023-07-27_DEM.tif,2025-11-19T16:07:43.612787Z,4.10.dev245+g4144cef28,502_10,gray_frequencies,0,236.8
2023-07-27,DEM,../DSMs/2023-07-27_DEM.tif,2025-11-19T16:07:43.612787Z,4.10.dev245+g4144cef28,502_10,gray_frequencies,0,249.60000000000002
2023-07-27,DEM,../DSMs/2023-07-27_DEM.tif,2025-11-19T16:07:43.612787Z,4.10.dev245+g4144cef28,402_11,gray_frequencies,0,6.4
2023-07-27,DEM,../DSMs/2023-07-27_DEM.tif,2025-11-19T16:07:43.612787Z,4.10.dev245+g4144cef28,402_11,gray_frequencies,0,19.200000000000003
2023-07-27,DEM,../DSMs/2023-07-27_DEM.tif,2025-11-19T16:07:43.612787Z,4.10.dev245+g4144cef28,402_11,gray_frequencies,0,32.0
2023-07-27,DEM,../DSMs/2023-07-27_DEM.tif,2025-11-19T16:07:43.612787Z,4.10.dev245+g4144cef28,402_11,gray_frequencies,0,44.800000000000004
2023-07-27,DEM,../DSMs/2023-07-27_DEM.tif,2025-11-19T16:07:43.612787Z,4.10.dev245+g4144cef28,402_11,gray_frequencies,0,57.6
2023-07-27,DEM,../DSMs/2023-07-27_DEM.tif,2025-11-19T16:07:43.612787Z,4.10.dev245+g4144cef28,402_11,gray_frequencies,0,70.4
2023-07-27,DEM,../DSMs/2023-07-27_DEM.tif,2025-11-19T16:07:43.612787Z,4.10.dev245+g4144cef28,402_11,gray_frequencies,2829,83.20000000000002
2023-07-27,DEM,../DSMs/2023-07-27_DEM.tif,2025-11-19T16:07:43.612787Z,4.10.dev245+g4144cef28,402_11,gray_frequencies,2368,96.0
2023-07-27,DEM,../DSMs/2023-07-27_DEM.tif,2025-11-19T16:07:43.612787Z,4.10.dev245+g4144cef28,402_11,gray_frequencies,2577,108.80000000000001
2023-07-27,DEM,../DSMs/2023-07-27_DEM.tif,2025-11-19T16:07:43.612787Z,4.10.dev245+g4144cef28,402_11,gray_frequencies,672,121.6
2023-07-27,DEM,../DSMs/2023-07-27_DEM.tif,2025-11-19T16:07:43.612787Z,4.10.dev245+g4144cef28,402_11,gray_frequencies,880,134.4
2023-07-27,DEM,../DSMs/2023-07-27_DEM.tif,2025-11-19T16:07:43.612787Z,4.10.dev245+g4144cef28,402_11,gray_frequencies,1490,147.20000000000002
2023-07-27,DEM,../DSMs/2023-07-27_DEM.tif,2025-11-19T16:07:43.612787Z,4.10.dev245+g4144cef28,402_11,gray_frequencies,2983,160.0
2023-07-27,DEM,../DSMs/2023-07-27_DEM.tif,2025-11-19T16:07:43.612787Z,4.10.dev245+g4144cef28,402_11,gray_frequencies,4543,172.8
2023-07-27,DEM,../DSMs/2023-07-27_DEM.tif,2025-11-19T16:07:43.612787Z,4.10.dev245+g4144cef28,402_11,gray_frequencies,293,185.60000000000002
2023-07-27,DEM,../DSMs/2023-07-27_DEM.tif,2025-11-19T16:07:43.612787Z,4.10.dev245+g4144cef28,402_11,gray_frequencies,0,198.4
2023-07-27,DEM,../DSMs/2023-07-27_DEM.tif,2025-11-19T16:07:43.612787Z,4.10.dev245+g4144cef28,402_11,gray_frequencies,1,211.20000000000002
2023-07-27,DEM,../DSMs/2023-07-27_DEM.tif,2025-11-19T16:07:43.612787Z,4.10.dev245+g4144cef28,402_11,gray_frequencies,1,224.0
2023-07-27,DEM,../DSMs/2023-07-27_DEM.tif,2025-11-19T16:07:43.612787Z,4.10.dev245+g4144cef28,402_11,gray_frequencies,1,236.8
2023-07-27,DEM,../DSMs/2023-07-27_DEM.tif,2025-11-19T16:07:43.612787Z,4.10.dev245+g4144cef28,402_11,gray_frequencies,1,249.60000000000002
2023-07-27,DEM,../DSMs/2023-07-27_DEM.tif,2025-11-19T16:07:43.612787Z,4.10.dev245+g4144cef28,102_12,gray_frequencies,0,6.4
2023-07-27,DEM,../DSMs/2023-07-27_DEM.tif,2025-11-19T16:07:43.612787Z,4.10.dev245+g4144cef28,102_12,gray_frequencies,0,19.200000000000003
2023-07-27,DEM,../DSMs/2023-07-27_DEM.tif,2025-11-19T16:07:43.612787Z,4.10.dev245+g4144cef28,102_12,gray_frequencies,0,32.0
2023-07-27,DEM,../DSMs/2023-07-27_DEM.tif,2025-11-19T16:07:43.612787Z,4.10.dev245+g4144cef28,102_12,gray_frequencies,0,44.800000000000004
2023-07-27,DEM,../DSMs/2023-07-27_DEM.tif,2025-11-19T16:07:43.612787Z,4.10.dev245+g4144cef28,102_12,gray_frequencies,0,57.6
2023-07-27,DEM,../DSMs/2023-07-27_DEM.tif,2025-11-19T16:07:43.612787Z,4.10.dev245+g4144cef28,102_12,gray_frequencies,14,70.4
2023-07-27,DEM,../DSMs/2023-07-27_DEM.tif,2025-11-19T16:07:43.612787Z,4.10.dev245+g4144cef28,102_12,gray_frequencies,3437,83.20000000000002
2023-07-27,DEM,../DSMs/2023-07-27_DEM.tif,2025-11-19T16:07:43.612787Z,4.10.dev245+g4144cef28,102_12,gray_frequencies,4236,96.0
2023-07-27,DEM,../DSMs/2023-07-27_DEM.tif,2025-11-19T16:07:43.612787Z,4.10.dev245+g4144cef28,102_12,gray_frequencies,1050,108.80000000000001
2023-07-27,DEM,../DSMs/2023-07-27_DEM.tif,2025-11-19T16:07:43.612787Z,4.10.dev245+g4144cef28,102_12,gray_frequencies,691,121.6
2023-07-27,DEM,../DSMs/2023-07-27_DEM.tif,2025-11-19T16:07:43.612787Z,4.10.dev245+g4144cef28,102_12,gray_frequencies,1006,134.4
2023-07-27,DEM,../DSMs/2023-07-27_DEM.tif,2025-11-19T16:07:43.612787Z,4.10.dev245+g4144cef28,102_12,gray_frequencies,2073,147.20000000000002
2023-07-27,DEM,../DSMs/2023-07-27_DEM.tif,2025-11-19T16:07:43.612787Z,4.10.dev245+g4144cef28,102_12,gray_frequencies,4425,160.0
2023-07-27,DEM,../DSMs/2023-07-27_DEM.tif,2025-11-19T16:07:43.612787Z,4.10.dev245+g4144cef28,102_12,gray_frequencies,2841,172.8
2023-07-27,DEM,../DSMs/2023-07-27_DEM.tif,2025-11-19T16:07:43.612787Z,4.10.dev245+g4144cef28,102_12,gray_frequencies,275,185.60000000000002
2023-07-27,DEM,../DSMs/2023-07-27_DEM.tif,2025-11-19T16:07:43.612787Z,4.10.dev245+g4144cef28,102_12,gray_frequencies,2,198.4
2023-07-27,DEM,../DSMs/2023-07-27_DEM.tif,2025-11-19T16:07:43.612787Z,4.10.dev245+g4144cef28,102_12,gray_frequencies,1,211.20000000000002
2023-07-27,DEM,../DSMs/2023-07-27_DEM.tif,2025-11-19T16:07:43.612787Z,4.10.dev245+g4144cef28,102_12,gray_frequencies,1,224.0
2023-07-27,DEM,../DSMs/2023-07-27_DEM.tif,2025-11-19T16:07:43.612787Z,4.10.dev245+g4144cef28,102_12,gray_frequencies,0,236.8
2023-07-27,DEM,../DSMs/2023-07-27_DEM.tif,2025-11-19T16:07:43.612787Z,4.10.dev245+g4144cef28,102_12,gray_frequencies,0,249.60000000000002
2023-07-27,DEM,../DSMs/2023-07-27_DEM.tif,2025-11-19T16:07:43.612787Z,4.10.dev245+g4144cef28,702_13,gray_frequencies,0,6.4
2023-07-27,DEM,../DSMs/2023-07-27_DEM.tif,2025-11-19T16:07:43.612787Z,4.10.dev245+g4144cef28,702_13,gray_frequencies,0,19.200000000000003
2023-07-27,DEM,../DSMs/2023-07-27_DEM.tif,2025-11-19T16:07:43.612787Z,4.10.dev245+g4144cef28,702_13,gray_frequencies,0,32.0
2023-07-27,DEM,../DSMs/2023-07-27_DEM.tif,2025-11-19T16:07:43.612787Z,4.10.dev245+g4144cef28,702_13,gray_frequencies,0,44.800000000000004
2023-07-27,DEM,../DSMs/2023-07-27_DEM.tif,2025-11-19T16:07:43.612787Z,4.10.dev245+g4144cef28,702_13,gray_frequencies,0,57.6
2023-07-27,DEM,../DSMs/2023-07-27_DEM.tif,2025-11-19T16:07:43.612787Z,4.10.dev245+g4144cef28,702_13,gray_frequencies,0,70.4
2023-07-27,DEM,../DSMs/2023-07-27_DEM.tif,2025-11-19T16:07:43.612787Z,4.10.dev245+g4144cef28,702_13,gray_frequencies,0,83.20000000000002
2023-07-27,DEM,../DSMs/2023-07-27_DEM.tif,2025-11-19T16:07:43.612787Z,4.10.dev245+g4144cef28,702_13,gray_frequencies,0,96.0
2023-07-27,DEM,../DSMs/2023-07-27_DEM.tif,2025-11-19T16:07:43.612787Z,4.10.dev245+g4144cef28,702_13,gray_frequencies,2006,108.80000000000001
2023-07-27,DEM,../DSMs/2023-07-27_DEM.tif,2025-11-19T16:07:43.612787Z,4.10.dev245+g4144cef28,702_13,gray_frequencies,1403,121.6
2023-07-27,DEM,../DSMs/2023-07-27_DEM.tif,2025-11-19T16:07:43.612787Z,4.10.dev245+g4144cef28,702_13,gray_frequencies,2233,134.4
2023-07-27,DEM,../DSMs/2023-07-27_DEM.tif,2025-11-19T16:07:43.612787Z,4.10.dev245+g4144cef28,702_13,gray_frequencies,802,147.20000000000002
2023-07-27,DEM,../DSMs/2023-07-27_DEM.tif,2025-11-19T16:07:43.612787Z,4.10.dev245+g4144cef28,702_13,gray_frequencies,884,160.0
2023-07-27,DEM,../DSMs/2023-07-27_DEM.tif,2025-11-19T16:07:43.612787Z,4.10.dev245+g4144cef28,702_13,gray_frequencies,2918,172.8
2023-07-27,DEM,../DSMs/2023-07-27_DEM.tif,2025-11-19T16:07:43.612787Z,4.10.dev245+g4144cef28,702_13,gray_frequencies,7438,185.60000000000002
2023-07-27,DEM,../DSMs/2023-07-27_DEM.tif,2025-11-19T16:07:43.612787Z,4.10.dev245+g4144cef28,702_13,gray_frequencies,204,198.4
2023-07-27,DEM,../DSMs/2023-07-27_DEM.tif,2025-11-19T16:07:43.612787Z,4.10.dev245+g4144cef28,702_13,gray_frequencies,0,211.20000000000002
2023-07-27,DEM,../DSMs/2023-07-27_DEM.tif,2025-11-19T16:07:43.612787Z,4.10.dev245+g4144cef28,702_13,gray_frequencies,0,224.0
2023-07-27,DEM,../DSMs/2023-07-27_DEM.tif,2025-11-19T16:07:43.612787Z,4.10.dev245+g4144cef28,702_13,gray_frequencies,0,236.8
2023-07-27,DEM,../DSMs/2023-07-27_DEM.tif,2025-11-19T16:07:43.612787Z,4.10.dev245+g4144cef28,702_13,gray_frequencies,0,249.60000000000002
2023-07-27,DEM,../DSMs/2023-07-27_DEM.tif,2025-11-19T16:07:43.612787Z,4.10.dev245+g4144cef28,202_14,gray_frequencies,0,6.4
2023-07-27,DEM,../DSMs/2023-07-27_DEM.tif,2025-11-19T16:07:43.612787Z,4.10.dev245+g4144cef28,202_14,gray_frequencies,0,19.200000000000003
2023-07-27,DEM,../DSMs/2023-07-27_DEM.tif,2025-11-19T16:07:43.612787Z,4.10.dev245+g4144cef28,202_14,gray_frequencies,0,32.0
2023-07-27,DEM,../DSMs/2023-07-27_DEM.tif,2025-11-19T16:07:43.612787Z,4.10.dev245+g4144cef28,202_14,gray_frequencies,0,44.800000000000004
2023-07-27,DEM,../DSMs/2023-07-27_DEM.tif,2025-11-19T16:07:43.612787Z,4.10.dev245+g4144cef28,202_14,gray_frequencies,0,57.6
2023-07-27,DEM,../DSMs/2023-07-27_DEM.tif,2025-11-19T16:07:43.612787Z,4.10.dev245+g4144cef28,202_14,gray_frequencies,0,70.4
2023-07-27,DEM,../DSMs/2023-07-27_DEM.tif,2025-11-19T16:07:43.612787Z,4.10.dev245+g4144cef28,202_14,gray_frequencies,0,83.20000000000002
2023-07-27,DEM,../DSMs/2023-07-27_DEM.tif,2025-11-19T16:07:43.612787Z,4.10.dev245+g4144cef28,202_14,gray_frequencies,1,96.0
2023-07-27,DEM,../DSMs/2023-07-27_DEM.tif,2025-11-19T16:07:43.612787Z,4.10.dev245+g4144cef28,202_14,gray_frequencies,2740,108.80000000000001
2023-07-27,DEM,../DSMs/2023-07-27_DEM.tif,2025-11-19T16:07:43.612787Z,4.10.dev245+g4144cef28,202_14,gray_frequencies,3131,121.6
2023-07-27,DEM,../DSMs/2023-07-27_DEM.tif,2025-11-19T16:07:43.612787Z,4.10.dev245+g4144cef28,202_14,gray_frequencies,2022,134.4
2023-07-27,DEM,../DSMs/2023-07-27_DEM.tif,2025-11-19T16:07:43.612787Z,4.10.dev245+g4144cef28,202_14,gray_frequencies,745,147.20000000000002
2023-07-27,DEM,../DSMs/2023-07-27_DEM.tif,2025-11-19T16:07:43.612787Z,4.10.dev245+g4144cef28,202_14,gray_frequencies,879,160.0
2023-07-27,DEM,../DSMs/2023-07-27_DEM.tif,2025-11-19T16:07:43.612787Z,4.10.dev245+g4144cef28,202_14,gray_frequencies,1646,172.8
2023-07-27,DEM,../DSMs/2023-07-27_DEM.tif,2025-11-19T16:07:43.612787Z,4.10.dev245+g4144cef28,202_14,gray_frequencies,5982,185.60000000000002
2023-07-27,DEM,../DSMs/2023-07-27_DEM.tif,2025-11-19T16:07:43.612787Z,4.10.dev245+g4144cef28,202_14,gray_frequencies,2258,198.4
2023-07-27,DEM,../DSMs/2023-07-27_DEM.tif,2025-11-19T16:07:43.612787Z,4.10.dev245+g4144cef28,202_14,gray_frequencies,3,211.20000000000002
2023-07-27,DEM,../DSMs/2023-07-27_DEM.tif,2025-11-19T16:07:43.612787Z,4.10.dev245+g4144cef28,202_14,gray_frequencies,0,224.0
2023-07-27,DEM,../DSMs/2023-07-27_DEM.tif,2025-11-19T16:07:43.612787Z,4.10.dev245+g4144cef28,202_14,gray_frequencies,0,236.8
2023-07-27,DEM,../DSMs/2023-07-27_DEM.tif,2025-11-19T16:07:43.612787Z,4.10.dev245+g4144cef28,202_14,gray_frequencies,0,249.60000000000002
2023-07-27,DEM,../DSMs/2023-07-27_DEM.tif,2025-11-19T16:07:43.612787Z,4.10.dev245+g4144cef28,602_15,gray_frequencies,0,6.4
2023-07-27,DEM,../DSMs/2023-07-27_DEM.tif,2025-11-19T16:07:43.612787Z,4.10.dev245+g4144cef28,602_15,gray_frequencies,0,19.200000000000003
2023-07-27,DEM,../DSMs/2023-07-27_DEM.tif,2025-11-19T16:07:43.612787Z,4.10.dev245+g4144cef28,602_15,gray_frequencies,0,32.0
2023-07-27,DEM,../DSMs/2023-07-27_DEM.tif,2025-11-19T16:07:43.612787Z,4.10.dev245+g4144cef28,602_15,gray_frequencies,0,44.800000000000004
2023-07-27,DEM,../DSMs/2023-07-27_DEM.tif,2025-11-19T16:07:43.612787Z,4.10.dev245+g4144cef28,602_15,gray_frequencies,0,57.6
2023-07-27,DEM,../DSMs/2023-07-27_DEM.tif,2025-11-19T16:07:43.612787Z,4.10.dev245+g4144cef28,602_15,gray_frequencies,0,70.4
2023-07-27,DEM,../DSMs/2023-07-27_DEM.tif,2025-11-19T16:07:43.612787Z,4.10.dev245+g4144cef28,602_15,gray_frequencies,0,83.20000000000002
2023-07-27,DEM,../DSMs/2023-07-27_DEM.tif,2025-11-19T16:07:43.612787Z,4.10.dev245+g4144cef28,602_15,gray_frequencies,782,96.0
2023-07-27,DEM,../DSMs/2023-07-27_DEM.tif,2025-11-19T16:07:43.612787Z,4.10.dev245+g4144cef28,602_15,gray_frequencies,2705,108.80000000000001
2023-07-27,DEM,../DSMs/2023-07-27_DEM.tif,2025-11-19T16:07:43.612787Z,4.10.dev245+g4144cef28,602_15,gray_frequencies,2398,121.6
2023-07-27,DEM,../DSMs/2023-07-27_DEM.tif,2025-11-19T16:07:43.612787Z,4.10.dev245+g4144cef28,602_15,gray_frequencies,816,134.4
2023-07-27,DEM,../DSMs/2023-07-27_DEM.tif,2025-11-19T16:07:43.612787Z,4.10.dev245+g4144cef28,602_15,gray_frequencies,740,147.20000000000002
2023-07-27,DEM,../DSMs/2023-07-27_DEM.tif,2025-11-19T16:07:43.612787Z,4.10.dev245+g4144cef28,602_15,gray_frequencies,808,160.0
2023-07-27,DEM,../DSMs/2023-07-27_DEM.tif,2025-11-19T16:07:43.612787Z,4.10.dev245+g4144cef28,602_15,gray_frequencies,1902,172.8
2023-07-27,DEM,../DSMs/2023-07-27_DEM.tif,2025-11-19T16:07:43.612787Z,4.10.dev245+g4144cef28,602_15,gray_frequencies,6585,185.60000000000002
2023-07-27,DEM,../DSMs/2023-07-27_DEM.tif,2025-11-19T16:07:43.612787Z,4.10.dev245+g4144cef28,602_15,gray_frequencies,747,198.4
2023-07-27,DEM,../DSMs/2023-07-27_DEM.tif,2025-11-19T16:07:43.612787Z,4.10.dev245+g4144cef28,602_15,gray_frequencies,0,211.20000000000002
2023-07-27,DEM,../DSMs/2023-07-27_DEM.tif,2025-11-19T16:07:43.612787Z,4.10.dev245+g4144cef28,602_15,gray_frequencies,0,224.0
2023-07-27,DEM,../DSMs/2023-07-27_DEM.tif,2025-11-19T16:07:43.612787Z,4.10.dev245+g4144cef28,602_15,gray_frequencies,0,236.8
2023-07-27,DEM,../DSMs/2023-07-27_DEM.tif,2025-11-19T16:07:43.612787Z,4.10.dev245+g4144cef28,602_15,gray_frequencies,0,249.60000000000002
2023-07-27,DEM,../DSMs/2023-07-27_DEM.tif,2025-11-19T16:07:43.612787Z,4.10.dev245+g4144cef28,802_16,gray_frequencies,0,6.4
2023-07-27,DEM,../DSMs/2023-07-27_DEM.tif,2025-11-19T16:07:43.612787Z,4.10.dev245+g4144cef28,802_16,gray_frequencies,0,19.200000000000003
2023-07-27,DEM,../DSMs/2023-07-27_DEM.tif,2025-11-19T16:07:43.612787Z,4.10.dev245+g4144cef28,802_16,gray_frequencies,0,32.0
2023-07-27,DEM,../DSMs/2023-07-27_DEM.tif,2025-11-19T16:07:43.612787Z,4.10.dev245+g4144cef28,802_16,gray_frequencies,0,44.800000000000004
2023-07-27,DEM,../DSMs/2023-07-27_DEM.tif,2025-11-19T16:07:43.612787Z,4.10.dev245+g4144cef28,802_16,gray_frequencies,0,57.6
2023-07-27,DEM,../DSMs/2023-07-27_DEM.tif,2025-11-19T16:07:43.612787Z,4.10.dev245+g4144cef28,802_16,gray_frequencies,0,70.4
2023-07-27,DEM,../DSMs/2023-07-27_DEM.tif,2025-11-19T16:07:43.612787Z,4.10.dev245+g4144cef28,802_16,gray_frequencies,0,83.20000000000002
2023-07-27,DEM,../DSMs/2023-07-27_DEM.tif,2025-11-19T16:07:43.612787Z,4.10.dev245+g4144cef28,802_16,gray_frequencies,0,96.0
2023-07-27,DEM,../DSMs/2023-07-27_DEM.tif,2025-11-19T16:07:43.612787Z,4.10.dev245+g4144cef28,802_16,gray_frequencies,0,108.80000000000001
2023-07-27,DEM,../DSMs/2023-07-27_DEM.tif,2025-11-19T16:07:43.612787Z,4.10.dev245+g4144cef28,802_16,gray_frequencies,3,121.6
2023-07-27,DEM,../DSMs/2023-07-27_DEM.tif,2025-11-19T16:07:43.612787Z,4.10.dev245+g4144cef28,802_16,gray_frequencies,3090,134.4
2023-07-27,DEM,../DSMs/2023-07-27_DEM.tif,2025-11-19T16:07:43.612787Z,4.10.dev245+g4144cef28,802_16,gray_frequencies,3408,147.20000000000002
2023-07-27,DEM,../DSMs/2023-07-27_DEM.tif,2025-11-19T16:07:43.612787Z,4.10.dev245+g4144cef28,802_16,gray_frequencies,2350,160.0
2023-07-27,DEM,../DSMs/2023-07-27_DEM.tif,2025-11-19T16:07:43.612787Z,4.10.dev245+g4144cef28,802_16,gray_frequencies,1486,172.8
2023-07-27,DEM,../DSMs/2023-07-27_DEM.tif,2025-11-19T16:07:43.612787Z,4.10.dev245+g4144cef28,802_16,gray_frequencies,2665,185.60000000000002
2023-07-27,DEM,../DSMs/2023-07-27_DEM.tif,2025-11-19T16:07:43.612787Z,4.10.dev245+g4144cef28,802_16,gray_frequencies,4137,198.4
2023-07-27,DEM,../DSMs/2023-07-27_DEM.tif,2025-11-19T16:07:43.612787Z,4.10.dev245+g4144cef28,802_16,gray_frequencies,1970,211.20000000000002
2023-07-27,DEM,../DSMs/2023-07-27_DEM.tif,2025-11-19T16:07:43.612787Z,4.10.dev245+g4144cef28,802_16,gray_frequencies,0,224.0
2023-07-27,DEM,../DSMs/2023-07-27_DEM.tif,2025-11-19T16:07:43.612787Z,4.10.dev245+g4144cef28,802_16,gray_frequencies,0,236.8
2023-07-27,DEM,../DSMs/2023-07-27_DEM.tif,2025-11-19T16:07:43.612787Z,4.10.dev245+g4144cef28,802_16,gray_frequencies,0,249.60000000000002
2023-07-27,DEM,../DSMs/2023-07-27_DEM.tif,2025-11-19T16:07:43.612787Z,4.10.dev245+g4144cef28,302_17,gray_frequencies,0,6.4
2023-07-27,DEM,../DSMs/2023-07-27_DEM.tif,2025-11-19T16:07:43.612787Z,4.10.dev245+g4144cef28,302_17,gray_frequencies,0,19.200000000000003
2023-07-27,DEM,../DSMs/2023-07-27_DEM.tif,2025-11-19T16:07:43.612787Z,4.10.dev245+g4144cef28,302_17,gray_frequencies,0,32.0
2023-07-27,DEM,../DSMs/2023-07-27_DEM.tif,2025-11-19T16:07:43.612787Z,4.10.dev245+g4144cef28,302_17,gray_frequencies,0,44.800000000000004
2023-07-27,DEM,../DSMs/2023-07-27_DEM.tif,2025-11-19T16:07:43.612787Z,4.10.dev245+g4144cef28,302_17,gray_frequencies,0,57.6
2023-07-27,DEM,../DSMs/2023-07-27_DEM.tif,2025-11-19T16:07:43.612787Z,4.10.dev245+g4144cef28,302_17,gray_frequencies,0,70.4
2023-07-27,DEM,../DSMs/2023-07-27_DEM.tif,2025-11-19T16:07:43.612787Z,4.10.dev245+g4144cef28,302_17,gray_frequencies,0,83.20000000000002
2023-07-27,DEM,../DSMs/2023-07-27_DEM.tif,2025-11-19T16:07:43.612787Z,4.10.dev245+g4144cef28,302_17,gray_frequencies,0,96.0
2023-07-27,DEM,../DSMs/2023-07-27_DEM.tif,2025-11-19T16:07:43.612787Z,4.10.dev245+g4144cef28,302_17,gray_frequencies,0,108.80000000000001
2023-07-27,DEM,../DSMs/2023-07-27_DEM.tif,2025-11-19T16:07:43.612787Z,4.10.dev245+g4144cef28,302_17,gray_frequencies,92,121.6
2023-07-27,DEM,../DSMs/2023-07-27_DEM.tif,2025-11-19T16:07:43.612787Z,4.10.dev245+g4144cef28,302_17,gray_frequencies,3412,134.4
2023-07-27,DEM,../DSMs/2023-07-27_DEM.tif,2025-11-19T16:07:43.612787Z,4.10.dev245+g4144cef28,302_17,gray_frequencies,3684,147.20000000000002
2023-07-27,DEM,../DSMs/2023-07-27_DEM.tif,2025-11-19T16:07:43.612787Z,4.10.dev245+g4144cef28,302_17,gray_frequencies,1368,160.0
2023-07-27,DEM,../DSMs/2023-07-27_DEM.tif,2025-11-19T16:07:43.612787Z,4.10.dev245+g4144cef28,302_17,gray_frequencies,1099,172.8
2023-07-27,DEM,../DSMs/2023-07-27_DEM.tif,2025-11-19T16:07:43.612787Z,4.10.dev245+g4144cef28,302_17,gray_frequencies,1292,185.60000000000002
2023-07-27,DEM,../DSMs/2023-07-27_DEM.tif,2025-11-19T16:07:43.612787Z,4.10.dev245+g4144cef28,302_17,gray_frequencies,2552,198.4
2023-07-27,DEM,../DSMs/2023-07-27_DEM.tif,2025-11-19T16:07:43.612787Z,4.10.dev245+g4144cef28,302_17,gray_frequencies,3701,211.20000000000002
2023-07-27,DEM,../DSMs/2023-07-27_DEM.tif,2025-11-19T16:07:43.612787Z,4.10.dev245+g4144cef28,302_17,gray_frequencies,2937,224.0
2023-07-27,DEM,../DSMs/2023-07-27_DEM.tif,2025-11-19T16:07:43.612787Z,4.10.dev245+g4144cef28,302_17,gray_frequencies,221,236.8
2023-07-27,DEM,../DSMs/2023-07-27_DEM.tif,2025-11-19T16:07:43.612787Z,4.10.dev245+g4144cef28,302_17,gray_frequencies,3,249.60000000000002
2023-07-27,DEM,../DSMs/2023-07-27_DEM.tif,2025-11-19T16:07:43.612787Z,4.10.dev245+g4144cef28,902_18,gray_frequencies,0,6.4
2023-07-27,DEM,../DSMs/2023-07-27_DEM.tif,2025-11-19T16:07:43.612787Z,4.10.dev245+g4144cef28,902_18,gray_frequencies,0,19.200000000000003
2023-07-27,DEM,../DSMs/2023-07-27_DEM.tif,2025-11-19T16:07:43.612787Z,4.10.dev245+g4144cef28,902_18,gray_frequencies,0,32.0
2023-07-27,DEM,../DSMs/2023-07-27_DEM.tif,2025-11-19T16:07:43.612787Z,4.10.dev245+g4144cef28,902_18,gray_frequencies,0,44.800000000000004
2023-07-27,DEM,../DSMs/2023-07-27_DEM.tif,2025-11-19T16:07:43.612787Z,4.10.dev245+g4144cef28,902_18,gray_frequencies,0,57.6
2023-07-27,DEM,../DSMs/2023-07-27_DEM.tif,2025-11-19T16:07:43.612787Z,4.10.dev245+g4144cef28,902_18,gray_frequencies,0,70.4
2023-07-27,DEM,../DSMs/2023-07-27_DEM.tif,2025-11-19T16:07:43.612787Z,4.10.dev245+g4144cef28,902_18,gray_frequencies,0,83.20000000000002
2023-07-27,DEM,../DSMs/2023-07-27_DEM.tif,2025-11-19T16:07:43.612787Z,4.10.dev245+g4144cef28,902_18,gray_frequencies,0,96.0
2023-07-27,DEM,../DSMs/2023-07-27_DEM.tif,2025-11-19T16:07:43.612787Z,4.10.dev245+g4144cef28,902_18,gray_frequencies,0,108.80000000000001
2023-07-27,DEM,../DSMs/2023-07-27_DEM.tif,2025-11-19T16:07:43.612787Z,4.10.dev245+g4144cef28,902_18,gray_frequencies,1365,121.6
2023-07-27,DEM,../DSMs/2023-07-27_DEM.tif,2025-11-19T16:07:43.612787Z,4.10.dev245+g4144cef28,902_18,gray_frequencies,2188,134.4
2023-07-27,DEM,../DSMs/2023-07-27_DEM.tif,2025-11-19T16:07:43.612787Z,4.10.dev245+g4144cef28,902_18,gray_frequencies,2858,147.20000000000002
2023-07-27,DEM,../DSMs/2023-07-27_DEM.tif,2025-11-19T16:07:43.612787Z,4.10.dev245+g4144cef28,902_18,gray_frequencies,1535,160.0
2023-07-27,DEM,../DSMs/2023-07-27_DEM.tif,2025-11-19T16:07:43.612787Z,4.10.dev245+g4144cef28,902_18,gray_frequencies,2312,172.8
2023-07-27,DEM,../DSMs/2023-07-27_DEM.tif,2025-11-19T16:07:43.612787Z,4.10.dev245+g4144cef28,902_18,gray_frequencies,2773,185.60000000000002
2023-07-27,DEM,../DSMs/2023-07-27_DEM.tif,2025-11-19T16:07:43.612787Z,4.10.dev245+g4144cef28,902_18,gray_frequencies,2949,198.4
2023-07-27,DEM,../DSMs/2023-07-27_DEM.tif,2025-11-19T16:07:43.612787Z,4.10.dev245+g4144cef28,902_18,gray_frequencies,2704,211.20000000000002
2023-07-27,DEM,../DSMs/2023-07-27_DEM.tif,2025-11-19T16:07:43.612787Z,4.10.dev245+g4144cef28,902_18,gray_frequencies,800,224.0
2023-07-27,DEM,../DSMs/2023-07-27_DEM.tif,2025-11-19T16:07:43.612787Z,4.10.dev245+g4144cef28,902_18,gray_frequencies,7,236.8
2023-07-27,DEM,../DSMs/2023-07-27_DEM.tif,2025-11-19T16:07:43.612787Z,4.10.dev245+g4144cef28,902_18,gray_frequencies,1,249.60000000000002
2023-07-27,DEM,../DSMs/2023-07-27_DEM.tif,2025-11-19T16:07:43.612787Z,4.10.dev245+g4144cef28,703_19,gray_frequencies,0,6.4
2023-07-27,DEM,../DSMs/2023-07-27_DEM.tif,2025-11-19T16:07:43.612787Z,4.10.dev245+g4144cef28,703_19,gray_frequencies,0,19.200000000000003
2023-07-27,DEM,../DSMs/2023-07-27_DEM.tif,2025-11-19T16:07:43.612787Z,4.10.dev245+g4144cef28,703_19,gray_frequencies,0,32.0
2023-07-27,DEM,../DSMs/2023-07-27_DEM.tif,2025-11-19T16:07:43.612787Z,4.10.dev245+g4144cef28,703_19,gray_frequencies,0,44.800000000000004
2023-07-27,DEM,../DSMs/2023-07-27_DEM.tif,2025-11-19T16:07:43.612787Z,4.10.dev245+g4144cef28,703_19,gray_frequencies,0,57.6
2023-07-27,DEM,../DSMs/2023-07-27_DEM.tif,2025-11-19T16:07:43.612787Z,4.10.dev245+g4144cef28,703_19,gray_frequencies,745,70.4
2023-07-27,DEM,../DSMs/2023-07-27_DEM.tif,2025-11-19T16:07:43.612787Z,4.10.dev245+g4144cef28,703_19,gray_frequencies,3617,83.20000000000002
2023-07-27,DEM,../DSMs/2023-07-27_DEM.tif,2025-11-19T16:07:43.612787Z,4.10.dev245+g4144cef28,703_19,gray_frequencies,3601,96.0
2023-07-27,DEM,../DSMs/2023-07-27_DEM.tif,2025-11-19T16:07:43.612787Z,4.10.dev245+g4144cef28,703_19,gray_frequencies,712,108.80000000000001
2023-07-27,DEM,../DSMs/2023-07-27_DEM.tif,2025-11-19T16:07:43.612787Z,4.10.dev245+g4144cef28,703_19,gray_frequencies,704,121.6
2023-07-27,DEM,../DSMs/2023-07-27_DEM.tif,2025-11-19T16:07:43.612787Z,4.10.dev245+g4144cef28,703_19,gray_frequencies,1493,134.4
2023-07-27,DEM,../DSMs/2023-07-27_DEM.tif,2025-11-19T16:07:43.612787Z,4.10.dev245+g4144cef28,703_19,gray_frequencies,4856,147.20000000000002
2023-07-27,DEM,../DSMs/2023-07-27_DEM.tif,2025-11-19T16:07:43.612787Z,4.10.dev245+g4144cef28,703_19,gray_frequencies,3643,160.0
2023-07-27,DEM,../DSMs/2023-07-27_DEM.tif,2025-11-19T16:07:43.612787Z,4.10.dev245+g4144cef28,703_19,gray_frequencies,0,172.8
2023-07-27,DEM,../DSMs/2023-07-27_DEM.tif,2025-11-19T16:07:43.612787Z,4.10.dev245+g4144cef28,703_19,gray_frequencies,0,185.60000000000002
2023-07-27,DEM,../DSMs/2023-07-27_DEM.tif,2025-11-19T16:07:43.612787Z,4.10.dev245+g4144cef28,703_19,gray_frequencies,0,198.4
2023-07-27,DEM,../DSMs/2023-07-27_DEM.tif,2025-11-19T16:07:43.612787Z,4.10.dev245+g4144cef28,703_19,gray_frequencies,0,211.20000000000002
2023-07-27,DEM,../DSMs/2023-07-27_DEM.tif,2025-11-19T16:07:43.612787Z,4.10.dev245+g4144cef28,703_19,gray_frequencies,0,224.0
2023-07-27,DEM,../DSMs/2023-07-27_DEM.tif,2025-11-19T16:07:43.612787Z,4.10.dev245+g4144cef28,703_19,gray_frequencies,0,236.8
2023-07-27,DEM,../DSMs/2023-07-27_DEM.tif,2025-11-19T16:07:43.612787Z,4.10.dev245+g4144cef28,703_19,gray_frequencies,0,249.60000000000002
2023-07-27,DEM,../DSMs/2023-07-27_DEM.tif,2025-11-19T16:07:43.612787Z,4.10.dev245+g4144cef28,103_20,gray_frequencies,0,6.4
2023-07-27,DEM,../DSMs/2023-07-27_DEM.tif,2025-11-19T16:07:43.612787Z,4.10.dev245+g4144cef28,103_20,gray_frequencies,0,19.200000000000003
2023-07-27,DEM,../DSMs/2023-07-27_DEM.tif,2025-11-19T16:07:43.612787Z,4.10.dev245+g4144cef28,103_20,gray_frequencies,0,32.0
2023-07-27,DEM,../DSMs/2023-07-27_DEM.tif,2025-11-19T16:07:43.612787Z,4.10.dev245+g4144cef28,103_20,gray_frequencies,0,44.800000000000004
2023-07-27,DEM,../DSMs/2023-07-27_DEM.tif,2025-11-19T16:07:43.612787Z,4.10.dev245+g4144cef28,103_20,gray_frequencies,0,57.6
2023-07-27,DEM,../DSMs/2023-07-27_DEM.tif,2025-11-19T16:07:43.612787Z,4.10.dev245+g4144cef28,103_20,gray_frequencies,2277,70.4
2023-07-27,DEM,../DSMs/2023-07-27_DEM.tif,2025-11-19T16:07:43.612787Z,4.10.dev245+g4144cef28,103_20,gray_frequencies,3672,83.20000000000002
2023-07-27,DEM,../DSMs/2023-07-27_DEM.tif,2025-11-19T16:07:43.612787Z,4.10.dev245+g4144cef28,103_20,gray_frequencies,2540,96.0
2023-07-27,DEM,../DSMs/2023-07-27_DEM.tif,2025-11-19T16:07:43.612787Z,4.10.dev245+g4144cef28,103_20,gray_frequencies,708,108.80000000000001
2023-07-27,DEM,../DSMs/2023-07-27_DEM.tif,2025-11-19T16:07:43.612787Z,4.10.dev245+g4144cef28,103_20,gray_frequencies,914,121.6
2023-07-27,DEM,../DSMs/2023-07-27_DEM.tif,2025-11-19T16:07:43.612787Z,4.10.dev245+g4144cef28,103_20,gray_frequencies,2597,134.4
2023-07-27,DEM,../DSMs/2023-07-27_DEM.tif,2025-11-19T16:07:43.612787Z,4.10.dev245+g4144cef28,103_20,gray_frequencies,3418,147.20000000000002
2023-07-27,DEM,../DSMs/2023-07-27_DEM.tif,2025-11-19T16:07:43.612787Z,4.10.dev245+g4144cef28,103_20,gray_frequencies,3120,160.0
2023-07-27,DEM,../DSMs/2023-07-27_DEM.tif,2025-11-19T16:07:43.612787Z,4.10.dev245+g4144cef28,103_20,gray_frequencies,783,172.8
2023-07-27,DEM,../DSMs/2023-07-27_DEM.tif,2025-11-19T16:07:43.612787Z,4.10.dev245+g4144cef28,103_20,gray_frequencies,0,185.60000000000002
2023-07-27,DEM,../DSMs/2023-07-27_DEM.tif,2025-11-19T16:07:43.612787Z,4.10.dev245+g4144cef28,103_20,gray_frequencies,0,198.4
2023-07-27,DEM,../DSMs/2023-07-27_DEM.tif,2025-11-19T16:07:43.612787Z,4.10.dev245+g4144cef28,103_20,gray_frequencies,0,211.20000000000002
2023-07-27,DEM,../DSMs/2023-07-27_DEM.tif,2025-11-19T16:07:43.612787Z,4.10.dev245+g4144cef28,103_20,gray_frequencies,0,224.0
2023-07-27,DEM,../DSMs/2023-07-27_DEM.tif,2025-11-19T16:07:43.612787Z,4.10.dev245+g4144cef28,103_20,gray_frequencies,0,236.8
2023-07-27,DEM,../DSMs/2023-07-27_DEM.tif,2025-11-19T16:07:43.612787Z,4.10.dev245+g4144cef28,103_20,gray_frequencies,0,249.60000000000002
2023-07-27,DEM,../DSMs/2023-07-27_DEM.tif,2025-11-19T16:07:43.612787Z,4.10.dev245+g4144cef28,203_21,gray_frequencies,0,6.4
2023-07-27,DEM,../DSMs/2023-07-27_DEM.tif,2025-11-19T16:07:43.612787Z,4.10.dev245+g4144cef28,203_21,gray_frequencies,0,19.200000000000003
2023-07-27,DEM,../DSMs/2023-07-27_DEM.tif,2025-11-19T16:07:43.612787Z,4.10.dev245+g4144cef28,203_21,gray_frequencies,0,32.0
2023-07-27,DEM,../DSMs/2023-07-27_DEM.tif,2025-11-19T16:07:43.612787Z,4.10.dev245+g4144cef28,203_21,gray_frequencies,0,44.800000000000004
2023-07-27,DEM,../DSMs/2023-07-27_DEM.tif,2025-11-19T16:07:43.612787Z,4.10.dev245+g4144cef28,203_21,gray_frequencies,141,57.6
2023-07-27,DEM,../DSMs/2023-07-27_DEM.tif,2025-11-19T16:07:43.612787Z,4.10.dev245+g4144cef28,203_21,gray_frequencies,2930,70.4
2023-07-27,DEM,../DSMs/2023-07-27_DEM.tif,2025-11-19T16:07:43.612787Z,4.10.dev245+g4144cef28,203_21,gray_frequencies,3754,83.20000000000002
2023-07-27,DEM,../DSMs/2023-07-27_DEM.tif,2025-11-19T16:07:43.612787Z,4.10.dev245+g4144cef28,203_21,gray_frequencies,1102,96.0
2023-07-27,DEM,../DSMs/2023-07-27_DEM.tif,2025-11-19T16:07:43.612787Z,4.10.dev245+g4144cef28,203_21,gray_frequencies,821,108.80000000000001
2023-07-27,DEM,../DSMs/2023-07-27_DEM.tif,2025-11-19T16:07:43.612787Z,4.10.dev245+g4144cef28,203_21,gray_frequencies,1203,121.6
2023-07-27,DEM,../DSMs/2023-07-27_DEM.tif,2025-11-19T16:07:43.612787Z,4.10.dev245+g4144cef28,203_21,gray_frequencies,2947,134.4
2023-07-27,DEM,../DSMs/2023-07-27_DEM.tif,2025-11-19T16:07:43.612787Z,4.10.dev245+g4144cef28,203_21,gray_frequencies,4518,147.20000000000002
2023-07-27,DEM,../DSMs/2023-07-27_DEM.tif,2025-11-19T16:07:43.612787Z,4.10.dev245+g4144cef28,203_21,gray_frequencies,1106,160.0
2023-07-27,DEM,../DSMs/2023-07-27_DEM.tif,2025-11-19T16:07:43.612787Z,4.10.dev245+g4144cef28,203_21,gray_frequencies,0,172.8
2023-07-27,DEM,../DSMs/2023-07-27_DEM.tif,2025-11-19T16:07:43.612787Z,4.10.dev245+g4144cef28,203_21,gray_frequencies,0,185.60000000000002
2023-07-27,DEM,../DSMs/2023-07-27_DEM.tif,2025-11-19T16:07:43.612787Z,4.10.dev245+g4144cef28,203_21,gray_frequencies,0,198.4
2023-07-27,DEM,../DSMs/2023-07-27_DEM.tif,2025-11-19T16:07:43.612787Z,4.10.dev245+g4144cef28,203_21,gray_frequencies,0,211.20000000000002
2023-07-27,DEM,../DSMs/2023-07-27_DEM.tif,2025-11-19T16:07:43.612787Z,4.10.dev245+g4144cef28,203_21,gray_frequencies,0,224.0
2023-07-27,DEM,../DSMs/2023-07-27_DEM.tif,2025-11-19T16:07:43.612787Z,4.10.dev245+g4144cef28,203_21,gray_frequencies,0,236.8
2023-07-27,DEM,../DSMs/2023-07-27_DEM.tif,2025-11-19T16:07:43.612787Z,4.10.dev245+g4144cef28,203_21,gray_frequencies,0,249.60000000000002
2023-07-27,DEM,../DSMs/2023-07-27_DEM.tif,2025-11-19T16:07:43.612787Z,4.10.dev245+g4144cef28,803_22,gray_frequencies,0,6.4
2023-07-27,DEM,../DSMs/2023-07-27_DEM.tif,2025-11-19T16:07:43.612787Z,4.10.dev245+g4144cef28,803_22,gray_frequencies,0,19.200000000000003
2023-07-27,DEM,../DSMs/2023-07-27_DEM.tif,2025-11-19T16:07:43.612787Z,4.10.dev245+g4144cef28,803_22,gray_frequencies,0,32.0
2023-07-27,DEM,../DSMs/2023-07-27_DEM.tif,2025-11-19T16:07:43.612787Z,4.10.dev245+g4144cef28,803_22,gray_frequencies,0,44.800000000000004
2023-07-27,DEM,../DSMs/2023-07-27_DEM.tif,2025-11-19T16:07:43.612787Z,4.10.dev245+g4144cef28,803_22,gray_frequencies,0,57.6
2023-07-27,DEM,../DSMs/2023-07-27_DEM.tif,2025-11-19T16:07:43.612787Z,4.10.dev245+g4144cef28,803_22,gray_frequencies,0,70.4
2023-07-27,DEM,../DSMs/2023-07-27_DEM.tif,2025-11-19T16:07:43.612787Z,4.10.dev245+g4144cef28,803_22,gray_frequencies,0,83.20000000000002
2023-07-27,DEM,../DSMs/2023-07-27_DEM.tif,2025-11-19T16:07:43.612787Z,4.10.dev245+g4144cef28,803_22,gray_frequencies,2408,96.0
2023-07-27,DEM,../DSMs/2023-07-27_DEM.tif,2025-11-19T16:07:43.612787Z,4.10.dev245+g4144cef28,803_22,gray_frequencies,2282,108.80000000000001
2023-07-27,DEM,../DSMs/2023-07-27_DEM.tif,2025-11-19T16:07:43.612787Z,4.10.dev245+g4144cef28,803_22,gray_frequencies,1395,121.6
2023-07-27,DEM,../DSMs/2023-07-27_DEM.tif,2025-11-19T16:07:43.612787Z,4.10.dev245+g4144cef28,803_22,gray_frequencies,627,134.4
2023-07-27,DEM,../DSMs/2023-07-27_DEM.tif,2025-11-19T16:07:43.612787Z,4.10.dev245+g4144cef28,803_22,gray_frequencies,755,147.20000000000002
2023-07-27,DEM,../DSMs/2023-07-27_DEM.tif,2025-11-19T16:07:43.612787Z,4.10.dev245+g4144cef28,803_22,gray_frequencies,2605,160.0
2023-07-27,DEM,../DSMs/2023-07-27_DEM.tif,2025-11-19T16:07:43.612787Z,4.10.dev245+g4144cef28,803_22,gray_frequencies,7301,172.8
2023-07-27,DEM,../DSMs/2023-07-27_DEM.tif,2025-11-19T16:07:43.612787Z,4.10.dev245+g4144cef28,803_22,gray_frequencies,14,185.60000000000002
2023-07-27,DEM,../DSMs/2023-07-27_DEM.tif,2025-11-19T16:07:43.612787Z,4.10.dev245+g4144cef28,803_22,gray_frequencies,0,198.4
2023-07-27,DEM,../DSMs/2023-07-27_DEM.tif,2025-11-19T16:07:43.612787Z,4.10.dev245+g4144cef28,803_22,gray_frequencies,0,211.20000000000002
2023-07-27,DEM,../DSMs/2023-07-27_DEM.tif,2025-11-19T16:07:43.612787Z,4.10.dev245+g4144cef28,803_22,gray_frequencies,0,224.0
2023-07-27,DEM,../DSMs/2023-07-27_DEM.tif,2025-11-19T16:07:43.612787Z,4.10.dev245+g4144cef28,803_22,gray_frequencies,0,236.8
2023-07-27,DEM,../DSMs/2023-07-27_DEM.tif,2025-11-19T16:07:43.612787Z,4.10.dev245+g4144cef28,803_22,gray_frequencies,0,249.60000000000002
2023-07-27,DEM,../DSMs/2023-07-27_DEM.tif,2025-11-19T16:07:43.612787Z,4.10.dev245+g4144cef28,303_23,gray_frequencies,0,6.4
2023-07-27,DEM,../DSMs/2023-07-27_DEM.tif,2025-11-19T16:07:43.612787Z,4.10.dev245+g4144cef28,303_23,gray_frequencies,0,19.200000000000003
2023-07-27,DEM,../DSMs/2023-07-27_DEM.tif,2025-11-19T16:07:43.612787Z,4.10.dev245+g4144cef28,303_23,gray_frequencies,0,32.0
2023-07-27,DEM,../DSMs/2023-07-27_DEM.tif,2025-11-19T16:07:43.612787Z,4.10.dev245+g4144cef28,303_23,gray_frequencies,0,44.800000000000004
2023-07-27,DEM,../DSMs/2023-07-27_DEM.tif,2025-11-19T16:07:43.612787Z,4.10.dev245+g4144cef28,303_23,gray_frequencies,0,57.6
2023-07-27,DEM,../DSMs/2023-07-27_DEM.tif,2025-11-19T16:07:43.612787Z,4.10.dev245+g4144cef28,303_23,gray_frequencies,0,70.4
2023-07-27,DEM,../DSMs/2023-07-27_DEM.tif,2025-11-19T16:07:43.612787Z,4.10.dev245+g4144cef28,303_23,gray_frequencies,0,83.20000000000002
2023-07-27,DEM,../DSMs/2023-07-27_DEM.tif,2025-11-19T16:07:43.612787Z,4.10.dev245+g4144cef28,303_23,gray_frequencies,2055,96.0
2023-07-27,DEM,../DSMs/2023-07-27_DEM.tif,2025-11-19T16:07:43.612787Z,4.10.dev245+g4144cef28,303_23,gray_frequencies,3940,108.80000000000001
2023-07-27,DEM,../DSMs/2023-07-27_DEM.tif,2025-11-19T16:07:43.612787Z,4.10.dev245+g4144cef28,303_23,gray_frequencies,1523,121.6
2023-07-27,DEM,../DSMs/2023-07-27_DEM.tif,2025-11-19T16:07:43.612787Z,4.10.dev245+g4144cef28,303_23,gray_frequencies,1393,134.4
2023-07-27,DEM,../DSMs/2023-07-27_DEM.tif,2025-11-19T16:07:43.612787Z,4.10.dev245+g4144cef28,303_23,gray_frequencies,2307,147.20000000000002
2023-07-27,DEM,../DSMs/2023-07-27_DEM.tif,2025-11-19T16:07:43.612787Z,4.10.dev245+g4144cef28,303_23,gray_frequencies,2356,160.0
2023-07-27,DEM,../DSMs/2023-07-27_DEM.tif,2025-11-19T16:07:43.612787Z,4.10.dev245+g4144cef28,303_23,gray_frequencies,3015,172.8
2023-07-27,DEM,../DSMs/2023-07-27_DEM.tif,2025-11-19T16:07:43.612787Z,4.10.dev245+g4144cef28,303_23,gray_frequencies,2700,185.60000000000002
2023-07-27,DEM,../DSMs/2023-07-27_DEM.tif,2025-11-19T16:07:43.612787Z,4.10.dev245+g4144cef28,303_23,gray_frequencies,246,198.4
2023-07-27,DEM,../DSMs/2023-07-27_DEM.tif,2025-11-19T16:07:43.612787Z,4.10.dev245+g4144cef28,303_23,gray_frequencies,0,211.20000000000002
2023-07-27,DEM,../DSMs/2023-07-27_DEM.tif,2025-11-19T16:07:43.612787Z,4.10.dev245+g4144cef28,303_23,gray_frequencies,0,224.0
2023-07-27,DEM,../DSMs/2023-07-27_DEM.tif,2025-11-19T16:07:43.612787Z,4.10.dev245+g4144cef28,303_23,gray_frequencies,0,236.8
2023-07-27,DEM,../DSMs/2023-07-27_DEM.tif,2025-11-19T16:07:43.612787Z,4.10.dev245+g4144cef28,303_23,gray_frequencies,0,249.60000000000002
2023-07-27,DEM,../DSMs/2023-07-27_DEM.tif,2025-11-19T16:07:43.612787Z,4.10.dev245+g4144cef28,903_24,gray_frequencies,0,6.4
2023-07-27,DEM,../DSMs/2023-07-27_DEM.tif,2025-11-19T16:07:43.612787Z,4.10.dev245+g4144cef28,903_24,gray_frequencies,0,19.200000000000003
2023-07-27,DEM,../DSMs/2023-07-27_DEM.tif,2025-11-19T16:07:43.612787Z,4.10.dev245+g4144cef28,903_24,gray_frequencies,0,32.0
2023-07-27,DEM,../DSMs/2023-07-27_DEM.tif,2025-11-19T16:07:43.612787Z,4.10.dev245+g4144cef28,903_24,gray_frequencies,0,44.800000000000004
2023-07-27,DEM,../DSMs/2023-07-27_DEM.tif,2025-11-19T16:07:43.612787Z,4.10.dev245+g4144cef28,903_24,gray_frequencies,0,57.6
2023-07-27,DEM,../DSMs/2023-07-27_DEM.tif,2025-11-19T16:07:43.612787Z,4.10.dev245+g4144cef28,903_24,gray_frequencies,0,70.4
2023-07-27,DEM,../DSMs/2023-07-27_DEM.tif,2025-11-19T16:07:43.612787Z,4.10.dev245+g4144cef28,903_24,gray_frequencies,577,83.20000000000002
2023-07-27,DEM,../DSMs/2023-07-27_DEM.tif,2025-11-19T16:07:43.612787Z,4.10.dev245+g4144cef28,903_24,gray_frequencies,2868,96.0
2023-07-27,DEM,../DSMs/2023-07-27_DEM.tif,2025-11-19T16:07:43.612787Z,4.10.dev245+g4144cef28,903_24,gray_frequencies,3063,108.80000000000001
2023-07-27,DEM,../DSMs/2023-07-27_DEM.tif,2025-11-19T16:07:43.612787Z,4.10.dev245+g4144cef28,903_24,gray_frequencies,1094,121.6
2023-07-27,DEM,../DSMs/2023-07-27_DEM.tif,2025-11-19T16:07:43.612787Z,4.10.dev245+g4144cef28,903_24,gray_frequencies,2040,134.4
2023-07-27,DEM,../DSMs/2023-07-27_DEM.tif,2025-11-19T16:07:43.612787Z,4.10.dev245+g4144cef28,903_24,gray_frequencies,2734,147.20000000000002
2023-07-27,DEM,../DSMs/2023-07-27_DEM.tif,2025-11-19T16:07:43.612787Z,4.10.dev245+g4144cef28,903_24,gray_frequencies,2640,160.0
2023-07-27,DEM,../DSMs/2023-07-27_DEM.tif,2025-11-19T16:07:43.612787Z,4.10.dev245+g4144cef28,903_24,gray_frequencies,2702,172.8
2023-07-27,DEM,../DSMs/2023-07-27_DEM.tif,2025-11-19T16:07:43.612787Z,4.10.dev245+g4144cef28,903_24,gray_frequencies,1111,185.60000000000002
2023-07-27,DEM,../DSMs/2023-07-27_DEM.tif,2025-11-19T16:07:43.612787Z,4.10.dev245+g4144cef28,903_24,gray_frequencies,19,198.4
2023-07-27,DEM,../DSMs/2023-07-27_DEM.tif,2025-11-19T16:07:43.612787Z,4.10.dev245+g4144cef28,903_24,gray_frequencies,0,211.20000000000002
2023-07-27,DEM,../DSMs/2023-07-27_DEM.tif,2025-11-19T16:07:43.612787Z,4.10.dev245+g4144cef28,903_24,gray_frequencies,0,224.0
2023-07-27,DEM,../DSMs/2023-07-27_DEM.tif,2025-11-19T16:07:43.612787Z,4.10.dev245+g4144cef28,903_24,gray_frequencies,0,236.8
2023-07-27,DEM,../DSMs/2023-07-27_DEM.tif,2025-11-19T16:07:43.612787Z,4.10.dev245+g4144cef28,903_24,gray_frequencies,0,249.60000000000002
2023-07-27,DEM,../DSMs/2023-07-27_DEM.tif,2025-11-19T16:07:43.612787Z,4.10.dev245+g4144cef28,403_25,gray_frequencies,0,6.4
2023-07-27,DEM,../DSMs/2023-07-27_DEM.tif,2025-11-19T16:07:43.612787Z,4.10.dev245+g4144cef28,403_25,gray_frequencies,0,19.200000000000003
2023-07-27,DEM,../DSMs/2023-07-27_DEM.tif,2025-11-19T16:07:43.612787Z,4.10.dev245+g4144cef28,403_25,gray_frequencies,0,32.0
2023-07-27,DEM,../DSMs/2023-07-27_DEM.tif,2025-11-19T16:07:43.612787Z,4.10.dev245+g4144cef28,403_25,gray_frequencies,0,44.800000000000004
2023-07-27,DEM,../DSMs/2023-07-27_DEM.tif,2025-11-19T16:07:43.612787Z,4.10.dev245+g4144cef28,403_25,gray_frequencies,0,57.6
2023-07-27,DEM,../DSMs/2023-07-27_DEM.tif,2025-11-19T16:07:43.612787Z,4.10.dev245+g4144cef28,403_25,gray_frequencies,0,70.4
2023-07-27,DEM,../DSMs/2023-07-27_DEM.tif,2025-11-19T16:07:43.612787Z,4.10.dev245+g4144cef28,403_25,gray_frequencies,0,83.20000000000002
2023-07-27,DEM,../DSMs/2023-07-27_DEM.tif,2025-11-19T16:07:43.612787Z,4.10.dev245+g4144cef28,403_25,gray_frequencies,0,96.0
2023-07-27,DEM,../DSMs/2023-07-27_DEM.tif,2025-11-19T16:07:43.612787Z,4.10.dev245+g4144cef28,403_25,gray_frequencies,234,108.80000000000001
2023-07-27,DEM,../DSMs/2023-07-27_DEM.tif,2025-11-19T16:07:43.612787Z,4.10.dev245+g4144cef28,403_25,gray_frequencies,3307,121.6
2023-07-27,DEM,../DSMs/2023-07-27_DEM.tif,2025-11-19T16:07:43.612787Z,4.10.dev245+g4144cef28,403_25,gray_frequencies,3163,134.4
2023-07-27,DEM,../DSMs/2023-07-27_DEM.tif,2025-11-19T16:07:43.612787Z,4.10.dev245+g4144cef28,403_25,gray_frequencies,940,147.20000000000002
2023-07-27,DEM,../DSMs/2023-07-27_DEM.tif,2025-11-19T16:07:43.612787Z,4.10.dev245+g4144cef28,403_25,gray_frequencies,645,160.0
2023-07-27,DEM,../DSMs/2023-07-27_DEM.tif,2025-11-19T16:07:43.612787Z,4.10.dev245+g4144cef28,403_25,gray_frequencies,750,172.8
2023-07-27,DEM,../DSMs/2023-07-27_DEM.tif,2025-11-19T16:07:43.612787Z,4.10.dev245+g4144cef28,403_25,gray_frequencies,853,185.60000000000002
2023-07-27,DEM,../DSMs/2023-07-27_DEM.tif,2025-11-19T16:07:43.612787Z,4.10.dev245+g4144cef28,403_25,gray_frequencies,2591,198.4
2023-07-27,DEM,../DSMs/2023-07-27_DEM.tif,2025-11-19T16:07:43.612787Z,4.10.dev245+g4144cef28,403_25,gray_frequencies,6055,211.20000000000002
2023-07-27,DEM,../DSMs/2023-07-27_DEM.tif,2025-11-19T16:07:43.612787Z,4.10.dev245+g4144cef28,403_25,gray_frequencies,842,224.0
2023-07-27,DEM,../DSMs/2023-07-27_DEM.tif,2025-11-19T16:07:43.612787Z,4.10.dev245+g4144cef28,403_25,gray_frequencies,0,236.8
2023-07-27,DEM,../DSMs/2023-07-27_DEM.tif,2025-11-19T16:07:43.612787Z,4.10.dev245+g4144cef28,403_25,gray_frequencies,0,249.60000000000002
2023-07-27,DEM,../DSMs/2023-07-27_DEM.tif,2025-11-19T16:07:43.612787Z,4.10.dev245+g4144cef28,503_26,gray_frequencies,0,6.4
2023-07-27,DEM,../DSMs/2023-07-27_DEM.tif,2025-11-19T16:07:43.612787Z,4.10.dev245+g4144cef28,503_26,gray_frequencies,0,19.200000000000003
2023-07-27,DEM,../DSMs/2023-07-27_DEM.tif,2025-11-19T16:07:43.612787Z,4.10.dev245+g4144cef28,503_26,gray_frequencies,0,32.0
2023-07-27,DEM,../DSMs/2023-07-27_DEM.tif,2025-11-19T16:07:43.612787Z,4.10.dev245+g4144cef28,503_26,gray_frequencies,0,44.800000000000004
2023-07-27,DEM,../DSMs/2023-07-27_DEM.tif,2025-11-19T16:07:43.612787Z,4.10.dev245+g4144cef28,503_26,gray_frequencies,0,57.6
2023-07-27,DEM,../DSMs/2023-07-27_DEM.tif,2025-11-19T16:07:43.612787Z,4.10.dev245+g4144cef28,503_26,gray_frequencies,0,70.4
2023-07-27,DEM,../DSMs/2023-07-27_DEM.tif,2025-11-19T16:07:43.612787Z,4.10.dev245+g4144cef28,503_26,gray_frequencies,0,83.20000000000002
2023-07-27,DEM,../DSMs/2023-07-27_DEM.tif,2025-11-19T16:07:43.612787Z,4.10.dev245+g4144cef28,503_26,gray_frequencies,0,96.0
2023-07-27,DEM,../DSMs/2023-07-27_DEM.tif,2025-11-19T16:07:43.612787Z,4.10.dev245+g4144cef28,503_26,gray_frequencies,1571,108.80000000000001
2023-07-27,DEM,../DSMs/2023-07-27_DEM.tif,2025-11-19T16:07:43.612787Z,4.10.dev245+g4144cef28,503_26,gray_frequencies,3203,121.6
2023-07-27,DEM,../DSMs/2023-07-27_DEM.tif,2025-11-19T16:07:43.612787Z,4.10.dev245+g4144cef28,503_26,gray_frequencies,2522,134.4
2023-07-27,DEM,../DSMs/2023-07-27_DEM.tif,2025-11-19T16:07:43.612787Z,4.10.dev245+g4144cef28,503_26,gray_frequencies,861,147.20000000000002
2023-07-27,DEM,../DSMs/2023-07-27_DEM.tif,2025-11-19T16:07:43.612787Z,4.10.dev245+g4144cef28,503_26,gray_frequencies,731,160.0
2023-07-27,DEM,../DSMs/2023-07-27_DEM.tif,2025-11-19T16:07:43.612787Z,4.10.dev245+g4144cef28,503_26,gray_frequencies,968,172.8
2023-07-27,DEM,../DSMs/2023-07-27_DEM.tif,2025-11-19T16:07:43.612787Z,4.10.dev245+g4144cef28,503_26,gray_frequencies,1789,185.60000000000002
2023-07-27,DEM,../DSMs/2023-07-27_DEM.tif,2025-11-19T16:07:43.612787Z,4.10.dev245+g4144cef28,503_26,gray_frequencies,4136,198.4
2023-07-27,DEM,../DSMs/2023-07-27_DEM.tif,2025-11-19T16:07:43.612787Z,4.10.dev245+g4144cef28,503_26,gray_frequencies,3313,211.20000000000002
2023-07-27,DEM,../DSMs/2023-07-27_DEM.tif,2025-11-19T16:07:43.612787Z,4.10.dev245+g4144cef28,503_26,gray_frequencies,0,224.0
2023-07-27,DEM,../DSMs/2023-07-27_DEM.tif,2025-11-19T16:07:43.612787Z,4.10.dev245+g4144cef28,503_26,gray_frequencies,0,236.8
2023-07-27,DEM,../DSMs/2023-07-27_DEM.tif,2025-11-19T16:07:43.612787Z,4.10.dev245+g4144cef28,503_26,gray_frequencies,0,249.60000000000002
2023-07-27,DEM,../DSMs/2023-07-27_DEM.tif,2025-11-19T16:07:43.612787Z,4.10.dev245+g4144cef28,603_27,gray_frequencies,0,6.4
2023-07-27,DEM,../DSMs/2023-07-27_DEM.tif,2025-11-19T16:07:43.612787Z,4.10.dev245+g4144cef28,603_27,gray_frequencies,0,19.200000000000003
2023-07-27,DEM,../DSMs/2023-07-27_DEM.tif,2025-11-19T16:07:43.612787Z,4.10.dev245+g4144cef28,603_27,gray_frequencies,0,32.0
2023-07-27,DEM,../DSMs/2023-07-27_DEM.tif,2025-11-19T16:07:43.612787Z,4.10.dev245+g4144cef28,603_27,gray_frequencies,0,44.800000000000004
2023-07-27,DEM,../DSMs/2023-07-27_DEM.tif,2025-11-19T16:07:43.612787Z,4.10.dev245+g4144cef28,603_27,gray_frequencies,0,57.6
2023-07-27,DEM,../DSMs/2023-07-27_DEM.tif,2025-11-19T16:07:43.612787Z,4.10.dev245+g4144cef28,603_27,gray_frequencies,0,70.4
2023-07-27,DEM,../DSMs/2023-07-27_DEM.tif,2025-11-19T16:07:43.612787Z,4.10.dev245+g4144cef28,603_27,gray_frequencies,0,83.20000000000002
2023-07-27,DEM,../DSMs/2023-07-27_DEM.tif,2025-11-19T16:07:43.612787Z,4.10.dev245+g4144cef28,603_27,gray_frequencies,0,96.0
2023-07-27,DEM,../DSMs/2023-07-27_DEM.tif,2025-11-19T16:07:43.612787Z,4.10.dev245+g4144cef28,603_27,gray_frequencies,2949,108.80000000000001
2023-07-27,DEM,../DSMs/2023-07-27_DEM.tif,2025-11-19T16:07:43.612787Z,4.10.dev245+g4144cef28,603_27,gray_frequencies,2738,121.6
2023-07-27,DEM,../DSMs/2023-07-27_DEM.tif,2025-11-19T16:07:43.612787Z,4.10.dev245+g4144cef28,603_27,gray_frequencies,1684,134.4
2023-07-27,DEM,../DSMs/2023-07-27_DEM.tif,2025-11-19T16:07:43.612787Z,4.10.dev245+g4144cef28,603_27,gray_frequencies,777,147.20000000000002
2023-07-27,DEM,../DSMs/2023-07-27_DEM.tif,2025-11-19T16:07:43.612787Z,4.10.dev245+g4144cef28,603_27,gray_frequencies,744,160.0
2023-07-27,DEM,../DSMs/2023-07-27_DEM.tif,2025-11-19T16:07:43.612787Z,4.10.dev245+g4144cef28,603_27,gray_frequencies,1157,172.8
2023-07-27,DEM,../DSMs/2023-07-27_DEM.tif,2025-11-19T16:07:43.612787Z,4.10.dev245+g4144cef28,603_27,gray_frequencies,2841,185.60000000000002
2023-07-27,DEM,../DSMs/2023-07-27_DEM.tif,2025-11-19T16:07:43.612787Z,4.10.dev245+g4144cef28,603_27,gray_frequencies,5203,198.4
2023-07-27,DEM,../DSMs/2023-07-27_DEM.tif,2025-11-19T16:07:43.612787Z,4.10.dev245+g4144cef28,603_27,gray_frequencies,248,211.20000000000002
2023-07-27,DEM,../DSMs/2023-07-27_DEM.tif,2025-11-19T16:07:43.612787Z,4.10.dev245+g4144cef28,603_27,gray_frequencies,0,224.0
2023-07-27,DEM,../DSMs/2023-07-27_DEM.tif,2025-11-19T16:07:43.612787Z,4.10.dev245+g4144cef28,603_27,gray_frequencies,0,236.8
2023-07-27,DEM,../DSMs/2023-07-27_DEM.tif,2025-11-19T16:07:43.612787Z,4.10.dev245+g4144cef28,603_27,gray_frequencies,0,249.60000000000002
2023-08-31,DEM,../DSMs/2023-08-31_DEM.tif,2025-11-19T16:07:58.650795Z,4.10.dev245+g4144cef28,default_101,gray_frequencies,NA,NA
2023-08-31,DEM,../DSMs/2023-08-31_DEM.tif,2025-11-19T16:07:58.650795Z,4.10.dev245+g4144cef28,default_201,gray_frequencies,NA,NA
2023-08-31,DEM,../DSMs/2023-08-31_DEM.tif,2025-11-19T16:07:58.650795Z,4.10.dev245+g4144cef28,default_301,gray_frequencies,NA,NA
2023-08-31,DEM,../DSMs/2023-08-31_DEM.tif,2025-11-19T16:07:58.650795Z,4.10.dev245+g4144cef28,default_401,gray_frequencies,NA,NA
2023-08-31,DEM,../DSMs/2023-08-31_DEM.tif,2025-11-19T16:07:58.650795Z,4.10.dev245+g4144cef28,default_501,gray_frequencies,NA,NA
2023-08-31,DEM,../DSMs/2023-08-31_DEM.tif,2025-11-19T16:07:58.650795Z,4.10.dev245+g4144cef28,default_901,gray_frequencies,NA,NA
2023-08-31,DEM,../DSMs/2023-08-31_DEM.tif,2025-11-19T16:07:58.650795Z,4.10.dev245+g4144cef28,default_701,gray_frequencies,NA,NA
2023-08-31,DEM,../DSMs/2023-08-31_DEM.tif,2025-11-19T16:07:58.650795Z,4.10.dev245+g4144cef28,default_801,gray_frequencies,NA,NA
2023-08-31,DEM,../DSMs/2023-08-31_DEM.tif,2025-11-19T16:07:58.650795Z,4.10.dev245+g4144cef28,default_601,gray_frequencies,NA,NA
2023-08-31,DEM,../DSMs/2023-08-31_DEM.tif,2025-11-19T16:07:58.650795Z,4.10.dev245+g4144cef28,default_502,gray_frequencies,NA,NA
2023-08-31,DEM,../DSMs/2023-08-31_DEM.tif,2025-11-19T16:07:58.650795Z,4.10.dev245+g4144cef28,default_402,gray_frequencies,NA,NA
2023-08-31,DEM,../DSMs/2023-08-31_DEM.tif,2025-11-19T16:07:58.650795Z,4.10.dev245+g4144cef28,default_102,gray_frequencies,NA,NA
2023-08-31,DEM,../DSMs/2023-08-31_DEM.tif,2025-11-19T16:07:58.650795Z,4.10.dev245+g4144cef28,default_702,gray_frequencies,NA,NA
2023-08-31,DEM,../DSMs/2023-08-31_DEM.tif,2025-11-19T16:07:58.650795Z,4.10.dev245+g4144cef28,default_202,gray_frequencies,NA,NA
2023-08-31,DEM,../DSMs/2023-08-31_DEM.tif,2025-11-19T16:07:58.650795Z,4.10.dev245+g4144cef28,default_602,gray_frequencies,NA,NA
2023-08-31,DEM,../DSMs/2023-08-31_DEM.tif,2025-11-19T16:07:58.650795Z,4.10.dev245+g4144cef28,default_802,gray_frequencies,NA,NA
2023-08-31,DEM,../DSMs/2023-08-31_DEM.tif,2025-11-19T16:07:58.650795Z,4.10.dev245+g4144cef28,default_302,gray_frequencies,NA,NA
2023-08-31,DEM,../DSMs/2023-08-31_DEM.tif,2025-11-19T16:07:58.650795Z,4.10.dev245+g4144cef28,default_902,gray_frequencies,NA,NA
2023-08-31,DEM,../DSMs/2023-08-31_DEM.tif,2025-11-19T16:07:58.650795Z,4.10.dev245+g4144cef28,default_703,gray_frequencies,NA,NA
2023-08-31,DEM,../DSMs/2023-08-31_DEM.tif,2025-11-19T16:07:58.650795Z,4.10.dev245+g4144cef28,default_103,gray_frequencies,NA,NA
2023-08-31,DEM,../DSMs/2023-08-31_DEM.tif,2025-11-19T16:07:58.650795Z,4.10.dev245+g4144cef28,default_203,gray_frequencies,NA,NA
2023-08-31,DEM,../DSMs/2023-08-31_DEM.tif,2025-11-19T16:07:58.650795Z,4.10.dev245+g4144cef28,default_803,gray_frequencies,NA,NA
2023-08-31,DEM,../DSMs/2023-08-31_DEM.tif,2025-11-19T16:07:58.650795Z,4.10.dev245+g4144cef28,default_303,gray_frequencies,NA,NA
2023-08-31,DEM,../DSMs/2023-08-31_DEM.tif,2025-11-19T16:07:58.650795Z,4.10.dev245+g4144cef28,default_903,gray_frequencies,NA,NA
2023-08-31,DEM,../DSMs/2023-08-31_DEM.tif,2025-11-19T16:07:58.650795Z,4.10.dev245+g4144cef28,default_403,gray_frequencies,NA,NA
2023-08-31,DEM,../DSMs/2023-08-31_DEM.tif,2025-11-19T16:07:58.650795Z,4.10.dev245+g4144cef28,default_503,gray_frequencies,NA,NA
2023-08-31,DEM,../DSMs/2023-08-31_DEM.tif,2025-11-19T16:07:58.650795Z,4.10.dev245+g4144cef28,default_603,gray_frequencies,NA,NA
2023-08-31,DEM,../DSMs/2023-08-31_DEM.tif,2025-11-19T16:07:58.650795Z,4.10.dev245+g4144cef28,101_1,gray_frequencies,0,6.4
2023-08-31,DEM,../DSMs/2023-08-31_DEM.tif,2025-11-19T16:07:58.650795Z,4.10.dev245+g4144cef28,101_1,gray_frequencies,0,19.200000000000003
2023-08-31,DEM,../DSMs/2023-08-31_DEM.tif,2025-11-19T16:07:58.650795Z,4.10.dev245+g4144cef28,101_1,gray_frequencies,0,32.0
2023-08-31,DEM,../DSMs/2023-08-31_DEM.tif,2025-11-19T16:07:58.650795Z,4.10.dev245+g4144cef28,101_1,gray_frequencies,0,44.800000000000004
2023-08-31,DEM,../DSMs/2023-08-31_DEM.tif,2025-11-19T16:07:58.650795Z,4.10.dev245+g4144cef28,101_1,gray_frequencies,0,57.6
2023-08-31,DEM,../DSMs/2023-08-31_DEM.tif,2025-11-19T16:07:58.650795Z,4.10.dev245+g4144cef28,101_1,gray_frequencies,0,70.4
2023-08-31,DEM,../DSMs/2023-08-31_DEM.tif,2025-11-19T16:07:58.650795Z,4.10.dev245+g4144cef28,101_1,gray_frequencies,98,83.20000000000002
2023-08-31,DEM,../DSMs/2023-08-31_DEM.tif,2025-11-19T16:07:58.650795Z,4.10.dev245+g4144cef28,101_1,gray_frequencies,2293,96.0
2023-08-31,DEM,../DSMs/2023-08-31_DEM.tif,2025-11-19T16:07:58.650795Z,4.10.dev245+g4144cef28,101_1,gray_frequencies,1867,108.80000000000001
2023-08-31,DEM,../DSMs/2023-08-31_DEM.tif,2025-11-19T16:07:58.650795Z,4.10.dev245+g4144cef28,101_1,gray_frequencies,3646,121.6
2023-08-31,DEM,../DSMs/2023-08-31_DEM.tif,2025-11-19T16:07:58.650795Z,4.10.dev245+g4144cef28,101_1,gray_frequencies,4220,134.4
2023-08-31,DEM,../DSMs/2023-08-31_DEM.tif,2025-11-19T16:07:58.650795Z,4.10.dev245+g4144cef28,101_1,gray_frequencies,3097,147.20000000000002
2023-08-31,DEM,../DSMs/2023-08-31_DEM.tif,2025-11-19T16:07:58.650795Z,4.10.dev245+g4144cef28,101_1,gray_frequencies,1499,160.0
2023-08-31,DEM,../DSMs/2023-08-31_DEM.tif,2025-11-19T16:07:58.650795Z,4.10.dev245+g4144cef28,101_1,gray_frequencies,268,172.8
2023-08-31,DEM,../DSMs/2023-08-31_DEM.tif,2025-11-19T16:07:58.650795Z,4.10.dev245+g4144cef28,101_1,gray_frequencies,117,185.60000000000002
2023-08-31,DEM,../DSMs/2023-08-31_DEM.tif,2025-11-19T16:07:58.650795Z,4.10.dev245+g4144cef28,101_1,gray_frequencies,3,198.4
2023-08-31,DEM,../DSMs/2023-08-31_DEM.tif,2025-11-19T16:07:58.650795Z,4.10.dev245+g4144cef28,101_1,gray_frequencies,0,211.20000000000002
2023-08-31,DEM,../DSMs/2023-08-31_DEM.tif,2025-11-19T16:07:58.650795Z,4.10.dev245+g4144cef28,101_1,gray_frequencies,0,224.0
2023-08-31,DEM,../DSMs/2023-08-31_DEM.tif,2025-11-19T16:07:58.650795Z,4.10.dev245+g4144cef28,101_1,gray_frequencies,0,236.8
2023-08-31,DEM,../DSMs/2023-08-31_DEM.tif,2025-11-19T16:07:58.650795Z,4.10.dev245+g4144cef28,101_1,gray_frequencies,0,249.60000000000002
2023-08-31,DEM,../DSMs/2023-08-31_DEM.tif,2025-11-19T16:07:58.650795Z,4.10.dev245+g4144cef28,201_2,gray_frequencies,0,6.4
2023-08-31,DEM,../DSMs/2023-08-31_DEM.tif,2025-11-19T16:07:58.650795Z,4.10.dev245+g4144cef28,201_2,gray_frequencies,0,19.200000000000003
2023-08-31,DEM,../DSMs/2023-08-31_DEM.tif,2025-11-19T16:07:58.650795Z,4.10.dev245+g4144cef28,201_2,gray_frequencies,0,32.0
2023-08-31,DEM,../DSMs/2023-08-31_DEM.tif,2025-11-19T16:07:58.650795Z,4.10.dev245+g4144cef28,201_2,gray_frequencies,0,44.800000000000004
2023-08-31,DEM,../DSMs/2023-08-31_DEM.tif,2025-11-19T16:07:58.650795Z,4.10.dev245+g4144cef28,201_2,gray_frequencies,0,57.6
2023-08-31,DEM,../DSMs/2023-08-31_DEM.tif,2025-11-19T16:07:58.650795Z,4.10.dev245+g4144cef28,201_2,gray_frequencies,0,70.4
2023-08-31,DEM,../DSMs/2023-08-31_DEM.tif,2025-11-19T16:07:58.650795Z,4.10.dev245+g4144cef28,201_2,gray_frequencies,0,83.20000000000002
2023-08-31,DEM,../DSMs/2023-08-31_DEM.tif,2025-11-19T16:07:58.650795Z,4.10.dev245+g4144cef28,201_2,gray_frequencies,2042,96.0
2023-08-31,DEM,../DSMs/2023-08-31_DEM.tif,2025-11-19T16:07:58.650795Z,4.10.dev245+g4144cef28,201_2,gray_frequencies,715,108.80000000000001
2023-08-31,DEM,../DSMs/2023-08-31_DEM.tif,2025-11-19T16:07:58.650795Z,4.10.dev245+g4144cef28,201_2,gray_frequencies,1371,121.6
2023-08-31,DEM,../DSMs/2023-08-31_DEM.tif,2025-11-19T16:07:58.650795Z,4.10.dev245+g4144cef28,201_2,gray_frequencies,1126,134.4
2023-08-31,DEM,../DSMs/2023-08-31_DEM.tif,2025-11-19T16:07:58.650795Z,4.10.dev245+g4144cef28,201_2,gray_frequencies,1573,147.20000000000002
2023-08-31,DEM,../DSMs/2023-08-31_DEM.tif,2025-11-19T16:07:58.650795Z,4.10.dev245+g4144cef28,201_2,gray_frequencies,2604,160.0
2023-08-31,DEM,../DSMs/2023-08-31_DEM.tif,2025-11-19T16:07:58.650795Z,4.10.dev245+g4144cef28,201_2,gray_frequencies,4731,172.8
2023-08-31,DEM,../DSMs/2023-08-31_DEM.tif,2025-11-19T16:07:58.650795Z,4.10.dev245+g4144cef28,201_2,gray_frequencies,1630,185.60000000000002
2023-08-31,DEM,../DSMs/2023-08-31_DEM.tif,2025-11-19T16:07:58.650795Z,4.10.dev245+g4144cef28,201_2,gray_frequencies,0,198.4
2023-08-31,DEM,../DSMs/2023-08-31_DEM.tif,2025-11-19T16:07:58.650795Z,4.10.dev245+g4144cef28,201_2,gray_frequencies,0,211.20000000000002
2023-08-31,DEM,../DSMs/2023-08-31_DEM.tif,2025-11-19T16:07:58.650795Z,4.10.dev245+g4144cef28,201_2,gray_frequencies,0,224.0
2023-08-31,DEM,../DSMs/2023-08-31_DEM.tif,2025-11-19T16:07:58.650795Z,4.10.dev245+g4144cef28,201_2,gray_frequencies,0,236.8
2023-08-31,DEM,../DSMs/2023-08-31_DEM.tif,2025-11-19T16:07:58.650795Z,4.10.dev245+g4144cef28,201_2,gray_frequencies,0,249.60000000000002
2023-08-31,DEM,../DSMs/2023-08-31_DEM.tif,2025-11-19T16:07:58.650795Z,4.10.dev245+g4144cef28,301_3,gray_frequencies,0,6.4
2023-08-31,DEM,../DSMs/2023-08-31_DEM.tif,2025-11-19T16:07:58.650795Z,4.10.dev245+g4144cef28,301_3,gray_frequencies,0,19.200000000000003
2023-08-31,DEM,../DSMs/2023-08-31_DEM.tif,2025-11-19T16:07:58.650795Z,4.10.dev245+g4144cef28,301_3,gray_frequencies,0,32.0
2023-08-31,DEM,../DSMs/2023-08-31_DEM.tif,2025-11-19T16:07:58.650795Z,4.10.dev245+g4144cef28,301_3,gray_frequencies,0,44.800000000000004
2023-08-31,DEM,../DSMs/2023-08-31_DEM.tif,2025-11-19T16:07:58.650795Z,4.10.dev245+g4144cef28,301_3,gray_frequencies,0,57.6
2023-08-31,DEM,../DSMs/2023-08-31_DEM.tif,2025-11-19T16:07:58.650795Z,4.10.dev245+g4144cef28,301_3,gray_frequencies,0,70.4
2023-08-31,DEM,../DSMs/2023-08-31_DEM.tif,2025-11-19T16:07:58.650795Z,4.10.dev245+g4144cef28,301_3,gray_frequencies,497,83.20000000000002
2023-08-31,DEM,../DSMs/2023-08-31_DEM.tif,2025-11-19T16:07:58.650795Z,4.10.dev245+g4144cef28,301_3,gray_frequencies,1985,96.0
2023-08-31,DEM,../DSMs/2023-08-31_DEM.tif,2025-11-19T16:07:58.650795Z,4.10.dev245+g4144cef28,301_3,gray_frequencies,1388,108.80000000000001
2023-08-31,DEM,../DSMs/2023-08-31_DEM.tif,2025-11-19T16:07:58.650795Z,4.10.dev245+g4144cef28,301_3,gray_frequencies,2805,121.6
2023-08-31,DEM,../DSMs/2023-08-31_DEM.tif,2025-11-19T16:07:58.650795Z,4.10.dev245+g4144cef28,301_3,gray_frequencies,4182,134.4
2023-08-31,DEM,../DSMs/2023-08-31_DEM.tif,2025-11-19T16:07:58.650795Z,4.10.dev245+g4144cef28,301_3,gray_frequencies,3109,147.20000000000002
2023-08-31,DEM,../DSMs/2023-08-31_DEM.tif,2025-11-19T16:07:58.650795Z,4.10.dev245+g4144cef28,301_3,gray_frequencies,2108,160.0
2023-08-31,DEM,../DSMs/2023-08-31_DEM.tif,2025-11-19T16:07:58.650795Z,4.10.dev245+g4144cef28,301_3,gray_frequencies,329,172.8
2023-08-31,DEM,../DSMs/2023-08-31_DEM.tif,2025-11-19T16:07:58.650795Z,4.10.dev245+g4144cef28,301_3,gray_frequencies,0,185.60000000000002
2023-08-31,DEM,../DSMs/2023-08-31_DEM.tif,2025-11-19T16:07:58.650795Z,4.10.dev245+g4144cef28,301_3,gray_frequencies,0,198.4
2023-08-31,DEM,../DSMs/2023-08-31_DEM.tif,2025-11-19T16:07:58.650795Z,4.10.dev245+g4144cef28,301_3,gray_frequencies,0,211.20000000000002
2023-08-31,DEM,../DSMs/2023-08-31_DEM.tif,2025-11-19T16:07:58.650795Z,4.10.dev245+g4144cef28,301_3,gray_frequencies,0,224.0
2023-08-31,DEM,../DSMs/2023-08-31_DEM.tif,2025-11-19T16:07:58.650795Z,4.10.dev245+g4144cef28,301_3,gray_frequencies,0,236.8
2023-08-31,DEM,../DSMs/2023-08-31_DEM.tif,2025-11-19T16:07:58.650795Z,4.10.dev245+g4144cef28,301_3,gray_frequencies,0,249.60000000000002
2023-08-31,DEM,../DSMs/2023-08-31_DEM.tif,2025-11-19T16:07:58.650795Z,4.10.dev245+g4144cef28,401_4,gray_frequencies,0,6.4
2023-08-31,DEM,../DSMs/2023-08-31_DEM.tif,2025-11-19T16:07:58.650795Z,4.10.dev245+g4144cef28,401_4,gray_frequencies,0,19.200000000000003
2023-08-31,DEM,../DSMs/2023-08-31_DEM.tif,2025-11-19T16:07:58.650795Z,4.10.dev245+g4144cef28,401_4,gray_frequencies,0,32.0
2023-08-31,DEM,../DSMs/2023-08-31_DEM.tif,2025-11-19T16:07:58.650795Z,4.10.dev245+g4144cef28,401_4,gray_frequencies,0,44.800000000000004
2023-08-31,DEM,../DSMs/2023-08-31_DEM.tif,2025-11-19T16:07:58.650795Z,4.10.dev245+g4144cef28,401_4,gray_frequencies,0,57.6
2023-08-31,DEM,../DSMs/2023-08-31_DEM.tif,2025-11-19T16:07:58.650795Z,4.10.dev245+g4144cef28,401_4,gray_frequencies,0,70.4
2023-08-31,DEM,../DSMs/2023-08-31_DEM.tif,2025-11-19T16:07:58.650795Z,4.10.dev245+g4144cef28,401_4,gray_frequencies,0,83.20000000000002
2023-08-31,DEM,../DSMs/2023-08-31_DEM.tif,2025-11-19T16:07:58.650795Z,4.10.dev245+g4144cef28,401_4,gray_frequencies,0,96.0
2023-08-31,DEM,../DSMs/2023-08-31_DEM.tif,2025-11-19T16:07:58.650795Z,4.10.dev245+g4144cef28,401_4,gray_frequencies,5,108.80000000000001
2023-08-31,DEM,../DSMs/2023-08-31_DEM.tif,2025-11-19T16:07:58.650795Z,4.10.dev245+g4144cef28,401_4,gray_frequencies,1834,121.6
2023-08-31,DEM,../DSMs/2023-08-31_DEM.tif,2025-11-19T16:07:58.650795Z,4.10.dev245+g4144cef28,401_4,gray_frequencies,1701,134.4
2023-08-31,DEM,../DSMs/2023-08-31_DEM.tif,2025-11-19T16:07:58.650795Z,4.10.dev245+g4144cef28,401_4,gray_frequencies,3808,147.20000000000002
2023-08-31,DEM,../DSMs/2023-08-31_DEM.tif,2025-11-19T16:07:58.650795Z,4.10.dev245+g4144cef28,401_4,gray_frequencies,3103,160.0
2023-08-31,DEM,../DSMs/2023-08-31_DEM.tif,2025-11-19T16:07:58.650795Z,4.10.dev245+g4144cef28,401_4,gray_frequencies,3037,172.8
2023-08-31,DEM,../DSMs/2023-08-31_DEM.tif,2025-11-19T16:07:58.650795Z,4.10.dev245+g4144cef28,401_4,gray_frequencies,1534,185.60000000000002
2023-08-31,DEM,../DSMs/2023-08-31_DEM.tif,2025-11-19T16:07:58.650795Z,4.10.dev245+g4144cef28,401_4,gray_frequencies,890,198.4
2023-08-31,DEM,../DSMs/2023-08-31_DEM.tif,2025-11-19T16:07:58.650795Z,4.10.dev245+g4144cef28,401_4,gray_frequencies,4,211.20000000000002
2023-08-31,DEM,../DSMs/2023-08-31_DEM.tif,2025-11-19T16:07:58.650795Z,4.10.dev245+g4144cef28,401_4,gray_frequencies,25,224.0
2023-08-31,DEM,../DSMs/2023-08-31_DEM.tif,2025-11-19T16:07:58.650795Z,4.10.dev245+g4144cef28,401_4,gray_frequencies,11,236.8
2023-08-31,DEM,../DSMs/2023-08-31_DEM.tif,2025-11-19T16:07:58.650795Z,4.10.dev245+g4144cef28,401_4,gray_frequencies,0,249.60000000000002
2023-08-31,DEM,../DSMs/2023-08-31_DEM.tif,2025-11-19T16:07:58.650795Z,4.10.dev245+g4144cef28,501_5,gray_frequencies,0,6.4
2023-08-31,DEM,../DSMs/2023-08-31_DEM.tif,2025-11-19T16:07:58.650795Z,4.10.dev245+g4144cef28,501_5,gray_frequencies,0,19.200000000000003
2023-08-31,DEM,../DSMs/2023-08-31_DEM.tif,2025-11-19T16:07:58.650795Z,4.10.dev245+g4144cef28,501_5,gray_frequencies,0,32.0
2023-08-31,DEM,../DSMs/2023-08-31_DEM.tif,2025-11-19T16:07:58.650795Z,4.10.dev245+g4144cef28,501_5,gray_frequencies,0,44.800000000000004
2023-08-31,DEM,../DSMs/2023-08-31_DEM.tif,2025-11-19T16:07:58.650795Z,4.10.dev245+g4144cef28,501_5,gray_frequencies,0,57.6
2023-08-31,DEM,../DSMs/2023-08-31_DEM.tif,2025-11-19T16:07:58.650795Z,4.10.dev245+g4144cef28,501_5,gray_frequencies,0,70.4
2023-08-31,DEM,../DSMs/2023-08-31_DEM.tif,2025-11-19T16:07:58.650795Z,4.10.dev245+g4144cef28,501_5,gray_frequencies,0,83.20000000000002
2023-08-31,DEM,../DSMs/2023-08-31_DEM.tif,2025-11-19T16:07:58.650795Z,4.10.dev245+g4144cef28,501_5,gray_frequencies,0,96.0
2023-08-31,DEM,../DSMs/2023-08-31_DEM.tif,2025-11-19T16:07:58.650795Z,4.10.dev245+g4144cef28,501_5,gray_frequencies,0,108.80000000000001
2023-08-31,DEM,../DSMs/2023-08-31_DEM.tif,2025-11-19T16:07:58.650795Z,4.10.dev245+g4144cef28,501_5,gray_frequencies,1609,121.6
2023-08-31,DEM,../DSMs/2023-08-31_DEM.tif,2025-11-19T16:07:58.650795Z,4.10.dev245+g4144cef28,501_5,gray_frequencies,891,134.4
2023-08-31,DEM,../DSMs/2023-08-31_DEM.tif,2025-11-19T16:07:58.650795Z,4.10.dev245+g4144cef28,501_5,gray_frequencies,2162,147.20000000000002
2023-08-31,DEM,../DSMs/2023-08-31_DEM.tif,2025-11-19T16:07:58.650795Z,4.10.dev245+g4144cef28,501_5,gray_frequencies,1435,160.0
2023-08-31,DEM,../DSMs/2023-08-31_DEM.tif,2025-11-19T16:07:58.650795Z,4.10.dev245+g4144cef28,501_5,gray_frequencies,2558,172.8
2023-08-31,DEM,../DSMs/2023-08-31_DEM.tif,2025-11-19T16:07:58.650795Z,4.10.dev245+g4144cef28,501_5,gray_frequencies,4954,185.60000000000002
2023-08-31,DEM,../DSMs/2023-08-31_DEM.tif,2025-11-19T16:07:58.650795Z,4.10.dev245+g4144cef28,501_5,gray_frequencies,2390,198.4
2023-08-31,DEM,../DSMs/2023-08-31_DEM.tif,2025-11-19T16:07:58.650795Z,4.10.dev245+g4144cef28,501_5,gray_frequencies,62,211.20000000000002
2023-08-31,DEM,../DSMs/2023-08-31_DEM.tif,2025-11-19T16:07:58.650795Z,4.10.dev245+g4144cef28,501_5,gray_frequencies,0,224.0
2023-08-31,DEM,../DSMs/2023-08-31_DEM.tif,2025-11-19T16:07:58.650795Z,4.10.dev245+g4144cef28,501_5,gray_frequencies,0,236.8
2023-08-31,DEM,../DSMs/2023-08-31_DEM.tif,2025-11-19T16:07:58.650795Z,4.10.dev245+g4144cef28,501_5,gray_frequencies,0,249.60000000000002
2023-08-31,DEM,../DSMs/2023-08-31_DEM.tif,2025-11-19T16:07:58.650795Z,4.10.dev245+g4144cef28,901_6,gray_frequencies,0,6.4
2023-08-31,DEM,../DSMs/2023-08-31_DEM.tif,2025-11-19T16:07:58.650795Z,4.10.dev245+g4144cef28,901_6,gray_frequencies,0,19.200000000000003
2023-08-31,DEM,../DSMs/2023-08-31_DEM.tif,2025-11-19T16:07:58.650795Z,4.10.dev245+g4144cef28,901_6,gray_frequencies,0,32.0
2023-08-31,DEM,../DSMs/2023-08-31_DEM.tif,2025-11-19T16:07:58.650795Z,4.10.dev245+g4144cef28,901_6,gray_frequencies,0,44.800000000000004
2023-08-31,DEM,../DSMs/2023-08-31_DEM.tif,2025-11-19T16:07:58.650795Z,4.10.dev245+g4144cef28,901_6,gray_frequencies,0,57.6
2023-08-31,DEM,../DSMs/2023-08-31_DEM.tif,2025-11-19T16:07:58.650795Z,4.10.dev245+g4144cef28,901_6,gray_frequencies,0,70.4
2023-08-31,DEM,../DSMs/2023-08-31_DEM.tif,2025-11-19T16:07:58.650795Z,4.10.dev245+g4144cef28,901_6,gray_frequencies,0,83.20000000000002
2023-08-31,DEM,../DSMs/2023-08-31_DEM.tif,2025-11-19T16:07:58.650795Z,4.10.dev245+g4144cef28,901_6,gray_frequencies,0,96.0
2023-08-31,DEM,../DSMs/2023-08-31_DEM.tif,2025-11-19T16:07:58.650795Z,4.10.dev245+g4144cef28,901_6,gray_frequencies,0,108.80000000000001
2023-08-31,DEM,../DSMs/2023-08-31_DEM.tif,2025-11-19T16:07:58.650795Z,4.10.dev245+g4144cef28,901_6,gray_frequencies,885,121.6
2023-08-31,DEM,../DSMs/2023-08-31_DEM.tif,2025-11-19T16:07:58.650795Z,4.10.dev245+g4144cef28,901_6,gray_frequencies,1261,134.4
2023-08-31,DEM,../DSMs/2023-08-31_DEM.tif,2025-11-19T16:07:58.650795Z,4.10.dev245+g4144cef28,901_6,gray_frequencies,2991,147.20000000000002
2023-08-31,DEM,../DSMs/2023-08-31_DEM.tif,2025-11-19T16:07:58.650795Z,4.10.dev245+g4144cef28,901_6,gray_frequencies,4250,160.0
2023-08-31,DEM,../DSMs/2023-08-31_DEM.tif,2025-11-19T16:07:58.650795Z,4.10.dev245+g4144cef28,901_6,gray_frequencies,3938,172.8
2023-08-31,DEM,../DSMs/2023-08-31_DEM.tif,2025-11-19T16:07:58.650795Z,4.10.dev245+g4144cef28,901_6,gray_frequencies,2267,185.60000000000002
2023-08-31,DEM,../DSMs/2023-08-31_DEM.tif,2025-11-19T16:07:58.650795Z,4.10.dev245+g4144cef28,901_6,gray_frequencies,395,198.4
2023-08-31,DEM,../DSMs/2023-08-31_DEM.tif,2025-11-19T16:07:58.650795Z,4.10.dev245+g4144cef28,901_6,gray_frequencies,0,211.20000000000002
2023-08-31,DEM,../DSMs/2023-08-31_DEM.tif,2025-11-19T16:07:58.650795Z,4.10.dev245+g4144cef28,901_6,gray_frequencies,0,224.0
2023-08-31,DEM,../DSMs/2023-08-31_DEM.tif,2025-11-19T16:07:58.650795Z,4.10.dev245+g4144cef28,901_6,gray_frequencies,0,236.8
2023-08-31,DEM,../DSMs/2023-08-31_DEM.tif,2025-11-19T16:07:58.650795Z,4.10.dev245+g4144cef28,901_6,gray_frequencies,0,249.60000000000002
2023-08-31,DEM,../DSMs/2023-08-31_DEM.tif,2025-11-19T16:07:58.650795Z,4.10.dev245+g4144cef28,701_7,gray_frequencies,0,6.4
2023-08-31,DEM,../DSMs/2023-08-31_DEM.tif,2025-11-19T16:07:58.650795Z,4.10.dev245+g4144cef28,701_7,gray_frequencies,0,19.200000000000003
2023-08-31,DEM,../DSMs/2023-08-31_DEM.tif,2025-11-19T16:07:58.650795Z,4.10.dev245+g4144cef28,701_7,gray_frequencies,0,32.0
2023-08-31,DEM,../DSMs/2023-08-31_DEM.tif,2025-11-19T16:07:58.650795Z,4.10.dev245+g4144cef28,701_7,gray_frequencies,0,44.800000000000004
2023-08-31,DEM,../DSMs/2023-08-31_DEM.tif,2025-11-19T16:07:58.650795Z,4.10.dev245+g4144cef28,701_7,gray_frequencies,0,57.6
2023-08-31,DEM,../DSMs/2023-08-31_DEM.tif,2025-11-19T16:07:58.650795Z,4.10.dev245+g4144cef28,701_7,gray_frequencies,0,70.4
2023-08-31,DEM,../DSMs/2023-08-31_DEM.tif,2025-11-19T16:07:58.650795Z,4.10.dev245+g4144cef28,701_7,gray_frequencies,0,83.20000000000002
2023-08-31,DEM,../DSMs/2023-08-31_DEM.tif,2025-11-19T16:07:58.650795Z,4.10.dev245+g4144cef28,701_7,gray_frequencies,0,96.0
2023-08-31,DEM,../DSMs/2023-08-31_DEM.tif,2025-11-19T16:07:58.650795Z,4.10.dev245+g4144cef28,701_7,gray_frequencies,0,108.80000000000001
2023-08-31,DEM,../DSMs/2023-08-31_DEM.tif,2025-11-19T16:07:58.650795Z,4.10.dev245+g4144cef28,701_7,gray_frequencies,0,121.6
2023-08-31,DEM,../DSMs/2023-08-31_DEM.tif,2025-11-19T16:07:58.650795Z,4.10.dev245+g4144cef28,701_7,gray_frequencies,0,134.4
2023-08-31,DEM,../DSMs/2023-08-31_DEM.tif,2025-11-19T16:07:58.650795Z,4.10.dev245+g4144cef28,701_7,gray_frequencies,1237,147.20000000000002
2023-08-31,DEM,../DSMs/2023-08-31_DEM.tif,2025-11-19T16:07:58.650795Z,4.10.dev245+g4144cef28,701_7,gray_frequencies,947,160.0
2023-08-31,DEM,../DSMs/2023-08-31_DEM.tif,2025-11-19T16:07:58.650795Z,4.10.dev245+g4144cef28,701_7,gray_frequencies,1879,172.8
2023-08-31,DEM,../DSMs/2023-08-31_DEM.tif,2025-11-19T16:07:58.650795Z,4.10.dev245+g4144cef28,701_7,gray_frequencies,855,185.60000000000002
2023-08-31,DEM,../DSMs/2023-08-31_DEM.tif,2025-11-19T16:07:58.650795Z,4.10.dev245+g4144cef28,701_7,gray_frequencies,1478,198.4
2023-08-31,DEM,../DSMs/2023-08-31_DEM.tif,2025-11-19T16:07:58.650795Z,4.10.dev245+g4144cef28,701_7,gray_frequencies,2787,211.20000000000002
2023-08-31,DEM,../DSMs/2023-08-31_DEM.tif,2025-11-19T16:07:58.650795Z,4.10.dev245+g4144cef28,701_7,gray_frequencies,5328,224.0
2023-08-31,DEM,../DSMs/2023-08-31_DEM.tif,2025-11-19T16:07:58.650795Z,4.10.dev245+g4144cef28,701_7,gray_frequencies,361,236.8
2023-08-31,DEM,../DSMs/2023-08-31_DEM.tif,2025-11-19T16:07:58.650795Z,4.10.dev245+g4144cef28,701_7,gray_frequencies,0,249.60000000000002
2023-08-31,DEM,../DSMs/2023-08-31_DEM.tif,2025-11-19T16:07:58.650795Z,4.10.dev245+g4144cef28,801_8,gray_frequencies,0,6.4
2023-08-31,DEM,../DSMs/2023-08-31_DEM.tif,2025-11-19T16:07:58.650795Z,4.10.dev245+g4144cef28,801_8,gray_frequencies,0,19.200000000000003
2023-08-31,DEM,../DSMs/2023-08-31_DEM.tif,2025-11-19T16:07:58.650795Z,4.10.dev245+g4144cef28,801_8,gray_frequencies,0,32.0
2023-08-31,DEM,../DSMs/2023-08-31_DEM.tif,2025-11-19T16:07:58.650795Z,4.10.dev245+g4144cef28,801_8,gray_frequencies,0,44.800000000000004
2023-08-31,DEM,../DSMs/2023-08-31_DEM.tif,2025-11-19T16:07:58.650795Z,4.10.dev245+g4144cef28,801_8,gray_frequencies,0,57.6
2023-08-31,DEM,../DSMs/2023-08-31_DEM.tif,2025-11-19T16:07:58.650795Z,4.10.dev245+g4144cef28,801_8,gray_frequencies,0,70.4
2023-08-31,DEM,../DSMs/2023-08-31_DEM.tif,2025-11-19T16:07:58.650795Z,4.10.dev245+g4144cef28,801_8,gray_frequencies,0,83.20000000000002
2023-08-31,DEM,../DSMs/2023-08-31_DEM.tif,2025-11-19T16:07:58.650795Z,4.10.dev245+g4144cef28,801_8,gray_frequencies,0,96.0
2023-08-31,DEM,../DSMs/2023-08-31_DEM.tif,2025-11-19T16:07:58.650795Z,4.10.dev245+g4144cef28,801_8,gray_frequencies,0,108.80000000000001
2023-08-31,DEM,../DSMs/2023-08-31_DEM.tif,2025-11-19T16:07:58.650795Z,4.10.dev245+g4144cef28,801_8,gray_frequencies,0,121.6
2023-08-31,DEM,../DSMs/2023-08-31_DEM.tif,2025-11-19T16:07:58.650795Z,4.10.dev245+g4144cef28,801_8,gray_frequencies,0,134.4
2023-08-31,DEM,../DSMs/2023-08-31_DEM.tif,2025-11-19T16:07:58.650795Z,4.10.dev245+g4144cef28,801_8,gray_frequencies,328,147.20000000000002
2023-08-31,DEM,../DSMs/2023-08-31_DEM.tif,2025-11-19T16:07:58.650795Z,4.10.dev245+g4144cef28,801_8,gray_frequencies,2289,160.0
2023-08-31,DEM,../DSMs/2023-08-31_DEM.tif,2025-11-19T16:07:58.650795Z,4.10.dev245+g4144cef28,801_8,gray_frequencies,2112,172.8
2023-08-31,DEM,../DSMs/2023-08-31_DEM.tif,2025-11-19T16:07:58.650795Z,4.10.dev245+g4144cef28,801_8,gray_frequencies,858,185.60000000000002
2023-08-31,DEM,../DSMs/2023-08-31_DEM.tif,2025-11-19T16:07:58.650795Z,4.10.dev245+g4144cef28,801_8,gray_frequencies,1582,198.4
2023-08-31,DEM,../DSMs/2023-08-31_DEM.tif,2025-11-19T16:07:58.650795Z,4.10.dev245+g4144cef28,801_8,gray_frequencies,4064,211.20000000000002
2023-08-31,DEM,../DSMs/2023-08-31_DEM.tif,2025-11-19T16:07:58.650795Z,4.10.dev245+g4144cef28,801_8,gray_frequencies,4853,224.0
2023-08-31,DEM,../DSMs/2023-08-31_DEM.tif,2025-11-19T16:07:58.650795Z,4.10.dev245+g4144cef28,801_8,gray_frequencies,0,236.8
2023-08-31,DEM,../DSMs/2023-08-31_DEM.tif,2025-11-19T16:07:58.650795Z,4.10.dev245+g4144cef28,801_8,gray_frequencies,0,249.60000000000002
2023-08-31,DEM,../DSMs/2023-08-31_DEM.tif,2025-11-19T16:07:58.650795Z,4.10.dev245+g4144cef28,601_9,gray_frequencies,0,6.4
2023-08-31,DEM,../DSMs/2023-08-31_DEM.tif,2025-11-19T16:07:58.650795Z,4.10.dev245+g4144cef28,601_9,gray_frequencies,0,19.200000000000003
2023-08-31,DEM,../DSMs/2023-08-31_DEM.tif,2025-11-19T16:07:58.650795Z,4.10.dev245+g4144cef28,601_9,gray_frequencies,0,32.0
2023-08-31,DEM,../DSMs/2023-08-31_DEM.tif,2025-11-19T16:07:58.650795Z,4.10.dev245+g4144cef28,601_9,gray_frequencies,0,44.800000000000004
2023-08-31,DEM,../DSMs/2023-08-31_DEM.tif,2025-11-19T16:07:58.650795Z,4.10.dev245+g4144cef28,601_9,gray_frequencies,0,57.6
2023-08-31,DEM,../DSMs/2023-08-31_DEM.tif,2025-11-19T16:07:58.650795Z,4.10.dev245+g4144cef28,601_9,gray_frequencies,0,70.4
2023-08-31,DEM,../DSMs/2023-08-31_DEM.tif,2025-11-19T16:07:58.650795Z,4.10.dev245+g4144cef28,601_9,gray_frequencies,0,83.20000000000002
2023-08-31,DEM,../DSMs/2023-08-31_DEM.tif,2025-11-19T16:07:58.650795Z,4.10.dev245+g4144cef28,601_9,gray_frequencies,0,96.0
2023-08-31,DEM,../DSMs/2023-08-31_DEM.tif,2025-11-19T16:07:58.650795Z,4.10.dev245+g4144cef28,601_9,gray_frequencies,0,108.80000000000001
2023-08-31,DEM,../DSMs/2023-08-31_DEM.tif,2025-11-19T16:07:58.650795Z,4.10.dev245+g4144cef28,601_9,gray_frequencies,0,121.6
2023-08-31,DEM,../DSMs/2023-08-31_DEM.tif,2025-11-19T16:07:58.650795Z,4.10.dev245+g4144cef28,601_9,gray_frequencies,0,134.4
2023-08-31,DEM,../DSMs/2023-08-31_DEM.tif,2025-11-19T16:07:58.650795Z,4.10.dev245+g4144cef28,601_9,gray_frequencies,1207,147.20000000000002
2023-08-31,DEM,../DSMs/2023-08-31_DEM.tif,2025-11-19T16:07:58.650795Z,4.10.dev245+g4144cef28,601_9,gray_frequencies,2103,160.0
2023-08-31,DEM,../DSMs/2023-08-31_DEM.tif,2025-11-19T16:07:58.650795Z,4.10.dev245+g4144cef28,601_9,gray_frequencies,2447,172.8
2023-08-31,DEM,../DSMs/2023-08-31_DEM.tif,2025-11-19T16:07:58.650795Z,4.10.dev245+g4144cef28,601_9,gray_frequencies,1370,185.60000000000002
2023-08-31,DEM,../DSMs/2023-08-31_DEM.tif,2025-11-19T16:07:58.650795Z,4.10.dev245+g4144cef28,601_9,gray_frequencies,2957,198.4
2023-08-31,DEM,../DSMs/2023-08-31_DEM.tif,2025-11-19T16:07:58.650795Z,4.10.dev245+g4144cef28,601_9,gray_frequencies,3466,211.20000000000002
2023-08-31,DEM,../DSMs/2023-08-31_DEM.tif,2025-11-19T16:07:58.650795Z,4.10.dev245+g4144cef28,601_9,gray_frequencies,3231,224.0
2023-08-31,DEM,../DSMs/2023-08-31_DEM.tif,2025-11-19T16:07:58.650795Z,4.10.dev245+g4144cef28,601_9,gray_frequencies,171,236.8
2023-08-31,DEM,../DSMs/2023-08-31_DEM.tif,2025-11-19T16:07:58.650795Z,4.10.dev245+g4144cef28,601_9,gray_frequencies,0,249.60000000000002
2023-08-31,DEM,../DSMs/2023-08-31_DEM.tif,2025-11-19T16:07:58.650795Z,4.10.dev245+g4144cef28,502_10,gray_frequencies,0,6.4
2023-08-31,DEM,../DSMs/2023-08-31_DEM.tif,2025-11-19T16:07:58.650795Z,4.10.dev245+g4144cef28,502_10,gray_frequencies,0,19.200000000000003
2023-08-31,DEM,../DSMs/2023-08-31_DEM.tif,2025-11-19T16:07:58.650795Z,4.10.dev245+g4144cef28,502_10,gray_frequencies,0,32.0
2023-08-31,DEM,../DSMs/2023-08-31_DEM.tif,2025-11-19T16:07:58.650795Z,4.10.dev245+g4144cef28,502_10,gray_frequencies,0,44.800000000000004
2023-08-31,DEM,../DSMs/2023-08-31_DEM.tif,2025-11-19T16:07:58.650795Z,4.10.dev245+g4144cef28,502_10,gray_frequencies,0,57.6
2023-08-31,DEM,../DSMs/2023-08-31_DEM.tif,2025-11-19T16:07:58.650795Z,4.10.dev245+g4144cef28,502_10,gray_frequencies,0,70.4
2023-08-31,DEM,../DSMs/2023-08-31_DEM.tif,2025-11-19T16:07:58.650795Z,4.10.dev245+g4144cef28,502_10,gray_frequencies,1446,83.20000000000002
2023-08-31,DEM,../DSMs/2023-08-31_DEM.tif,2025-11-19T16:07:58.650795Z,4.10.dev245+g4144cef28,502_10,gray_frequencies,1661,96.0
2023-08-31,DEM,../DSMs/2023-08-31_DEM.tif,2025-11-19T16:07:58.650795Z,4.10.dev245+g4144cef28,502_10,gray_frequencies,3434,108.80000000000001
2023-08-31,DEM,../DSMs/2023-08-31_DEM.tif,2025-11-19T16:07:58.650795Z,4.10.dev245+g4144cef28,502_10,gray_frequencies,1391,121.6
2023-08-31,DEM,../DSMs/2023-08-31_DEM.tif,2025-11-19T16:07:58.650795Z,4.10.dev245+g4144cef28,502_10,gray_frequencies,1600,134.4
2023-08-31,DEM,../DSMs/2023-08-31_DEM.tif,2025-11-19T16:07:58.650795Z,4.10.dev245+g4144cef28,502_10,gray_frequencies,2708,147.20000000000002
2023-08-31,DEM,../DSMs/2023-08-31_DEM.tif,2025-11-19T16:07:58.650795Z,4.10.dev245+g4144cef28,502_10,gray_frequencies,4154,160.0
2023-08-31,DEM,../DSMs/2023-08-31_DEM.tif,2025-11-19T16:07:58.650795Z,4.10.dev245+g4144cef28,502_10,gray_frequencies,683,172.8
2023-08-31,DEM,../DSMs/2023-08-31_DEM.tif,2025-11-19T16:07:58.650795Z,4.10.dev245+g4144cef28,502_10,gray_frequencies,0,185.60000000000002
2023-08-31,DEM,../DSMs/2023-08-31_DEM.tif,2025-11-19T16:07:58.650795Z,4.10.dev245+g4144cef28,502_10,gray_frequencies,0,198.4
2023-08-31,DEM,../DSMs/2023-08-31_DEM.tif,2025-11-19T16:07:58.650795Z,4.10.dev245+g4144cef28,502_10,gray_frequencies,0,211.20000000000002
2023-08-31,DEM,../DSMs/2023-08-31_DEM.tif,2025-11-19T16:07:58.650795Z,4.10.dev245+g4144cef28,502_10,gray_frequencies,0,224.0
2023-08-31,DEM,../DSMs/2023-08-31_DEM.tif,2025-11-19T16:07:58.650795Z,4.10.dev245+g4144cef28,502_10,gray_frequencies,0,236.8
2023-08-31,DEM,../DSMs/2023-08-31_DEM.tif,2025-11-19T16:07:58.650795Z,4.10.dev245+g4144cef28,502_10,gray_frequencies,0,249.60000000000002
2023-08-31,DEM,../DSMs/2023-08-31_DEM.tif,2025-11-19T16:07:58.650795Z,4.10.dev245+g4144cef28,402_11,gray_frequencies,0,6.4
2023-08-31,DEM,../DSMs/2023-08-31_DEM.tif,2025-11-19T16:07:58.650795Z,4.10.dev245+g4144cef28,402_11,gray_frequencies,0,19.200000000000003
2023-08-31,DEM,../DSMs/2023-08-31_DEM.tif,2025-11-19T16:07:58.650795Z,4.10.dev245+g4144cef28,402_11,gray_frequencies,0,32.0
2023-08-31,DEM,../DSMs/2023-08-31_DEM.tif,2025-11-19T16:07:58.650795Z,4.10.dev245+g4144cef28,402_11,gray_frequencies,0,44.800000000000004
2023-08-31,DEM,../DSMs/2023-08-31_DEM.tif,2025-11-19T16:07:58.650795Z,4.10.dev245+g4144cef28,402_11,gray_frequencies,0,57.6
2023-08-31,DEM,../DSMs/2023-08-31_DEM.tif,2025-11-19T16:07:58.650795Z,4.10.dev245+g4144cef28,402_11,gray_frequencies,0,70.4
2023-08-31,DEM,../DSMs/2023-08-31_DEM.tif,2025-11-19T16:07:58.650795Z,4.10.dev245+g4144cef28,402_11,gray_frequencies,1650,83.20000000000002
2023-08-31,DEM,../DSMs/2023-08-31_DEM.tif,2025-11-19T16:07:58.650795Z,4.10.dev245+g4144cef28,402_11,gray_frequencies,1316,96.0
2023-08-31,DEM,../DSMs/2023-08-31_DEM.tif,2025-11-19T16:07:58.650795Z,4.10.dev245+g4144cef28,402_11,gray_frequencies,4074,108.80000000000001
2023-08-31,DEM,../DSMs/2023-08-31_DEM.tif,2025-11-19T16:07:58.650795Z,4.10.dev245+g4144cef28,402_11,gray_frequencies,3952,121.6
2023-08-31,DEM,../DSMs/2023-08-31_DEM.tif,2025-11-19T16:07:58.650795Z,4.10.dev245+g4144cef28,402_11,gray_frequencies,3006,134.4
2023-08-31,DEM,../DSMs/2023-08-31_DEM.tif,2025-11-19T16:07:58.650795Z,4.10.dev245+g4144cef28,402_11,gray_frequencies,2128,147.20000000000002
2023-08-31,DEM,../DSMs/2023-08-31_DEM.tif,2025-11-19T16:07:58.650795Z,4.10.dev245+g4144cef28,402_11,gray_frequencies,863,160.0
2023-08-31,DEM,../DSMs/2023-08-31_DEM.tif,2025-11-19T16:07:58.650795Z,4.10.dev245+g4144cef28,402_11,gray_frequencies,4,172.8
2023-08-31,DEM,../DSMs/2023-08-31_DEM.tif,2025-11-19T16:07:58.650795Z,4.10.dev245+g4144cef28,402_11,gray_frequencies,0,185.60000000000002
2023-08-31,DEM,../DSMs/2023-08-31_DEM.tif,2025-11-19T16:07:58.650795Z,4.10.dev245+g4144cef28,402_11,gray_frequencies,0,198.4
2023-08-31,DEM,../DSMs/2023-08-31_DEM.tif,2025-11-19T16:07:58.650795Z,4.10.dev245+g4144cef28,402_11,gray_frequencies,0,211.20000000000002
2023-08-31,DEM,../DSMs/2023-08-31_DEM.tif,2025-11-19T16:07:58.650795Z,4.10.dev245+g4144cef28,402_11,gray_frequencies,0,224.0
2023-08-31,DEM,../DSMs/2023-08-31_DEM.tif,2025-11-19T16:07:58.650795Z,4.10.dev245+g4144cef28,402_11,gray_frequencies,0,236.8
2023-08-31,DEM,../DSMs/2023-08-31_DEM.tif,2025-11-19T16:07:58.650795Z,4.10.dev245+g4144cef28,402_11,gray_frequencies,0,249.60000000000002
2023-08-31,DEM,../DSMs/2023-08-31_DEM.tif,2025-11-19T16:07:58.650795Z,4.10.dev245+g4144cef28,102_12,gray_frequencies,0,6.4
2023-08-31,DEM,../DSMs/2023-08-31_DEM.tif,2025-11-19T16:07:58.650795Z,4.10.dev245+g4144cef28,102_12,gray_frequencies,0,19.200000000000003
2023-08-31,DEM,../DSMs/2023-08-31_DEM.tif,2025-11-19T16:07:58.650795Z,4.10.dev245+g4144cef28,102_12,gray_frequencies,0,32.0
2023-08-31,DEM,../DSMs/2023-08-31_DEM.tif,2025-11-19T16:07:58.650795Z,4.10.dev245+g4144cef28,102_12,gray_frequencies,0,44.800000000000004
2023-08-31,DEM,../DSMs/2023-08-31_DEM.tif,2025-11-19T16:07:58.650795Z,4.10.dev245+g4144cef28,102_12,gray_frequencies,0,57.6
2023-08-31,DEM,../DSMs/2023-08-31_DEM.tif,2025-11-19T16:07:58.650795Z,4.10.dev245+g4144cef28,102_12,gray_frequencies,0,70.4
2023-08-31,DEM,../DSMs/2023-08-31_DEM.tif,2025-11-19T16:07:58.650795Z,4.10.dev245+g4144cef28,102_12,gray_frequencies,2279,83.20000000000002
2023-08-31,DEM,../DSMs/2023-08-31_DEM.tif,2025-11-19T16:07:58.650795Z,4.10.dev245+g4144cef28,102_12,gray_frequencies,1654,96.0
2023-08-31,DEM,../DSMs/2023-08-31_DEM.tif,2025-11-19T16:07:58.650795Z,4.10.dev245+g4144cef28,102_12,gray_frequencies,4678,108.80000000000001
2023-08-31,DEM,../DSMs/2023-08-31_DEM.tif,2025-11-19T16:07:58.650795Z,4.10.dev245+g4144cef28,102_12,gray_frequencies,4663,121.6
2023-08-31,DEM,../DSMs/2023-08-31_DEM.tif,2025-11-19T16:07:58.650795Z,4.10.dev245+g4144cef28,102_12,gray_frequencies,3507,134.4
2023-08-31,DEM,../DSMs/2023-08-31_DEM.tif,2025-11-19T16:07:58.650795Z,4.10.dev245+g4144cef28,102_12,gray_frequencies,1075,147.20000000000002
2023-08-31,DEM,../DSMs/2023-08-31_DEM.tif,2025-11-19T16:07:58.650795Z,4.10.dev245+g4144cef28,102_12,gray_frequencies,635,160.0
2023-08-31,DEM,../DSMs/2023-08-31_DEM.tif,2025-11-19T16:07:58.650795Z,4.10.dev245+g4144cef28,102_12,gray_frequencies,3,172.8
2023-08-31,DEM,../DSMs/2023-08-31_DEM.tif,2025-11-19T16:07:58.650795Z,4.10.dev245+g4144cef28,102_12,gray_frequencies,0,185.60000000000002
2023-08-31,DEM,../DSMs/2023-08-31_DEM.tif,2025-11-19T16:07:58.650795Z,4.10.dev245+g4144cef28,102_12,gray_frequencies,0,198.4
2023-08-31,DEM,../DSMs/2023-08-31_DEM.tif,2025-11-19T16:07:58.650795Z,4.10.dev245+g4144cef28,102_12,gray_frequencies,0,211.20000000000002
2023-08-31,DEM,../DSMs/2023-08-31_DEM.tif,2025-11-19T16:07:58.650795Z,4.10.dev245+g4144cef28,102_12,gray_frequencies,0,224.0
2023-08-31,DEM,../DSMs/2023-08-31_DEM.tif,2025-11-19T16:07:58.650795Z,4.10.dev245+g4144cef28,102_12,gray_frequencies,0,236.8
2023-08-31,DEM,../DSMs/2023-08-31_DEM.tif,2025-11-19T16:07:58.650795Z,4.10.dev245+g4144cef28,102_12,gray_frequencies,0,249.60000000000002
2023-08-31,DEM,../DSMs/2023-08-31_DEM.tif,2025-11-19T16:07:58.650795Z,4.10.dev245+g4144cef28,702_13,gray_frequencies,0,6.4
2023-08-31,DEM,../DSMs/2023-08-31_DEM.tif,2025-11-19T16:07:58.650795Z,4.10.dev245+g4144cef28,702_13,gray_frequencies,0,19.200000000000003
2023-08-31,DEM,../DSMs/2023-08-31_DEM.tif,2025-11-19T16:07:58.650795Z,4.10.dev245+g4144cef28,702_13,gray_frequencies,0,32.0
2023-08-31,DEM,../DSMs/2023-08-31_DEM.tif,2025-11-19T16:07:58.650795Z,4.10.dev245+g4144cef28,702_13,gray_frequencies,0,44.800000000000004
2023-08-31,DEM,../DSMs/2023-08-31_DEM.tif,2025-11-19T16:07:58.650795Z,4.10.dev245+g4144cef28,702_13,gray_frequencies,0,57.6
2023-08-31,DEM,../DSMs/2023-08-31_DEM.tif,2025-11-19T16:07:58.650795Z,4.10.dev245+g4144cef28,702_13,gray_frequencies,0,70.4
2023-08-31,DEM,../DSMs/2023-08-31_DEM.tif,2025-11-19T16:07:58.650795Z,4.10.dev245+g4144cef28,702_13,gray_frequencies,0,83.20000000000002
2023-08-31,DEM,../DSMs/2023-08-31_DEM.tif,2025-11-19T16:07:58.650795Z,4.10.dev245+g4144cef28,702_13,gray_frequencies,0,96.0
2023-08-31,DEM,../DSMs/2023-08-31_DEM.tif,2025-11-19T16:07:58.650795Z,4.10.dev245+g4144cef28,702_13,gray_frequencies,34,108.80000000000001
2023-08-31,DEM,../DSMs/2023-08-31_DEM.tif,2025-11-19T16:07:58.650795Z,4.10.dev245+g4144cef28,702_13,gray_frequencies,1634,121.6
2023-08-31,DEM,../DSMs/2023-08-31_DEM.tif,2025-11-19T16:07:58.650795Z,4.10.dev245+g4144cef28,702_13,gray_frequencies,1182,134.4
2023-08-31,DEM,../DSMs/2023-08-31_DEM.tif,2025-11-19T16:07:58.650795Z,4.10.dev245+g4144cef28,702_13,gray_frequencies,1872,147.20000000000002
2023-08-31,DEM,../DSMs/2023-08-31_DEM.tif,2025-11-19T16:07:58.650795Z,4.10.dev245+g4144cef28,702_13,gray_frequencies,1234,160.0
2023-08-31,DEM,../DSMs/2023-08-31_DEM.tif,2025-11-19T16:07:58.650795Z,4.10.dev245+g4144cef28,702_13,gray_frequencies,1474,172.8
2023-08-31,DEM,../DSMs/2023-08-31_DEM.tif,2025-11-19T16:07:58.650795Z,4.10.dev245+g4144cef28,702_13,gray_frequencies,2901,185.60000000000002
2023-08-31,DEM,../DSMs/2023-08-31_DEM.tif,2025-11-19T16:07:58.650795Z,4.10.dev245+g4144cef28,702_13,gray_frequencies,5651,198.4
2023-08-31,DEM,../DSMs/2023-08-31_DEM.tif,2025-11-19T16:07:58.650795Z,4.10.dev245+g4144cef28,702_13,gray_frequencies,450,211.20000000000002
2023-08-31,DEM,../DSMs/2023-08-31_DEM.tif,2025-11-19T16:07:58.650795Z,4.10.dev245+g4144cef28,702_13,gray_frequencies,0,224.0
2023-08-31,DEM,../DSMs/2023-08-31_DEM.tif,2025-11-19T16:07:58.650795Z,4.10.dev245+g4144cef28,702_13,gray_frequencies,0,236.8
2023-08-31,DEM,../DSMs/2023-08-31_DEM.tif,2025-11-19T16:07:58.650795Z,4.10.dev245+g4144cef28,702_13,gray_frequencies,0,249.60000000000002
2023-08-31,DEM,../DSMs/2023-08-31_DEM.tif,2025-11-19T16:07:58.650795Z,4.10.dev245+g4144cef28,202_14,gray_frequencies,0,6.4
2023-08-31,DEM,../DSMs/2023-08-31_DEM.tif,2025-11-19T16:07:58.650795Z,4.10.dev245+g4144cef28,202_14,gray_frequencies,0,19.200000000000003
2023-08-31,DEM,../DSMs/2023-08-31_DEM.tif,2025-11-19T16:07:58.650795Z,4.10.dev245+g4144cef28,202_14,gray_frequencies,0,32.0
2023-08-31,DEM,../DSMs/2023-08-31_DEM.tif,2025-11-19T16:07:58.650795Z,4.10.dev245+g4144cef28,202_14,gray_frequencies,0,44.800000000000004
2023-08-31,DEM,../DSMs/2023-08-31_DEM.tif,2025-11-19T16:07:58.650795Z,4.10.dev245+g4144cef28,202_14,gray_frequencies,0,57.6
2023-08-31,DEM,../DSMs/2023-08-31_DEM.tif,2025-11-19T16:07:58.650795Z,4.10.dev245+g4144cef28,202_14,gray_frequencies,0,70.4
2023-08-31,DEM,../DSMs/2023-08-31_DEM.tif,2025-11-19T16:07:58.650795Z,4.10.dev245+g4144cef28,202_14,gray_frequencies,0,83.20000000000002
2023-08-31,DEM,../DSMs/2023-08-31_DEM.tif,2025-11-19T16:07:58.650795Z,4.10.dev245+g4144cef28,202_14,gray_frequencies,0,96.0
2023-08-31,DEM,../DSMs/2023-08-31_DEM.tif,2025-11-19T16:07:58.650795Z,4.10.dev245+g4144cef28,202_14,gray_frequencies,315,108.80000000000001
2023-08-31,DEM,../DSMs/2023-08-31_DEM.tif,2025-11-19T16:07:58.650795Z,4.10.dev245+g4144cef28,202_14,gray_frequencies,1512,121.6
2023-08-31,DEM,../DSMs/2023-08-31_DEM.tif,2025-11-19T16:07:58.650795Z,4.10.dev245+g4144cef28,202_14,gray_frequencies,1949,134.4
2023-08-31,DEM,../DSMs/2023-08-31_DEM.tif,2025-11-19T16:07:58.650795Z,4.10.dev245+g4144cef28,202_14,gray_frequencies,2811,147.20000000000002
2023-08-31,DEM,../DSMs/2023-08-31_DEM.tif,2025-11-19T16:07:58.650795Z,4.10.dev245+g4144cef28,202_14,gray_frequencies,1653,160.0
2023-08-31,DEM,../DSMs/2023-08-31_DEM.tif,2025-11-19T16:07:58.650795Z,4.10.dev245+g4144cef28,202_14,gray_frequencies,2155,172.8
2023-08-31,DEM,../DSMs/2023-08-31_DEM.tif,2025-11-19T16:07:58.650795Z,4.10.dev245+g4144cef28,202_14,gray_frequencies,2229,185.60000000000002
2023-08-31,DEM,../DSMs/2023-08-31_DEM.tif,2025-11-19T16:07:58.650795Z,4.10.dev245+g4144cef28,202_14,gray_frequencies,2872,198.4
2023-08-31,DEM,../DSMs/2023-08-31_DEM.tif,2025-11-19T16:07:58.650795Z,4.10.dev245+g4144cef28,202_14,gray_frequencies,2264,211.20000000000002
2023-08-31,DEM,../DSMs/2023-08-31_DEM.tif,2025-11-19T16:07:58.650795Z,4.10.dev245+g4144cef28,202_14,gray_frequencies,9,224.0
2023-08-31,DEM,../DSMs/2023-08-31_DEM.tif,2025-11-19T16:07:58.650795Z,4.10.dev245+g4144cef28,202_14,gray_frequencies,0,236.8
2023-08-31,DEM,../DSMs/2023-08-31_DEM.tif,2025-11-19T16:07:58.650795Z,4.10.dev245+g4144cef28,202_14,gray_frequencies,0,249.60000000000002
2023-08-31,DEM,../DSMs/2023-08-31_DEM.tif,2025-11-19T16:07:58.650795Z,4.10.dev245+g4144cef28,602_15,gray_frequencies,0,6.4
2023-08-31,DEM,../DSMs/2023-08-31_DEM.tif,2025-11-19T16:07:58.650795Z,4.10.dev245+g4144cef28,602_15,gray_frequencies,0,19.200000000000003
2023-08-31,DEM,../DSMs/2023-08-31_DEM.tif,2025-11-19T16:07:58.650795Z,4.10.dev245+g4144cef28,602_15,gray_frequencies,0,32.0
2023-08-31,DEM,../DSMs/2023-08-31_DEM.tif,2025-11-19T16:07:58.650795Z,4.10.dev245+g4144cef28,602_15,gray_frequencies,0,44.800000000000004
2023-08-31,DEM,../DSMs/2023-08-31_DEM.tif,2025-11-19T16:07:58.650795Z,4.10.dev245+g4144cef28,602_15,gray_frequencies,0,57.6
2023-08-31,DEM,../DSMs/2023-08-31_DEM.tif,2025-11-19T16:07:58.650795Z,4.10.dev245+g4144cef28,602_15,gray_frequencies,0,70.4
2023-08-31,DEM,../DSMs/2023-08-31_DEM.tif,2025-11-19T16:07:58.650795Z,4.10.dev245+g4144cef28,602_15,gray_frequencies,0,83.20000000000002
2023-08-31,DEM,../DSMs/2023-08-31_DEM.tif,2025-11-19T16:07:58.650795Z,4.10.dev245+g4144cef28,602_15,gray_frequencies,0,96.0
2023-08-31,DEM,../DSMs/2023-08-31_DEM.tif,2025-11-19T16:07:58.650795Z,4.10.dev245+g4144cef28,602_15,gray_frequencies,1089,108.80000000000001
2023-08-31,DEM,../DSMs/2023-08-31_DEM.tif,2025-11-19T16:07:58.650795Z,4.10.dev245+g4144cef28,602_15,gray_frequencies,1312,121.6
2023-08-31,DEM,../DSMs/2023-08-31_DEM.tif,2025-11-19T16:07:58.650795Z,4.10.dev245+g4144cef28,602_15,gray_frequencies,2313,134.4
2023-08-31,DEM,../DSMs/2023-08-31_DEM.tif,2025-11-19T16:07:58.650795Z,4.10.dev245+g4144cef28,602_15,gray_frequencies,2955,147.20000000000002
2023-08-31,DEM,../DSMs/2023-08-31_DEM.tif,2025-11-19T16:07:58.650795Z,4.10.dev245+g4144cef28,602_15,gray_frequencies,3894,160.0
2023-08-31,DEM,../DSMs/2023-08-31_DEM.tif,2025-11-19T16:07:58.650795Z,4.10.dev245+g4144cef28,602_15,gray_frequencies,3345,172.8
2023-08-31,DEM,../DSMs/2023-08-31_DEM.tif,2025-11-19T16:07:58.650795Z,4.10.dev245+g4144cef28,602_15,gray_frequencies,1018,185.60000000000002
2023-08-31,DEM,../DSMs/2023-08-31_DEM.tif,2025-11-19T16:07:58.650795Z,4.10.dev245+g4144cef28,602_15,gray_frequencies,13,198.4
2023-08-31,DEM,../DSMs/2023-08-31_DEM.tif,2025-11-19T16:07:58.650795Z,4.10.dev245+g4144cef28,602_15,gray_frequencies,0,211.20000000000002
2023-08-31,DEM,../DSMs/2023-08-31_DEM.tif,2025-11-19T16:07:58.650795Z,4.10.dev245+g4144cef28,602_15,gray_frequencies,0,224.0
2023-08-31,DEM,../DSMs/2023-08-31_DEM.tif,2025-11-19T16:07:58.650795Z,4.10.dev245+g4144cef28,602_15,gray_frequencies,0,236.8
2023-08-31,DEM,../DSMs/2023-08-31_DEM.tif,2025-11-19T16:07:58.650795Z,4.10.dev245+g4144cef28,602_15,gray_frequencies,0,249.60000000000002
2023-08-31,DEM,../DSMs/2023-08-31_DEM.tif,2025-11-19T16:07:58.650795Z,4.10.dev245+g4144cef28,802_16,gray_frequencies,0,6.4
2023-08-31,DEM,../DSMs/2023-08-31_DEM.tif,2025-11-19T16:07:58.650795Z,4.10.dev245+g4144cef28,802_16,gray_frequencies,0,19.200000000000003
2023-08-31,DEM,../DSMs/2023-08-31_DEM.tif,2025-11-19T16:07:58.650795Z,4.10.dev245+g4144cef28,802_16,gray_frequencies,0,32.0
2023-08-31,DEM,../DSMs/2023-08-31_DEM.tif,2025-11-19T16:07:58.650795Z,4.10.dev245+g4144cef28,802_16,gray_frequencies,0,44.800000000000004
2023-08-31,DEM,../DSMs/2023-08-31_DEM.tif,2025-11-19T16:07:58.650795Z,4.10.dev245+g4144cef28,802_16,gray_frequencies,0,57.6
2023-08-31,DEM,../DSMs/2023-08-31_DEM.tif,2025-11-19T16:07:58.650795Z,4.10.dev245+g4144cef28,802_16,gray_frequencies,0,70.4
2023-08-31,DEM,../DSMs/2023-08-31_DEM.tif,2025-11-19T16:07:58.650795Z,4.10.dev245+g4144cef28,802_16,gray_frequencies,0,83.20000000000002
2023-08-31,DEM,../DSMs/2023-08-31_DEM.tif,2025-11-19T16:07:58.650795Z,4.10.dev245+g4144cef28,802_16,gray_frequencies,0,96.0
2023-08-31,DEM,../DSMs/2023-08-31_DEM.tif,2025-11-19T16:07:58.650795Z,4.10.dev245+g4144cef28,802_16,gray_frequencies,0,108.80000000000001
2023-08-31,DEM,../DSMs/2023-08-31_DEM.tif,2025-11-19T16:07:58.650795Z,4.10.dev245+g4144cef28,802_16,gray_frequencies,0,121.6
2023-08-31,DEM,../DSMs/2023-08-31_DEM.tif,2025-11-19T16:07:58.650795Z,4.10.dev245+g4144cef28,802_16,gray_frequencies,0,134.4
2023-08-31,DEM,../DSMs/2023-08-31_DEM.tif,2025-11-19T16:07:58.650795Z,4.10.dev245+g4144cef28,802_16,gray_frequencies,1791,147.20000000000002
2023-08-31,DEM,../DSMs/2023-08-31_DEM.tif,2025-11-19T16:07:58.650795Z,4.10.dev245+g4144cef28,802_16,gray_frequencies,1760,160.0
2023-08-31,DEM,../DSMs/2023-08-31_DEM.tif,2025-11-19T16:07:58.650795Z,4.10.dev245+g4144cef28,802_16,gray_frequencies,2542,172.8
2023-08-31,DEM,../DSMs/2023-08-31_DEM.tif,2025-11-19T16:07:58.650795Z,4.10.dev245+g4144cef28,802_16,gray_frequencies,986,185.60000000000002
2023-08-31,DEM,../DSMs/2023-08-31_DEM.tif,2025-11-19T16:07:58.650795Z,4.10.dev245+g4144cef28,802_16,gray_frequencies,1174,198.4
2023-08-31,DEM,../DSMs/2023-08-31_DEM.tif,2025-11-19T16:07:58.650795Z,4.10.dev245+g4144cef28,802_16,gray_frequencies,2653,211.20000000000002
2023-08-31,DEM,../DSMs/2023-08-31_DEM.tif,2025-11-19T16:07:58.650795Z,4.10.dev245+g4144cef28,802_16,gray_frequencies,5544,224.0
2023-08-31,DEM,../DSMs/2023-08-31_DEM.tif,2025-11-19T16:07:58.650795Z,4.10.dev245+g4144cef28,802_16,gray_frequencies,1116,236.8
2023-08-31,DEM,../DSMs/2023-08-31_DEM.tif,2025-11-19T16:07:58.650795Z,4.10.dev245+g4144cef28,802_16,gray_frequencies,4,249.60000000000002
2023-08-31,DEM,../DSMs/2023-08-31_DEM.tif,2025-11-19T16:07:58.650795Z,4.10.dev245+g4144cef28,302_17,gray_frequencies,0,6.4
2023-08-31,DEM,../DSMs/2023-08-31_DEM.tif,2025-11-19T16:07:58.650795Z,4.10.dev245+g4144cef28,302_17,gray_frequencies,0,19.200000000000003
2023-08-31,DEM,../DSMs/2023-08-31_DEM.tif,2025-11-19T16:07:58.650795Z,4.10.dev245+g4144cef28,302_17,gray_frequencies,0,32.0
2023-08-31,DEM,../DSMs/2023-08-31_DEM.tif,2025-11-19T16:07:58.650795Z,4.10.dev245+g4144cef28,302_17,gray_frequencies,0,44.800000000000004
2023-08-31,DEM,../DSMs/2023-08-31_DEM.tif,2025-11-19T16:07:58.650795Z,4.10.dev245+g4144cef28,302_17,gray_frequencies,0,57.6
2023-08-31,DEM,../DSMs/2023-08-31_DEM.tif,2025-11-19T16:07:58.650795Z,4.10.dev245+g4144cef28,302_17,gray_frequencies,0,70.4
2023-08-31,DEM,../DSMs/2023-08-31_DEM.tif,2025-11-19T16:07:58.650795Z,4.10.dev245+g4144cef28,302_17,gray_frequencies,0,83.20000000000002
2023-08-31,DEM,../DSMs/2023-08-31_DEM.tif,2025-11-19T16:07:58.650795Z,4.10.dev245+g4144cef28,302_17,gray_frequencies,0,96.0
2023-08-31,DEM,../DSMs/2023-08-31_DEM.tif,2025-11-19T16:07:58.650795Z,4.10.dev245+g4144cef28,302_17,gray_frequencies,0,108.80000000000001
2023-08-31,DEM,../DSMs/2023-08-31_DEM.tif,2025-11-19T16:07:58.650795Z,4.10.dev245+g4144cef28,302_17,gray_frequencies,0,121.6
2023-08-31,DEM,../DSMs/2023-08-31_DEM.tif,2025-11-19T16:07:58.650795Z,4.10.dev245+g4144cef28,302_17,gray_frequencies,0,134.4
2023-08-31,DEM,../DSMs/2023-08-31_DEM.tif,2025-11-19T16:07:58.650795Z,4.10.dev245+g4144cef28,302_17,gray_frequencies,2119,147.20000000000002
2023-08-31,DEM,../DSMs/2023-08-31_DEM.tif,2025-11-19T16:07:58.650795Z,4.10.dev245+g4144cef28,302_17,gray_frequencies,2423,160.0
2023-08-31,DEM,../DSMs/2023-08-31_DEM.tif,2025-11-19T16:07:58.650795Z,4.10.dev245+g4144cef28,302_17,gray_frequencies,5413,172.8
2023-08-31,DEM,../DSMs/2023-08-31_DEM.tif,2025-11-19T16:07:58.650795Z,4.10.dev245+g4144cef28,302_17,gray_frequencies,3407,185.60000000000002
2023-08-31,DEM,../DSMs/2023-08-31_DEM.tif,2025-11-19T16:07:58.650795Z,4.10.dev245+g4144cef28,302_17,gray_frequencies,2834,198.4
2023-08-31,DEM,../DSMs/2023-08-31_DEM.tif,2025-11-19T16:07:58.650795Z,4.10.dev245+g4144cef28,302_17,gray_frequencies,1794,211.20000000000002
2023-08-31,DEM,../DSMs/2023-08-31_DEM.tif,2025-11-19T16:07:58.650795Z,4.10.dev245+g4144cef28,302_17,gray_frequencies,499,224.0
2023-08-31,DEM,../DSMs/2023-08-31_DEM.tif,2025-11-19T16:07:58.650795Z,4.10.dev245+g4144cef28,302_17,gray_frequencies,0,236.8
2023-08-31,DEM,../DSMs/2023-08-31_DEM.tif,2025-11-19T16:07:58.650795Z,4.10.dev245+g4144cef28,302_17,gray_frequencies,0,249.60000000000002
2023-08-31,DEM,../DSMs/2023-08-31_DEM.tif,2025-11-19T16:07:58.650795Z,4.10.dev245+g4144cef28,902_18,gray_frequencies,0,6.4
2023-08-31,DEM,../DSMs/2023-08-31_DEM.tif,2025-11-19T16:07:58.650795Z,4.10.dev245+g4144cef28,902_18,gray_frequencies,0,19.200000000000003
2023-08-31,DEM,../DSMs/2023-08-31_DEM.tif,2025-11-19T16:07:58.650795Z,4.10.dev245+g4144cef28,902_18,gray_frequencies,0,32.0
2023-08-31,DEM,../DSMs/2023-08-31_DEM.tif,2025-11-19T16:07:58.650795Z,4.10.dev245+g4144cef28,902_18,gray_frequencies,0,44.800000000000004
2023-08-31,DEM,../DSMs/2023-08-31_DEM.tif,2025-11-19T16:07:58.650795Z,4.10.dev245+g4144cef28,902_18,gray_frequencies,0,57.6
2023-08-31,DEM,../DSMs/2023-08-31_DEM.tif,2025-11-19T16:07:58.650795Z,4.10.dev245+g4144cef28,902_18,gray_frequencies,0,70.4
2023-08-31,DEM,../DSMs/2023-08-31_DEM.tif,2025-11-19T16:07:58.650795Z,4.10.dev245+g4144cef28,902_18,gray_frequencies,0,83.20000000000002
2023-08-31,DEM,../DSMs/2023-08-31_DEM.tif,2025-11-19T16:07:58.650795Z,4.10.dev245+g4144cef28,902_18,gray_frequencies,0,96.0
2023-08-31,DEM,../DSMs/2023-08-31_DEM.tif,2025-11-19T16:07:58.650795Z,4.10.dev245+g4144cef28,902_18,gray_frequencies,0,108.80000000000001
2023-08-31,DEM,../DSMs/2023-08-31_DEM.tif,2025-11-19T16:07:58.650795Z,4.10.dev245+g4144cef28,902_18,gray_frequencies,0,121.6
2023-08-31,DEM,../DSMs/2023-08-31_DEM.tif,2025-11-19T16:07:58.650795Z,4.10.dev245+g4144cef28,902_18,gray_frequencies,395,134.4
2023-08-31,DEM,../DSMs/2023-08-31_DEM.tif,2025-11-19T16:07:58.650795Z,4.10.dev245+g4144cef28,902_18,gray_frequencies,1710,147.20000000000002
2023-08-31,DEM,../DSMs/2023-08-31_DEM.tif,2025-11-19T16:07:58.650795Z,4.10.dev245+g4144cef28,902_18,gray_frequencies,2678,160.0
2023-08-31,DEM,../DSMs/2023-08-31_DEM.tif,2025-11-19T16:07:58.650795Z,4.10.dev245+g4144cef28,902_18,gray_frequencies,5405,172.8
2023-08-31,DEM,../DSMs/2023-08-31_DEM.tif,2025-11-19T16:07:58.650795Z,4.10.dev245+g4144cef28,902_18,gray_frequencies,3323,185.60000000000002
2023-08-31,DEM,../DSMs/2023-08-31_DEM.tif,2025-11-19T16:07:58.650795Z,4.10.dev245+g4144cef28,902_18,gray_frequencies,2982,198.4
2023-08-31,DEM,../DSMs/2023-08-31_DEM.tif,2025-11-19T16:07:58.650795Z,4.10.dev245+g4144cef28,902_18,gray_frequencies,1301,211.20000000000002
2023-08-31,DEM,../DSMs/2023-08-31_DEM.tif,2025-11-19T16:07:58.650795Z,4.10.dev245+g4144cef28,902_18,gray_frequencies,110,224.0
2023-08-31,DEM,../DSMs/2023-08-31_DEM.tif,2025-11-19T16:07:58.650795Z,4.10.dev245+g4144cef28,902_18,gray_frequencies,0,236.8
2023-08-31,DEM,../DSMs/2023-08-31_DEM.tif,2025-11-19T16:07:58.650795Z,4.10.dev245+g4144cef28,902_18,gray_frequencies,0,249.60000000000002
2023-08-31,DEM,../DSMs/2023-08-31_DEM.tif,2025-11-19T16:07:58.650795Z,4.10.dev245+g4144cef28,703_19,gray_frequencies,0,6.4
2023-08-31,DEM,../DSMs/2023-08-31_DEM.tif,2025-11-19T16:07:58.650795Z,4.10.dev245+g4144cef28,703_19,gray_frequencies,0,19.200000000000003
2023-08-31,DEM,../DSMs/2023-08-31_DEM.tif,2025-11-19T16:07:58.650795Z,4.10.dev245+g4144cef28,703_19,gray_frequencies,0,32.0
2023-08-31,DEM,../DSMs/2023-08-31_DEM.tif,2025-11-19T16:07:58.650795Z,4.10.dev245+g4144cef28,703_19,gray_frequencies,0,44.800000000000004
2023-08-31,DEM,../DSMs/2023-08-31_DEM.tif,2025-11-19T16:07:58.650795Z,4.10.dev245+g4144cef28,703_19,gray_frequencies,0,57.6
2023-08-31,DEM,../DSMs/2023-08-31_DEM.tif,2025-11-19T16:07:58.650795Z,4.10.dev245+g4144cef28,703_19,gray_frequencies,0,70.4
2023-08-31,DEM,../DSMs/2023-08-31_DEM.tif,2025-11-19T16:07:58.650795Z,4.10.dev245+g4144cef28,703_19,gray_frequencies,2134,83.20000000000002
2023-08-31,DEM,../DSMs/2023-08-31_DEM.tif,2025-11-19T16:07:58.650795Z,4.10.dev245+g4144cef28,703_19,gray_frequencies,1636,96.0
2023-08-31,DEM,../DSMs/2023-08-31_DEM.tif,2025-11-19T16:07:58.650795Z,4.10.dev245+g4144cef28,703_19,gray_frequencies,2806,108.80000000000001
2023-08-31,DEM,../DSMs/2023-08-31_DEM.tif,2025-11-19T16:07:58.650795Z,4.10.dev245+g4144cef28,703_19,gray_frequencies,1076,121.6
2023-08-31,DEM,../DSMs/2023-08-31_DEM.tif,2025-11-19T16:07:58.650795Z,4.10.dev245+g4144cef28,703_19,gray_frequencies,1305,134.4
2023-08-31,DEM,../DSMs/2023-08-31_DEM.tif,2025-11-19T16:07:58.650795Z,4.10.dev245+g4144cef28,703_19,gray_frequencies,1886,147.20000000000002
2023-08-31,DEM,../DSMs/2023-08-31_DEM.tif,2025-11-19T16:07:58.650795Z,4.10.dev245+g4144cef28,703_19,gray_frequencies,4943,160.0
2023-08-31,DEM,../DSMs/2023-08-31_DEM.tif,2025-11-19T16:07:58.650795Z,4.10.dev245+g4144cef28,703_19,gray_frequencies,1853,172.8
2023-08-31,DEM,../DSMs/2023-08-31_DEM.tif,2025-11-19T16:07:58.650795Z,4.10.dev245+g4144cef28,703_19,gray_frequencies,0,185.60000000000002
2023-08-31,DEM,../DSMs/2023-08-31_DEM.tif,2025-11-19T16:07:58.650795Z,4.10.dev245+g4144cef28,703_19,gray_frequencies,0,198.4
2023-08-31,DEM,../DSMs/2023-08-31_DEM.tif,2025-11-19T16:07:58.650795Z,4.10.dev245+g4144cef28,703_19,gray_frequencies,0,211.20000000000002
2023-08-31,DEM,../DSMs/2023-08-31_DEM.tif,2025-11-19T16:07:58.650795Z,4.10.dev245+g4144cef28,703_19,gray_frequencies,0,224.0
2023-08-31,DEM,../DSMs/2023-08-31_DEM.tif,2025-11-19T16:07:58.650795Z,4.10.dev245+g4144cef28,703_19,gray_frequencies,0,236.8
2023-08-31,DEM,../DSMs/2023-08-31_DEM.tif,2025-11-19T16:07:58.650795Z,4.10.dev245+g4144cef28,703_19,gray_frequencies,0,249.60000000000002
2023-08-31,DEM,../DSMs/2023-08-31_DEM.tif,2025-11-19T16:07:58.650795Z,4.10.dev245+g4144cef28,103_20,gray_frequencies,0,6.4
2023-08-31,DEM,../DSMs/2023-08-31_DEM.tif,2025-11-19T16:07:58.650795Z,4.10.dev245+g4144cef28,103_20,gray_frequencies,0,19.200000000000003
2023-08-31,DEM,../DSMs/2023-08-31_DEM.tif,2025-11-19T16:07:58.650795Z,4.10.dev245+g4144cef28,103_20,gray_frequencies,0,32.0
2023-08-31,DEM,../DSMs/2023-08-31_DEM.tif,2025-11-19T16:07:58.650795Z,4.10.dev245+g4144cef28,103_20,gray_frequencies,0,44.800000000000004
2023-08-31,DEM,../DSMs/2023-08-31_DEM.tif,2025-11-19T16:07:58.650795Z,4.10.dev245+g4144cef28,103_20,gray_frequencies,0,57.6
2023-08-31,DEM,../DSMs/2023-08-31_DEM.tif,2025-11-19T16:07:58.650795Z,4.10.dev245+g4144cef28,103_20,gray_frequencies,32,70.4
2023-08-31,DEM,../DSMs/2023-08-31_DEM.tif,2025-11-19T16:07:58.650795Z,4.10.dev245+g4144cef28,103_20,gray_frequencies,2947,83.20000000000002
2023-08-31,DEM,../DSMs/2023-08-31_DEM.tif,2025-11-19T16:07:58.650795Z,4.10.dev245+g4144cef28,103_20,gray_frequencies,2229,96.0
2023-08-31,DEM,../DSMs/2023-08-31_DEM.tif,2025-11-19T16:07:58.650795Z,4.10.dev245+g4144cef28,103_20,gray_frequencies,5935,108.80000000000001
2023-08-31,DEM,../DSMs/2023-08-31_DEM.tif,2025-11-19T16:07:58.650795Z,4.10.dev245+g4144cef28,103_20,gray_frequencies,4629,121.6
2023-08-31,DEM,../DSMs/2023-08-31_DEM.tif,2025-11-19T16:07:58.650795Z,4.10.dev245+g4144cef28,103_20,gray_frequencies,1919,134.4
2023-08-31,DEM,../DSMs/2023-08-31_DEM.tif,2025-11-19T16:07:58.650795Z,4.10.dev245+g4144cef28,103_20,gray_frequencies,753,147.20000000000002
2023-08-31,DEM,../DSMs/2023-08-31_DEM.tif,2025-11-19T16:07:58.650795Z,4.10.dev245+g4144cef28,103_20,gray_frequencies,24,160.0
2023-08-31,DEM,../DSMs/2023-08-31_DEM.tif,2025-11-19T16:07:58.650795Z,4.10.dev245+g4144cef28,103_20,gray_frequencies,0,172.8
2023-08-31,DEM,../DSMs/2023-08-31_DEM.tif,2025-11-19T16:07:58.650795Z,4.10.dev245+g4144cef28,103_20,gray_frequencies,0,185.60000000000002
2023-08-31,DEM,../DSMs/2023-08-31_DEM.tif,2025-11-19T16:07:58.650795Z,4.10.dev245+g4144cef28,103_20,gray_frequencies,0,198.4
2023-08-31,DEM,../DSMs/2023-08-31_DEM.tif,2025-11-19T16:07:58.650795Z,4.10.dev245+g4144cef28,103_20,gray_frequencies,0,211.20000000000002
2023-08-31,DEM,../DSMs/2023-08-31_DEM.tif,2025-11-19T16:07:58.650795Z,4.10.dev245+g4144cef28,103_20,gray_frequencies,0,224.0
2023-08-31,DEM,../DSMs/2023-08-31_DEM.tif,2025-11-19T16:07:58.650795Z,4.10.dev245+g4144cef28,103_20,gray_frequencies,0,236.8
2023-08-31,DEM,../DSMs/2023-08-31_DEM.tif,2025-11-19T16:07:58.650795Z,4.10.dev245+g4144cef28,103_20,gray_frequencies,0,249.60000000000002
2023-08-31,DEM,../DSMs/2023-08-31_DEM.tif,2025-11-19T16:07:58.650795Z,4.10.dev245+g4144cef28,203_21,gray_frequencies,0,6.4
2023-08-31,DEM,../DSMs/2023-08-31_DEM.tif,2025-11-19T16:07:58.650795Z,4.10.dev245+g4144cef28,203_21,gray_frequencies,0,19.200000000000003
2023-08-31,DEM,../DSMs/2023-08-31_DEM.tif,2025-11-19T16:07:58.650795Z,4.10.dev245+g4144cef28,203_21,gray_frequencies,0,32.0
2023-08-31,DEM,../DSMs/2023-08-31_DEM.tif,2025-11-19T16:07:58.650795Z,4.10.dev245+g4144cef28,203_21,gray_frequencies,0,44.800000000000004
2023-08-31,DEM,../DSMs/2023-08-31_DEM.tif,2025-11-19T16:07:58.650795Z,4.10.dev245+g4144cef28,203_21,gray_frequencies,0,57.6
2023-08-31,DEM,../DSMs/2023-08-31_DEM.tif,2025-11-19T16:07:58.650795Z,4.10.dev245+g4144cef28,203_21,gray_frequencies,1190,70.4
2023-08-31,DEM,../DSMs/2023-08-31_DEM.tif,2025-11-19T16:07:58.650795Z,4.10.dev245+g4144cef28,203_21,gray_frequencies,1795,83.20000000000002
2023-08-31,DEM,../DSMs/2023-08-31_DEM.tif,2025-11-19T16:07:58.650795Z,4.10.dev245+g4144cef28,203_21,gray_frequencies,2587,96.0
2023-08-31,DEM,../DSMs/2023-08-31_DEM.tif,2025-11-19T16:07:58.650795Z,4.10.dev245+g4144cef28,203_21,gray_frequencies,1375,108.80000000000001
2023-08-31,DEM,../DSMs/2023-08-31_DEM.tif,2025-11-19T16:07:58.650795Z,4.10.dev245+g4144cef28,203_21,gray_frequencies,1172,121.6
2023-08-31,DEM,../DSMs/2023-08-31_DEM.tif,2025-11-19T16:07:58.650795Z,4.10.dev245+g4144cef28,203_21,gray_frequencies,2810,134.4
2023-08-31,DEM,../DSMs/2023-08-31_DEM.tif,2025-11-19T16:07:58.650795Z,4.10.dev245+g4144cef28,203_21,gray_frequencies,4074,147.20000000000002
2023-08-31,DEM,../DSMs/2023-08-31_DEM.tif,2025-11-19T16:07:58.650795Z,4.10.dev245+g4144cef28,203_21,gray_frequencies,1920,160.0
2023-08-31,DEM,../DSMs/2023-08-31_DEM.tif,2025-11-19T16:07:58.650795Z,4.10.dev245+g4144cef28,203_21,gray_frequencies,0,172.8
2023-08-31,DEM,../DSMs/2023-08-31_DEM.tif,2025-11-19T16:07:58.650795Z,4.10.dev245+g4144cef28,203_21,gray_frequencies,0,185.60000000000002
2023-08-31,DEM,../DSMs/2023-08-31_DEM.tif,2025-11-19T16:07:58.650795Z,4.10.dev245+g4144cef28,203_21,gray_frequencies,0,198.4
2023-08-31,DEM,../DSMs/2023-08-31_DEM.tif,2025-11-19T16:07:58.650795Z,4.10.dev245+g4144cef28,203_21,gray_frequencies,0,211.20000000000002
2023-08-31,DEM,../DSMs/2023-08-31_DEM.tif,2025-11-19T16:07:58.650795Z,4.10.dev245+g4144cef28,203_21,gray_frequencies,0,224.0
2023-08-31,DEM,../DSMs/2023-08-31_DEM.tif,2025-11-19T16:07:58.650795Z,4.10.dev245+g4144cef28,203_21,gray_frequencies,0,236.8
2023-08-31,DEM,../DSMs/2023-08-31_DEM.tif,2025-11-19T16:07:58.650795Z,4.10.dev245+g4144cef28,203_21,gray_frequencies,0,249.60000000000002
2023-08-31,DEM,../DSMs/2023-08-31_DEM.tif,2025-11-19T16:07:58.650795Z,4.10.dev245+g4144cef28,803_22,gray_frequencies,0,6.4
2023-08-31,DEM,../DSMs/2023-08-31_DEM.tif,2025-11-19T16:07:58.650795Z,4.10.dev245+g4144cef28,803_22,gray_frequencies,0,19.200000000000003
2023-08-31,DEM,../DSMs/2023-08-31_DEM.tif,2025-11-19T16:07:58.650795Z,4.10.dev245+g4144cef28,803_22,gray_frequencies,0,32.0
2023-08-31,DEM,../DSMs/2023-08-31_DEM.tif,2025-11-19T16:07:58.650795Z,4.10.dev245+g4144cef28,803_22,gray_frequencies,0,44.800000000000004
2023-08-31,DEM,../DSMs/2023-08-31_DEM.tif,2025-11-19T16:07:58.650795Z,4.10.dev245+g4144cef28,803_22,gray_frequencies,0,57.6
2023-08-31,DEM,../DSMs/2023-08-31_DEM.tif,2025-11-19T16:07:58.650795Z,4.10.dev245+g4144cef28,803_22,gray_frequencies,0,70.4
2023-08-31,DEM,../DSMs/2023-08-31_DEM.tif,2025-11-19T16:07:58.650795Z,4.10.dev245+g4144cef28,803_22,gray_frequencies,0,83.20000000000002
2023-08-31,DEM,../DSMs/2023-08-31_DEM.tif,2025-11-19T16:07:58.650795Z,4.10.dev245+g4144cef28,803_22,gray_frequencies,0,96.0
2023-08-31,DEM,../DSMs/2023-08-31_DEM.tif,2025-11-19T16:07:58.650795Z,4.10.dev245+g4144cef28,803_22,gray_frequencies,1678,108.80000000000001
2023-08-31,DEM,../DSMs/2023-08-31_DEM.tif,2025-11-19T16:07:58.650795Z,4.10.dev245+g4144cef28,803_22,gray_frequencies,1218,121.6
2023-08-31,DEM,../DSMs/2023-08-31_DEM.tif,2025-11-19T16:07:58.650795Z,4.10.dev245+g4144cef28,803_22,gray_frequencies,1527,134.4
2023-08-31,DEM,../DSMs/2023-08-31_DEM.tif,2025-11-19T16:07:58.650795Z,4.10.dev245+g4144cef28,803_22,gray_frequencies,880,147.20000000000002
2023-08-31,DEM,../DSMs/2023-08-31_DEM.tif,2025-11-19T16:07:58.650795Z,4.10.dev245+g4144cef28,803_22,gray_frequencies,1138,160.0
2023-08-31,DEM,../DSMs/2023-08-31_DEM.tif,2025-11-19T16:07:58.650795Z,4.10.dev245+g4144cef28,803_22,gray_frequencies,2074,172.8
2023-08-31,DEM,../DSMs/2023-08-31_DEM.tif,2025-11-19T16:07:58.650795Z,4.10.dev245+g4144cef28,803_22,gray_frequencies,6154,185.60000000000002
2023-08-31,DEM,../DSMs/2023-08-31_DEM.tif,2025-11-19T16:07:58.650795Z,4.10.dev245+g4144cef28,803_22,gray_frequencies,1169,198.4
2023-08-31,DEM,../DSMs/2023-08-31_DEM.tif,2025-11-19T16:07:58.650795Z,4.10.dev245+g4144cef28,803_22,gray_frequencies,0,211.20000000000002
2023-08-31,DEM,../DSMs/2023-08-31_DEM.tif,2025-11-19T16:07:58.650795Z,4.10.dev245+g4144cef28,803_22,gray_frequencies,0,224.0
2023-08-31,DEM,../DSMs/2023-08-31_DEM.tif,2025-11-19T16:07:58.650795Z,4.10.dev245+g4144cef28,803_22,gray_frequencies,0,236.8
2023-08-31,DEM,../DSMs/2023-08-31_DEM.tif,2025-11-19T16:07:58.650795Z,4.10.dev245+g4144cef28,803_22,gray_frequencies,0,249.60000000000002
2023-08-31,DEM,../DSMs/2023-08-31_DEM.tif,2025-11-19T16:07:58.650795Z,4.10.dev245+g4144cef28,303_23,gray_frequencies,0,6.4
2023-08-31,DEM,../DSMs/2023-08-31_DEM.tif,2025-11-19T16:07:58.650795Z,4.10.dev245+g4144cef28,303_23,gray_frequencies,0,19.200000000000003
2023-08-31,DEM,../DSMs/2023-08-31_DEM.tif,2025-11-19T16:07:58.650795Z,4.10.dev245+g4144cef28,303_23,gray_frequencies,0,32.0
2023-08-31,DEM,../DSMs/2023-08-31_DEM.tif,2025-11-19T16:07:58.650795Z,4.10.dev245+g4144cef28,303_23,gray_frequencies,0,44.800000000000004
2023-08-31,DEM,../DSMs/2023-08-31_DEM.tif,2025-11-19T16:07:58.650795Z,4.10.dev245+g4144cef28,303_23,gray_frequencies,0,57.6
2023-08-31,DEM,../DSMs/2023-08-31_DEM.tif,2025-11-19T16:07:58.650795Z,4.10.dev245+g4144cef28,303_23,gray_frequencies,0,70.4
2023-08-31,DEM,../DSMs/2023-08-31_DEM.tif,2025-11-19T16:07:58.650795Z,4.10.dev245+g4144cef28,303_23,gray_frequencies,0,83.20000000000002
2023-08-31,DEM,../DSMs/2023-08-31_DEM.tif,2025-11-19T16:07:58.650795Z,4.10.dev245+g4144cef28,303_23,gray_frequencies,0,96.0
2023-08-31,DEM,../DSMs/2023-08-31_DEM.tif,2025-11-19T16:07:58.650795Z,4.10.dev245+g4144cef28,303_23,gray_frequencies,1371,108.80000000000001
2023-08-31,DEM,../DSMs/2023-08-31_DEM.tif,2025-11-19T16:07:58.650795Z,4.10.dev245+g4144cef28,303_23,gray_frequencies,2642,121.6
2023-08-31,DEM,../DSMs/2023-08-31_DEM.tif,2025-11-19T16:07:58.650795Z,4.10.dev245+g4144cef28,303_23,gray_frequencies,5777,134.4
2023-08-31,DEM,../DSMs/2023-08-31_DEM.tif,2025-11-19T16:07:58.650795Z,4.10.dev245+g4144cef28,303_23,gray_frequencies,5472,147.20000000000002
2023-08-31,DEM,../DSMs/2023-08-31_DEM.tif,2025-11-19T16:07:58.650795Z,4.10.dev245+g4144cef28,303_23,gray_frequencies,1774,160.0
2023-08-31,DEM,../DSMs/2023-08-31_DEM.tif,2025-11-19T16:07:58.650795Z,4.10.dev245+g4144cef28,303_23,gray_frequencies,670,172.8
2023-08-31,DEM,../DSMs/2023-08-31_DEM.tif,2025-11-19T16:07:58.650795Z,4.10.dev245+g4144cef28,303_23,gray_frequencies,0,185.60000000000002
2023-08-31,DEM,../DSMs/2023-08-31_DEM.tif,2025-11-19T16:07:58.650795Z,4.10.dev245+g4144cef28,303_23,gray_frequencies,0,198.4
2023-08-31,DEM,../DSMs/2023-08-31_DEM.tif,2025-11-19T16:07:58.650795Z,4.10.dev245+g4144cef28,303_23,gray_frequencies,0,211.20000000000002
2023-08-31,DEM,../DSMs/2023-08-31_DEM.tif,2025-11-19T16:07:58.650795Z,4.10.dev245+g4144cef28,303_23,gray_frequencies,0,224.0
2023-08-31,DEM,../DSMs/2023-08-31_DEM.tif,2025-11-19T16:07:58.650795Z,4.10.dev245+g4144cef28,303_23,gray_frequencies,0,236.8
2023-08-31,DEM,../DSMs/2023-08-31_DEM.tif,2025-11-19T16:07:58.650795Z,4.10.dev245+g4144cef28,303_23,gray_frequencies,0,249.60000000000002
2023-08-31,DEM,../DSMs/2023-08-31_DEM.tif,2025-11-19T16:07:58.650795Z,4.10.dev245+g4144cef28,903_24,gray_frequencies,0,6.4
2023-08-31,DEM,../DSMs/2023-08-31_DEM.tif,2025-11-19T16:07:58.650795Z,4.10.dev245+g4144cef28,903_24,gray_frequencies,0,19.200000000000003
2023-08-31,DEM,../DSMs/2023-08-31_DEM.tif,2025-11-19T16:07:58.650795Z,4.10.dev245+g4144cef28,903_24,gray_frequencies,0,32.0
2023-08-31,DEM,../DSMs/2023-08-31_DEM.tif,2025-11-19T16:07:58.650795Z,4.10.dev245+g4144cef28,903_24,gray_frequencies,0,44.800000000000004
2023-08-31,DEM,../DSMs/2023-08-31_DEM.tif,2025-11-19T16:07:58.650795Z,4.10.dev245+g4144cef28,903_24,gray_frequencies,0,57.6
2023-08-31,DEM,../DSMs/2023-08-31_DEM.tif,2025-11-19T16:07:58.650795Z,4.10.dev245+g4144cef28,903_24,gray_frequencies,0,70.4
2023-08-31,DEM,../DSMs/2023-08-31_DEM.tif,2025-11-19T16:07:58.650795Z,4.10.dev245+g4144cef28,903_24,gray_frequencies,0,83.20000000000002
2023-08-31,DEM,../DSMs/2023-08-31_DEM.tif,2025-11-19T16:07:58.650795Z,4.10.dev245+g4144cef28,903_24,gray_frequencies,136,96.0
2023-08-31,DEM,../DSMs/2023-08-31_DEM.tif,2025-11-19T16:07:58.650795Z,4.10.dev245+g4144cef28,903_24,gray_frequencies,2205,108.80000000000001
2023-08-31,DEM,../DSMs/2023-08-31_DEM.tif,2025-11-19T16:07:58.650795Z,4.10.dev245+g4144cef28,903_24,gray_frequencies,3321,121.6
2023-08-31,DEM,../DSMs/2023-08-31_DEM.tif,2025-11-19T16:07:58.650795Z,4.10.dev245+g4144cef28,903_24,gray_frequencies,4903,134.4
2023-08-31,DEM,../DSMs/2023-08-31_DEM.tif,2025-11-19T16:07:58.650795Z,4.10.dev245+g4144cef28,903_24,gray_frequencies,3401,147.20000000000002
2023-08-31,DEM,../DSMs/2023-08-31_DEM.tif,2025-11-19T16:07:58.650795Z,4.10.dev245+g4144cef28,903_24,gray_frequencies,2503,160.0
2023-08-31,DEM,../DSMs/2023-08-31_DEM.tif,2025-11-19T16:07:58.650795Z,4.10.dev245+g4144cef28,903_24,gray_frequencies,775,172.8
2023-08-31,DEM,../DSMs/2023-08-31_DEM.tif,2025-11-19T16:07:58.650795Z,4.10.dev245+g4144cef28,903_24,gray_frequencies,0,185.60000000000002
2023-08-31,DEM,../DSMs/2023-08-31_DEM.tif,2025-11-19T16:07:58.650795Z,4.10.dev245+g4144cef28,903_24,gray_frequencies,0,198.4
2023-08-31,DEM,../DSMs/2023-08-31_DEM.tif,2025-11-19T16:07:58.650795Z,4.10.dev245+g4144cef28,903_24,gray_frequencies,0,211.20000000000002
2023-08-31,DEM,../DSMs/2023-08-31_DEM.tif,2025-11-19T16:07:58.650795Z,4.10.dev245+g4144cef28,903_24,gray_frequencies,0,224.0
2023-08-31,DEM,../DSMs/2023-08-31_DEM.tif,2025-11-19T16:07:58.650795Z,4.10.dev245+g4144cef28,903_24,gray_frequencies,0,236.8
2023-08-31,DEM,../DSMs/2023-08-31_DEM.tif,2025-11-19T16:07:58.650795Z,4.10.dev245+g4144cef28,903_24,gray_frequencies,0,249.60000000000002
2023-08-31,DEM,../DSMs/2023-08-31_DEM.tif,2025-11-19T16:07:58.650795Z,4.10.dev245+g4144cef28,403_25,gray_frequencies,0,6.4
2023-08-31,DEM,../DSMs/2023-08-31_DEM.tif,2025-11-19T16:07:58.650795Z,4.10.dev245+g4144cef28,403_25,gray_frequencies,0,19.200000000000003
2023-08-31,DEM,../DSMs/2023-08-31_DEM.tif,2025-11-19T16:07:58.650795Z,4.10.dev245+g4144cef28,403_25,gray_frequencies,0,32.0
2023-08-31,DEM,../DSMs/2023-08-31_DEM.tif,2025-11-19T16:07:58.650795Z,4.10.dev245+g4144cef28,403_25,gray_frequencies,0,44.800000000000004
2023-08-31,DEM,../DSMs/2023-08-31_DEM.tif,2025-11-19T16:07:58.650795Z,4.10.dev245+g4144cef28,403_25,gray_frequencies,0,57.6
2023-08-31,DEM,../DSMs/2023-08-31_DEM.tif,2025-11-19T16:07:58.650795Z,4.10.dev245+g4144cef28,403_25,gray_frequencies,0,70.4
2023-08-31,DEM,../DSMs/2023-08-31_DEM.tif,2025-11-19T16:07:58.650795Z,4.10.dev245+g4144cef28,403_25,gray_frequencies,0,83.20000000000002
2023-08-31,DEM,../DSMs/2023-08-31_DEM.tif,2025-11-19T16:07:58.650795Z,4.10.dev245+g4144cef28,403_25,gray_frequencies,0,96.0
2023-08-31,DEM,../DSMs/2023-08-31_DEM.tif,2025-11-19T16:07:58.650795Z,4.10.dev245+g4144cef28,403_25,gray_frequencies,0,108.80000000000001
2023-08-31,DEM,../DSMs/2023-08-31_DEM.tif,2025-11-19T16:07:58.650795Z,4.10.dev245+g4144cef28,403_25,gray_frequencies,0,121.6
2023-08-31,DEM,../DSMs/2023-08-31_DEM.tif,2025-11-19T16:07:58.650795Z,4.10.dev245+g4144cef28,403_25,gray_frequencies,1766,134.4
2023-08-31,DEM,../DSMs/2023-08-31_DEM.tif,2025-11-19T16:07:58.650795Z,4.10.dev245+g4144cef28,403_25,gray_frequencies,2427,147.20000000000002
2023-08-31,DEM,../DSMs/2023-08-31_DEM.tif,2025-11-19T16:07:58.650795Z,4.10.dev245+g4144cef28,403_25,gray_frequencies,6490,160.0
2023-08-31,DEM,../DSMs/2023-08-31_DEM.tif,2025-11-19T16:07:58.650795Z,4.10.dev245+g4144cef28,403_25,gray_frequencies,3631,172.8
2023-08-31,DEM,../DSMs/2023-08-31_DEM.tif,2025-11-19T16:07:58.650795Z,4.10.dev245+g4144cef28,403_25,gray_frequencies,1743,185.60000000000002
2023-08-31,DEM,../DSMs/2023-08-31_DEM.tif,2025-11-19T16:07:58.650795Z,4.10.dev245+g4144cef28,403_25,gray_frequencies,1359,198.4
2023-08-31,DEM,../DSMs/2023-08-31_DEM.tif,2025-11-19T16:07:58.650795Z,4.10.dev245+g4144cef28,403_25,gray_frequencies,253,211.20000000000002
2023-08-31,DEM,../DSMs/2023-08-31_DEM.tif,2025-11-19T16:07:58.650795Z,4.10.dev245+g4144cef28,403_25,gray_frequencies,0,224.0
2023-08-31,DEM,../DSMs/2023-08-31_DEM.tif,2025-11-19T16:07:58.650795Z,4.10.dev245+g4144cef28,403_25,gray_frequencies,0,236.8
2023-08-31,DEM,../DSMs/2023-08-31_DEM.tif,2025-11-19T16:07:58.650795Z,4.10.dev245+g4144cef28,403_25,gray_frequencies,0,249.60000000000002
2023-08-31,DEM,../DSMs/2023-08-31_DEM.tif,2025-11-19T16:07:58.650795Z,4.10.dev245+g4144cef28,503_26,gray_frequencies,0,6.4
2023-08-31,DEM,../DSMs/2023-08-31_DEM.tif,2025-11-19T16:07:58.650795Z,4.10.dev245+g4144cef28,503_26,gray_frequencies,0,19.200000000000003
2023-08-31,DEM,../DSMs/2023-08-31_DEM.tif,2025-11-19T16:07:58.650795Z,4.10.dev245+g4144cef28,503_26,gray_frequencies,0,32.0
2023-08-31,DEM,../DSMs/2023-08-31_DEM.tif,2025-11-19T16:07:58.650795Z,4.10.dev245+g4144cef28,503_26,gray_frequencies,0,44.800000000000004
2023-08-31,DEM,../DSMs/2023-08-31_DEM.tif,2025-11-19T16:07:58.650795Z,4.10.dev245+g4144cef28,503_26,gray_frequencies,0,57.6
2023-08-31,DEM,../DSMs/2023-08-31_DEM.tif,2025-11-19T16:07:58.650795Z,4.10.dev245+g4144cef28,503_26,gray_frequencies,0,70.4
2023-08-31,DEM,../DSMs/2023-08-31_DEM.tif,2025-11-19T16:07:58.650795Z,4.10.dev245+g4144cef28,503_26,gray_frequencies,0,83.20000000000002
2023-08-31,DEM,../DSMs/2023-08-31_DEM.tif,2025-11-19T16:07:58.650795Z,4.10.dev245+g4144cef28,503_26,gray_frequencies,0,96.0
2023-08-31,DEM,../DSMs/2023-08-31_DEM.tif,2025-11-19T16:07:58.650795Z,4.10.dev245+g4144cef28,503_26,gray_frequencies,0,108.80000000000001
2023-08-31,DEM,../DSMs/2023-08-31_DEM.tif,2025-11-19T16:07:58.650795Z,4.10.dev245+g4144cef28,503_26,gray_frequencies,0,121.6
2023-08-31,DEM,../DSMs/2023-08-31_DEM.tif,2025-11-19T16:07:58.650795Z,4.10.dev245+g4144cef28,503_26,gray_frequencies,2657,134.4
2023-08-31,DEM,../DSMs/2023-08-31_DEM.tif,2025-11-19T16:07:58.650795Z,4.10.dev245+g4144cef28,503_26,gray_frequencies,2866,147.20000000000002
2023-08-31,DEM,../DSMs/2023-08-31_DEM.tif,2025-11-19T16:07:58.650795Z,4.10.dev245+g4144cef28,503_26,gray_frequencies,3748,160.0
2023-08-31,DEM,../DSMs/2023-08-31_DEM.tif,2025-11-19T16:07:58.650795Z,4.10.dev245+g4144cef28,503_26,gray_frequencies,3704,172.8
2023-08-31,DEM,../DSMs/2023-08-31_DEM.tif,2025-11-19T16:07:58.650795Z,4.10.dev245+g4144cef28,503_26,gray_frequencies,1960,185.60000000000002
2023-08-31,DEM,../DSMs/2023-08-31_DEM.tif,2025-11-19T16:07:58.650795Z,4.10.dev245+g4144cef28,503_26,gray_frequencies,2018,198.4
2023-08-31,DEM,../DSMs/2023-08-31_DEM.tif,2025-11-19T16:07:58.650795Z,4.10.dev245+g4144cef28,503_26,gray_frequencies,522,211.20000000000002
2023-08-31,DEM,../DSMs/2023-08-31_DEM.tif,2025-11-19T16:07:58.650795Z,4.10.dev245+g4144cef28,503_26,gray_frequencies,0,224.0
2023-08-31,DEM,../DSMs/2023-08-31_DEM.tif,2025-11-19T16:07:58.650795Z,4.10.dev245+g4144cef28,503_26,gray_frequencies,0,236.8
2023-08-31,DEM,../DSMs/2023-08-31_DEM.tif,2025-11-19T16:07:58.650795Z,4.10.dev245+g4144cef28,503_26,gray_frequencies,0,249.60000000000002
2023-08-31,DEM,../DSMs/2023-08-31_DEM.tif,2025-11-19T16:07:58.650795Z,4.10.dev245+g4144cef28,603_27,gray_frequencies,0,6.4
2023-08-31,DEM,../DSMs/2023-08-31_DEM.tif,2025-11-19T16:07:58.650795Z,4.10.dev245+g4144cef28,603_27,gray_frequencies,0,19.200000000000003
2023-08-31,DEM,../DSMs/2023-08-31_DEM.tif,2025-11-19T16:07:58.650795Z,4.10.dev245+g4144cef28,603_27,gray_frequencies,0,32.0
2023-08-31,DEM,../DSMs/2023-08-31_DEM.tif,2025-11-19T16:07:58.650795Z,4.10.dev245+g4144cef28,603_27,gray_frequencies,0,44.800000000000004
2023-08-31,DEM,../DSMs/2023-08-31_DEM.tif,2025-11-19T16:07:58.650795Z,4.10.dev245+g4144cef28,603_27,gray_frequencies,0,57.6
2023-08-31,DEM,../DSMs/2023-08-31_DEM.tif,2025-11-19T16:07:58.650795Z,4.10.dev245+g4144cef28,603_27,gray_frequencies,0,70.4
2023-08-31,DEM,../DSMs/2023-08-31_DEM.tif,2025-11-19T16:07:58.650795Z,4.10.dev245+g4144cef28,603_27,gray_frequencies,0,83.20000000000002
2023-08-31,DEM,../DSMs/2023-08-31_DEM.tif,2025-11-19T16:07:58.650795Z,4.10.dev245+g4144cef28,603_27,gray_frequencies,0,96.0
2023-08-31,DEM,../DSMs/2023-08-31_DEM.tif,2025-11-19T16:07:58.650795Z,4.10.dev245+g4144cef28,603_27,gray_frequencies,0,108.80000000000001
2023-08-31,DEM,../DSMs/2023-08-31_DEM.tif,2025-11-19T16:07:58.650795Z,4.10.dev245+g4144cef28,603_27,gray_frequencies,769,121.6
2023-08-31,DEM,../DSMs/2023-08-31_DEM.tif,2025-11-19T16:07:58.650795Z,4.10.dev245+g4144cef28,603_27,gray_frequencies,1932,134.4
2023-08-31,DEM,../DSMs/2023-08-31_DEM.tif,2025-11-19T16:07:58.650795Z,4.10.dev245+g4144cef28,603_27,gray_frequencies,3893,147.20000000000002
2023-08-31,DEM,../DSMs/2023-08-31_DEM.tif,2025-11-19T16:07:58.650795Z,4.10.dev245+g4144cef28,603_27,gray_frequencies,4112,160.0
2023-08-31,DEM,../DSMs/2023-08-31_DEM.tif,2025-11-19T16:07:58.650795Z,4.10.dev245+g4144cef28,603_27,gray_frequencies,2592,172.8
2023-08-31,DEM,../DSMs/2023-08-31_DEM.tif,2025-11-19T16:07:58.650795Z,4.10.dev245+g4144cef28,603_27,gray_frequencies,2158,185.60000000000002
2023-08-31,DEM,../DSMs/2023-08-31_DEM.tif,2025-11-19T16:07:58.650795Z,4.10.dev245+g4144cef28,603_27,gray_frequencies,1370,198.4
2023-08-31,DEM,../DSMs/2023-08-31_DEM.tif,2025-11-19T16:07:58.650795Z,4.10.dev245+g4144cef28,603_27,gray_frequencies,10,211.20000000000002
2023-08-31,DEM,../DSMs/2023-08-31_DEM.tif,2025-11-19T16:07:58.650795Z,4.10.dev245+g4144cef28,603_27,gray_frequencies,0,224.0
2023-08-31,DEM,../DSMs/2023-08-31_DEM.tif,2025-11-19T16:07:58.650795Z,4.10.dev245+g4144cef28,603_27,gray_frequencies,0,236.8
2023-08-31,DEM,../DSMs/2023-08-31_DEM.tif,2025-11-19T16:07:58.650795Z,4.10.dev245+g4144cef28,603_27,gray_frequencies,0,249.60000000000002
2023-05-03,DEM,../DSMs/2023-05-03_DEM.tif,2025-11-19T16:07:38.660842Z,4.10.dev245+g4144cef28,default_101,gray_frequencies,NA,NA
2023-05-03,DEM,../DSMs/2023-05-03_DEM.tif,2025-11-19T16:07:38.660842Z,4.10.dev245+g4144cef28,default_201,gray_frequencies,NA,NA
2023-05-03,DEM,../DSMs/2023-05-03_DEM.tif,2025-11-19T16:07:38.660842Z,4.10.dev245+g4144cef28,default_301,gray_frequencies,NA,NA
2023-05-03,DEM,../DSMs/2023-05-03_DEM.tif,2025-11-19T16:07:38.660842Z,4.10.dev245+g4144cef28,default_401,gray_frequencies,NA,NA
2023-05-03,DEM,../DSMs/2023-05-03_DEM.tif,2025-11-19T16:07:38.660842Z,4.10.dev245+g4144cef28,default_501,gray_frequencies,NA,NA
2023-05-03,DEM,../DSMs/2023-05-03_DEM.tif,2025-11-19T16:07:38.660842Z,4.10.dev245+g4144cef28,default_901,gray_frequencies,NA,NA
2023-05-03,DEM,../DSMs/2023-05-03_DEM.tif,2025-11-19T16:07:38.660842Z,4.10.dev245+g4144cef28,default_701,gray_frequencies,NA,NA
2023-05-03,DEM,../DSMs/2023-05-03_DEM.tif,2025-11-19T16:07:38.660842Z,4.10.dev245+g4144cef28,default_801,gray_frequencies,NA,NA
2023-05-03,DEM,../DSMs/2023-05-03_DEM.tif,2025-11-19T16:07:38.660842Z,4.10.dev245+g4144cef28,default_601,gray_frequencies,NA,NA
2023-05-03,DEM,../DSMs/2023-05-03_DEM.tif,2025-11-19T16:07:38.660842Z,4.10.dev245+g4144cef28,default_502,gray_frequencies,NA,NA
2023-05-03,DEM,../DSMs/2023-05-03_DEM.tif,2025-11-19T16:07:38.660842Z,4.10.dev245+g4144cef28,default_402,gray_frequencies,NA,NA
2023-05-03,DEM,../DSMs/2023-05-03_DEM.tif,2025-11-19T16:07:38.660842Z,4.10.dev245+g4144cef28,default_102,gray_frequencies,NA,NA
2023-05-03,DEM,../DSMs/2023-05-03_DEM.tif,2025-11-19T16:07:38.660842Z,4.10.dev245+g4144cef28,default_702,gray_frequencies,NA,NA
2023-05-03,DEM,../DSMs/2023-05-03_DEM.tif,2025-11-19T16:07:38.660842Z,4.10.dev245+g4144cef28,default_202,gray_frequencies,NA,NA
2023-05-03,DEM,../DSMs/2023-05-03_DEM.tif,2025-11-19T16:07:38.660842Z,4.10.dev245+g4144cef28,default_602,gray_frequencies,NA,NA
2023-05-03,DEM,../DSMs/2023-05-03_DEM.tif,2025-11-19T16:07:38.660842Z,4.10.dev245+g4144cef28,default_802,gray_frequencies,NA,NA
2023-05-03,DEM,../DSMs/2023-05-03_DEM.tif,2025-11-19T16:07:38.660842Z,4.10.dev245+g4144cef28,default_302,gray_frequencies,NA,NA
2023-05-03,DEM,../DSMs/2023-05-03_DEM.tif,2025-11-19T16:07:38.660842Z,4.10.dev245+g4144cef28,default_902,gray_frequencies,NA,NA
2023-05-03,DEM,../DSMs/2023-05-03_DEM.tif,2025-11-19T16:07:38.660842Z,4.10.dev245+g4144cef28,default_703,gray_frequencies,NA,NA
2023-05-03,DEM,../DSMs/2023-05-03_DEM.tif,2025-11-19T16:07:38.660842Z,4.10.dev245+g4144cef28,default_103,gray_frequencies,NA,NA
2023-05-03,DEM,../DSMs/2023-05-03_DEM.tif,2025-11-19T16:07:38.660842Z,4.10.dev245+g4144cef28,default_203,gray_frequencies,NA,NA
2023-05-03,DEM,../DSMs/2023-05-03_DEM.tif,2025-11-19T16:07:38.660842Z,4.10.dev245+g4144cef28,default_803,gray_frequencies,NA,NA
2023-05-03,DEM,../DSMs/2023-05-03_DEM.tif,2025-11-19T16:07:38.660842Z,4.10.dev245+g4144cef28,default_303,gray_frequencies,NA,NA
2023-05-03,DEM,../DSMs/2023-05-03_DEM.tif,2025-11-19T16:07:38.660842Z,4.10.dev245+g4144cef28,default_903,gray_frequencies,NA,NA
2023-05-03,DEM,../DSMs/2023-05-03_DEM.tif,2025-11-19T16:07:38.660842Z,4.10.dev245+g4144cef28,default_403,gray_frequencies,NA,NA
2023-05-03,DEM,../DSMs/2023-05-03_DEM.tif,2025-11-19T16:07:38.660842Z,4.10.dev245+g4144cef28,default_503,gray_frequencies,NA,NA
2023-05-03,DEM,../DSMs/2023-05-03_DEM.tif,2025-11-19T16:07:38.660842Z,4.10.dev245+g4144cef28,default_603,gray_frequencies,NA,NA
2023-05-03,DEM,../DSMs/2023-05-03_DEM.tif,2025-11-19T16:07:38.660842Z,4.10.dev245+g4144cef28,101_1,gray_frequencies,0,6.4
2023-05-03,DEM,../DSMs/2023-05-03_DEM.tif,2025-11-19T16:07:38.660842Z,4.10.dev245+g4144cef28,101_1,gray_frequencies,0,19.200000000000003
2023-05-03,DEM,../DSMs/2023-05-03_DEM.tif,2025-11-19T16:07:38.660842Z,4.10.dev245+g4144cef28,101_1,gray_frequencies,0,32.0
2023-05-03,DEM,../DSMs/2023-05-03_DEM.tif,2025-11-19T16:07:38.660842Z,4.10.dev245+g4144cef28,101_1,gray_frequencies,0,44.800000000000004
2023-05-03,DEM,../DSMs/2023-05-03_DEM.tif,2025-11-19T16:07:38.660842Z,4.10.dev245+g4144cef28,101_1,gray_frequencies,0,57.6
2023-05-03,DEM,../DSMs/2023-05-03_DEM.tif,2025-11-19T16:07:38.660842Z,4.10.dev245+g4144cef28,101_1,gray_frequencies,0,70.4
2023-05-03,DEM,../DSMs/2023-05-03_DEM.tif,2025-11-19T16:07:38.660842Z,4.10.dev245+g4144cef28,101_1,gray_frequencies,0,83.20000000000002
2023-05-03,DEM,../DSMs/2023-05-03_DEM.tif,2025-11-19T16:07:38.660842Z,4.10.dev245+g4144cef28,101_1,gray_frequencies,0,96.0
2023-05-03,DEM,../DSMs/2023-05-03_DEM.tif,2025-11-19T16:07:38.660842Z,4.10.dev245+g4144cef28,101_1,gray_frequencies,0,108.80000000000001
2023-05-03,DEM,../DSMs/2023-05-03_DEM.tif,2025-11-19T16:07:38.660842Z,4.10.dev245+g4144cef28,101_1,gray_frequencies,0,121.6
2023-05-03,DEM,../DSMs/2023-05-03_DEM.tif,2025-11-19T16:07:38.660842Z,4.10.dev245+g4144cef28,101_1,gray_frequencies,0,134.4
2023-05-03,DEM,../DSMs/2023-05-03_DEM.tif,2025-11-19T16:07:38.660842Z,4.10.dev245+g4144cef28,101_1,gray_frequencies,0,147.20000000000002
2023-05-03,DEM,../DSMs/2023-05-03_DEM.tif,2025-11-19T16:07:38.660842Z,4.10.dev245+g4144cef28,101_1,gray_frequencies,0,160.0
2023-05-03,DEM,../DSMs/2023-05-03_DEM.tif,2025-11-19T16:07:38.660842Z,4.10.dev245+g4144cef28,101_1,gray_frequencies,0,172.8
2023-05-03,DEM,../DSMs/2023-05-03_DEM.tif,2025-11-19T16:07:38.660842Z,4.10.dev245+g4144cef28,101_1,gray_frequencies,0,185.60000000000002
2023-05-03,DEM,../DSMs/2023-05-03_DEM.tif,2025-11-19T16:07:38.660842Z,4.10.dev245+g4144cef28,101_1,gray_frequencies,615,198.4
2023-05-03,DEM,../DSMs/2023-05-03_DEM.tif,2025-11-19T16:07:38.660842Z,4.10.dev245+g4144cef28,101_1,gray_frequencies,5315,211.20000000000002
2023-05-03,DEM,../DSMs/2023-05-03_DEM.tif,2025-11-19T16:07:38.660842Z,4.10.dev245+g4144cef28,101_1,gray_frequencies,4600,224.0
2023-05-03,DEM,../DSMs/2023-05-03_DEM.tif,2025-11-19T16:07:38.660842Z,4.10.dev245+g4144cef28,101_1,gray_frequencies,82,236.8
2023-05-03,DEM,../DSMs/2023-05-03_DEM.tif,2025-11-19T16:07:38.660842Z,4.10.dev245+g4144cef28,101_1,gray_frequencies,0,249.60000000000002
2023-05-03,DEM,../DSMs/2023-05-03_DEM.tif,2025-11-19T16:07:38.660842Z,4.10.dev245+g4144cef28,201_2,gray_frequencies,0,6.4
2023-05-03,DEM,../DSMs/2023-05-03_DEM.tif,2025-11-19T16:07:38.660842Z,4.10.dev245+g4144cef28,201_2,gray_frequencies,0,19.200000000000003
2023-05-03,DEM,../DSMs/2023-05-03_DEM.tif,2025-11-19T16:07:38.660842Z,4.10.dev245+g4144cef28,201_2,gray_frequencies,0,32.0
2023-05-03,DEM,../DSMs/2023-05-03_DEM.tif,2025-11-19T16:07:38.660842Z,4.10.dev245+g4144cef28,201_2,gray_frequencies,0,44.800000000000004
2023-05-03,DEM,../DSMs/2023-05-03_DEM.tif,2025-11-19T16:07:38.660842Z,4.10.dev245+g4144cef28,201_2,gray_frequencies,0,57.6
2023-05-03,DEM,../DSMs/2023-05-03_DEM.tif,2025-11-19T16:07:38.660842Z,4.10.dev245+g4144cef28,201_2,gray_frequencies,0,70.4
2023-05-03,DEM,../DSMs/2023-05-03_DEM.tif,2025-11-19T16:07:38.660842Z,4.10.dev245+g4144cef28,201_2,gray_frequencies,0,83.20000000000002
2023-05-03,DEM,../DSMs/2023-05-03_DEM.tif,2025-11-19T16:07:38.660842Z,4.10.dev245+g4144cef28,201_2,gray_frequencies,0,96.0
2023-05-03,DEM,../DSMs/2023-05-03_DEM.tif,2025-11-19T16:07:38.660842Z,4.10.dev245+g4144cef28,201_2,gray_frequencies,0,108.80000000000001
2023-05-03,DEM,../DSMs/2023-05-03_DEM.tif,2025-11-19T16:07:38.660842Z,4.10.dev245+g4144cef28,201_2,gray_frequencies,0,121.6
2023-05-03,DEM,../DSMs/2023-05-03_DEM.tif,2025-11-19T16:07:38.660842Z,4.10.dev245+g4144cef28,201_2,gray_frequencies,0,134.4
2023-05-03,DEM,../DSMs/2023-05-03_DEM.tif,2025-11-19T16:07:38.660842Z,4.10.dev245+g4144cef28,201_2,gray_frequencies,0,147.20000000000002
2023-05-03,DEM,../DSMs/2023-05-03_DEM.tif,2025-11-19T16:07:38.660842Z,4.10.dev245+g4144cef28,201_2,gray_frequencies,0,160.0
2023-05-03,DEM,../DSMs/2023-05-03_DEM.tif,2025-11-19T16:07:38.660842Z,4.10.dev245+g4144cef28,201_2,gray_frequencies,0,172.8
2023-05-03,DEM,../DSMs/2023-05-03_DEM.tif,2025-11-19T16:07:38.660842Z,4.10.dev245+g4144cef28,201_2,gray_frequencies,599,185.60000000000002
2023-05-03,DEM,../DSMs/2023-05-03_DEM.tif,2025-11-19T16:07:38.660842Z,4.10.dev245+g4144cef28,201_2,gray_frequencies,2441,198.4
2023-05-03,DEM,../DSMs/2023-05-03_DEM.tif,2025-11-19T16:07:38.660842Z,4.10.dev245+g4144cef28,201_2,gray_frequencies,6134,211.20000000000002
2023-05-03,DEM,../DSMs/2023-05-03_DEM.tif,2025-11-19T16:07:38.660842Z,4.10.dev245+g4144cef28,201_2,gray_frequencies,657,224.0
2023-05-03,DEM,../DSMs/2023-05-03_DEM.tif,2025-11-19T16:07:38.660842Z,4.10.dev245+g4144cef28,201_2,gray_frequencies,0,236.8
2023-05-03,DEM,../DSMs/2023-05-03_DEM.tif,2025-11-19T16:07:38.660842Z,4.10.dev245+g4144cef28,201_2,gray_frequencies,0,249.60000000000002
2023-05-03,DEM,../DSMs/2023-05-03_DEM.tif,2025-11-19T16:07:38.660842Z,4.10.dev245+g4144cef28,301_3,gray_frequencies,0,6.4
2023-05-03,DEM,../DSMs/2023-05-03_DEM.tif,2025-11-19T16:07:38.660842Z,4.10.dev245+g4144cef28,301_3,gray_frequencies,0,19.200000000000003
2023-05-03,DEM,../DSMs/2023-05-03_DEM.tif,2025-11-19T16:07:38.660842Z,4.10.dev245+g4144cef28,301_3,gray_frequencies,0,32.0
2023-05-03,DEM,../DSMs/2023-05-03_DEM.tif,2025-11-19T16:07:38.660842Z,4.10.dev245+g4144cef28,301_3,gray_frequencies,0,44.800000000000004
2023-05-03,DEM,../DSMs/2023-05-03_DEM.tif,2025-11-19T16:07:38.660842Z,4.10.dev245+g4144cef28,301_3,gray_frequencies,0,57.6
2023-05-03,DEM,../DSMs/2023-05-03_DEM.tif,2025-11-19T16:07:38.660842Z,4.10.dev245+g4144cef28,301_3,gray_frequencies,0,70.4
2023-05-03,DEM,../DSMs/2023-05-03_DEM.tif,2025-11-19T16:07:38.660842Z,4.10.dev245+g4144cef28,301_3,gray_frequencies,0,83.20000000000002
2023-05-03,DEM,../DSMs/2023-05-03_DEM.tif,2025-11-19T16:07:38.660842Z,4.10.dev245+g4144cef28,301_3,gray_frequencies,0,96.0
2023-05-03,DEM,../DSMs/2023-05-03_DEM.tif,2025-11-19T16:07:38.660842Z,4.10.dev245+g4144cef28,301_3,gray_frequencies,0,108.80000000000001
2023-05-03,DEM,../DSMs/2023-05-03_DEM.tif,2025-11-19T16:07:38.660842Z,4.10.dev245+g4144cef28,301_3,gray_frequencies,0,121.6
2023-05-03,DEM,../DSMs/2023-05-03_DEM.tif,2025-11-19T16:07:38.660842Z,4.10.dev245+g4144cef28,301_3,gray_frequencies,0,134.4
2023-05-03,DEM,../DSMs/2023-05-03_DEM.tif,2025-11-19T16:07:38.660842Z,4.10.dev245+g4144cef28,301_3,gray_frequencies,0,147.20000000000002
2023-05-03,DEM,../DSMs/2023-05-03_DEM.tif,2025-11-19T16:07:38.660842Z,4.10.dev245+g4144cef28,301_3,gray_frequencies,117,160.0
2023-05-03,DEM,../DSMs/2023-05-03_DEM.tif,2025-11-19T16:07:38.660842Z,4.10.dev245+g4144cef28,301_3,gray_frequencies,1962,172.8
2023-05-03,DEM,../DSMs/2023-05-03_DEM.tif,2025-11-19T16:07:38.660842Z,4.10.dev245+g4144cef28,301_3,gray_frequencies,4499,185.60000000000002
2023-05-03,DEM,../DSMs/2023-05-03_DEM.tif,2025-11-19T16:07:38.660842Z,4.10.dev245+g4144cef28,301_3,gray_frequencies,3501,198.4
2023-05-03,DEM,../DSMs/2023-05-03_DEM.tif,2025-11-19T16:07:38.660842Z,4.10.dev245+g4144cef28,301_3,gray_frequencies,103,211.20000000000002
2023-05-03,DEM,../DSMs/2023-05-03_DEM.tif,2025-11-19T16:07:38.660842Z,4.10.dev245+g4144cef28,301_3,gray_frequencies,0,224.0
2023-05-03,DEM,../DSMs/2023-05-03_DEM.tif,2025-11-19T16:07:38.660842Z,4.10.dev245+g4144cef28,301_3,gray_frequencies,0,236.8
2023-05-03,DEM,../DSMs/2023-05-03_DEM.tif,2025-11-19T16:07:38.660842Z,4.10.dev245+g4144cef28,301_3,gray_frequencies,0,249.60000000000002
2023-05-03,DEM,../DSMs/2023-05-03_DEM.tif,2025-11-19T16:07:38.660842Z,4.10.dev245+g4144cef28,401_4,gray_frequencies,0,6.4
2023-05-03,DEM,../DSMs/2023-05-03_DEM.tif,2025-11-19T16:07:38.660842Z,4.10.dev245+g4144cef28,401_4,gray_frequencies,0,19.200000000000003
2023-05-03,DEM,../DSMs/2023-05-03_DEM.tif,2025-11-19T16:07:38.660842Z,4.10.dev245+g4144cef28,401_4,gray_frequencies,0,32.0
2023-05-03,DEM,../DSMs/2023-05-03_DEM.tif,2025-11-19T16:07:38.660842Z,4.10.dev245+g4144cef28,401_4,gray_frequencies,0,44.800000000000004
2023-05-03,DEM,../DSMs/2023-05-03_DEM.tif,2025-11-19T16:07:38.660842Z,4.10.dev245+g4144cef28,401_4,gray_frequencies,0,57.6
2023-05-03,DEM,../DSMs/2023-05-03_DEM.tif,2025-11-19T16:07:38.660842Z,4.10.dev245+g4144cef28,401_4,gray_frequencies,0,70.4
2023-05-03,DEM,../DSMs/2023-05-03_DEM.tif,2025-11-19T16:07:38.660842Z,4.10.dev245+g4144cef28,401_4,gray_frequencies,0,83.20000000000002
2023-05-03,DEM,../DSMs/2023-05-03_DEM.tif,2025-11-19T16:07:38.660842Z,4.10.dev245+g4144cef28,401_4,gray_frequencies,0,96.0
2023-05-03,DEM,../DSMs/2023-05-03_DEM.tif,2025-11-19T16:07:38.660842Z,4.10.dev245+g4144cef28,401_4,gray_frequencies,0,108.80000000000001
2023-05-03,DEM,../DSMs/2023-05-03_DEM.tif,2025-11-19T16:07:38.660842Z,4.10.dev245+g4144cef28,401_4,gray_frequencies,0,121.6
2023-05-03,DEM,../DSMs/2023-05-03_DEM.tif,2025-11-19T16:07:38.660842Z,4.10.dev245+g4144cef28,401_4,gray_frequencies,0,134.4
2023-05-03,DEM,../DSMs/2023-05-03_DEM.tif,2025-11-19T16:07:38.660842Z,4.10.dev245+g4144cef28,401_4,gray_frequencies,0,147.20000000000002
2023-05-03,DEM,../DSMs/2023-05-03_DEM.tif,2025-11-19T16:07:38.660842Z,4.10.dev245+g4144cef28,401_4,gray_frequencies,0,160.0
2023-05-03,DEM,../DSMs/2023-05-03_DEM.tif,2025-11-19T16:07:38.660842Z,4.10.dev245+g4144cef28,401_4,gray_frequencies,0,172.8
2023-05-03,DEM,../DSMs/2023-05-03_DEM.tif,2025-11-19T16:07:38.660842Z,4.10.dev245+g4144cef28,401_4,gray_frequencies,0,185.60000000000002
2023-05-03,DEM,../DSMs/2023-05-03_DEM.tif,2025-11-19T16:07:38.660842Z,4.10.dev245+g4144cef28,401_4,gray_frequencies,0,198.4
2023-05-03,DEM,../DSMs/2023-05-03_DEM.tif,2025-11-19T16:07:38.660842Z,4.10.dev245+g4144cef28,401_4,gray_frequencies,88,211.20000000000002
2023-05-03,DEM,../DSMs/2023-05-03_DEM.tif,2025-11-19T16:07:38.660842Z,4.10.dev245+g4144cef28,401_4,gray_frequencies,4389,224.0
2023-05-03,DEM,../DSMs/2023-05-03_DEM.tif,2025-11-19T16:07:38.660842Z,4.10.dev245+g4144cef28,401_4,gray_frequencies,4325,236.8
2023-05-03,DEM,../DSMs/2023-05-03_DEM.tif,2025-11-19T16:07:38.660842Z,4.10.dev245+g4144cef28,401_4,gray_frequencies,1094,249.60000000000002
2023-05-03,DEM,../DSMs/2023-05-03_DEM.tif,2025-11-19T16:07:38.660842Z,4.10.dev245+g4144cef28,501_5,gray_frequencies,0,6.4
2023-05-03,DEM,../DSMs/2023-05-03_DEM.tif,2025-11-19T16:07:38.660842Z,4.10.dev245+g4144cef28,501_5,gray_frequencies,0,19.200000000000003
2023-05-03,DEM,../DSMs/2023-05-03_DEM.tif,2025-11-19T16:07:38.660842Z,4.10.dev245+g4144cef28,501_5,gray_frequencies,0,32.0
2023-05-03,DEM,../DSMs/2023-05-03_DEM.tif,2025-11-19T16:07:38.660842Z,4.10.dev245+g4144cef28,501_5,gray_frequencies,0,44.800000000000004
2023-05-03,DEM,../DSMs/2023-05-03_DEM.tif,2025-11-19T16:07:38.660842Z,4.10.dev245+g4144cef28,501_5,gray_frequencies,0,57.6
2023-05-03,DEM,../DSMs/2023-05-03_DEM.tif,2025-11-19T16:07:38.660842Z,4.10.dev245+g4144cef28,501_5,gray_frequencies,0,70.4
2023-05-03,DEM,../DSMs/2023-05-03_DEM.tif,2025-11-19T16:07:38.660842Z,4.10.dev245+g4144cef28,501_5,gray_frequencies,0,83.20000000000002
2023-05-03,DEM,../DSMs/2023-05-03_DEM.tif,2025-11-19T16:07:38.660842Z,4.10.dev245+g4144cef28,501_5,gray_frequencies,0,96.0
2023-05-03,DEM,../DSMs/2023-05-03_DEM.tif,2025-11-19T16:07:38.660842Z,4.10.dev245+g4144cef28,501_5,gray_frequencies,0,108.80000000000001
2023-05-03,DEM,../DSMs/2023-05-03_DEM.tif,2025-11-19T16:07:38.660842Z,4.10.dev245+g4144cef28,501_5,gray_frequencies,0,121.6
2023-05-03,DEM,../DSMs/2023-05-03_DEM.tif,2025-11-19T16:07:38.660842Z,4.10.dev245+g4144cef28,501_5,gray_frequencies,0,134.4
2023-05-03,DEM,../DSMs/2023-05-03_DEM.tif,2025-11-19T16:07:38.660842Z,4.10.dev245+g4144cef28,501_5,gray_frequencies,0,147.20000000000002
2023-05-03,DEM,../DSMs/2023-05-03_DEM.tif,2025-11-19T16:07:38.660842Z,4.10.dev245+g4144cef28,501_5,gray_frequencies,0,160.0
2023-05-03,DEM,../DSMs/2023-05-03_DEM.tif,2025-11-19T16:07:38.660842Z,4.10.dev245+g4144cef28,501_5,gray_frequencies,0,172.8
2023-05-03,DEM,../DSMs/2023-05-03_DEM.tif,2025-11-19T16:07:38.660842Z,4.10.dev245+g4144cef28,501_5,gray_frequencies,0,185.60000000000002
2023-05-03,DEM,../DSMs/2023-05-03_DEM.tif,2025-11-19T16:07:38.660842Z,4.10.dev245+g4144cef28,501_5,gray_frequencies,21,198.4
2023-05-03,DEM,../DSMs/2023-05-03_DEM.tif,2025-11-19T16:07:38.660842Z,4.10.dev245+g4144cef28,501_5,gray_frequencies,1950,211.20000000000002
2023-05-03,DEM,../DSMs/2023-05-03_DEM.tif,2025-11-19T16:07:38.660842Z,4.10.dev245+g4144cef28,501_5,gray_frequencies,4742,224.0
2023-05-03,DEM,../DSMs/2023-05-03_DEM.tif,2025-11-19T16:07:38.660842Z,4.10.dev245+g4144cef28,501_5,gray_frequencies,3067,236.8
2023-05-03,DEM,../DSMs/2023-05-03_DEM.tif,2025-11-19T16:07:38.660842Z,4.10.dev245+g4144cef28,501_5,gray_frequencies,126,249.60000000000002
2023-05-03,DEM,../DSMs/2023-05-03_DEM.tif,2025-11-19T16:07:38.660842Z,4.10.dev245+g4144cef28,901_6,gray_frequencies,0,6.4
2023-05-03,DEM,../DSMs/2023-05-03_DEM.tif,2025-11-19T16:07:38.660842Z,4.10.dev245+g4144cef28,901_6,gray_frequencies,0,19.200000000000003
2023-05-03,DEM,../DSMs/2023-05-03_DEM.tif,2025-11-19T16:07:38.660842Z,4.10.dev245+g4144cef28,901_6,gray_frequencies,0,32.0
2023-05-03,DEM,../DSMs/2023-05-03_DEM.tif,2025-11-19T16:07:38.660842Z,4.10.dev245+g4144cef28,901_6,gray_frequencies,0,44.800000000000004
2023-05-03,DEM,../DSMs/2023-05-03_DEM.tif,2025-11-19T16:07:38.660842Z,4.10.dev245+g4144cef28,901_6,gray_frequencies,0,57.6
2023-05-03,DEM,../DSMs/2023-05-03_DEM.tif,2025-11-19T16:07:38.660842Z,4.10.dev245+g4144cef28,901_6,gray_frequencies,0,70.4
2023-05-03,DEM,../DSMs/2023-05-03_DEM.tif,2025-11-19T16:07:38.660842Z,4.10.dev245+g4144cef28,901_6,gray_frequencies,0,83.20000000000002
2023-05-03,DEM,../DSMs/2023-05-03_DEM.tif,2025-11-19T16:07:38.660842Z,4.10.dev245+g4144cef28,901_6,gray_frequencies,0,96.0
2023-05-03,DEM,../DSMs/2023-05-03_DEM.tif,2025-11-19T16:07:38.660842Z,4.10.dev245+g4144cef28,901_6,gray_frequencies,0,108.80000000000001
2023-05-03,DEM,../DSMs/2023-05-03_DEM.tif,2025-11-19T16:07:38.660842Z,4.10.dev245+g4144cef28,901_6,gray_frequencies,0,121.6
2023-05-03,DEM,../DSMs/2023-05-03_DEM.tif,2025-11-19T16:07:38.660842Z,4.10.dev245+g4144cef28,901_6,gray_frequencies,0,134.4
2023-05-03,DEM,../DSMs/2023-05-03_DEM.tif,2025-11-19T16:07:38.660842Z,4.10.dev245+g4144cef28,901_6,gray_frequencies,0,147.20000000000002
2023-05-03,DEM,../DSMs/2023-05-03_DEM.tif,2025-11-19T16:07:38.660842Z,4.10.dev245+g4144cef28,901_6,gray_frequencies,0,160.0
2023-05-03,DEM,../DSMs/2023-05-03_DEM.tif,2025-11-19T16:07:38.660842Z,4.10.dev245+g4144cef28,901_6,gray_frequencies,0,172.8
2023-05-03,DEM,../DSMs/2023-05-03_DEM.tif,2025-11-19T16:07:38.660842Z,4.10.dev245+g4144cef28,901_6,gray_frequencies,261,185.60000000000002
2023-05-03,DEM,../DSMs/2023-05-03_DEM.tif,2025-11-19T16:07:38.660842Z,4.10.dev245+g4144cef28,901_6,gray_frequencies,3322,198.4
2023-05-03,DEM,../DSMs/2023-05-03_DEM.tif,2025-11-19T16:07:38.660842Z,4.10.dev245+g4144cef28,901_6,gray_frequencies,4869,211.20000000000002
2023-05-03,DEM,../DSMs/2023-05-03_DEM.tif,2025-11-19T16:07:38.660842Z,4.10.dev245+g4144cef28,901_6,gray_frequencies,1316,224.0
2023-05-03,DEM,../DSMs/2023-05-03_DEM.tif,2025-11-19T16:07:38.660842Z,4.10.dev245+g4144cef28,901_6,gray_frequencies,105,236.8
2023-05-03,DEM,../DSMs/2023-05-03_DEM.tif,2025-11-19T16:07:38.660842Z,4.10.dev245+g4144cef28,901_6,gray_frequencies,0,249.60000000000002
2023-05-03,DEM,../DSMs/2023-05-03_DEM.tif,2025-11-19T16:07:38.660842Z,4.10.dev245+g4144cef28,701_7,gray_frequencies,0,6.4
2023-05-03,DEM,../DSMs/2023-05-03_DEM.tif,2025-11-19T16:07:38.660842Z,4.10.dev245+g4144cef28,701_7,gray_frequencies,0,19.200000000000003
2023-05-03,DEM,../DSMs/2023-05-03_DEM.tif,2025-11-19T16:07:38.660842Z,4.10.dev245+g4144cef28,701_7,gray_frequencies,0,32.0
2023-05-03,DEM,../DSMs/2023-05-03_DEM.tif,2025-11-19T16:07:38.660842Z,4.10.dev245+g4144cef28,701_7,gray_frequencies,0,44.800000000000004
2023-05-03,DEM,../DSMs/2023-05-03_DEM.tif,2025-11-19T16:07:38.660842Z,4.10.dev245+g4144cef28,701_7,gray_frequencies,0,57.6
2023-05-03,DEM,../DSMs/2023-05-03_DEM.tif,2025-11-19T16:07:38.660842Z,4.10.dev245+g4144cef28,701_7,gray_frequencies,0,70.4
2023-05-03,DEM,../DSMs/2023-05-03_DEM.tif,2025-11-19T16:07:38.660842Z,4.10.dev245+g4144cef28,701_7,gray_frequencies,0,83.20000000000002
2023-05-03,DEM,../DSMs/2023-05-03_DEM.tif,2025-11-19T16:07:38.660842Z,4.10.dev245+g4144cef28,701_7,gray_frequencies,0,96.0
2023-05-03,DEM,../DSMs/2023-05-03_DEM.tif,2025-11-19T16:07:38.660842Z,4.10.dev245+g4144cef28,701_7,gray_frequencies,0,108.80000000000001
2023-05-03,DEM,../DSMs/2023-05-03_DEM.tif,2025-11-19T16:07:38.660842Z,4.10.dev245+g4144cef28,701_7,gray_frequencies,0,121.6
2023-05-03,DEM,../DSMs/2023-05-03_DEM.tif,2025-11-19T16:07:38.660842Z,4.10.dev245+g4144cef28,701_7,gray_frequencies,0,134.4
2023-05-03,DEM,../DSMs/2023-05-03_DEM.tif,2025-11-19T16:07:38.660842Z,4.10.dev245+g4144cef28,701_7,gray_frequencies,0,147.20000000000002
2023-05-03,DEM,../DSMs/2023-05-03_DEM.tif,2025-11-19T16:07:38.660842Z,4.10.dev245+g4144cef28,701_7,gray_frequencies,0,160.0
2023-05-03,DEM,../DSMs/2023-05-03_DEM.tif,2025-11-19T16:07:38.660842Z,4.10.dev245+g4144cef28,701_7,gray_frequencies,0,172.8
2023-05-03,DEM,../DSMs/2023-05-03_DEM.tif,2025-11-19T16:07:38.660842Z,4.10.dev245+g4144cef28,701_7,gray_frequencies,0,185.60000000000002
2023-05-03,DEM,../DSMs/2023-05-03_DEM.tif,2025-11-19T16:07:38.660842Z,4.10.dev245+g4144cef28,701_7,gray_frequencies,0,198.4
2023-05-03,DEM,../DSMs/2023-05-03_DEM.tif,2025-11-19T16:07:38.660842Z,4.10.dev245+g4144cef28,701_7,gray_frequencies,0,211.20000000000002
2023-05-03,DEM,../DSMs/2023-05-03_DEM.tif,2025-11-19T16:07:38.660842Z,4.10.dev245+g4144cef28,701_7,gray_frequencies,4,224.0
2023-05-03,DEM,../DSMs/2023-05-03_DEM.tif,2025-11-19T16:07:38.660842Z,4.10.dev245+g4144cef28,701_7,gray_frequencies,3684,236.8
2023-05-03,DEM,../DSMs/2023-05-03_DEM.tif,2025-11-19T16:07:38.660842Z,4.10.dev245+g4144cef28,701_7,gray_frequencies,5103,249.60000000000002
2023-05-03,DEM,../DSMs/2023-05-03_DEM.tif,2025-11-19T16:07:38.660842Z,4.10.dev245+g4144cef28,801_8,gray_frequencies,0,6.4
2023-05-03,DEM,../DSMs/2023-05-03_DEM.tif,2025-11-19T16:07:38.660842Z,4.10.dev245+g4144cef28,801_8,gray_frequencies,0,19.200000000000003
2023-05-03,DEM,../DSMs/2023-05-03_DEM.tif,2025-11-19T16:07:38.660842Z,4.10.dev245+g4144cef28,801_8,gray_frequencies,0,32.0
2023-05-03,DEM,../DSMs/2023-05-03_DEM.tif,2025-11-19T16:07:38.660842Z,4.10.dev245+g4144cef28,801_8,gray_frequencies,0,44.800000000000004
2023-05-03,DEM,../DSMs/2023-05-03_DEM.tif,2025-11-19T16:07:38.660842Z,4.10.dev245+g4144cef28,801_8,gray_frequencies,0,57.6
2023-05-03,DEM,../DSMs/2023-05-03_DEM.tif,2025-11-19T16:07:38.660842Z,4.10.dev245+g4144cef28,801_8,gray_frequencies,0,70.4
2023-05-03,DEM,../DSMs/2023-05-03_DEM.tif,2025-11-19T16:07:38.660842Z,4.10.dev245+g4144cef28,801_8,gray_frequencies,0,83.20000000000002
2023-05-03,DEM,../DSMs/2023-05-03_DEM.tif,2025-11-19T16:07:38.660842Z,4.10.dev245+g4144cef28,801_8,gray_frequencies,0,96.0
2023-05-03,DEM,../DSMs/2023-05-03_DEM.tif,2025-11-19T16:07:38.660842Z,4.10.dev245+g4144cef28,801_8,gray_frequencies,0,108.80000000000001
2023-05-03,DEM,../DSMs/2023-05-03_DEM.tif,2025-11-19T16:07:38.660842Z,4.10.dev245+g4144cef28,801_8,gray_frequencies,0,121.6
2023-05-03,DEM,../DSMs/2023-05-03_DEM.tif,2025-11-19T16:07:38.660842Z,4.10.dev245+g4144cef28,801_8,gray_frequencies,0,134.4
2023-05-03,DEM,../DSMs/2023-05-03_DEM.tif,2025-11-19T16:07:38.660842Z,4.10.dev245+g4144cef28,801_8,gray_frequencies,0,147.20000000000002
2023-05-03,DEM,../DSMs/2023-05-03_DEM.tif,2025-11-19T16:07:38.660842Z,4.10.dev245+g4144cef28,801_8,gray_frequencies,0,160.0
2023-05-03,DEM,../DSMs/2023-05-03_DEM.tif,2025-11-19T16:07:38.660842Z,4.10.dev245+g4144cef28,801_8,gray_frequencies,0,172.8
2023-05-03,DEM,../DSMs/2023-05-03_DEM.tif,2025-11-19T16:07:38.660842Z,4.10.dev245+g4144cef28,801_8,gray_frequencies,0,185.60000000000002
2023-05-03,DEM,../DSMs/2023-05-03_DEM.tif,2025-11-19T16:07:38.660842Z,4.10.dev245+g4144cef28,801_8,gray_frequencies,0,198.4
2023-05-03,DEM,../DSMs/2023-05-03_DEM.tif,2025-11-19T16:07:38.660842Z,4.10.dev245+g4144cef28,801_8,gray_frequencies,0,211.20000000000002
2023-05-03,DEM,../DSMs/2023-05-03_DEM.tif,2025-11-19T16:07:38.660842Z,4.10.dev245+g4144cef28,801_8,gray_frequencies,261,224.0
2023-05-03,DEM,../DSMs/2023-05-03_DEM.tif,2025-11-19T16:07:38.660842Z,4.10.dev245+g4144cef28,801_8,gray_frequencies,7663,236.8
2023-05-03,DEM,../DSMs/2023-05-03_DEM.tif,2025-11-19T16:07:38.660842Z,4.10.dev245+g4144cef28,801_8,gray_frequencies,2060,249.60000000000002
2023-05-03,DEM,../DSMs/2023-05-03_DEM.tif,2025-11-19T16:07:38.660842Z,4.10.dev245+g4144cef28,601_9,gray_frequencies,0,6.4
2023-05-03,DEM,../DSMs/2023-05-03_DEM.tif,2025-11-19T16:07:38.660842Z,4.10.dev245+g4144cef28,601_9,gray_frequencies,0,19.200000000000003
2023-05-03,DEM,../DSMs/2023-05-03_DEM.tif,2025-11-19T16:07:38.660842Z,4.10.dev245+g4144cef28,601_9,gray_frequencies,0,32.0
2023-05-03,DEM,../DSMs/2023-05-03_DEM.tif,2025-11-19T16:07:38.660842Z,4.10.dev245+g4144cef28,601_9,gray_frequencies,0,44.800000000000004
2023-05-03,DEM,../DSMs/2023-05-03_DEM.tif,2025-11-19T16:07:38.660842Z,4.10.dev245+g4144cef28,601_9,gray_frequencies,0,57.6
2023-05-03,DEM,../DSMs/2023-05-03_DEM.tif,2025-11-19T16:07:38.660842Z,4.10.dev245+g4144cef28,601_9,gray_frequencies,0,70.4
2023-05-03,DEM,../DSMs/2023-05-03_DEM.tif,2025-11-19T16:07:38.660842Z,4.10.dev245+g4144cef28,601_9,gray_frequencies,0,83.20000000000002
2023-05-03,DEM,../DSMs/2023-05-03_DEM.tif,2025-11-19T16:07:38.660842Z,4.10.dev245+g4144cef28,601_9,gray_frequencies,0,96.0
2023-05-03,DEM,../DSMs/2023-05-03_DEM.tif,2025-11-19T16:07:38.660842Z,4.10.dev245+g4144cef28,601_9,gray_frequencies,0,108.80000000000001
2023-05-03,DEM,../DSMs/2023-05-03_DEM.tif,2025-11-19T16:07:38.660842Z,4.10.dev245+g4144cef28,601_9,gray_frequencies,0,121.6
2023-05-03,DEM,../DSMs/2023-05-03_DEM.tif,2025-11-19T16:07:38.660842Z,4.10.dev245+g4144cef28,601_9,gray_frequencies,0,134.4
2023-05-03,DEM,../DSMs/2023-05-03_DEM.tif,2025-11-19T16:07:38.660842Z,4.10.dev245+g4144cef28,601_9,gray_frequencies,0,147.20000000000002
2023-05-03,DEM,../DSMs/2023-05-03_DEM.tif,2025-11-19T16:07:38.660842Z,4.10.dev245+g4144cef28,601_9,gray_frequencies,0,160.0
2023-05-03,DEM,../DSMs/2023-05-03_DEM.tif,2025-11-19T16:07:38.660842Z,4.10.dev245+g4144cef28,601_9,gray_frequencies,0,172.8
2023-05-03,DEM,../DSMs/2023-05-03_DEM.tif,2025-11-19T16:07:38.660842Z,4.10.dev245+g4144cef28,601_9,gray_frequencies,0,185.60000000000002
2023-05-03,DEM,../DSMs/2023-05-03_DEM.tif,2025-11-19T16:07:38.660842Z,4.10.dev245+g4144cef28,601_9,gray_frequencies,49,198.4
2023-05-03,DEM,../DSMs/2023-05-03_DEM.tif,2025-11-19T16:07:38.660842Z,4.10.dev245+g4144cef28,601_9,gray_frequencies,2038,211.20000000000002
2023-05-03,DEM,../DSMs/2023-05-03_DEM.tif,2025-11-19T16:07:38.660842Z,4.10.dev245+g4144cef28,601_9,gray_frequencies,5455,224.0
2023-05-03,DEM,../DSMs/2023-05-03_DEM.tif,2025-11-19T16:07:38.660842Z,4.10.dev245+g4144cef28,601_9,gray_frequencies,2913,236.8
2023-05-03,DEM,../DSMs/2023-05-03_DEM.tif,2025-11-19T16:07:38.660842Z,4.10.dev245+g4144cef28,601_9,gray_frequencies,18,249.60000000000002
2023-05-03,DEM,../DSMs/2023-05-03_DEM.tif,2025-11-19T16:07:38.660842Z,4.10.dev245+g4144cef28,502_10,gray_frequencies,0,6.4
2023-05-03,DEM,../DSMs/2023-05-03_DEM.tif,2025-11-19T16:07:38.660842Z,4.10.dev245+g4144cef28,502_10,gray_frequencies,0,19.200000000000003
2023-05-03,DEM,../DSMs/2023-05-03_DEM.tif,2025-11-19T16:07:38.660842Z,4.10.dev245+g4144cef28,502_10,gray_frequencies,0,32.0
2023-05-03,DEM,../DSMs/2023-05-03_DEM.tif,2025-11-19T16:07:38.660842Z,4.10.dev245+g4144cef28,502_10,gray_frequencies,0,44.800000000000004
2023-05-03,DEM,../DSMs/2023-05-03_DEM.tif,2025-11-19T16:07:38.660842Z,4.10.dev245+g4144cef28,502_10,gray_frequencies,0,57.6
2023-05-03,DEM,../DSMs/2023-05-03_DEM.tif,2025-11-19T16:07:38.660842Z,4.10.dev245+g4144cef28,502_10,gray_frequencies,0,70.4
2023-05-03,DEM,../DSMs/2023-05-03_DEM.tif,2025-11-19T16:07:38.660842Z,4.10.dev245+g4144cef28,502_10,gray_frequencies,0,83.20000000000002
2023-05-03,DEM,../DSMs/2023-05-03_DEM.tif,2025-11-19T16:07:38.660842Z,4.10.dev245+g4144cef28,502_10,gray_frequencies,0,96.0
2023-05-03,DEM,../DSMs/2023-05-03_DEM.tif,2025-11-19T16:07:38.660842Z,4.10.dev245+g4144cef28,502_10,gray_frequencies,0,108.80000000000001
2023-05-03,DEM,../DSMs/2023-05-03_DEM.tif,2025-11-19T16:07:38.660842Z,4.10.dev245+g4144cef28,502_10,gray_frequencies,0,121.6
2023-05-03,DEM,../DSMs/2023-05-03_DEM.tif,2025-11-19T16:07:38.660842Z,4.10.dev245+g4144cef28,502_10,gray_frequencies,0,134.4
2023-05-03,DEM,../DSMs/2023-05-03_DEM.tif,2025-11-19T16:07:38.660842Z,4.10.dev245+g4144cef28,502_10,gray_frequencies,830,147.20000000000002
2023-05-03,DEM,../DSMs/2023-05-03_DEM.tif,2025-11-19T16:07:38.660842Z,4.10.dev245+g4144cef28,502_10,gray_frequencies,5907,160.0
2023-05-03,DEM,../DSMs/2023-05-03_DEM.tif,2025-11-19T16:07:38.660842Z,4.10.dev245+g4144cef28,502_10,gray_frequencies,3657,172.8
2023-05-03,DEM,../DSMs/2023-05-03_DEM.tif,2025-11-19T16:07:38.660842Z,4.10.dev245+g4144cef28,502_10,gray_frequencies,192,185.60000000000002
2023-05-03,DEM,../DSMs/2023-05-03_DEM.tif,2025-11-19T16:07:38.660842Z,4.10.dev245+g4144cef28,502_10,gray_frequencies,0,198.4
2023-05-03,DEM,../DSMs/2023-05-03_DEM.tif,2025-11-19T16:07:38.660842Z,4.10.dev245+g4144cef28,502_10,gray_frequencies,0,211.20000000000002
2023-05-03,DEM,../DSMs/2023-05-03_DEM.tif,2025-11-19T16:07:38.660842Z,4.10.dev245+g4144cef28,502_10,gray_frequencies,0,224.0
2023-05-03,DEM,../DSMs/2023-05-03_DEM.tif,2025-11-19T16:07:38.660842Z,4.10.dev245+g4144cef28,502_10,gray_frequencies,0,236.8
2023-05-03,DEM,../DSMs/2023-05-03_DEM.tif,2025-11-19T16:07:38.660842Z,4.10.dev245+g4144cef28,502_10,gray_frequencies,0,249.60000000000002
2023-05-03,DEM,../DSMs/2023-05-03_DEM.tif,2025-11-19T16:07:38.660842Z,4.10.dev245+g4144cef28,402_11,gray_frequencies,0,6.4
2023-05-03,DEM,../DSMs/2023-05-03_DEM.tif,2025-11-19T16:07:38.660842Z,4.10.dev245+g4144cef28,402_11,gray_frequencies,0,19.200000000000003
2023-05-03,DEM,../DSMs/2023-05-03_DEM.tif,2025-11-19T16:07:38.660842Z,4.10.dev245+g4144cef28,402_11,gray_frequencies,0,32.0
2023-05-03,DEM,../DSMs/2023-05-03_DEM.tif,2025-11-19T16:07:38.660842Z,4.10.dev245+g4144cef28,402_11,gray_frequencies,0,44.800000000000004
2023-05-03,DEM,../DSMs/2023-05-03_DEM.tif,2025-11-19T16:07:38.660842Z,4.10.dev245+g4144cef28,402_11,gray_frequencies,0,57.6
2023-05-03,DEM,../DSMs/2023-05-03_DEM.tif,2025-11-19T16:07:38.660842Z,4.10.dev245+g4144cef28,402_11,gray_frequencies,0,70.4
2023-05-03,DEM,../DSMs/2023-05-03_DEM.tif,2025-11-19T16:07:38.660842Z,4.10.dev245+g4144cef28,402_11,gray_frequencies,0,83.20000000000002
2023-05-03,DEM,../DSMs/2023-05-03_DEM.tif,2025-11-19T16:07:38.660842Z,4.10.dev245+g4144cef28,402_11,gray_frequencies,0,96.0
2023-05-03,DEM,../DSMs/2023-05-03_DEM.tif,2025-11-19T16:07:38.660842Z,4.10.dev245+g4144cef28,402_11,gray_frequencies,0,108.80000000000001
2023-05-03,DEM,../DSMs/2023-05-03_DEM.tif,2025-11-19T16:07:38.660842Z,4.10.dev245+g4144cef28,402_11,gray_frequencies,129,121.6
2023-05-03,DEM,../DSMs/2023-05-03_DEM.tif,2025-11-19T16:07:38.660842Z,4.10.dev245+g4144cef28,402_11,gray_frequencies,3414,134.4
2023-05-03,DEM,../DSMs/2023-05-03_DEM.tif,2025-11-19T16:07:38.660842Z,4.10.dev245+g4144cef28,402_11,gray_frequencies,5603,147.20000000000002
2023-05-03,DEM,../DSMs/2023-05-03_DEM.tif,2025-11-19T16:07:38.660842Z,4.10.dev245+g4144cef28,402_11,gray_frequencies,1480,160.0
2023-05-03,DEM,../DSMs/2023-05-03_DEM.tif,2025-11-19T16:07:38.660842Z,4.10.dev245+g4144cef28,402_11,gray_frequencies,0,172.8
2023-05-03,DEM,../DSMs/2023-05-03_DEM.tif,2025-11-19T16:07:38.660842Z,4.10.dev245+g4144cef28,402_11,gray_frequencies,0,185.60000000000002
2023-05-03,DEM,../DSMs/2023-05-03_DEM.tif,2025-11-19T16:07:38.660842Z,4.10.dev245+g4144cef28,402_11,gray_frequencies,0,198.4
2023-05-03,DEM,../DSMs/2023-05-03_DEM.tif,2025-11-19T16:07:38.660842Z,4.10.dev245+g4144cef28,402_11,gray_frequencies,0,211.20000000000002
2023-05-03,DEM,../DSMs/2023-05-03_DEM.tif,2025-11-19T16:07:38.660842Z,4.10.dev245+g4144cef28,402_11,gray_frequencies,0,224.0
2023-05-03,DEM,../DSMs/2023-05-03_DEM.tif,2025-11-19T16:07:38.660842Z,4.10.dev245+g4144cef28,402_11,gray_frequencies,0,236.8
2023-05-03,DEM,../DSMs/2023-05-03_DEM.tif,2025-11-19T16:07:38.660842Z,4.10.dev245+g4144cef28,402_11,gray_frequencies,0,249.60000000000002
2023-05-03,DEM,../DSMs/2023-05-03_DEM.tif,2025-11-19T16:07:38.660842Z,4.10.dev245+g4144cef28,102_12,gray_frequencies,0,6.4
2023-05-03,DEM,../DSMs/2023-05-03_DEM.tif,2025-11-19T16:07:38.660842Z,4.10.dev245+g4144cef28,102_12,gray_frequencies,0,19.200000000000003
2023-05-03,DEM,../DSMs/2023-05-03_DEM.tif,2025-11-19T16:07:38.660842Z,4.10.dev245+g4144cef28,102_12,gray_frequencies,0,32.0
2023-05-03,DEM,../DSMs/2023-05-03_DEM.tif,2025-11-19T16:07:38.660842Z,4.10.dev245+g4144cef28,102_12,gray_frequencies,0,44.800000000000004
2023-05-03,DEM,../DSMs/2023-05-03_DEM.tif,2025-11-19T16:07:38.660842Z,4.10.dev245+g4144cef28,102_12,gray_frequencies,0,57.6
2023-05-03,DEM,../DSMs/2023-05-03_DEM.tif,2025-11-19T16:07:38.660842Z,4.10.dev245+g4144cef28,102_12,gray_frequencies,0,70.4
2023-05-03,DEM,../DSMs/2023-05-03_DEM.tif,2025-11-19T16:07:38.660842Z,4.10.dev245+g4144cef28,102_12,gray_frequencies,0,83.20000000000002
2023-05-03,DEM,../DSMs/2023-05-03_DEM.tif,2025-11-19T16:07:38.660842Z,4.10.dev245+g4144cef28,102_12,gray_frequencies,0,96.0
2023-05-03,DEM,../DSMs/2023-05-03_DEM.tif,2025-11-19T16:07:38.660842Z,4.10.dev245+g4144cef28,102_12,gray_frequencies,701,108.80000000000001
2023-05-03,DEM,../DSMs/2023-05-03_DEM.tif,2025-11-19T16:07:38.660842Z,4.10.dev245+g4144cef28,102_12,gray_frequencies,6338,121.6
2023-05-03,DEM,../DSMs/2023-05-03_DEM.tif,2025-11-19T16:07:38.660842Z,4.10.dev245+g4144cef28,102_12,gray_frequencies,4281,134.4
2023-05-03,DEM,../DSMs/2023-05-03_DEM.tif,2025-11-19T16:07:38.660842Z,4.10.dev245+g4144cef28,102_12,gray_frequencies,65,147.20000000000002
2023-05-03,DEM,../DSMs/2023-05-03_DEM.tif,2025-11-19T16:07:38.660842Z,4.10.dev245+g4144cef28,102_12,gray_frequencies,0,160.0
2023-05-03,DEM,../DSMs/2023-05-03_DEM.tif,2025-11-19T16:07:38.660842Z,4.10.dev245+g4144cef28,102_12,gray_frequencies,0,172.8
2023-05-03,DEM,../DSMs/2023-05-03_DEM.tif,2025-11-19T16:07:38.660842Z,4.10.dev245+g4144cef28,102_12,gray_frequencies,0,185.60000000000002
2023-05-03,DEM,../DSMs/2023-05-03_DEM.tif,2025-11-19T16:07:38.660842Z,4.10.dev245+g4144cef28,102_12,gray_frequencies,0,198.4
2023-05-03,DEM,../DSMs/2023-05-03_DEM.tif,2025-11-19T16:07:38.660842Z,4.10.dev245+g4144cef28,102_12,gray_frequencies,0,211.20000000000002
2023-05-03,DEM,../DSMs/2023-05-03_DEM.tif,2025-11-19T16:07:38.660842Z,4.10.dev245+g4144cef28,102_12,gray_frequencies,0,224.0
2023-05-03,DEM,../DSMs/2023-05-03_DEM.tif,2025-11-19T16:07:38.660842Z,4.10.dev245+g4144cef28,102_12,gray_frequencies,0,236.8
2023-05-03,DEM,../DSMs/2023-05-03_DEM.tif,2025-11-19T16:07:38.660842Z,4.10.dev245+g4144cef28,102_12,gray_frequencies,0,249.60000000000002
2023-05-03,DEM,../DSMs/2023-05-03_DEM.tif,2025-11-19T16:07:38.660842Z,4.10.dev245+g4144cef28,702_13,gray_frequencies,0,6.4
2023-05-03,DEM,../DSMs/2023-05-03_DEM.tif,2025-11-19T16:07:38.660842Z,4.10.dev245+g4144cef28,702_13,gray_frequencies,0,19.200000000000003
2023-05-03,DEM,../DSMs/2023-05-03_DEM.tif,2025-11-19T16:07:38.660842Z,4.10.dev245+g4144cef28,702_13,gray_frequencies,0,32.0
2023-05-03,DEM,../DSMs/2023-05-03_DEM.tif,2025-11-19T16:07:38.660842Z,4.10.dev245+g4144cef28,702_13,gray_frequencies,0,44.800000000000004
2023-05-03,DEM,../DSMs/2023-05-03_DEM.tif,2025-11-19T16:07:38.660842Z,4.10.dev245+g4144cef28,702_13,gray_frequencies,0,57.6
2023-05-03,DEM,../DSMs/2023-05-03_DEM.tif,2025-11-19T16:07:38.660842Z,4.10.dev245+g4144cef28,702_13,gray_frequencies,0,70.4
2023-05-03,DEM,../DSMs/2023-05-03_DEM.tif,2025-11-19T16:07:38.660842Z,4.10.dev245+g4144cef28,702_13,gray_frequencies,0,83.20000000000002
2023-05-03,DEM,../DSMs/2023-05-03_DEM.tif,2025-11-19T16:07:38.660842Z,4.10.dev245+g4144cef28,702_13,gray_frequencies,0,96.0
2023-05-03,DEM,../DSMs/2023-05-03_DEM.tif,2025-11-19T16:07:38.660842Z,4.10.dev245+g4144cef28,702_13,gray_frequencies,0,108.80000000000001
2023-05-03,DEM,../DSMs/2023-05-03_DEM.tif,2025-11-19T16:07:38.660842Z,4.10.dev245+g4144cef28,702_13,gray_frequencies,0,121.6
2023-05-03,DEM,../DSMs/2023-05-03_DEM.tif,2025-11-19T16:07:38.660842Z,4.10.dev245+g4144cef28,702_13,gray_frequencies,0,134.4
2023-05-03,DEM,../DSMs/2023-05-03_DEM.tif,2025-11-19T16:07:38.660842Z,4.10.dev245+g4144cef28,702_13,gray_frequencies,0,147.20000000000002
2023-05-03,DEM,../DSMs/2023-05-03_DEM.tif,2025-11-19T16:07:38.660842Z,4.10.dev245+g4144cef28,702_13,gray_frequencies,340,160.0
2023-05-03,DEM,../DSMs/2023-05-03_DEM.tif,2025-11-19T16:07:38.660842Z,4.10.dev245+g4144cef28,702_13,gray_frequencies,3552,172.8
2023-05-03,DEM,../DSMs/2023-05-03_DEM.tif,2025-11-19T16:07:38.660842Z,4.10.dev245+g4144cef28,702_13,gray_frequencies,4076,185.60000000000002
2023-05-03,DEM,../DSMs/2023-05-03_DEM.tif,2025-11-19T16:07:38.660842Z,4.10.dev245+g4144cef28,702_13,gray_frequencies,2224,198.4
2023-05-03,DEM,../DSMs/2023-05-03_DEM.tif,2025-11-19T16:07:38.660842Z,4.10.dev245+g4144cef28,702_13,gray_frequencies,29,211.20000000000002
2023-05-03,DEM,../DSMs/2023-05-03_DEM.tif,2025-11-19T16:07:38.660842Z,4.10.dev245+g4144cef28,702_13,gray_frequencies,0,224.0
2023-05-03,DEM,../DSMs/2023-05-03_DEM.tif,2025-11-19T16:07:38.660842Z,4.10.dev245+g4144cef28,702_13,gray_frequencies,0,236.8
2023-05-03,DEM,../DSMs/2023-05-03_DEM.tif,2025-11-19T16:07:38.660842Z,4.10.dev245+g4144cef28,702_13,gray_frequencies,0,249.60000000000002
2023-05-03,DEM,../DSMs/2023-05-03_DEM.tif,2025-11-19T16:07:38.660842Z,4.10.dev245+g4144cef28,202_14,gray_frequencies,0,6.4
2023-05-03,DEM,../DSMs/2023-05-03_DEM.tif,2025-11-19T16:07:38.660842Z,4.10.dev245+g4144cef28,202_14,gray_frequencies,0,19.200000000000003
2023-05-03,DEM,../DSMs/2023-05-03_DEM.tif,2025-11-19T16:07:38.660842Z,4.10.dev245+g4144cef28,202_14,gray_frequencies,0,32.0
2023-05-03,DEM,../DSMs/2023-05-03_DEM.tif,2025-11-19T16:07:38.660842Z,4.10.dev245+g4144cef28,202_14,gray_frequencies,0,44.800000000000004
2023-05-03,DEM,../DSMs/2023-05-03_DEM.tif,2025-11-19T16:07:38.660842Z,4.10.dev245+g4144cef28,202_14,gray_frequencies,0,57.6
2023-05-03,DEM,../DSMs/2023-05-03_DEM.tif,2025-11-19T16:07:38.660842Z,4.10.dev245+g4144cef28,202_14,gray_frequencies,0,70.4
2023-05-03,DEM,../DSMs/2023-05-03_DEM.tif,2025-11-19T16:07:38.660842Z,4.10.dev245+g4144cef28,202_14,gray_frequencies,0,83.20000000000002
2023-05-03,DEM,../DSMs/2023-05-03_DEM.tif,2025-11-19T16:07:38.660842Z,4.10.dev245+g4144cef28,202_14,gray_frequencies,0,96.0
2023-05-03,DEM,../DSMs/2023-05-03_DEM.tif,2025-11-19T16:07:38.660842Z,4.10.dev245+g4144cef28,202_14,gray_frequencies,0,108.80000000000001
2023-05-03,DEM,../DSMs/2023-05-03_DEM.tif,2025-11-19T16:07:38.660842Z,4.10.dev245+g4144cef28,202_14,gray_frequencies,0,121.6
2023-05-03,DEM,../DSMs/2023-05-03_DEM.tif,2025-11-19T16:07:38.660842Z,4.10.dev245+g4144cef28,202_14,gray_frequencies,0,134.4
2023-05-03,DEM,../DSMs/2023-05-03_DEM.tif,2025-11-19T16:07:38.660842Z,4.10.dev245+g4144cef28,202_14,gray_frequencies,1225,147.20000000000002
2023-05-03,DEM,../DSMs/2023-05-03_DEM.tif,2025-11-19T16:07:38.660842Z,4.10.dev245+g4144cef28,202_14,gray_frequencies,4129,160.0
2023-05-03,DEM,../DSMs/2023-05-03_DEM.tif,2025-11-19T16:07:38.660842Z,4.10.dev245+g4144cef28,202_14,gray_frequencies,4187,172.8
2023-05-03,DEM,../DSMs/2023-05-03_DEM.tif,2025-11-19T16:07:38.660842Z,4.10.dev245+g4144cef28,202_14,gray_frequencies,1412,185.60000000000002
2023-05-03,DEM,../DSMs/2023-05-03_DEM.tif,2025-11-19T16:07:38.660842Z,4.10.dev245+g4144cef28,202_14,gray_frequencies,31,198.4
2023-05-03,DEM,../DSMs/2023-05-03_DEM.tif,2025-11-19T16:07:38.660842Z,4.10.dev245+g4144cef28,202_14,gray_frequencies,0,211.20000000000002
2023-05-03,DEM,../DSMs/2023-05-03_DEM.tif,2025-11-19T16:07:38.660842Z,4.10.dev245+g4144cef28,202_14,gray_frequencies,0,224.0
2023-05-03,DEM,../DSMs/2023-05-03_DEM.tif,2025-11-19T16:07:38.660842Z,4.10.dev245+g4144cef28,202_14,gray_frequencies,0,236.8
2023-05-03,DEM,../DSMs/2023-05-03_DEM.tif,2025-11-19T16:07:38.660842Z,4.10.dev245+g4144cef28,202_14,gray_frequencies,0,249.60000000000002
2023-05-03,DEM,../DSMs/2023-05-03_DEM.tif,2025-11-19T16:07:38.660842Z,4.10.dev245+g4144cef28,602_15,gray_frequencies,0,6.4
2023-05-03,DEM,../DSMs/2023-05-03_DEM.tif,2025-11-19T16:07:38.660842Z,4.10.dev245+g4144cef28,602_15,gray_frequencies,0,19.200000000000003
2023-05-03,DEM,../DSMs/2023-05-03_DEM.tif,2025-11-19T16:07:38.660842Z,4.10.dev245+g4144cef28,602_15,gray_frequencies,0,32.0
2023-05-03,DEM,../DSMs/2023-05-03_DEM.tif,2025-11-19T16:07:38.660842Z,4.10.dev245+g4144cef28,602_15,gray_frequencies,0,44.800000000000004
2023-05-03,DEM,../DSMs/2023-05-03_DEM.tif,2025-11-19T16:07:38.660842Z,4.10.dev245+g4144cef28,602_15,gray_frequencies,0,57.6
2023-05-03,DEM,../DSMs/2023-05-03_DEM.tif,2025-11-19T16:07:38.660842Z,4.10.dev245+g4144cef28,602_15,gray_frequencies,0,70.4
2023-05-03,DEM,../DSMs/2023-05-03_DEM.tif,2025-11-19T16:07:38.660842Z,4.10.dev245+g4144cef28,602_15,gray_frequencies,0,83.20000000000002
2023-05-03,DEM,../DSMs/2023-05-03_DEM.tif,2025-11-19T16:07:38.660842Z,4.10.dev245+g4144cef28,602_15,gray_frequencies,0,96.0
2023-05-03,DEM,../DSMs/2023-05-03_DEM.tif,2025-11-19T16:07:38.660842Z,4.10.dev245+g4144cef28,602_15,gray_frequencies,0,108.80000000000001
2023-05-03,DEM,../DSMs/2023-05-03_DEM.tif,2025-11-19T16:07:38.660842Z,4.10.dev245+g4144cef28,602_15,gray_frequencies,89,121.6
2023-05-03,DEM,../DSMs/2023-05-03_DEM.tif,2025-11-19T16:07:38.660842Z,4.10.dev245+g4144cef28,602_15,gray_frequencies,2927,134.4
2023-05-03,DEM,../DSMs/2023-05-03_DEM.tif,2025-11-19T16:07:38.660842Z,4.10.dev245+g4144cef28,602_15,gray_frequencies,5036,147.20000000000002
2023-05-03,DEM,../DSMs/2023-05-03_DEM.tif,2025-11-19T16:07:38.660842Z,4.10.dev245+g4144cef28,602_15,gray_frequencies,1782,160.0
2023-05-03,DEM,../DSMs/2023-05-03_DEM.tif,2025-11-19T16:07:38.660842Z,4.10.dev245+g4144cef28,602_15,gray_frequencies,125,172.8
2023-05-03,DEM,../DSMs/2023-05-03_DEM.tif,2025-11-19T16:07:38.660842Z,4.10.dev245+g4144cef28,602_15,gray_frequencies,0,185.60000000000002
2023-05-03,DEM,../DSMs/2023-05-03_DEM.tif,2025-11-19T16:07:38.660842Z,4.10.dev245+g4144cef28,602_15,gray_frequencies,0,198.4
2023-05-03,DEM,../DSMs/2023-05-03_DEM.tif,2025-11-19T16:07:38.660842Z,4.10.dev245+g4144cef28,602_15,gray_frequencies,0,211.20000000000002
2023-05-03,DEM,../DSMs/2023-05-03_DEM.tif,2025-11-19T16:07:38.660842Z,4.10.dev245+g4144cef28,602_15,gray_frequencies,0,224.0
2023-05-03,DEM,../DSMs/2023-05-03_DEM.tif,2025-11-19T16:07:38.660842Z,4.10.dev245+g4144cef28,602_15,gray_frequencies,0,236.8
2023-05-03,DEM,../DSMs/2023-05-03_DEM.tif,2025-11-19T16:07:38.660842Z,4.10.dev245+g4144cef28,602_15,gray_frequencies,0,249.60000000000002
2023-05-03,DEM,../DSMs/2023-05-03_DEM.tif,2025-11-19T16:07:38.660842Z,4.10.dev245+g4144cef28,802_16,gray_frequencies,0,6.4
2023-05-03,DEM,../DSMs/2023-05-03_DEM.tif,2025-11-19T16:07:38.660842Z,4.10.dev245+g4144cef28,802_16,gray_frequencies,0,19.200000000000003
2023-05-03,DEM,../DSMs/2023-05-03_DEM.tif,2025-11-19T16:07:38.660842Z,4.10.dev245+g4144cef28,802_16,gray_frequencies,0,32.0
2023-05-03,DEM,../DSMs/2023-05-03_DEM.tif,2025-11-19T16:07:38.660842Z,4.10.dev245+g4144cef28,802_16,gray_frequencies,0,44.800000000000004
2023-05-03,DEM,../DSMs/2023-05-03_DEM.tif,2025-11-19T16:07:38.660842Z,4.10.dev245+g4144cef28,802_16,gray_frequencies,0,57.6
2023-05-03,DEM,../DSMs/2023-05-03_DEM.tif,2025-11-19T16:07:38.660842Z,4.10.dev245+g4144cef28,802_16,gray_frequencies,0,70.4
2023-05-03,DEM,../DSMs/2023-05-03_DEM.tif,2025-11-19T16:07:38.660842Z,4.10.dev245+g4144cef28,802_16,gray_frequencies,0,83.20000000000002
2023-05-03,DEM,../DSMs/2023-05-03_DEM.tif,2025-11-19T16:07:38.660842Z,4.10.dev245+g4144cef28,802_16,gray_frequencies,0,96.0
2023-05-03,DEM,../DSMs/2023-05-03_DEM.tif,2025-11-19T16:07:38.660842Z,4.10.dev245+g4144cef28,802_16,gray_frequencies,0,108.80000000000001
2023-05-03,DEM,../DSMs/2023-05-03_DEM.tif,2025-11-19T16:07:38.660842Z,4.10.dev245+g4144cef28,802_16,gray_frequencies,0,121.6
2023-05-03,DEM,../DSMs/2023-05-03_DEM.tif,2025-11-19T16:07:38.660842Z,4.10.dev245+g4144cef28,802_16,gray_frequencies,0,134.4
2023-05-03,DEM,../DSMs/2023-05-03_DEM.tif,2025-11-19T16:07:38.660842Z,4.10.dev245+g4144cef28,802_16,gray_frequencies,0,147.20000000000002
2023-05-03,DEM,../DSMs/2023-05-03_DEM.tif,2025-11-19T16:07:38.660842Z,4.10.dev245+g4144cef28,802_16,gray_frequencies,0,160.0
2023-05-03,DEM,../DSMs/2023-05-03_DEM.tif,2025-11-19T16:07:38.660842Z,4.10.dev245+g4144cef28,802_16,gray_frequencies,0,172.8
2023-05-03,DEM,../DSMs/2023-05-03_DEM.tif,2025-11-19T16:07:38.660842Z,4.10.dev245+g4144cef28,802_16,gray_frequencies,194,185.60000000000002
2023-05-03,DEM,../DSMs/2023-05-03_DEM.tif,2025-11-19T16:07:38.660842Z,4.10.dev245+g4144cef28,802_16,gray_frequencies,4788,198.4
2023-05-03,DEM,../DSMs/2023-05-03_DEM.tif,2025-11-19T16:07:38.660842Z,4.10.dev245+g4144cef28,802_16,gray_frequencies,5137,211.20000000000002
2023-05-03,DEM,../DSMs/2023-05-03_DEM.tif,2025-11-19T16:07:38.660842Z,4.10.dev245+g4144cef28,802_16,gray_frequencies,777,224.0
2023-05-03,DEM,../DSMs/2023-05-03_DEM.tif,2025-11-19T16:07:38.660842Z,4.10.dev245+g4144cef28,802_16,gray_frequencies,1,236.8
2023-05-03,DEM,../DSMs/2023-05-03_DEM.tif,2025-11-19T16:07:38.660842Z,4.10.dev245+g4144cef28,802_16,gray_frequencies,0,249.60000000000002
2023-05-03,DEM,../DSMs/2023-05-03_DEM.tif,2025-11-19T16:07:38.660842Z,4.10.dev245+g4144cef28,302_17,gray_frequencies,0,6.4
2023-05-03,DEM,../DSMs/2023-05-03_DEM.tif,2025-11-19T16:07:38.660842Z,4.10.dev245+g4144cef28,302_17,gray_frequencies,0,19.200000000000003
2023-05-03,DEM,../DSMs/2023-05-03_DEM.tif,2025-11-19T16:07:38.660842Z,4.10.dev245+g4144cef28,302_17,gray_frequencies,0,32.0
2023-05-03,DEM,../DSMs/2023-05-03_DEM.tif,2025-11-19T16:07:38.660842Z,4.10.dev245+g4144cef28,302_17,gray_frequencies,0,44.800000000000004
2023-05-03,DEM,../DSMs/2023-05-03_DEM.tif,2025-11-19T16:07:38.660842Z,4.10.dev245+g4144cef28,302_17,gray_frequencies,0,57.6
2023-05-03,DEM,../DSMs/2023-05-03_DEM.tif,2025-11-19T16:07:38.660842Z,4.10.dev245+g4144cef28,302_17,gray_frequencies,0,70.4
2023-05-03,DEM,../DSMs/2023-05-03_DEM.tif,2025-11-19T16:07:38.660842Z,4.10.dev245+g4144cef28,302_17,gray_frequencies,0,83.20000000000002
2023-05-03,DEM,../DSMs/2023-05-03_DEM.tif,2025-11-19T16:07:38.660842Z,4.10.dev245+g4144cef28,302_17,gray_frequencies,0,96.0
2023-05-03,DEM,../DSMs/2023-05-03_DEM.tif,2025-11-19T16:07:38.660842Z,4.10.dev245+g4144cef28,302_17,gray_frequencies,0,108.80000000000001
2023-05-03,DEM,../DSMs/2023-05-03_DEM.tif,2025-11-19T16:07:38.660842Z,4.10.dev245+g4144cef28,302_17,gray_frequencies,0,121.6
2023-05-03,DEM,../DSMs/2023-05-03_DEM.tif,2025-11-19T16:07:38.660842Z,4.10.dev245+g4144cef28,302_17,gray_frequencies,0,134.4
2023-05-03,DEM,../DSMs/2023-05-03_DEM.tif,2025-11-19T16:07:38.660842Z,4.10.dev245+g4144cef28,302_17,gray_frequencies,0,147.20000000000002
2023-05-03,DEM,../DSMs/2023-05-03_DEM.tif,2025-11-19T16:07:38.660842Z,4.10.dev245+g4144cef28,302_17,gray_frequencies,0,160.0
2023-05-03,DEM,../DSMs/2023-05-03_DEM.tif,2025-11-19T16:07:38.660842Z,4.10.dev245+g4144cef28,302_17,gray_frequencies,1604,172.8
2023-05-03,DEM,../DSMs/2023-05-03_DEM.tif,2025-11-19T16:07:38.660842Z,4.10.dev245+g4144cef28,302_17,gray_frequencies,5835,185.60000000000002
2023-05-03,DEM,../DSMs/2023-05-03_DEM.tif,2025-11-19T16:07:38.660842Z,4.10.dev245+g4144cef28,302_17,gray_frequencies,3559,198.4
2023-05-03,DEM,../DSMs/2023-05-03_DEM.tif,2025-11-19T16:07:38.660842Z,4.10.dev245+g4144cef28,302_17,gray_frequencies,409,211.20000000000002
2023-05-03,DEM,../DSMs/2023-05-03_DEM.tif,2025-11-19T16:07:38.660842Z,4.10.dev245+g4144cef28,302_17,gray_frequencies,0,224.0
2023-05-03,DEM,../DSMs/2023-05-03_DEM.tif,2025-11-19T16:07:38.660842Z,4.10.dev245+g4144cef28,302_17,gray_frequencies,0,236.8
2023-05-03,DEM,../DSMs/2023-05-03_DEM.tif,2025-11-19T16:07:38.660842Z,4.10.dev245+g4144cef28,302_17,gray_frequencies,0,249.60000000000002
2023-05-03,DEM,../DSMs/2023-05-03_DEM.tif,2025-11-19T16:07:38.660842Z,4.10.dev245+g4144cef28,902_18,gray_frequencies,0,6.4
2023-05-03,DEM,../DSMs/2023-05-03_DEM.tif,2025-11-19T16:07:38.660842Z,4.10.dev245+g4144cef28,902_18,gray_frequencies,0,19.200000000000003
2023-05-03,DEM,../DSMs/2023-05-03_DEM.tif,2025-11-19T16:07:38.660842Z,4.10.dev245+g4144cef28,902_18,gray_frequencies,0,32.0
2023-05-03,DEM,../DSMs/2023-05-03_DEM.tif,2025-11-19T16:07:38.660842Z,4.10.dev245+g4144cef28,902_18,gray_frequencies,0,44.800000000000004
2023-05-03,DEM,../DSMs/2023-05-03_DEM.tif,2025-11-19T16:07:38.660842Z,4.10.dev245+g4144cef28,902_18,gray_frequencies,0,57.6
2023-05-03,DEM,../DSMs/2023-05-03_DEM.tif,2025-11-19T16:07:38.660842Z,4.10.dev245+g4144cef28,902_18,gray_frequencies,0,70.4
2023-05-03,DEM,../DSMs/2023-05-03_DEM.tif,2025-11-19T16:07:38.660842Z,4.10.dev245+g4144cef28,902_18,gray_frequencies,0,83.20000000000002
2023-05-03,DEM,../DSMs/2023-05-03_DEM.tif,2025-11-19T16:07:38.660842Z,4.10.dev245+g4144cef28,902_18,gray_frequencies,0,96.0
2023-05-03,DEM,../DSMs/2023-05-03_DEM.tif,2025-11-19T16:07:38.660842Z,4.10.dev245+g4144cef28,902_18,gray_frequencies,0,108.80000000000001
2023-05-03,DEM,../DSMs/2023-05-03_DEM.tif,2025-11-19T16:07:38.660842Z,4.10.dev245+g4144cef28,902_18,gray_frequencies,0,121.6
2023-05-03,DEM,../DSMs/2023-05-03_DEM.tif,2025-11-19T16:07:38.660842Z,4.10.dev245+g4144cef28,902_18,gray_frequencies,0,134.4
2023-05-03,DEM,../DSMs/2023-05-03_DEM.tif,2025-11-19T16:07:38.660842Z,4.10.dev245+g4144cef28,902_18,gray_frequencies,379,147.20000000000002
2023-05-03,DEM,../DSMs/2023-05-03_DEM.tif,2025-11-19T16:07:38.660842Z,4.10.dev245+g4144cef28,902_18,gray_frequencies,4382,160.0
2023-05-03,DEM,../DSMs/2023-05-03_DEM.tif,2025-11-19T16:07:38.660842Z,4.10.dev245+g4144cef28,902_18,gray_frequencies,5022,172.8
2023-05-03,DEM,../DSMs/2023-05-03_DEM.tif,2025-11-19T16:07:38.660842Z,4.10.dev245+g4144cef28,902_18,gray_frequencies,1267,185.60000000000002
2023-05-03,DEM,../DSMs/2023-05-03_DEM.tif,2025-11-19T16:07:38.660842Z,4.10.dev245+g4144cef28,902_18,gray_frequencies,11,198.4
2023-05-03,DEM,../DSMs/2023-05-03_DEM.tif,2025-11-19T16:07:38.660842Z,4.10.dev245+g4144cef28,902_18,gray_frequencies,0,211.20000000000002
2023-05-03,DEM,../DSMs/2023-05-03_DEM.tif,2025-11-19T16:07:38.660842Z,4.10.dev245+g4144cef28,902_18,gray_frequencies,0,224.0
2023-05-03,DEM,../DSMs/2023-05-03_DEM.tif,2025-11-19T16:07:38.660842Z,4.10.dev245+g4144cef28,902_18,gray_frequencies,0,236.8
2023-05-03,DEM,../DSMs/2023-05-03_DEM.tif,2025-11-19T16:07:38.660842Z,4.10.dev245+g4144cef28,902_18,gray_frequencies,0,249.60000000000002
2023-05-03,DEM,../DSMs/2023-05-03_DEM.tif,2025-11-19T16:07:38.660842Z,4.10.dev245+g4144cef28,703_19,gray_frequencies,0,6.4
2023-05-03,DEM,../DSMs/2023-05-03_DEM.tif,2025-11-19T16:07:38.660842Z,4.10.dev245+g4144cef28,703_19,gray_frequencies,0,19.200000000000003
2023-05-03,DEM,../DSMs/2023-05-03_DEM.tif,2025-11-19T16:07:38.660842Z,4.10.dev245+g4144cef28,703_19,gray_frequencies,0,32.0
2023-05-03,DEM,../DSMs/2023-05-03_DEM.tif,2025-11-19T16:07:38.660842Z,4.10.dev245+g4144cef28,703_19,gray_frequencies,0,44.800000000000004
2023-05-03,DEM,../DSMs/2023-05-03_DEM.tif,2025-11-19T16:07:38.660842Z,4.10.dev245+g4144cef28,703_19,gray_frequencies,0,57.6
2023-05-03,DEM,../DSMs/2023-05-03_DEM.tif,2025-11-19T16:07:38.660842Z,4.10.dev245+g4144cef28,703_19,gray_frequencies,0,70.4
2023-05-03,DEM,../DSMs/2023-05-03_DEM.tif,2025-11-19T16:07:38.660842Z,4.10.dev245+g4144cef28,703_19,gray_frequencies,7,83.20000000000002
2023-05-03,DEM,../DSMs/2023-05-03_DEM.tif,2025-11-19T16:07:38.660842Z,4.10.dev245+g4144cef28,703_19,gray_frequencies,892,96.0
2023-05-03,DEM,../DSMs/2023-05-03_DEM.tif,2025-11-19T16:07:38.660842Z,4.10.dev245+g4144cef28,703_19,gray_frequencies,7882,108.80000000000001
2023-05-03,DEM,../DSMs/2023-05-03_DEM.tif,2025-11-19T16:07:38.660842Z,4.10.dev245+g4144cef28,703_19,gray_frequencies,2070,121.6
2023-05-03,DEM,../DSMs/2023-05-03_DEM.tif,2025-11-19T16:07:38.660842Z,4.10.dev245+g4144cef28,703_19,gray_frequencies,0,134.4
2023-05-03,DEM,../DSMs/2023-05-03_DEM.tif,2025-11-19T16:07:38.660842Z,4.10.dev245+g4144cef28,703_19,gray_frequencies,0,147.20000000000002
2023-05-03,DEM,../DSMs/2023-05-03_DEM.tif,2025-11-19T16:07:38.660842Z,4.10.dev245+g4144cef28,703_19,gray_frequencies,0,160.0
2023-05-03,DEM,../DSMs/2023-05-03_DEM.tif,2025-11-19T16:07:38.660842Z,4.10.dev245+g4144cef28,703_19,gray_frequencies,0,172.8
2023-05-03,DEM,../DSMs/2023-05-03_DEM.tif,2025-11-19T16:07:38.660842Z,4.10.dev245+g4144cef28,703_19,gray_frequencies,0,185.60000000000002
2023-05-03,DEM,../DSMs/2023-05-03_DEM.tif,2025-11-19T16:07:38.660842Z,4.10.dev245+g4144cef28,703_19,gray_frequencies,0,198.4
2023-05-03,DEM,../DSMs/2023-05-03_DEM.tif,2025-11-19T16:07:38.660842Z,4.10.dev245+g4144cef28,703_19,gray_frequencies,0,211.20000000000002
2023-05-03,DEM,../DSMs/2023-05-03_DEM.tif,2025-11-19T16:07:38.660842Z,4.10.dev245+g4144cef28,703_19,gray_frequencies,0,224.0
2023-05-03,DEM,../DSMs/2023-05-03_DEM.tif,2025-11-19T16:07:38.660842Z,4.10.dev245+g4144cef28,703_19,gray_frequencies,0,236.8
2023-05-03,DEM,../DSMs/2023-05-03_DEM.tif,2025-11-19T16:07:38.660842Z,4.10.dev245+g4144cef28,703_19,gray_frequencies,0,249.60000000000002
2023-05-03,DEM,../DSMs/2023-05-03_DEM.tif,2025-11-19T16:07:38.660842Z,4.10.dev245+g4144cef28,103_20,gray_frequencies,0,6.4
2023-05-03,DEM,../DSMs/2023-05-03_DEM.tif,2025-11-19T16:07:38.660842Z,4.10.dev245+g4144cef28,103_20,gray_frequencies,0,19.200000000000003
2023-05-03,DEM,../DSMs/2023-05-03_DEM.tif,2025-11-19T16:07:38.660842Z,4.10.dev245+g4144cef28,103_20,gray_frequencies,0,32.0
2023-05-03,DEM,../DSMs/2023-05-03_DEM.tif,2025-11-19T16:07:38.660842Z,4.10.dev245+g4144cef28,103_20,gray_frequencies,0,44.800000000000004
2023-05-03,DEM,../DSMs/2023-05-03_DEM.tif,2025-11-19T16:07:38.660842Z,4.10.dev245+g4144cef28,103_20,gray_frequencies,0,57.6
2023-05-03,DEM,../DSMs/2023-05-03_DEM.tif,2025-11-19T16:07:38.660842Z,4.10.dev245+g4144cef28,103_20,gray_frequencies,0,70.4
2023-05-03,DEM,../DSMs/2023-05-03_DEM.tif,2025-11-19T16:07:38.660842Z,4.10.dev245+g4144cef28,103_20,gray_frequencies,1423,83.20000000000002
2023-05-03,DEM,../DSMs/2023-05-03_DEM.tif,2025-11-19T16:07:38.660842Z,4.10.dev245+g4144cef28,103_20,gray_frequencies,7636,96.0
2023-05-03,DEM,../DSMs/2023-05-03_DEM.tif,2025-11-19T16:07:38.660842Z,4.10.dev245+g4144cef28,103_20,gray_frequencies,2361,108.80000000000001
2023-05-03,DEM,../DSMs/2023-05-03_DEM.tif,2025-11-19T16:07:38.660842Z,4.10.dev245+g4144cef28,103_20,gray_frequencies,8,121.6
2023-05-03,DEM,../DSMs/2023-05-03_DEM.tif,2025-11-19T16:07:38.660842Z,4.10.dev245+g4144cef28,103_20,gray_frequencies,0,134.4
2023-05-03,DEM,../DSMs/2023-05-03_DEM.tif,2025-11-19T16:07:38.660842Z,4.10.dev245+g4144cef28,103_20,gray_frequencies,0,147.20000000000002
2023-05-03,DEM,../DSMs/2023-05-03_DEM.tif,2025-11-19T16:07:38.660842Z,4.10.dev245+g4144cef28,103_20,gray_frequencies,0,160.0
2023-05-03,DEM,../DSMs/2023-05-03_DEM.tif,2025-11-19T16:07:38.660842Z,4.10.dev245+g4144cef28,103_20,gray_frequencies,0,172.8
2023-05-03,DEM,../DSMs/2023-05-03_DEM.tif,2025-11-19T16:07:38.660842Z,4.10.dev245+g4144cef28,103_20,gray_frequencies,0,185.60000000000002
2023-05-03,DEM,../DSMs/2023-05-03_DEM.tif,2025-11-19T16:07:38.660842Z,4.10.dev245+g4144cef28,103_20,gray_frequencies,0,198.4
2023-05-03,DEM,../DSMs/2023-05-03_DEM.tif,2025-11-19T16:07:38.660842Z,4.10.dev245+g4144cef28,103_20,gray_frequencies,0,211.20000000000002
2023-05-03,DEM,../DSMs/2023-05-03_DEM.tif,2025-11-19T16:07:38.660842Z,4.10.dev245+g4144cef28,103_20,gray_frequencies,0,224.0
2023-05-03,DEM,../DSMs/2023-05-03_DEM.tif,2025-11-19T16:07:38.660842Z,4.10.dev245+g4144cef28,103_20,gray_frequencies,0,236.8
2023-05-03,DEM,../DSMs/2023-05-03_DEM.tif,2025-11-19T16:07:38.660842Z,4.10.dev245+g4144cef28,103_20,gray_frequencies,0,249.60000000000002
2023-05-03,DEM,../DSMs/2023-05-03_DEM.tif,2025-11-19T16:07:38.660842Z,4.10.dev245+g4144cef28,203_21,gray_frequencies,0,6.4
2023-05-03,DEM,../DSMs/2023-05-03_DEM.tif,2025-11-19T16:07:38.660842Z,4.10.dev245+g4144cef28,203_21,gray_frequencies,0,19.200000000000003
2023-05-03,DEM,../DSMs/2023-05-03_DEM.tif,2025-11-19T16:07:38.660842Z,4.10.dev245+g4144cef28,203_21,gray_frequencies,0,32.0
2023-05-03,DEM,../DSMs/2023-05-03_DEM.tif,2025-11-19T16:07:38.660842Z,4.10.dev245+g4144cef28,203_21,gray_frequencies,99,44.800000000000004
2023-05-03,DEM,../DSMs/2023-05-03_DEM.tif,2025-11-19T16:07:38.660842Z,4.10.dev245+g4144cef28,203_21,gray_frequencies,1905,57.6
2023-05-03,DEM,../DSMs/2023-05-03_DEM.tif,2025-11-19T16:07:38.660842Z,4.10.dev245+g4144cef28,203_21,gray_frequencies,4189,70.4
2023-05-03,DEM,../DSMs/2023-05-03_DEM.tif,2025-11-19T16:07:38.660842Z,4.10.dev245+g4144cef28,203_21,gray_frequencies,3535,83.20000000000002
2023-05-03,DEM,../DSMs/2023-05-03_DEM.tif,2025-11-19T16:07:38.660842Z,4.10.dev245+g4144cef28,203_21,gray_frequencies,315,96.0
2023-05-03,DEM,../DSMs/2023-05-03_DEM.tif,2025-11-19T16:07:38.660842Z,4.10.dev245+g4144cef28,203_21,gray_frequencies,0,108.80000000000001
2023-05-03,DEM,../DSMs/2023-05-03_DEM.tif,2025-11-19T16:07:38.660842Z,4.10.dev245+g4144cef28,203_21,gray_frequencies,0,121.6
2023-05-03,DEM,../DSMs/2023-05-03_DEM.tif,2025-11-19T16:07:38.660842Z,4.10.dev245+g4144cef28,203_21,gray_frequencies,0,134.4
2023-05-03,DEM,../DSMs/2023-05-03_DEM.tif,2025-11-19T16:07:38.660842Z,4.10.dev245+g4144cef28,203_21,gray_frequencies,0,147.20000000000002
2023-05-03,DEM,../DSMs/2023-05-03_DEM.tif,2025-11-19T16:07:38.660842Z,4.10.dev245+g4144cef28,203_21,gray_frequencies,0,160.0
2023-05-03,DEM,../DSMs/2023-05-03_DEM.tif,2025-11-19T16:07:38.660842Z,4.10.dev245+g4144cef28,203_21,gray_frequencies,0,172.8
2023-05-03,DEM,../DSMs/2023-05-03_DEM.tif,2025-11-19T16:07:38.660842Z,4.10.dev245+g4144cef28,203_21,gray_frequencies,0,185.60000000000002
2023-05-03,DEM,../DSMs/2023-05-03_DEM.tif,2025-11-19T16:07:38.660842Z,4.10.dev245+g4144cef28,203_21,gray_frequencies,0,198.4
2023-05-03,DEM,../DSMs/2023-05-03_DEM.tif,2025-11-19T16:07:38.660842Z,4.10.dev245+g4144cef28,203_21,gray_frequencies,0,211.20000000000002
2023-05-03,DEM,../DSMs/2023-05-03_DEM.tif,2025-11-19T16:07:38.660842Z,4.10.dev245+g4144cef28,203_21,gray_frequencies,0,224.0
2023-05-03,DEM,../DSMs/2023-05-03_DEM.tif,2025-11-19T16:07:38.660842Z,4.10.dev245+g4144cef28,203_21,gray_frequencies,0,236.8
2023-05-03,DEM,../DSMs/2023-05-03_DEM.tif,2025-11-19T16:07:38.660842Z,4.10.dev245+g4144cef28,203_21,gray_frequencies,0,249.60000000000002
2023-05-03,DEM,../DSMs/2023-05-03_DEM.tif,2025-11-19T16:07:38.660842Z,4.10.dev245+g4144cef28,803_22,gray_frequencies,0,6.4
2023-05-03,DEM,../DSMs/2023-05-03_DEM.tif,2025-11-19T16:07:38.660842Z,4.10.dev245+g4144cef28,803_22,gray_frequencies,0,19.200000000000003
2023-05-03,DEM,../DSMs/2023-05-03_DEM.tif,2025-11-19T16:07:38.660842Z,4.10.dev245+g4144cef28,803_22,gray_frequencies,0,32.0
2023-05-03,DEM,../DSMs/2023-05-03_DEM.tif,2025-11-19T16:07:38.660842Z,4.10.dev245+g4144cef28,803_22,gray_frequencies,0,44.800000000000004
2023-05-03,DEM,../DSMs/2023-05-03_DEM.tif,2025-11-19T16:07:38.660842Z,4.10.dev245+g4144cef28,803_22,gray_frequencies,0,57.6
2023-05-03,DEM,../DSMs/2023-05-03_DEM.tif,2025-11-19T16:07:38.660842Z,4.10.dev245+g4144cef28,803_22,gray_frequencies,0,70.4
2023-05-03,DEM,../DSMs/2023-05-03_DEM.tif,2025-11-19T16:07:38.660842Z,4.10.dev245+g4144cef28,803_22,gray_frequencies,0,83.20000000000002
2023-05-03,DEM,../DSMs/2023-05-03_DEM.tif,2025-11-19T16:07:38.660842Z,4.10.dev245+g4144cef28,803_22,gray_frequencies,0,96.0
2023-05-03,DEM,../DSMs/2023-05-03_DEM.tif,2025-11-19T16:07:38.660842Z,4.10.dev245+g4144cef28,803_22,gray_frequencies,477,108.80000000000001
2023-05-03,DEM,../DSMs/2023-05-03_DEM.tif,2025-11-19T16:07:38.660842Z,4.10.dev245+g4144cef28,803_22,gray_frequencies,5165,121.6
2023-05-03,DEM,../DSMs/2023-05-03_DEM.tif,2025-11-19T16:07:38.660842Z,4.10.dev245+g4144cef28,803_22,gray_frequencies,4107,134.4
2023-05-03,DEM,../DSMs/2023-05-03_DEM.tif,2025-11-19T16:07:38.660842Z,4.10.dev245+g4144cef28,803_22,gray_frequencies,58,147.20000000000002
2023-05-03,DEM,../DSMs/2023-05-03_DEM.tif,2025-11-19T16:07:38.660842Z,4.10.dev245+g4144cef28,803_22,gray_frequencies,0,160.0
2023-05-03,DEM,../DSMs/2023-05-03_DEM.tif,2025-11-19T16:07:38.660842Z,4.10.dev245+g4144cef28,803_22,gray_frequencies,0,172.8
2023-05-03,DEM,../DSMs/2023-05-03_DEM.tif,2025-11-19T16:07:38.660842Z,4.10.dev245+g4144cef28,803_22,gray_frequencies,0,185.60000000000002
2023-05-03,DEM,../DSMs/2023-05-03_DEM.tif,2025-11-19T16:07:38.660842Z,4.10.dev245+g4144cef28,803_22,gray_frequencies,0,198.4
2023-05-03,DEM,../DSMs/2023-05-03_DEM.tif,2025-11-19T16:07:38.660842Z,4.10.dev245+g4144cef28,803_22,gray_frequencies,0,211.20000000000002
2023-05-03,DEM,../DSMs/2023-05-03_DEM.tif,2025-11-19T16:07:38.660842Z,4.10.dev245+g4144cef28,803_22,gray_frequencies,0,224.0
2023-05-03,DEM,../DSMs/2023-05-03_DEM.tif,2025-11-19T16:07:38.660842Z,4.10.dev245+g4144cef28,803_22,gray_frequencies,0,236.8
2023-05-03,DEM,../DSMs/2023-05-03_DEM.tif,2025-11-19T16:07:38.660842Z,4.10.dev245+g4144cef28,803_22,gray_frequencies,0,249.60000000000002
2023-05-03,DEM,../DSMs/2023-05-03_DEM.tif,2025-11-19T16:07:38.660842Z,4.10.dev245+g4144cef28,303_23,gray_frequencies,0,6.4
2023-05-03,DEM,../DSMs/2023-05-03_DEM.tif,2025-11-19T16:07:38.660842Z,4.10.dev245+g4144cef28,303_23,gray_frequencies,0,19.200000000000003
2023-05-03,DEM,../DSMs/2023-05-03_DEM.tif,2025-11-19T16:07:38.660842Z,4.10.dev245+g4144cef28,303_23,gray_frequencies,0,32.0
2023-05-03,DEM,../DSMs/2023-05-03_DEM.tif,2025-11-19T16:07:38.660842Z,4.10.dev245+g4144cef28,303_23,gray_frequencies,0,44.800000000000004
2023-05-03,DEM,../DSMs/2023-05-03_DEM.tif,2025-11-19T16:07:38.660842Z,4.10.dev245+g4144cef28,303_23,gray_frequencies,0,57.6
2023-05-03,DEM,../DSMs/2023-05-03_DEM.tif,2025-11-19T16:07:38.660842Z,4.10.dev245+g4144cef28,303_23,gray_frequencies,0,70.4
2023-05-03,DEM,../DSMs/2023-05-03_DEM.tif,2025-11-19T16:07:38.660842Z,4.10.dev245+g4144cef28,303_23,gray_frequencies,0,83.20000000000002
2023-05-03,DEM,../DSMs/2023-05-03_DEM.tif,2025-11-19T16:07:38.660842Z,4.10.dev245+g4144cef28,303_23,gray_frequencies,513,96.0
2023-05-03,DEM,../DSMs/2023-05-03_DEM.tif,2025-11-19T16:07:38.660842Z,4.10.dev245+g4144cef28,303_23,gray_frequencies,6200,108.80000000000001
2023-05-03,DEM,../DSMs/2023-05-03_DEM.tif,2025-11-19T16:07:38.660842Z,4.10.dev245+g4144cef28,303_23,gray_frequencies,4012,121.6
2023-05-03,DEM,../DSMs/2023-05-03_DEM.tif,2025-11-19T16:07:38.660842Z,4.10.dev245+g4144cef28,303_23,gray_frequencies,214,134.4
2023-05-03,DEM,../DSMs/2023-05-03_DEM.tif,2025-11-19T16:07:38.660842Z,4.10.dev245+g4144cef28,303_23,gray_frequencies,0,147.20000000000002
2023-05-03,DEM,../DSMs/2023-05-03_DEM.tif,2025-11-19T16:07:38.660842Z,4.10.dev245+g4144cef28,303_23,gray_frequencies,0,160.0
2023-05-03,DEM,../DSMs/2023-05-03_DEM.tif,2025-11-19T16:07:38.660842Z,4.10.dev245+g4144cef28,303_23,gray_frequencies,0,172.8
2023-05-03,DEM,../DSMs/2023-05-03_DEM.tif,2025-11-19T16:07:38.660842Z,4.10.dev245+g4144cef28,303_23,gray_frequencies,0,185.60000000000002
2023-05-03,DEM,../DSMs/2023-05-03_DEM.tif,2025-11-19T16:07:38.660842Z,4.10.dev245+g4144cef28,303_23,gray_frequencies,0,198.4
2023-05-03,DEM,../DSMs/2023-05-03_DEM.tif,2025-11-19T16:07:38.660842Z,4.10.dev245+g4144cef28,303_23,gray_frequencies,0,211.20000000000002
2023-05-03,DEM,../DSMs/2023-05-03_DEM.tif,2025-11-19T16:07:38.660842Z,4.10.dev245+g4144cef28,303_23,gray_frequencies,0,224.0
2023-05-03,DEM,../DSMs/2023-05-03_DEM.tif,2025-11-19T16:07:38.660842Z,4.10.dev245+g4144cef28,303_23,gray_frequencies,0,236.8
2023-05-03,DEM,../DSMs/2023-05-03_DEM.tif,2025-11-19T16:07:38.660842Z,4.10.dev245+g4144cef28,303_23,gray_frequencies,0,249.60000000000002
2023-05-03,DEM,../DSMs/2023-05-03_DEM.tif,2025-11-19T16:07:38.660842Z,4.10.dev245+g4144cef28,903_24,gray_frequencies,0,6.4
2023-05-03,DEM,../DSMs/2023-05-03_DEM.tif,2025-11-19T16:07:38.660842Z,4.10.dev245+g4144cef28,903_24,gray_frequencies,0,19.200000000000003
2023-05-03,DEM,../DSMs/2023-05-03_DEM.tif,2025-11-19T16:07:38.660842Z,4.10.dev245+g4144cef28,903_24,gray_frequencies,0,32.0
2023-05-03,DEM,../DSMs/2023-05-03_DEM.tif,2025-11-19T16:07:38.660842Z,4.10.dev245+g4144cef28,903_24,gray_frequencies,0,44.800000000000004
2023-05-03,DEM,../DSMs/2023-05-03_DEM.tif,2025-11-19T16:07:38.660842Z,4.10.dev245+g4144cef28,903_24,gray_frequencies,0,57.6
2023-05-03,DEM,../DSMs/2023-05-03_DEM.tif,2025-11-19T16:07:38.660842Z,4.10.dev245+g4144cef28,903_24,gray_frequencies,113,70.4
2023-05-03,DEM,../DSMs/2023-05-03_DEM.tif,2025-11-19T16:07:38.660842Z,4.10.dev245+g4144cef28,903_24,gray_frequencies,4292,83.20000000000002
2023-05-03,DEM,../DSMs/2023-05-03_DEM.tif,2025-11-19T16:07:38.660842Z,4.10.dev245+g4144cef28,903_24,gray_frequencies,5087,96.0
2023-05-03,DEM,../DSMs/2023-05-03_DEM.tif,2025-11-19T16:07:38.660842Z,4.10.dev245+g4144cef28,903_24,gray_frequencies,1216,108.80000000000001
2023-05-03,DEM,../DSMs/2023-05-03_DEM.tif,2025-11-19T16:07:38.660842Z,4.10.dev245+g4144cef28,903_24,gray_frequencies,0,121.6
2023-05-03,DEM,../DSMs/2023-05-03_DEM.tif,2025-11-19T16:07:38.660842Z,4.10.dev245+g4144cef28,903_24,gray_frequencies,0,134.4
2023-05-03,DEM,../DSMs/2023-05-03_DEM.tif,2025-11-19T16:07:38.660842Z,4.10.dev245+g4144cef28,903_24,gray_frequencies,0,147.20000000000002
2023-05-03,DEM,../DSMs/2023-05-03_DEM.tif,2025-11-19T16:07:38.660842Z,4.10.dev245+g4144cef28,903_24,gray_frequencies,0,160.0
2023-05-03,DEM,../DSMs/2023-05-03_DEM.tif,2025-11-19T16:07:38.660842Z,4.10.dev245+g4144cef28,903_24,gray_frequencies,0,172.8
2023-05-03,DEM,../DSMs/2023-05-03_DEM.tif,2025-11-19T16:07:38.660842Z,4.10.dev245+g4144cef28,903_24,gray_frequencies,0,185.60000000000002
2023-05-03,DEM,../DSMs/2023-05-03_DEM.tif,2025-11-19T16:07:38.660842Z,4.10.dev245+g4144cef28,903_24,gray_frequencies,0,198.4
2023-05-03,DEM,../DSMs/2023-05-03_DEM.tif,2025-11-19T16:07:38.660842Z,4.10.dev245+g4144cef28,903_24,gray_frequencies,0,211.20000000000002
2023-05-03,DEM,../DSMs/2023-05-03_DEM.tif,2025-11-19T16:07:38.660842Z,4.10.dev245+g4144cef28,903_24,gray_frequencies,0,224.0
2023-05-03,DEM,../DSMs/2023-05-03_DEM.tif,2025-11-19T16:07:38.660842Z,4.10.dev245+g4144cef28,903_24,gray_frequencies,0,236.8
2023-05-03,DEM,../DSMs/2023-05-03_DEM.tif,2025-11-19T16:07:38.660842Z,4.10.dev245+g4144cef28,903_24,gray_frequencies,0,249.60000000000002
2023-05-03,DEM,../DSMs/2023-05-03_DEM.tif,2025-11-19T16:07:38.660842Z,4.10.dev245+g4144cef28,403_25,gray_frequencies,0,6.4
2023-05-03,DEM,../DSMs/2023-05-03_DEM.tif,2025-11-19T16:07:38.660842Z,4.10.dev245+g4144cef28,403_25,gray_frequencies,0,19.200000000000003
2023-05-03,DEM,../DSMs/2023-05-03_DEM.tif,2025-11-19T16:07:38.660842Z,4.10.dev245+g4144cef28,403_25,gray_frequencies,0,32.0
2023-05-03,DEM,../DSMs/2023-05-03_DEM.tif,2025-11-19T16:07:38.660842Z,4.10.dev245+g4144cef28,403_25,gray_frequencies,0,44.800000000000004
2023-05-03,DEM,../DSMs/2023-05-03_DEM.tif,2025-11-19T16:07:38.660842Z,4.10.dev245+g4144cef28,403_25,gray_frequencies,0,57.6
2023-05-03,DEM,../DSMs/2023-05-03_DEM.tif,2025-11-19T16:07:38.660842Z,4.10.dev245+g4144cef28,403_25,gray_frequencies,0,70.4
2023-05-03,DEM,../DSMs/2023-05-03_DEM.tif,2025-11-19T16:07:38.660842Z,4.10.dev245+g4144cef28,403_25,gray_frequencies,0,83.20000000000002
2023-05-03,DEM,../DSMs/2023-05-03_DEM.tif,2025-11-19T16:07:38.660842Z,4.10.dev245+g4144cef28,403_25,gray_frequencies,0,96.0
2023-05-03,DEM,../DSMs/2023-05-03_DEM.tif,2025-11-19T16:07:38.660842Z,4.10.dev245+g4144cef28,403_25,gray_frequencies,0,108.80000000000001
2023-05-03,DEM,../DSMs/2023-05-03_DEM.tif,2025-11-19T16:07:38.660842Z,4.10.dev245+g4144cef28,403_25,gray_frequencies,306,121.6
2023-05-03,DEM,../DSMs/2023-05-03_DEM.tif,2025-11-19T16:07:38.660842Z,4.10.dev245+g4144cef28,403_25,gray_frequencies,5307,134.4
2023-05-03,DEM,../DSMs/2023-05-03_DEM.tif,2025-11-19T16:07:38.660842Z,4.10.dev245+g4144cef28,403_25,gray_frequencies,4707,147.20000000000002
2023-05-03,DEM,../DSMs/2023-05-03_DEM.tif,2025-11-19T16:07:38.660842Z,4.10.dev245+g4144cef28,403_25,gray_frequencies,586,160.0
2023-05-03,DEM,../DSMs/2023-05-03_DEM.tif,2025-11-19T16:07:38.660842Z,4.10.dev245+g4144cef28,403_25,gray_frequencies,0,172.8
2023-05-03,DEM,../DSMs/2023-05-03_DEM.tif,2025-11-19T16:07:38.660842Z,4.10.dev245+g4144cef28,403_25,gray_frequencies,0,185.60000000000002
2023-05-03,DEM,../DSMs/2023-05-03_DEM.tif,2025-11-19T16:07:38.660842Z,4.10.dev245+g4144cef28,403_25,gray_frequencies,0,198.4
2023-05-03,DEM,../DSMs/2023-05-03_DEM.tif,2025-11-19T16:07:38.660842Z,4.10.dev245+g4144cef28,403_25,gray_frequencies,0,211.20000000000002
2023-05-03,DEM,../DSMs/2023-05-03_DEM.tif,2025-11-19T16:07:38.660842Z,4.10.dev245+g4144cef28,403_25,gray_frequencies,0,224.0
2023-05-03,DEM,../DSMs/2023-05-03_DEM.tif,2025-11-19T16:07:38.660842Z,4.10.dev245+g4144cef28,403_25,gray_frequencies,0,236.8
2023-05-03,DEM,../DSMs/2023-05-03_DEM.tif,2025-11-19T16:07:38.660842Z,4.10.dev245+g4144cef28,403_25,gray_frequencies,0,249.60000000000002
2023-05-03,DEM,../DSMs/2023-05-03_DEM.tif,2025-11-19T16:07:38.660842Z,4.10.dev245+g4144cef28,503_26,gray_frequencies,0,6.4
2023-05-03,DEM,../DSMs/2023-05-03_DEM.tif,2025-11-19T16:07:38.660842Z,4.10.dev245+g4144cef28,503_26,gray_frequencies,0,19.200000000000003
2023-05-03,DEM,../DSMs/2023-05-03_DEM.tif,2025-11-19T16:07:38.660842Z,4.10.dev245+g4144cef28,503_26,gray_frequencies,0,32.0
2023-05-03,DEM,../DSMs/2023-05-03_DEM.tif,2025-11-19T16:07:38.660842Z,4.10.dev245+g4144cef28,503_26,gray_frequencies,0,44.800000000000004
2023-05-03,DEM,../DSMs/2023-05-03_DEM.tif,2025-11-19T16:07:38.660842Z,4.10.dev245+g4144cef28,503_26,gray_frequencies,0,57.6
2023-05-03,DEM,../DSMs/2023-05-03_DEM.tif,2025-11-19T16:07:38.660842Z,4.10.dev245+g4144cef28,503_26,gray_frequencies,0,70.4
2023-05-03,DEM,../DSMs/2023-05-03_DEM.tif,2025-11-19T16:07:38.660842Z,4.10.dev245+g4144cef28,503_26,gray_frequencies,0,83.20000000000002
2023-05-03,DEM,../DSMs/2023-05-03_DEM.tif,2025-11-19T16:07:38.660842Z,4.10.dev245+g4144cef28,503_26,gray_frequencies,0,96.0
2023-05-03,DEM,../DSMs/2023-05-03_DEM.tif,2025-11-19T16:07:38.660842Z,4.10.dev245+g4144cef28,503_26,gray_frequencies,1874,108.80000000000001
2023-05-03,DEM,../DSMs/2023-05-03_DEM.tif,2025-11-19T16:07:38.660842Z,4.10.dev245+g4144cef28,503_26,gray_frequencies,6209,121.6
2023-05-03,DEM,../DSMs/2023-05-03_DEM.tif,2025-11-19T16:07:38.660842Z,4.10.dev245+g4144cef28,503_26,gray_frequencies,2702,134.4
2023-05-03,DEM,../DSMs/2023-05-03_DEM.tif,2025-11-19T16:07:38.660842Z,4.10.dev245+g4144cef28,503_26,gray_frequencies,22,147.20000000000002
2023-05-03,DEM,../DSMs/2023-05-03_DEM.tif,2025-11-19T16:07:38.660842Z,4.10.dev245+g4144cef28,503_26,gray_frequencies,0,160.0
2023-05-03,DEM,../DSMs/2023-05-03_DEM.tif,2025-11-19T16:07:38.660842Z,4.10.dev245+g4144cef28,503_26,gray_frequencies,0,172.8
2023-05-03,DEM,../DSMs/2023-05-03_DEM.tif,2025-11-19T16:07:38.660842Z,4.10.dev245+g4144cef28,503_26,gray_frequencies,0,185.60000000000002
2023-05-03,DEM,../DSMs/2023-05-03_DEM.tif,2025-11-19T16:07:38.660842Z,4.10.dev245+g4144cef28,503_26,gray_frequencies,0,198.4
2023-05-03,DEM,../DSMs/2023-05-03_DEM.tif,2025-11-19T16:07:38.660842Z,4.10.dev245+g4144cef28,503_26,gray_frequencies,0,211.20000000000002
2023-05-03,DEM,../DSMs/2023-05-03_DEM.tif,2025-11-19T16:07:38.660842Z,4.10.dev245+g4144cef28,503_26,gray_frequencies,0,224.0
2023-05-03,DEM,../DSMs/2023-05-03_DEM.tif,2025-11-19T16:07:38.660842Z,4.10.dev245+g4144cef28,503_26,gray_frequencies,0,236.8
2023-05-03,DEM,../DSMs/2023-05-03_DEM.tif,2025-11-19T16:07:38.660842Z,4.10.dev245+g4144cef28,503_26,gray_frequencies,0,249.60000000000002
2023-05-03,DEM,../DSMs/2023-05-03_DEM.tif,2025-11-19T16:07:38.660842Z,4.10.dev245+g4144cef28,603_27,gray_frequencies,0,6.4
2023-05-03,DEM,../DSMs/2023-05-03_DEM.tif,2025-11-19T16:07:38.660842Z,4.10.dev245+g4144cef28,603_27,gray_frequencies,0,19.200000000000003
2023-05-03,DEM,../DSMs/2023-05-03_DEM.tif,2025-11-19T16:07:38.660842Z,4.10.dev245+g4144cef28,603_27,gray_frequencies,0,32.0
2023-05-03,DEM,../DSMs/2023-05-03_DEM.tif,2025-11-19T16:07:38.660842Z,4.10.dev245+g4144cef28,603_27,gray_frequencies,0,44.800000000000004
2023-05-03,DEM,../DSMs/2023-05-03_DEM.tif,2025-11-19T16:07:38.660842Z,4.10.dev245+g4144cef28,603_27,gray_frequencies,0,57.6
2023-05-03,DEM,../DSMs/2023-05-03_DEM.tif,2025-11-19T16:07:38.660842Z,4.10.dev245+g4144cef28,603_27,gray_frequencies,0,70.4
2023-05-03,DEM,../DSMs/2023-05-03_DEM.tif,2025-11-19T16:07:38.660842Z,4.10.dev245+g4144cef28,603_27,gray_frequencies,440,83.20000000000002
2023-05-03,DEM,../DSMs/2023-05-03_DEM.tif,2025-11-19T16:07:38.660842Z,4.10.dev245+g4144cef28,603_27,gray_frequencies,3805,96.0
2023-05-03,DEM,../DSMs/2023-05-03_DEM.tif,2025-11-19T16:07:38.660842Z,4.10.dev245+g4144cef28,603_27,gray_frequencies,5727,108.80000000000001
2023-05-03,DEM,../DSMs/2023-05-03_DEM.tif,2025-11-19T16:07:38.660842Z,4.10.dev245+g4144cef28,603_27,gray_frequencies,418,121.6
2023-05-03,DEM,../DSMs/2023-05-03_DEM.tif,2025-11-19T16:07:38.660842Z,4.10.dev245+g4144cef28,603_27,gray_frequencies,0,134.4
2023-05-03,DEM,../DSMs/2023-05-03_DEM.tif,2025-11-19T16:07:38.660842Z,4.10.dev245+g4144cef28,603_27,gray_frequencies,0,147.20000000000002
2023-05-03,DEM,../DSMs/2023-05-03_DEM.tif,2025-11-19T16:07:38.660842Z,4.10.dev245+g4144cef28,603_27,gray_frequencies,0,160.0
2023-05-03,DEM,../DSMs/2023-05-03_DEM.tif,2025-11-19T16:07:38.660842Z,4.10.dev245+g4144cef28,603_27,gray_frequencies,0,172.8
2023-05-03,DEM,../DSMs/2023-05-03_DEM.tif,2025-11-19T16:07:38.660842Z,4.10.dev245+g4144cef28,603_27,gray_frequencies,0,185.60000000000002
2023-05-03,DEM,../DSMs/2023-05-03_DEM.tif,2025-11-19T16:07:38.660842Z,4.10.dev245+g4144cef28,603_27,gray_frequencies,0,198.4
2023-05-03,DEM,../DSMs/2023-05-03_DEM.tif,2025-11-19T16:07:38.660842Z,4.10.dev245+g4144cef28,603_27,gray_frequencies,0,211.20000000000002
2023-05-03,DEM,../DSMs/2023-05-03_DEM.tif,2025-11-19T16:07:38.660842Z,4.10.dev245+g4144cef28,603_27,gray_frequencies,0,224.0
2023-05-03,DEM,../DSMs/2023-05-03_DEM.tif,2025-11-19T16:07:38.660842Z,4.10.dev245+g4144cef28,603_27,gray_frequencies,0,236.8
2023-05-03,DEM,../DSMs/2023-05-03_DEM.tif,2025-11-19T16:07:38.660842Z,4.10.dev245+g4144cef28,603_27,gray_frequencies,0,249.60000000000002
2023-06-15,DEM,../DSMs/2023-06-15_DEM.tif,2025-11-19T16:07:38.654815Z,4.10.dev245+g4144cef28,default_101,gray_frequencies,NA,NA
2023-06-15,DEM,../DSMs/2023-06-15_DEM.tif,2025-11-19T16:07:38.654815Z,4.10.dev245+g4144cef28,default_201,gray_frequencies,NA,NA
2023-06-15,DEM,../DSMs/2023-06-15_DEM.tif,2025-11-19T16:07:38.654815Z,4.10.dev245+g4144cef28,default_301,gray_frequencies,NA,NA
2023-06-15,DEM,../DSMs/2023-06-15_DEM.tif,2025-11-19T16:07:38.654815Z,4.10.dev245+g4144cef28,default_401,gray_frequencies,NA,NA
2023-06-15,DEM,../DSMs/2023-06-15_DEM.tif,2025-11-19T16:07:38.654815Z,4.10.dev245+g4144cef28,default_501,gray_frequencies,NA,NA
2023-06-15,DEM,../DSMs/2023-06-15_DEM.tif,2025-11-19T16:07:38.654815Z,4.10.dev245+g4144cef28,default_901,gray_frequencies,NA,NA
2023-06-15,DEM,../DSMs/2023-06-15_DEM.tif,2025-11-19T16:07:38.654815Z,4.10.dev245+g4144cef28,default_701,gray_frequencies,NA,NA
2023-06-15,DEM,../DSMs/2023-06-15_DEM.tif,2025-11-19T16:07:38.654815Z,4.10.dev245+g4144cef28,default_801,gray_frequencies,NA,NA
2023-06-15,DEM,../DSMs/2023-06-15_DEM.tif,2025-11-19T16:07:38.654815Z,4.10.dev245+g4144cef28,default_601,gray_frequencies,NA,NA
2023-06-15,DEM,../DSMs/2023-06-15_DEM.tif,2025-11-19T16:07:38.654815Z,4.10.dev245+g4144cef28,default_502,gray_frequencies,NA,NA
2023-06-15,DEM,../DSMs/2023-06-15_DEM.tif,2025-11-19T16:07:38.654815Z,4.10.dev245+g4144cef28,default_402,gray_frequencies,NA,NA
2023-06-15,DEM,../DSMs/2023-06-15_DEM.tif,2025-11-19T16:07:38.654815Z,4.10.dev245+g4144cef28,default_102,gray_frequencies,NA,NA
2023-06-15,DEM,../DSMs/2023-06-15_DEM.tif,2025-11-19T16:07:38.654815Z,4.10.dev245+g4144cef28,default_702,gray_frequencies,NA,NA
2023-06-15,DEM,../DSMs/2023-06-15_DEM.tif,2025-11-19T16:07:38.654815Z,4.10.dev245+g4144cef28,default_202,gray_frequencies,NA,NA
2023-06-15,DEM,../DSMs/2023-06-15_DEM.tif,2025-11-19T16:07:38.654815Z,4.10.dev245+g4144cef28,default_602,gray_frequencies,NA,NA
2023-06-15,DEM,../DSMs/2023-06-15_DEM.tif,2025-11-19T16:07:38.654815Z,4.10.dev245+g4144cef28,default_802,gray_frequencies,NA,NA
2023-06-15,DEM,../DSMs/2023-06-15_DEM.tif,2025-11-19T16:07:38.654815Z,4.10.dev245+g4144cef28,default_302,gray_frequencies,NA,NA
2023-06-15,DEM,../DSMs/2023-06-15_DEM.tif,2025-11-19T16:07:38.654815Z,4.10.dev245+g4144cef28,default_902,gray_frequencies,NA,NA
2023-06-15,DEM,../DSMs/2023-06-15_DEM.tif,2025-11-19T16:07:38.654815Z,4.10.dev245+g4144cef28,default_703,gray_frequencies,NA,NA
2023-06-15,DEM,../DSMs/2023-06-15_DEM.tif,2025-11-19T16:07:38.654815Z,4.10.dev245+g4144cef28,default_103,gray_frequencies,NA,NA
2023-06-15,DEM,../DSMs/2023-06-15_DEM.tif,2025-11-19T16:07:38.654815Z,4.10.dev245+g4144cef28,default_203,gray_frequencies,NA,NA
2023-06-15,DEM,../DSMs/2023-06-15_DEM.tif,2025-11-19T16:07:38.654815Z,4.10.dev245+g4144cef28,default_803,gray_frequencies,NA,NA
2023-06-15,DEM,../DSMs/2023-06-15_DEM.tif,2025-11-19T16:07:38.654815Z,4.10.dev245+g4144cef28,default_303,gray_frequencies,NA,NA
2023-06-15,DEM,../DSMs/2023-06-15_DEM.tif,2025-11-19T16:07:38.654815Z,4.10.dev245+g4144cef28,default_903,gray_frequencies,NA,NA
2023-06-15,DEM,../DSMs/2023-06-15_DEM.tif,2025-11-19T16:07:38.654815Z,4.10.dev245+g4144cef28,default_403,gray_frequencies,NA,NA
2023-06-15,DEM,../DSMs/2023-06-15_DEM.tif,2025-11-19T16:07:38.654815Z,4.10.dev245+g4144cef28,default_503,gray_frequencies,NA,NA
2023-06-15,DEM,../DSMs/2023-06-15_DEM.tif,2025-11-19T16:07:38.654815Z,4.10.dev245+g4144cef28,default_603,gray_frequencies,NA,NA
2023-06-15,DEM,../DSMs/2023-06-15_DEM.tif,2025-11-19T16:07:38.654815Z,4.10.dev245+g4144cef28,101_1,gray_frequencies,0,6.4
2023-06-15,DEM,../DSMs/2023-06-15_DEM.tif,2025-11-19T16:07:38.654815Z,4.10.dev245+g4144cef28,101_1,gray_frequencies,0,19.200000000000003
2023-06-15,DEM,../DSMs/2023-06-15_DEM.tif,2025-11-19T16:07:38.654815Z,4.10.dev245+g4144cef28,101_1,gray_frequencies,0,32.0
2023-06-15,DEM,../DSMs/2023-06-15_DEM.tif,2025-11-19T16:07:38.654815Z,4.10.dev245+g4144cef28,101_1,gray_frequencies,0,44.800000000000004
2023-06-15,DEM,../DSMs/2023-06-15_DEM.tif,2025-11-19T16:07:38.654815Z,4.10.dev245+g4144cef28,101_1,gray_frequencies,0,57.6
2023-06-15,DEM,../DSMs/2023-06-15_DEM.tif,2025-11-19T16:07:38.654815Z,4.10.dev245+g4144cef28,101_1,gray_frequencies,0,70.4
2023-06-15,DEM,../DSMs/2023-06-15_DEM.tif,2025-11-19T16:07:38.654815Z,4.10.dev245+g4144cef28,101_1,gray_frequencies,0,83.20000000000002
2023-06-15,DEM,../DSMs/2023-06-15_DEM.tif,2025-11-19T16:07:38.654815Z,4.10.dev245+g4144cef28,101_1,gray_frequencies,0,96.0
2023-06-15,DEM,../DSMs/2023-06-15_DEM.tif,2025-11-19T16:07:38.654815Z,4.10.dev245+g4144cef28,101_1,gray_frequencies,0,108.80000000000001
2023-06-15,DEM,../DSMs/2023-06-15_DEM.tif,2025-11-19T16:07:38.654815Z,4.10.dev245+g4144cef28,101_1,gray_frequencies,138,121.6
2023-06-15,DEM,../DSMs/2023-06-15_DEM.tif,2025-11-19T16:07:38.654815Z,4.10.dev245+g4144cef28,101_1,gray_frequencies,4800,134.4
2023-06-15,DEM,../DSMs/2023-06-15_DEM.tif,2025-11-19T16:07:38.654815Z,4.10.dev245+g4144cef28,101_1,gray_frequencies,8601,147.20000000000002
2023-06-15,DEM,../DSMs/2023-06-15_DEM.tif,2025-11-19T16:07:38.654815Z,4.10.dev245+g4144cef28,101_1,gray_frequencies,1522,160.0
2023-06-15,DEM,../DSMs/2023-06-15_DEM.tif,2025-11-19T16:07:38.654815Z,4.10.dev245+g4144cef28,101_1,gray_frequencies,0,172.8
2023-06-15,DEM,../DSMs/2023-06-15_DEM.tif,2025-11-19T16:07:38.654815Z,4.10.dev245+g4144cef28,101_1,gray_frequencies,0,185.60000000000002
2023-06-15,DEM,../DSMs/2023-06-15_DEM.tif,2025-11-19T16:07:38.654815Z,4.10.dev245+g4144cef28,101_1,gray_frequencies,0,198.4
2023-06-15,DEM,../DSMs/2023-06-15_DEM.tif,2025-11-19T16:07:38.654815Z,4.10.dev245+g4144cef28,101_1,gray_frequencies,0,211.20000000000002
2023-06-15,DEM,../DSMs/2023-06-15_DEM.tif,2025-11-19T16:07:38.654815Z,4.10.dev245+g4144cef28,101_1,gray_frequencies,0,224.0
2023-06-15,DEM,../DSMs/2023-06-15_DEM.tif,2025-11-19T16:07:38.654815Z,4.10.dev245+g4144cef28,101_1,gray_frequencies,0,236.8
2023-06-15,DEM,../DSMs/2023-06-15_DEM.tif,2025-11-19T16:07:38.654815Z,4.10.dev245+g4144cef28,101_1,gray_frequencies,0,249.60000000000002
2023-06-15,DEM,../DSMs/2023-06-15_DEM.tif,2025-11-19T16:07:38.654815Z,4.10.dev245+g4144cef28,201_2,gray_frequencies,0,6.4
2023-06-15,DEM,../DSMs/2023-06-15_DEM.tif,2025-11-19T16:07:38.654815Z,4.10.dev245+g4144cef28,201_2,gray_frequencies,0,19.200000000000003
2023-06-15,DEM,../DSMs/2023-06-15_DEM.tif,2025-11-19T16:07:38.654815Z,4.10.dev245+g4144cef28,201_2,gray_frequencies,0,32.0
2023-06-15,DEM,../DSMs/2023-06-15_DEM.tif,2025-11-19T16:07:38.654815Z,4.10.dev245+g4144cef28,201_2,gray_frequencies,0,44.800000000000004
2023-06-15,DEM,../DSMs/2023-06-15_DEM.tif,2025-11-19T16:07:38.654815Z,4.10.dev245+g4144cef28,201_2,gray_frequencies,0,57.6
2023-06-15,DEM,../DSMs/2023-06-15_DEM.tif,2025-11-19T16:07:38.654815Z,4.10.dev245+g4144cef28,201_2,gray_frequencies,0,70.4
2023-06-15,DEM,../DSMs/2023-06-15_DEM.tif,2025-11-19T16:07:38.654815Z,4.10.dev245+g4144cef28,201_2,gray_frequencies,0,83.20000000000002
2023-06-15,DEM,../DSMs/2023-06-15_DEM.tif,2025-11-19T16:07:38.654815Z,4.10.dev245+g4144cef28,201_2,gray_frequencies,0,96.0
2023-06-15,DEM,../DSMs/2023-06-15_DEM.tif,2025-11-19T16:07:38.654815Z,4.10.dev245+g4144cef28,201_2,gray_frequencies,0,108.80000000000001
2023-06-15,DEM,../DSMs/2023-06-15_DEM.tif,2025-11-19T16:07:38.654815Z,4.10.dev245+g4144cef28,201_2,gray_frequencies,1901,121.6
2023-06-15,DEM,../DSMs/2023-06-15_DEM.tif,2025-11-19T16:07:38.654815Z,4.10.dev245+g4144cef28,201_2,gray_frequencies,5879,134.4
2023-06-15,DEM,../DSMs/2023-06-15_DEM.tif,2025-11-19T16:07:38.654815Z,4.10.dev245+g4144cef28,201_2,gray_frequencies,5943,147.20000000000002
2023-06-15,DEM,../DSMs/2023-06-15_DEM.tif,2025-11-19T16:07:38.654815Z,4.10.dev245+g4144cef28,201_2,gray_frequencies,0,160.0
2023-06-15,DEM,../DSMs/2023-06-15_DEM.tif,2025-11-19T16:07:38.654815Z,4.10.dev245+g4144cef28,201_2,gray_frequencies,0,172.8
2023-06-15,DEM,../DSMs/2023-06-15_DEM.tif,2025-11-19T16:07:38.654815Z,4.10.dev245+g4144cef28,201_2,gray_frequencies,0,185.60000000000002
2023-06-15,DEM,../DSMs/2023-06-15_DEM.tif,2025-11-19T16:07:38.654815Z,4.10.dev245+g4144cef28,201_2,gray_frequencies,0,198.4
2023-06-15,DEM,../DSMs/2023-06-15_DEM.tif,2025-11-19T16:07:38.654815Z,4.10.dev245+g4144cef28,201_2,gray_frequencies,0,211.20000000000002
2023-06-15,DEM,../DSMs/2023-06-15_DEM.tif,2025-11-19T16:07:38.654815Z,4.10.dev245+g4144cef28,201_2,gray_frequencies,0,224.0
2023-06-15,DEM,../DSMs/2023-06-15_DEM.tif,2025-11-19T16:07:38.654815Z,4.10.dev245+g4144cef28,201_2,gray_frequencies,0,236.8
2023-06-15,DEM,../DSMs/2023-06-15_DEM.tif,2025-11-19T16:07:38.654815Z,4.10.dev245+g4144cef28,201_2,gray_frequencies,0,249.60000000000002
2023-06-15,DEM,../DSMs/2023-06-15_DEM.tif,2025-11-19T16:07:38.654815Z,4.10.dev245+g4144cef28,301_3,gray_frequencies,0,6.4
2023-06-15,DEM,../DSMs/2023-06-15_DEM.tif,2025-11-19T16:07:38.654815Z,4.10.dev245+g4144cef28,301_3,gray_frequencies,0,19.200000000000003
2023-06-15,DEM,../DSMs/2023-06-15_DEM.tif,2025-11-19T16:07:38.654815Z,4.10.dev245+g4144cef28,301_3,gray_frequencies,0,32.0
2023-06-15,DEM,../DSMs/2023-06-15_DEM.tif,2025-11-19T16:07:38.654815Z,4.10.dev245+g4144cef28,301_3,gray_frequencies,0,44.800000000000004
2023-06-15,DEM,../DSMs/2023-06-15_DEM.tif,2025-11-19T16:07:38.654815Z,4.10.dev245+g4144cef28,301_3,gray_frequencies,0,57.6
2023-06-15,DEM,../DSMs/2023-06-15_DEM.tif,2025-11-19T16:07:38.654815Z,4.10.dev245+g4144cef28,301_3,gray_frequencies,0,70.4
2023-06-15,DEM,../DSMs/2023-06-15_DEM.tif,2025-11-19T16:07:38.654815Z,4.10.dev245+g4144cef28,301_3,gray_frequencies,0,83.20000000000002
2023-06-15,DEM,../DSMs/2023-06-15_DEM.tif,2025-11-19T16:07:38.654815Z,4.10.dev245+g4144cef28,301_3,gray_frequencies,0,96.0
2023-06-15,DEM,../DSMs/2023-06-15_DEM.tif,2025-11-19T16:07:38.654815Z,4.10.dev245+g4144cef28,301_3,gray_frequencies,568,108.80000000000001
2023-06-15,DEM,../DSMs/2023-06-15_DEM.tif,2025-11-19T16:07:38.654815Z,4.10.dev245+g4144cef28,301_3,gray_frequencies,4476,121.6
2023-06-15,DEM,../DSMs/2023-06-15_DEM.tif,2025-11-19T16:07:38.654815Z,4.10.dev245+g4144cef28,301_3,gray_frequencies,8697,134.4
2023-06-15,DEM,../DSMs/2023-06-15_DEM.tif,2025-11-19T16:07:38.654815Z,4.10.dev245+g4144cef28,301_3,gray_frequencies,563,147.20000000000002
2023-06-15,DEM,../DSMs/2023-06-15_DEM.tif,2025-11-19T16:07:38.654815Z,4.10.dev245+g4144cef28,301_3,gray_frequencies,0,160.0
2023-06-15,DEM,../DSMs/2023-06-15_DEM.tif,2025-11-19T16:07:38.654815Z,4.10.dev245+g4144cef28,301_3,gray_frequencies,0,172.8
2023-06-15,DEM,../DSMs/2023-06-15_DEM.tif,2025-11-19T16:07:38.654815Z,4.10.dev245+g4144cef28,301_3,gray_frequencies,0,185.60000000000002
2023-06-15,DEM,../DSMs/2023-06-15_DEM.tif,2025-11-19T16:07:38.654815Z,4.10.dev245+g4144cef28,301_3,gray_frequencies,0,198.4
2023-06-15,DEM,../DSMs/2023-06-15_DEM.tif,2025-11-19T16:07:38.654815Z,4.10.dev245+g4144cef28,301_3,gray_frequencies,0,211.20000000000002
2023-06-15,DEM,../DSMs/2023-06-15_DEM.tif,2025-11-19T16:07:38.654815Z,4.10.dev245+g4144cef28,301_3,gray_frequencies,0,224.0
2023-06-15,DEM,../DSMs/2023-06-15_DEM.tif,2025-11-19T16:07:38.654815Z,4.10.dev245+g4144cef28,301_3,gray_frequencies,0,236.8
2023-06-15,DEM,../DSMs/2023-06-15_DEM.tif,2025-11-19T16:07:38.654815Z,4.10.dev245+g4144cef28,301_3,gray_frequencies,0,249.60000000000002
2023-06-15,DEM,../DSMs/2023-06-15_DEM.tif,2025-11-19T16:07:38.654815Z,4.10.dev245+g4144cef28,401_4,gray_frequencies,0,6.4
2023-06-15,DEM,../DSMs/2023-06-15_DEM.tif,2025-11-19T16:07:38.654815Z,4.10.dev245+g4144cef28,401_4,gray_frequencies,0,19.200000000000003
2023-06-15,DEM,../DSMs/2023-06-15_DEM.tif,2025-11-19T16:07:38.654815Z,4.10.dev245+g4144cef28,401_4,gray_frequencies,0,32.0
2023-06-15,DEM,../DSMs/2023-06-15_DEM.tif,2025-11-19T16:07:38.654815Z,4.10.dev245+g4144cef28,401_4,gray_frequencies,0,44.800000000000004
2023-06-15,DEM,../DSMs/2023-06-15_DEM.tif,2025-11-19T16:07:38.654815Z,4.10.dev245+g4144cef28,401_4,gray_frequencies,0,57.6
2023-06-15,DEM,../DSMs/2023-06-15_DEM.tif,2025-11-19T16:07:38.654815Z,4.10.dev245+g4144cef28,401_4,gray_frequencies,0,70.4
2023-06-15,DEM,../DSMs/2023-06-15_DEM.tif,2025-11-19T16:07:38.654815Z,4.10.dev245+g4144cef28,401_4,gray_frequencies,0,83.20000000000002
2023-06-15,DEM,../DSMs/2023-06-15_DEM.tif,2025-11-19T16:07:38.654815Z,4.10.dev245+g4144cef28,401_4,gray_frequencies,0,96.0
2023-06-15,DEM,../DSMs/2023-06-15_DEM.tif,2025-11-19T16:07:38.654815Z,4.10.dev245+g4144cef28,401_4,gray_frequencies,0,108.80000000000001
2023-06-15,DEM,../DSMs/2023-06-15_DEM.tif,2025-11-19T16:07:38.654815Z,4.10.dev245+g4144cef28,401_4,gray_frequencies,0,121.6
2023-06-15,DEM,../DSMs/2023-06-15_DEM.tif,2025-11-19T16:07:38.654815Z,4.10.dev245+g4144cef28,401_4,gray_frequencies,0,134.4
2023-06-15,DEM,../DSMs/2023-06-15_DEM.tif,2025-11-19T16:07:38.654815Z,4.10.dev245+g4144cef28,401_4,gray_frequencies,0,147.20000000000002
2023-06-15,DEM,../DSMs/2023-06-15_DEM.tif,2025-11-19T16:07:38.654815Z,4.10.dev245+g4144cef28,401_4,gray_frequencies,5597,160.0
2023-06-15,DEM,../DSMs/2023-06-15_DEM.tif,2025-11-19T16:07:38.654815Z,4.10.dev245+g4144cef28,401_4,gray_frequencies,6802,172.8
2023-06-15,DEM,../DSMs/2023-06-15_DEM.tif,2025-11-19T16:07:38.654815Z,4.10.dev245+g4144cef28,401_4,gray_frequencies,1649,185.60000000000002
2023-06-15,DEM,../DSMs/2023-06-15_DEM.tif,2025-11-19T16:07:38.654815Z,4.10.dev245+g4144cef28,401_4,gray_frequencies,1,198.4
2023-06-15,DEM,../DSMs/2023-06-15_DEM.tif,2025-11-19T16:07:38.654815Z,4.10.dev245+g4144cef28,401_4,gray_frequencies,0,211.20000000000002
2023-06-15,DEM,../DSMs/2023-06-15_DEM.tif,2025-11-19T16:07:38.654815Z,4.10.dev245+g4144cef28,401_4,gray_frequencies,0,224.0
2023-06-15,DEM,../DSMs/2023-06-15_DEM.tif,2025-11-19T16:07:38.654815Z,4.10.dev245+g4144cef28,401_4,gray_frequencies,0,236.8
2023-06-15,DEM,../DSMs/2023-06-15_DEM.tif,2025-11-19T16:07:38.654815Z,4.10.dev245+g4144cef28,401_4,gray_frequencies,0,249.60000000000002
2023-06-15,DEM,../DSMs/2023-06-15_DEM.tif,2025-11-19T16:07:38.654815Z,4.10.dev245+g4144cef28,501_5,gray_frequencies,0,6.4
2023-06-15,DEM,../DSMs/2023-06-15_DEM.tif,2025-11-19T16:07:38.654815Z,4.10.dev245+g4144cef28,501_5,gray_frequencies,0,19.200000000000003
2023-06-15,DEM,../DSMs/2023-06-15_DEM.tif,2025-11-19T16:07:38.654815Z,4.10.dev245+g4144cef28,501_5,gray_frequencies,0,32.0
2023-06-15,DEM,../DSMs/2023-06-15_DEM.tif,2025-11-19T16:07:38.654815Z,4.10.dev245+g4144cef28,501_5,gray_frequencies,0,44.800000000000004
2023-06-15,DEM,../DSMs/2023-06-15_DEM.tif,2025-11-19T16:07:38.654815Z,4.10.dev245+g4144cef28,501_5,gray_frequencies,0,57.6
2023-06-15,DEM,../DSMs/2023-06-15_DEM.tif,2025-11-19T16:07:38.654815Z,4.10.dev245+g4144cef28,501_5,gray_frequencies,0,70.4
2023-06-15,DEM,../DSMs/2023-06-15_DEM.tif,2025-11-19T16:07:38.654815Z,4.10.dev245+g4144cef28,501_5,gray_frequencies,0,83.20000000000002
2023-06-15,DEM,../DSMs/2023-06-15_DEM.tif,2025-11-19T16:07:38.654815Z,4.10.dev245+g4144cef28,501_5,gray_frequencies,0,96.0
2023-06-15,DEM,../DSMs/2023-06-15_DEM.tif,2025-11-19T16:07:38.654815Z,4.10.dev245+g4144cef28,501_5,gray_frequencies,0,108.80000000000001
2023-06-15,DEM,../DSMs/2023-06-15_DEM.tif,2025-11-19T16:07:38.654815Z,4.10.dev245+g4144cef28,501_5,gray_frequencies,0,121.6
2023-06-15,DEM,../DSMs/2023-06-15_DEM.tif,2025-11-19T16:07:38.654815Z,4.10.dev245+g4144cef28,501_5,gray_frequencies,0,134.4
2023-06-15,DEM,../DSMs/2023-06-15_DEM.tif,2025-11-19T16:07:38.654815Z,4.10.dev245+g4144cef28,501_5,gray_frequencies,666,147.20000000000002
2023-06-15,DEM,../DSMs/2023-06-15_DEM.tif,2025-11-19T16:07:38.654815Z,4.10.dev245+g4144cef28,501_5,gray_frequencies,6789,160.0
2023-06-15,DEM,../DSMs/2023-06-15_DEM.tif,2025-11-19T16:07:38.654815Z,4.10.dev245+g4144cef28,501_5,gray_frequencies,5829,172.8
2023-06-15,DEM,../DSMs/2023-06-15_DEM.tif,2025-11-19T16:07:38.654815Z,4.10.dev245+g4144cef28,501_5,gray_frequencies,782,185.60000000000002
2023-06-15,DEM,../DSMs/2023-06-15_DEM.tif,2025-11-19T16:07:38.654815Z,4.10.dev245+g4144cef28,501_5,gray_frequencies,0,198.4
2023-06-15,DEM,../DSMs/2023-06-15_DEM.tif,2025-11-19T16:07:38.654815Z,4.10.dev245+g4144cef28,501_5,gray_frequencies,0,211.20000000000002
2023-06-15,DEM,../DSMs/2023-06-15_DEM.tif,2025-11-19T16:07:38.654815Z,4.10.dev245+g4144cef28,501_5,gray_frequencies,0,224.0
2023-06-15,DEM,../DSMs/2023-06-15_DEM.tif,2025-11-19T16:07:38.654815Z,4.10.dev245+g4144cef28,501_5,gray_frequencies,0,236.8
2023-06-15,DEM,../DSMs/2023-06-15_DEM.tif,2025-11-19T16:07:38.654815Z,4.10.dev245+g4144cef28,501_5,gray_frequencies,0,249.60000000000002
2023-06-15,DEM,../DSMs/2023-06-15_DEM.tif,2025-11-19T16:07:38.654815Z,4.10.dev245+g4144cef28,901_6,gray_frequencies,0,6.4
2023-06-15,DEM,../DSMs/2023-06-15_DEM.tif,2025-11-19T16:07:38.654815Z,4.10.dev245+g4144cef28,901_6,gray_frequencies,0,19.200000000000003
2023-06-15,DEM,../DSMs/2023-06-15_DEM.tif,2025-11-19T16:07:38.654815Z,4.10.dev245+g4144cef28,901_6,gray_frequencies,0,32.0
2023-06-15,DEM,../DSMs/2023-06-15_DEM.tif,2025-11-19T16:07:38.654815Z,4.10.dev245+g4144cef28,901_6,gray_frequencies,0,44.800000000000004
2023-06-15,DEM,../DSMs/2023-06-15_DEM.tif,2025-11-19T16:07:38.654815Z,4.10.dev245+g4144cef28,901_6,gray_frequencies,0,57.6
2023-06-15,DEM,../DSMs/2023-06-15_DEM.tif,2025-11-19T16:07:38.654815Z,4.10.dev245+g4144cef28,901_6,gray_frequencies,0,70.4
2023-06-15,DEM,../DSMs/2023-06-15_DEM.tif,2025-11-19T16:07:38.654815Z,4.10.dev245+g4144cef28,901_6,gray_frequencies,0,83.20000000000002
2023-06-15,DEM,../DSMs/2023-06-15_DEM.tif,2025-11-19T16:07:38.654815Z,4.10.dev245+g4144cef28,901_6,gray_frequencies,0,96.0
2023-06-15,DEM,../DSMs/2023-06-15_DEM.tif,2025-11-19T16:07:38.654815Z,4.10.dev245+g4144cef28,901_6,gray_frequencies,0,108.80000000000001
2023-06-15,DEM,../DSMs/2023-06-15_DEM.tif,2025-11-19T16:07:38.654815Z,4.10.dev245+g4144cef28,901_6,gray_frequencies,0,121.6
2023-06-15,DEM,../DSMs/2023-06-15_DEM.tif,2025-11-19T16:07:38.654815Z,4.10.dev245+g4144cef28,901_6,gray_frequencies,8,134.4
2023-06-15,DEM,../DSMs/2023-06-15_DEM.tif,2025-11-19T16:07:38.654815Z,4.10.dev245+g4144cef28,901_6,gray_frequencies,4979,147.20000000000002
2023-06-15,DEM,../DSMs/2023-06-15_DEM.tif,2025-11-19T16:07:38.654815Z,4.10.dev245+g4144cef28,901_6,gray_frequencies,7434,160.0
2023-06-15,DEM,../DSMs/2023-06-15_DEM.tif,2025-11-19T16:07:38.654815Z,4.10.dev245+g4144cef28,901_6,gray_frequencies,1502,172.8
2023-06-15,DEM,../DSMs/2023-06-15_DEM.tif,2025-11-19T16:07:38.654815Z,4.10.dev245+g4144cef28,901_6,gray_frequencies,0,185.60000000000002
2023-06-15,DEM,../DSMs/2023-06-15_DEM.tif,2025-11-19T16:07:38.654815Z,4.10.dev245+g4144cef28,901_6,gray_frequencies,0,198.4
2023-06-15,DEM,../DSMs/2023-06-15_DEM.tif,2025-11-19T16:07:38.654815Z,4.10.dev245+g4144cef28,901_6,gray_frequencies,0,211.20000000000002
2023-06-15,DEM,../DSMs/2023-06-15_DEM.tif,2025-11-19T16:07:38.654815Z,4.10.dev245+g4144cef28,901_6,gray_frequencies,0,224.0
2023-06-15,DEM,../DSMs/2023-06-15_DEM.tif,2025-11-19T16:07:38.654815Z,4.10.dev245+g4144cef28,901_6,gray_frequencies,0,236.8
2023-06-15,DEM,../DSMs/2023-06-15_DEM.tif,2025-11-19T16:07:38.654815Z,4.10.dev245+g4144cef28,901_6,gray_frequencies,0,249.60000000000002
2023-06-15,DEM,../DSMs/2023-06-15_DEM.tif,2025-11-19T16:07:38.654815Z,4.10.dev245+g4144cef28,701_7,gray_frequencies,0,6.4
2023-06-15,DEM,../DSMs/2023-06-15_DEM.tif,2025-11-19T16:07:38.654815Z,4.10.dev245+g4144cef28,701_7,gray_frequencies,0,19.200000000000003
2023-06-15,DEM,../DSMs/2023-06-15_DEM.tif,2025-11-19T16:07:38.654815Z,4.10.dev245+g4144cef28,701_7,gray_frequencies,0,32.0
2023-06-15,DEM,../DSMs/2023-06-15_DEM.tif,2025-11-19T16:07:38.654815Z,4.10.dev245+g4144cef28,701_7,gray_frequencies,0,44.800000000000004
2023-06-15,DEM,../DSMs/2023-06-15_DEM.tif,2025-11-19T16:07:38.654815Z,4.10.dev245+g4144cef28,701_7,gray_frequencies,0,57.6
2023-06-15,DEM,../DSMs/2023-06-15_DEM.tif,2025-11-19T16:07:38.654815Z,4.10.dev245+g4144cef28,701_7,gray_frequencies,0,70.4
2023-06-15,DEM,../DSMs/2023-06-15_DEM.tif,2025-11-19T16:07:38.654815Z,4.10.dev245+g4144cef28,701_7,gray_frequencies,0,83.20000000000002
2023-06-15,DEM,../DSMs/2023-06-15_DEM.tif,2025-11-19T16:07:38.654815Z,4.10.dev245+g4144cef28,701_7,gray_frequencies,0,96.0
2023-06-15,DEM,../DSMs/2023-06-15_DEM.tif,2025-11-19T16:07:38.654815Z,4.10.dev245+g4144cef28,701_7,gray_frequencies,0,108.80000000000001
2023-06-15,DEM,../DSMs/2023-06-15_DEM.tif,2025-11-19T16:07:38.654815Z,4.10.dev245+g4144cef28,701_7,gray_frequencies,0,121.6
2023-06-15,DEM,../DSMs/2023-06-15_DEM.tif,2025-11-19T16:07:38.654815Z,4.10.dev245+g4144cef28,701_7,gray_frequencies,0,134.4
2023-06-15,DEM,../DSMs/2023-06-15_DEM.tif,2025-11-19T16:07:38.654815Z,4.10.dev245+g4144cef28,701_7,gray_frequencies,0,147.20000000000002
2023-06-15,DEM,../DSMs/2023-06-15_DEM.tif,2025-11-19T16:07:38.654815Z,4.10.dev245+g4144cef28,701_7,gray_frequencies,0,160.0
2023-06-15,DEM,../DSMs/2023-06-15_DEM.tif,2025-11-19T16:07:38.654815Z,4.10.dev245+g4144cef28,701_7,gray_frequencies,0,172.8
2023-06-15,DEM,../DSMs/2023-06-15_DEM.tif,2025-11-19T16:07:38.654815Z,4.10.dev245+g4144cef28,701_7,gray_frequencies,3986,185.60000000000002
2023-06-15,DEM,../DSMs/2023-06-15_DEM.tif,2025-11-19T16:07:38.654815Z,4.10.dev245+g4144cef28,701_7,gray_frequencies,7901,198.4
2023-06-15,DEM,../DSMs/2023-06-15_DEM.tif,2025-11-19T16:07:38.654815Z,4.10.dev245+g4144cef28,701_7,gray_frequencies,1148,211.20000000000002
2023-06-15,DEM,../DSMs/2023-06-15_DEM.tif,2025-11-19T16:07:38.654815Z,4.10.dev245+g4144cef28,701_7,gray_frequencies,0,224.0
2023-06-15,DEM,../DSMs/2023-06-15_DEM.tif,2025-11-19T16:07:38.654815Z,4.10.dev245+g4144cef28,701_7,gray_frequencies,0,236.8
2023-06-15,DEM,../DSMs/2023-06-15_DEM.tif,2025-11-19T16:07:38.654815Z,4.10.dev245+g4144cef28,701_7,gray_frequencies,0,249.60000000000002
2023-06-15,DEM,../DSMs/2023-06-15_DEM.tif,2025-11-19T16:07:38.654815Z,4.10.dev245+g4144cef28,801_8,gray_frequencies,0,6.4
2023-06-15,DEM,../DSMs/2023-06-15_DEM.tif,2025-11-19T16:07:38.654815Z,4.10.dev245+g4144cef28,801_8,gray_frequencies,0,19.200000000000003
2023-06-15,DEM,../DSMs/2023-06-15_DEM.tif,2025-11-19T16:07:38.654815Z,4.10.dev245+g4144cef28,801_8,gray_frequencies,0,32.0
2023-06-15,DEM,../DSMs/2023-06-15_DEM.tif,2025-11-19T16:07:38.654815Z,4.10.dev245+g4144cef28,801_8,gray_frequencies,0,44.800000000000004
2023-06-15,DEM,../DSMs/2023-06-15_DEM.tif,2025-11-19T16:07:38.654815Z,4.10.dev245+g4144cef28,801_8,gray_frequencies,0,57.6
2023-06-15,DEM,../DSMs/2023-06-15_DEM.tif,2025-11-19T16:07:38.654815Z,4.10.dev245+g4144cef28,801_8,gray_frequencies,0,70.4
2023-06-15,DEM,../DSMs/2023-06-15_DEM.tif,2025-11-19T16:07:38.654815Z,4.10.dev245+g4144cef28,801_8,gray_frequencies,0,83.20000000000002
2023-06-15,DEM,../DSMs/2023-06-15_DEM.tif,2025-11-19T16:07:38.654815Z,4.10.dev245+g4144cef28,801_8,gray_frequencies,0,96.0
2023-06-15,DEM,../DSMs/2023-06-15_DEM.tif,2025-11-19T16:07:38.654815Z,4.10.dev245+g4144cef28,801_8,gray_frequencies,0,108.80000000000001
2023-06-15,DEM,../DSMs/2023-06-15_DEM.tif,2025-11-19T16:07:38.654815Z,4.10.dev245+g4144cef28,801_8,gray_frequencies,0,121.6
2023-06-15,DEM,../DSMs/2023-06-15_DEM.tif,2025-11-19T16:07:38.654815Z,4.10.dev245+g4144cef28,801_8,gray_frequencies,0,134.4
2023-06-15,DEM,../DSMs/2023-06-15_DEM.tif,2025-11-19T16:07:38.654815Z,4.10.dev245+g4144cef28,801_8,gray_frequencies,0,147.20000000000002
2023-06-15,DEM,../DSMs/2023-06-15_DEM.tif,2025-11-19T16:07:38.654815Z,4.10.dev245+g4144cef28,801_8,gray_frequencies,0,160.0
2023-06-15,DEM,../DSMs/2023-06-15_DEM.tif,2025-11-19T16:07:38.654815Z,4.10.dev245+g4144cef28,801_8,gray_frequencies,14,172.8
2023-06-15,DEM,../DSMs/2023-06-15_DEM.tif,2025-11-19T16:07:38.654815Z,4.10.dev245+g4144cef28,801_8,gray_frequencies,7448,185.60000000000002
2023-06-15,DEM,../DSMs/2023-06-15_DEM.tif,2025-11-19T16:07:38.654815Z,4.10.dev245+g4144cef28,801_8,gray_frequencies,6476,198.4
2023-06-15,DEM,../DSMs/2023-06-15_DEM.tif,2025-11-19T16:07:38.654815Z,4.10.dev245+g4144cef28,801_8,gray_frequencies,148,211.20000000000002
2023-06-15,DEM,../DSMs/2023-06-15_DEM.tif,2025-11-19T16:07:38.654815Z,4.10.dev245+g4144cef28,801_8,gray_frequencies,0,224.0
2023-06-15,DEM,../DSMs/2023-06-15_DEM.tif,2025-11-19T16:07:38.654815Z,4.10.dev245+g4144cef28,801_8,gray_frequencies,0,236.8
2023-06-15,DEM,../DSMs/2023-06-15_DEM.tif,2025-11-19T16:07:38.654815Z,4.10.dev245+g4144cef28,801_8,gray_frequencies,0,249.60000000000002
2023-06-15,DEM,../DSMs/2023-06-15_DEM.tif,2025-11-19T16:07:38.654815Z,4.10.dev245+g4144cef28,601_9,gray_frequencies,0,6.4
2023-06-15,DEM,../DSMs/2023-06-15_DEM.tif,2025-11-19T16:07:38.654815Z,4.10.dev245+g4144cef28,601_9,gray_frequencies,0,19.200000000000003
2023-06-15,DEM,../DSMs/2023-06-15_DEM.tif,2025-11-19T16:07:38.654815Z,4.10.dev245+g4144cef28,601_9,gray_frequencies,0,32.0
2023-06-15,DEM,../DSMs/2023-06-15_DEM.tif,2025-11-19T16:07:38.654815Z,4.10.dev245+g4144cef28,601_9,gray_frequencies,0,44.800000000000004
2023-06-15,DEM,../DSMs/2023-06-15_DEM.tif,2025-11-19T16:07:38.654815Z,4.10.dev245+g4144cef28,601_9,gray_frequencies,0,57.6
2023-06-15,DEM,../DSMs/2023-06-15_DEM.tif,2025-11-19T16:07:38.654815Z,4.10.dev245+g4144cef28,601_9,gray_frequencies,0,70.4
2023-06-15,DEM,../DSMs/2023-06-15_DEM.tif,2025-11-19T16:07:38.654815Z,4.10.dev245+g4144cef28,601_9,gray_frequencies,0,83.20000000000002
2023-06-15,DEM,../DSMs/2023-06-15_DEM.tif,2025-11-19T16:07:38.654815Z,4.10.dev245+g4144cef28,601_9,gray_frequencies,0,96.0
2023-06-15,DEM,../DSMs/2023-06-15_DEM.tif,2025-11-19T16:07:38.654815Z,4.10.dev245+g4144cef28,601_9,gray_frequencies,0,108.80000000000001
2023-06-15,DEM,../DSMs/2023-06-15_DEM.tif,2025-11-19T16:07:38.654815Z,4.10.dev245+g4144cef28,601_9,gray_frequencies,0,121.6
2023-06-15,DEM,../DSMs/2023-06-15_DEM.tif,2025-11-19T16:07:38.654815Z,4.10.dev245+g4144cef28,601_9,gray_frequencies,0,134.4
2023-06-15,DEM,../DSMs/2023-06-15_DEM.tif,2025-11-19T16:07:38.654815Z,4.10.dev245+g4144cef28,601_9,gray_frequencies,0,147.20000000000002
2023-06-15,DEM,../DSMs/2023-06-15_DEM.tif,2025-11-19T16:07:38.654815Z,4.10.dev245+g4144cef28,601_9,gray_frequencies,25,160.0
2023-06-15,DEM,../DSMs/2023-06-15_DEM.tif,2025-11-19T16:07:38.654815Z,4.10.dev245+g4144cef28,601_9,gray_frequencies,5537,172.8
2023-06-15,DEM,../DSMs/2023-06-15_DEM.tif,2025-11-19T16:07:38.654815Z,4.10.dev245+g4144cef28,601_9,gray_frequencies,6223,185.60000000000002
2023-06-15,DEM,../DSMs/2023-06-15_DEM.tif,2025-11-19T16:07:38.654815Z,4.10.dev245+g4144cef28,601_9,gray_frequencies,3033,198.4
2023-06-15,DEM,../DSMs/2023-06-15_DEM.tif,2025-11-19T16:07:38.654815Z,4.10.dev245+g4144cef28,601_9,gray_frequencies,0,211.20000000000002
2023-06-15,DEM,../DSMs/2023-06-15_DEM.tif,2025-11-19T16:07:38.654815Z,4.10.dev245+g4144cef28,601_9,gray_frequencies,0,224.0
2023-06-15,DEM,../DSMs/2023-06-15_DEM.tif,2025-11-19T16:07:38.654815Z,4.10.dev245+g4144cef28,601_9,gray_frequencies,0,236.8
2023-06-15,DEM,../DSMs/2023-06-15_DEM.tif,2025-11-19T16:07:38.654815Z,4.10.dev245+g4144cef28,601_9,gray_frequencies,0,249.60000000000002
2023-06-15,DEM,../DSMs/2023-06-15_DEM.tif,2025-11-19T16:07:38.654815Z,4.10.dev245+g4144cef28,502_10,gray_frequencies,0,6.4
2023-06-15,DEM,../DSMs/2023-06-15_DEM.tif,2025-11-19T16:07:38.654815Z,4.10.dev245+g4144cef28,502_10,gray_frequencies,0,19.200000000000003
2023-06-15,DEM,../DSMs/2023-06-15_DEM.tif,2025-11-19T16:07:38.654815Z,4.10.dev245+g4144cef28,502_10,gray_frequencies,0,32.0
2023-06-15,DEM,../DSMs/2023-06-15_DEM.tif,2025-11-19T16:07:38.654815Z,4.10.dev245+g4144cef28,502_10,gray_frequencies,0,44.800000000000004
2023-06-15,DEM,../DSMs/2023-06-15_DEM.tif,2025-11-19T16:07:38.654815Z,4.10.dev245+g4144cef28,502_10,gray_frequencies,0,57.6
2023-06-15,DEM,../DSMs/2023-06-15_DEM.tif,2025-11-19T16:07:38.654815Z,4.10.dev245+g4144cef28,502_10,gray_frequencies,0,70.4
2023-06-15,DEM,../DSMs/2023-06-15_DEM.tif,2025-11-19T16:07:38.654815Z,4.10.dev245+g4144cef28,502_10,gray_frequencies,0,83.20000000000002
2023-06-15,DEM,../DSMs/2023-06-15_DEM.tif,2025-11-19T16:07:38.654815Z,4.10.dev245+g4144cef28,502_10,gray_frequencies,102,96.0
2023-06-15,DEM,../DSMs/2023-06-15_DEM.tif,2025-11-19T16:07:38.654815Z,4.10.dev245+g4144cef28,502_10,gray_frequencies,4548,108.80000000000001
2023-06-15,DEM,../DSMs/2023-06-15_DEM.tif,2025-11-19T16:07:38.654815Z,4.10.dev245+g4144cef28,502_10,gray_frequencies,8594,121.6
2023-06-15,DEM,../DSMs/2023-06-15_DEM.tif,2025-11-19T16:07:38.654815Z,4.10.dev245+g4144cef28,502_10,gray_frequencies,1619,134.4
2023-06-15,DEM,../DSMs/2023-06-15_DEM.tif,2025-11-19T16:07:38.654815Z,4.10.dev245+g4144cef28,502_10,gray_frequencies,0,147.20000000000002
2023-06-15,DEM,../DSMs/2023-06-15_DEM.tif,2025-11-19T16:07:38.654815Z,4.10.dev245+g4144cef28,502_10,gray_frequencies,0,160.0
2023-06-15,DEM,../DSMs/2023-06-15_DEM.tif,2025-11-19T16:07:38.654815Z,4.10.dev245+g4144cef28,502_10,gray_frequencies,0,172.8
2023-06-15,DEM,../DSMs/2023-06-15_DEM.tif,2025-11-19T16:07:38.654815Z,4.10.dev245+g4144cef28,502_10,gray_frequencies,0,185.60000000000002
2023-06-15,DEM,../DSMs/2023-06-15_DEM.tif,2025-11-19T16:07:38.654815Z,4.10.dev245+g4144cef28,502_10,gray_frequencies,0,198.4
2023-06-15,DEM,../DSMs/2023-06-15_DEM.tif,2025-11-19T16:07:38.654815Z,4.10.dev245+g4144cef28,502_10,gray_frequencies,0,211.20000000000002
2023-06-15,DEM,../DSMs/2023-06-15_DEM.tif,2025-11-19T16:07:38.654815Z,4.10.dev245+g4144cef28,502_10,gray_frequencies,0,224.0
2023-06-15,DEM,../DSMs/2023-06-15_DEM.tif,2025-11-19T16:07:38.654815Z,4.10.dev245+g4144cef28,502_10,gray_frequencies,0,236.8
2023-06-15,DEM,../DSMs/2023-06-15_DEM.tif,2025-11-19T16:07:38.654815Z,4.10.dev245+g4144cef28,502_10,gray_frequencies,0,249.60000000000002
2023-06-15,DEM,../DSMs/2023-06-15_DEM.tif,2025-11-19T16:07:38.654815Z,4.10.dev245+g4144cef28,402_11,gray_frequencies,0,6.4
2023-06-15,DEM,../DSMs/2023-06-15_DEM.tif,2025-11-19T16:07:38.654815Z,4.10.dev245+g4144cef28,402_11,gray_frequencies,0,19.200000000000003
2023-06-15,DEM,../DSMs/2023-06-15_DEM.tif,2025-11-19T16:07:38.654815Z,4.10.dev245+g4144cef28,402_11,gray_frequencies,0,32.0
2023-06-15,DEM,../DSMs/2023-06-15_DEM.tif,2025-11-19T16:07:38.654815Z,4.10.dev245+g4144cef28,402_11,gray_frequencies,0,44.800000000000004
2023-06-15,DEM,../DSMs/2023-06-15_DEM.tif,2025-11-19T16:07:38.654815Z,4.10.dev245+g4144cef28,402_11,gray_frequencies,0,57.6
2023-06-15,DEM,../DSMs/2023-06-15_DEM.tif,2025-11-19T16:07:38.654815Z,4.10.dev245+g4144cef28,402_11,gray_frequencies,0,70.4
2023-06-15,DEM,../DSMs/2023-06-15_DEM.tif,2025-11-19T16:07:38.654815Z,4.10.dev245+g4144cef28,402_11,gray_frequencies,0,83.20000000000002
2023-06-15,DEM,../DSMs/2023-06-15_DEM.tif,2025-11-19T16:07:38.654815Z,4.10.dev245+g4144cef28,402_11,gray_frequencies,3341,96.0
2023-06-15,DEM,../DSMs/2023-06-15_DEM.tif,2025-11-19T16:07:38.654815Z,4.10.dev245+g4144cef28,402_11,gray_frequencies,7263,108.80000000000001
2023-06-15,DEM,../DSMs/2023-06-15_DEM.tif,2025-11-19T16:07:38.654815Z,4.10.dev245+g4144cef28,402_11,gray_frequencies,4235,121.6
2023-06-15,DEM,../DSMs/2023-06-15_DEM.tif,2025-11-19T16:07:38.654815Z,4.10.dev245+g4144cef28,402_11,gray_frequencies,0,134.4
2023-06-15,DEM,../DSMs/2023-06-15_DEM.tif,2025-11-19T16:07:38.654815Z,4.10.dev245+g4144cef28,402_11,gray_frequencies,0,147.20000000000002
2023-06-15,DEM,../DSMs/2023-06-15_DEM.tif,2025-11-19T16:07:38.654815Z,4.10.dev245+g4144cef28,402_11,gray_frequencies,0,160.0
2023-06-15,DEM,../DSMs/2023-06-15_DEM.tif,2025-11-19T16:07:38.654815Z,4.10.dev245+g4144cef28,402_11,gray_frequencies,0,172.8
2023-06-15,DEM,../DSMs/2023-06-15_DEM.tif,2025-11-19T16:07:38.654815Z,4.10.dev245+g4144cef28,402_11,gray_frequencies,0,185.60000000000002
2023-06-15,DEM,../DSMs/2023-06-15_DEM.tif,2025-11-19T16:07:38.654815Z,4.10.dev245+g4144cef28,402_11,gray_frequencies,0,198.4
2023-06-15,DEM,../DSMs/2023-06-15_DEM.tif,2025-11-19T16:07:38.654815Z,4.10.dev245+g4144cef28,402_11,gray_frequencies,0,211.20000000000002
2023-06-15,DEM,../DSMs/2023-06-15_DEM.tif,2025-11-19T16:07:38.654815Z,4.10.dev245+g4144cef28,402_11,gray_frequencies,0,224.0
2023-06-15,DEM,../DSMs/2023-06-15_DEM.tif,2025-11-19T16:07:38.654815Z,4.10.dev245+g4144cef28,402_11,gray_frequencies,0,236.8
2023-06-15,DEM,../DSMs/2023-06-15_DEM.tif,2025-11-19T16:07:38.654815Z,4.10.dev245+g4144cef28,402_11,gray_frequencies,0,249.60000000000002
2023-06-15,DEM,../DSMs/2023-06-15_DEM.tif,2025-11-19T16:07:38.654815Z,4.10.dev245+g4144cef28,102_12,gray_frequencies,0,6.4
2023-06-15,DEM,../DSMs/2023-06-15_DEM.tif,2025-11-19T16:07:38.654815Z,4.10.dev245+g4144cef28,102_12,gray_frequencies,0,19.200000000000003
2023-06-15,DEM,../DSMs/2023-06-15_DEM.tif,2025-11-19T16:07:38.654815Z,4.10.dev245+g4144cef28,102_12,gray_frequencies,0,32.0
2023-06-15,DEM,../DSMs/2023-06-15_DEM.tif,2025-11-19T16:07:38.654815Z,4.10.dev245+g4144cef28,102_12,gray_frequencies,0,44.800000000000004
2023-06-15,DEM,../DSMs/2023-06-15_DEM.tif,2025-11-19T16:07:38.654815Z,4.10.dev245+g4144cef28,102_12,gray_frequencies,0,57.6
2023-06-15,DEM,../DSMs/2023-06-15_DEM.tif,2025-11-19T16:07:38.654815Z,4.10.dev245+g4144cef28,102_12,gray_frequencies,0,70.4
2023-06-15,DEM,../DSMs/2023-06-15_DEM.tif,2025-11-19T16:07:38.654815Z,4.10.dev245+g4144cef28,102_12,gray_frequencies,2163,83.20000000000002
2023-06-15,DEM,../DSMs/2023-06-15_DEM.tif,2025-11-19T16:07:38.654815Z,4.10.dev245+g4144cef28,102_12,gray_frequencies,8397,96.0
2023-06-15,DEM,../DSMs/2023-06-15_DEM.tif,2025-11-19T16:07:38.654815Z,4.10.dev245+g4144cef28,102_12,gray_frequencies,5562,108.80000000000001
2023-06-15,DEM,../DSMs/2023-06-15_DEM.tif,2025-11-19T16:07:38.654815Z,4.10.dev245+g4144cef28,102_12,gray_frequencies,53,121.6
2023-06-15,DEM,../DSMs/2023-06-15_DEM.tif,2025-11-19T16:07:38.654815Z,4.10.dev245+g4144cef28,102_12,gray_frequencies,0,134.4
2023-06-15,DEM,../DSMs/2023-06-15_DEM.tif,2025-11-19T16:07:38.654815Z,4.10.dev245+g4144cef28,102_12,gray_frequencies,0,147.20000000000002
2023-06-15,DEM,../DSMs/2023-06-15_DEM.tif,2025-11-19T16:07:38.654815Z,4.10.dev245+g4144cef28,102_12,gray_frequencies,0,160.0
2023-06-15,DEM,../DSMs/2023-06-15_DEM.tif,2025-11-19T16:07:38.654815Z,4.10.dev245+g4144cef28,102_12,gray_frequencies,0,172.8
2023-06-15,DEM,../DSMs/2023-06-15_DEM.tif,2025-11-19T16:07:38.654815Z,4.10.dev245+g4144cef28,102_12,gray_frequencies,0,185.60000000000002
2023-06-15,DEM,../DSMs/2023-06-15_DEM.tif,2025-11-19T16:07:38.654815Z,4.10.dev245+g4144cef28,102_12,gray_frequencies,0,198.4
2023-06-15,DEM,../DSMs/2023-06-15_DEM.tif,2025-11-19T16:07:38.654815Z,4.10.dev245+g4144cef28,102_12,gray_frequencies,0,211.20000000000002
2023-06-15,DEM,../DSMs/2023-06-15_DEM.tif,2025-11-19T16:07:38.654815Z,4.10.dev245+g4144cef28,102_12,gray_frequencies,0,224.0
2023-06-15,DEM,../DSMs/2023-06-15_DEM.tif,2025-11-19T16:07:38.654815Z,4.10.dev245+g4144cef28,102_12,gray_frequencies,0,236.8
2023-06-15,DEM,../DSMs/2023-06-15_DEM.tif,2025-11-19T16:07:38.654815Z,4.10.dev245+g4144cef28,102_12,gray_frequencies,0,249.60000000000002
2023-06-15,DEM,../DSMs/2023-06-15_DEM.tif,2025-11-19T16:07:38.654815Z,4.10.dev245+g4144cef28,702_13,gray_frequencies,0,6.4
2023-06-15,DEM,../DSMs/2023-06-15_DEM.tif,2025-11-19T16:07:38.654815Z,4.10.dev245+g4144cef28,702_13,gray_frequencies,0,19.200000000000003
2023-06-15,DEM,../DSMs/2023-06-15_DEM.tif,2025-11-19T16:07:38.654815Z,4.10.dev245+g4144cef28,702_13,gray_frequencies,0,32.0
2023-06-15,DEM,../DSMs/2023-06-15_DEM.tif,2025-11-19T16:07:38.654815Z,4.10.dev245+g4144cef28,702_13,gray_frequencies,0,44.800000000000004
2023-06-15,DEM,../DSMs/2023-06-15_DEM.tif,2025-11-19T16:07:38.654815Z,4.10.dev245+g4144cef28,702_13,gray_frequencies,0,57.6
2023-06-15,DEM,../DSMs/2023-06-15_DEM.tif,2025-11-19T16:07:38.654815Z,4.10.dev245+g4144cef28,702_13,gray_frequencies,0,70.4
2023-06-15,DEM,../DSMs/2023-06-15_DEM.tif,2025-11-19T16:07:38.654815Z,4.10.dev245+g4144cef28,702_13,gray_frequencies,0,83.20000000000002
2023-06-15,DEM,../DSMs/2023-06-15_DEM.tif,2025-11-19T16:07:38.654815Z,4.10.dev245+g4144cef28,702_13,gray_frequencies,0,96.0
2023-06-15,DEM,../DSMs/2023-06-15_DEM.tif,2025-11-19T16:07:38.654815Z,4.10.dev245+g4144cef28,702_13,gray_frequencies,0,108.80000000000001
2023-06-15,DEM,../DSMs/2023-06-15_DEM.tif,2025-11-19T16:07:38.654815Z,4.10.dev245+g4144cef28,702_13,gray_frequencies,0,121.6
2023-06-15,DEM,../DSMs/2023-06-15_DEM.tif,2025-11-19T16:07:38.654815Z,4.10.dev245+g4144cef28,702_13,gray_frequencies,4497,134.4
2023-06-15,DEM,../DSMs/2023-06-15_DEM.tif,2025-11-19T16:07:38.654815Z,4.10.dev245+g4144cef28,702_13,gray_frequencies,6890,147.20000000000002
2023-06-15,DEM,../DSMs/2023-06-15_DEM.tif,2025-11-19T16:07:38.654815Z,4.10.dev245+g4144cef28,702_13,gray_frequencies,3036,160.0
2023-06-15,DEM,../DSMs/2023-06-15_DEM.tif,2025-11-19T16:07:38.654815Z,4.10.dev245+g4144cef28,702_13,gray_frequencies,0,172.8
2023-06-15,DEM,../DSMs/2023-06-15_DEM.tif,2025-11-19T16:07:38.654815Z,4.10.dev245+g4144cef28,702_13,gray_frequencies,0,185.60000000000002
2023-06-15,DEM,../DSMs/2023-06-15_DEM.tif,2025-11-19T16:07:38.654815Z,4.10.dev245+g4144cef28,702_13,gray_frequencies,0,198.4
2023-06-15,DEM,../DSMs/2023-06-15_DEM.tif,2025-11-19T16:07:38.654815Z,4.10.dev245+g4144cef28,702_13,gray_frequencies,0,211.20000000000002
2023-06-15,DEM,../DSMs/2023-06-15_DEM.tif,2025-11-19T16:07:38.654815Z,4.10.dev245+g4144cef28,702_13,gray_frequencies,0,224.0
2023-06-15,DEM,../DSMs/2023-06-15_DEM.tif,2025-11-19T16:07:38.654815Z,4.10.dev245+g4144cef28,702_13,gray_frequencies,0,236.8
2023-06-15,DEM,../DSMs/2023-06-15_DEM.tif,2025-11-19T16:07:38.654815Z,4.10.dev245+g4144cef28,702_13,gray_frequencies,0,249.60000000000002
2023-06-15,DEM,../DSMs/2023-06-15_DEM.tif,2025-11-19T16:07:38.654815Z,4.10.dev245+g4144cef28,202_14,gray_frequencies,0,6.4
2023-06-15,DEM,../DSMs/2023-06-15_DEM.tif,2025-11-19T16:07:38.654815Z,4.10.dev245+g4144cef28,202_14,gray_frequencies,0,19.200000000000003
2023-06-15,DEM,../DSMs/2023-06-15_DEM.tif,2025-11-19T16:07:38.654815Z,4.10.dev245+g4144cef28,202_14,gray_frequencies,0,32.0
2023-06-15,DEM,../DSMs/2023-06-15_DEM.tif,2025-11-19T16:07:38.654815Z,4.10.dev245+g4144cef28,202_14,gray_frequencies,0,44.800000000000004
2023-06-15,DEM,../DSMs/2023-06-15_DEM.tif,2025-11-19T16:07:38.654815Z,4.10.dev245+g4144cef28,202_14,gray_frequencies,0,57.6
2023-06-15,DEM,../DSMs/2023-06-15_DEM.tif,2025-11-19T16:07:38.654815Z,4.10.dev245+g4144cef28,202_14,gray_frequencies,0,70.4
2023-06-15,DEM,../DSMs/2023-06-15_DEM.tif,2025-11-19T16:07:38.654815Z,4.10.dev245+g4144cef28,202_14,gray_frequencies,0,83.20000000000002
2023-06-15,DEM,../DSMs/2023-06-15_DEM.tif,2025-11-19T16:07:38.654815Z,4.10.dev245+g4144cef28,202_14,gray_frequencies,0,96.0
2023-06-15,DEM,../DSMs/2023-06-15_DEM.tif,2025-11-19T16:07:38.654815Z,4.10.dev245+g4144cef28,202_14,gray_frequencies,0,108.80000000000001
2023-06-15,DEM,../DSMs/2023-06-15_DEM.tif,2025-11-19T16:07:38.654815Z,4.10.dev245+g4144cef28,202_14,gray_frequencies,2388,121.6
2023-06-15,DEM,../DSMs/2023-06-15_DEM.tif,2025-11-19T16:07:38.654815Z,4.10.dev245+g4144cef28,202_14,gray_frequencies,7066,134.4
2023-06-15,DEM,../DSMs/2023-06-15_DEM.tif,2025-11-19T16:07:38.654815Z,4.10.dev245+g4144cef28,202_14,gray_frequencies,5560,147.20000000000002
2023-06-15,DEM,../DSMs/2023-06-15_DEM.tif,2025-11-19T16:07:38.654815Z,4.10.dev245+g4144cef28,202_14,gray_frequencies,496,160.0
2023-06-15,DEM,../DSMs/2023-06-15_DEM.tif,2025-11-19T16:07:38.654815Z,4.10.dev245+g4144cef28,202_14,gray_frequencies,0,172.8
2023-06-15,DEM,../DSMs/2023-06-15_DEM.tif,2025-11-19T16:07:38.654815Z,4.10.dev245+g4144cef28,202_14,gray_frequencies,0,185.60000000000002
2023-06-15,DEM,../DSMs/2023-06-15_DEM.tif,2025-11-19T16:07:38.654815Z,4.10.dev245+g4144cef28,202_14,gray_frequencies,0,198.4
2023-06-15,DEM,../DSMs/2023-06-15_DEM.tif,2025-11-19T16:07:38.654815Z,4.10.dev245+g4144cef28,202_14,gray_frequencies,0,211.20000000000002
2023-06-15,DEM,../DSMs/2023-06-15_DEM.tif,2025-11-19T16:07:38.654815Z,4.10.dev245+g4144cef28,202_14,gray_frequencies,0,224.0
2023-06-15,DEM,../DSMs/2023-06-15_DEM.tif,2025-11-19T16:07:38.654815Z,4.10.dev245+g4144cef28,202_14,gray_frequencies,0,236.8
2023-06-15,DEM,../DSMs/2023-06-15_DEM.tif,2025-11-19T16:07:38.654815Z,4.10.dev245+g4144cef28,202_14,gray_frequencies,0,249.60000000000002
2023-06-15,DEM,../DSMs/2023-06-15_DEM.tif,2025-11-19T16:07:38.654815Z,4.10.dev245+g4144cef28,602_15,gray_frequencies,0,6.4
2023-06-15,DEM,../DSMs/2023-06-15_DEM.tif,2025-11-19T16:07:38.654815Z,4.10.dev245+g4144cef28,602_15,gray_frequencies,0,19.200000000000003
2023-06-15,DEM,../DSMs/2023-06-15_DEM.tif,2025-11-19T16:07:38.654815Z,4.10.dev245+g4144cef28,602_15,gray_frequencies,0,32.0
2023-06-15,DEM,../DSMs/2023-06-15_DEM.tif,2025-11-19T16:07:38.654815Z,4.10.dev245+g4144cef28,602_15,gray_frequencies,0,44.800000000000004
2023-06-15,DEM,../DSMs/2023-06-15_DEM.tif,2025-11-19T16:07:38.654815Z,4.10.dev245+g4144cef28,602_15,gray_frequencies,0,57.6
2023-06-15,DEM,../DSMs/2023-06-15_DEM.tif,2025-11-19T16:07:38.654815Z,4.10.dev245+g4144cef28,602_15,gray_frequencies,0,70.4
2023-06-15,DEM,../DSMs/2023-06-15_DEM.tif,2025-11-19T16:07:38.654815Z,4.10.dev245+g4144cef28,602_15,gray_frequencies,0,83.20000000000002
2023-06-15,DEM,../DSMs/2023-06-15_DEM.tif,2025-11-19T16:07:38.654815Z,4.10.dev245+g4144cef28,602_15,gray_frequencies,0,96.0
2023-06-15,DEM,../DSMs/2023-06-15_DEM.tif,2025-11-19T16:07:38.654815Z,4.10.dev245+g4144cef28,602_15,gray_frequencies,1025,108.80000000000001
2023-06-15,DEM,../DSMs/2023-06-15_DEM.tif,2025-11-19T16:07:38.654815Z,4.10.dev245+g4144cef28,602_15,gray_frequencies,6960,121.6
2023-06-15,DEM,../DSMs/2023-06-15_DEM.tif,2025-11-19T16:07:38.654815Z,4.10.dev245+g4144cef28,602_15,gray_frequencies,5331,134.4
2023-06-15,DEM,../DSMs/2023-06-15_DEM.tif,2025-11-19T16:07:38.654815Z,4.10.dev245+g4144cef28,602_15,gray_frequencies,647,147.20000000000002
2023-06-15,DEM,../DSMs/2023-06-15_DEM.tif,2025-11-19T16:07:38.654815Z,4.10.dev245+g4144cef28,602_15,gray_frequencies,0,160.0
2023-06-15,DEM,../DSMs/2023-06-15_DEM.tif,2025-11-19T16:07:38.654815Z,4.10.dev245+g4144cef28,602_15,gray_frequencies,0,172.8
2023-06-15,DEM,../DSMs/2023-06-15_DEM.tif,2025-11-19T16:07:38.654815Z,4.10.dev245+g4144cef28,602_15,gray_frequencies,0,185.60000000000002
2023-06-15,DEM,../DSMs/2023-06-15_DEM.tif,2025-11-19T16:07:38.654815Z,4.10.dev245+g4144cef28,602_15,gray_frequencies,0,198.4
2023-06-15,DEM,../DSMs/2023-06-15_DEM.tif,2025-11-19T16:07:38.654815Z,4.10.dev245+g4144cef28,602_15,gray_frequencies,0,211.20000000000002
2023-06-15,DEM,../DSMs/2023-06-15_DEM.tif,2025-11-19T16:07:38.654815Z,4.10.dev245+g4144cef28,602_15,gray_frequencies,0,224.0
2023-06-15,DEM,../DSMs/2023-06-15_DEM.tif,2025-11-19T16:07:38.654815Z,4.10.dev245+g4144cef28,602_15,gray_frequencies,0,236.8
2023-06-15,DEM,../DSMs/2023-06-15_DEM.tif,2025-11-19T16:07:38.654815Z,4.10.dev245+g4144cef28,602_15,gray_frequencies,0,249.60000000000002
2023-06-15,DEM,../DSMs/2023-06-15_DEM.tif,2025-11-19T16:07:38.654815Z,4.10.dev245+g4144cef28,802_16,gray_frequencies,0,6.4
2023-06-15,DEM,../DSMs/2023-06-15_DEM.tif,2025-11-19T16:07:38.654815Z,4.10.dev245+g4144cef28,802_16,gray_frequencies,0,19.200000000000003
2023-06-15,DEM,../DSMs/2023-06-15_DEM.tif,2025-11-19T16:07:38.654815Z,4.10.dev245+g4144cef28,802_16,gray_frequencies,0,32.0
2023-06-15,DEM,../DSMs/2023-06-15_DEM.tif,2025-11-19T16:07:38.654815Z,4.10.dev245+g4144cef28,802_16,gray_frequencies,0,44.800000000000004
2023-06-15,DEM,../DSMs/2023-06-15_DEM.tif,2025-11-19T16:07:38.654815Z,4.10.dev245+g4144cef28,802_16,gray_frequencies,0,57.6
2023-06-15,DEM,../DSMs/2023-06-15_DEM.tif,2025-11-19T16:07:38.654815Z,4.10.dev245+g4144cef28,802_16,gray_frequencies,0,70.4
2023-06-15,DEM,../DSMs/2023-06-15_DEM.tif,2025-11-19T16:07:38.654815Z,4.10.dev245+g4144cef28,802_16,gray_frequencies,0,83.20000000000002
2023-06-15,DEM,../DSMs/2023-06-15_DEM.tif,2025-11-19T16:07:38.654815Z,4.10.dev245+g4144cef28,802_16,gray_frequencies,0,96.0
2023-06-15,DEM,../DSMs/2023-06-15_DEM.tif,2025-11-19T16:07:38.654815Z,4.10.dev245+g4144cef28,802_16,gray_frequencies,0,108.80000000000001
2023-06-15,DEM,../DSMs/2023-06-15_DEM.tif,2025-11-19T16:07:38.654815Z,4.10.dev245+g4144cef28,802_16,gray_frequencies,0,121.6
2023-06-15,DEM,../DSMs/2023-06-15_DEM.tif,2025-11-19T16:07:38.654815Z,4.10.dev245+g4144cef28,802_16,gray_frequencies,0,134.4
2023-06-15,DEM,../DSMs/2023-06-15_DEM.tif,2025-11-19T16:07:38.654815Z,4.10.dev245+g4144cef28,802_16,gray_frequencies,0,147.20000000000002
2023-06-15,DEM,../DSMs/2023-06-15_DEM.tif,2025-11-19T16:07:38.654815Z,4.10.dev245+g4144cef28,802_16,gray_frequencies,2378,160.0
2023-06-15,DEM,../DSMs/2023-06-15_DEM.tif,2025-11-19T16:07:38.654815Z,4.10.dev245+g4144cef28,802_16,gray_frequencies,7893,172.8
2023-06-15,DEM,../DSMs/2023-06-15_DEM.tif,2025-11-19T16:07:38.654815Z,4.10.dev245+g4144cef28,802_16,gray_frequencies,5067,185.60000000000002
2023-06-15,DEM,../DSMs/2023-06-15_DEM.tif,2025-11-19T16:07:38.654815Z,4.10.dev245+g4144cef28,802_16,gray_frequencies,67,198.4
2023-06-15,DEM,../DSMs/2023-06-15_DEM.tif,2025-11-19T16:07:38.654815Z,4.10.dev245+g4144cef28,802_16,gray_frequencies,0,211.20000000000002
2023-06-15,DEM,../DSMs/2023-06-15_DEM.tif,2025-11-19T16:07:38.654815Z,4.10.dev245+g4144cef28,802_16,gray_frequencies,0,224.0
2023-06-15,DEM,../DSMs/2023-06-15_DEM.tif,2025-11-19T16:07:38.654815Z,4.10.dev245+g4144cef28,802_16,gray_frequencies,0,236.8
2023-06-15,DEM,../DSMs/2023-06-15_DEM.tif,2025-11-19T16:07:38.654815Z,4.10.dev245+g4144cef28,802_16,gray_frequencies,0,249.60000000000002
2023-06-15,DEM,../DSMs/2023-06-15_DEM.tif,2025-11-19T16:07:38.654815Z,4.10.dev245+g4144cef28,302_17,gray_frequencies,0,6.4
2023-06-15,DEM,../DSMs/2023-06-15_DEM.tif,2025-11-19T16:07:38.654815Z,4.10.dev245+g4144cef28,302_17,gray_frequencies,0,19.200000000000003
2023-06-15,DEM,../DSMs/2023-06-15_DEM.tif,2025-11-19T16:07:38.654815Z,4.10.dev245+g4144cef28,302_17,gray_frequencies,0,32.0
2023-06-15,DEM,../DSMs/2023-06-15_DEM.tif,2025-11-19T16:07:38.654815Z,4.10.dev245+g4144cef28,302_17,gray_frequencies,0,44.800000000000004
2023-06-15,DEM,../DSMs/2023-06-15_DEM.tif,2025-11-19T16:07:38.654815Z,4.10.dev245+g4144cef28,302_17,gray_frequencies,0,57.6
2023-06-15,DEM,../DSMs/2023-06-15_DEM.tif,2025-11-19T16:07:38.654815Z,4.10.dev245+g4144cef28,302_17,gray_frequencies,0,70.4
2023-06-15,DEM,../DSMs/2023-06-15_DEM.tif,2025-11-19T16:07:38.654815Z,4.10.dev245+g4144cef28,302_17,gray_frequencies,0,83.20000000000002
2023-06-15,DEM,../DSMs/2023-06-15_DEM.tif,2025-11-19T16:07:38.654815Z,4.10.dev245+g4144cef28,302_17,gray_frequencies,0,96.0
2023-06-15,DEM,../DSMs/2023-06-15_DEM.tif,2025-11-19T16:07:38.654815Z,4.10.dev245+g4144cef28,302_17,gray_frequencies,0,108.80000000000001
2023-06-15,DEM,../DSMs/2023-06-15_DEM.tif,2025-11-19T16:07:38.654815Z,4.10.dev245+g4144cef28,302_17,gray_frequencies,0,121.6
2023-06-15,DEM,../DSMs/2023-06-15_DEM.tif,2025-11-19T16:07:38.654815Z,4.10.dev245+g4144cef28,302_17,gray_frequencies,0,134.4
2023-06-15,DEM,../DSMs/2023-06-15_DEM.tif,2025-11-19T16:07:38.654815Z,4.10.dev245+g4144cef28,302_17,gray_frequencies,434,147.20000000000002
2023-06-15,DEM,../DSMs/2023-06-15_DEM.tif,2025-11-19T16:07:38.654815Z,4.10.dev245+g4144cef28,302_17,gray_frequencies,8565,160.0
2023-06-15,DEM,../DSMs/2023-06-15_DEM.tif,2025-11-19T16:07:38.654815Z,4.10.dev245+g4144cef28,302_17,gray_frequencies,6467,172.8
2023-06-15,DEM,../DSMs/2023-06-15_DEM.tif,2025-11-19T16:07:38.654815Z,4.10.dev245+g4144cef28,302_17,gray_frequencies,712,185.60000000000002
2023-06-15,DEM,../DSMs/2023-06-15_DEM.tif,2025-11-19T16:07:38.654815Z,4.10.dev245+g4144cef28,302_17,gray_frequencies,0,198.4
2023-06-15,DEM,../DSMs/2023-06-15_DEM.tif,2025-11-19T16:07:38.654815Z,4.10.dev245+g4144cef28,302_17,gray_frequencies,0,211.20000000000002
2023-06-15,DEM,../DSMs/2023-06-15_DEM.tif,2025-11-19T16:07:38.654815Z,4.10.dev245+g4144cef28,302_17,gray_frequencies,0,224.0
2023-06-15,DEM,../DSMs/2023-06-15_DEM.tif,2025-11-19T16:07:38.654815Z,4.10.dev245+g4144cef28,302_17,gray_frequencies,0,236.8
2023-06-15,DEM,../DSMs/2023-06-15_DEM.tif,2025-11-19T16:07:38.654815Z,4.10.dev245+g4144cef28,302_17,gray_frequencies,0,249.60000000000002
2023-06-15,DEM,../DSMs/2023-06-15_DEM.tif,2025-11-19T16:07:38.654815Z,4.10.dev245+g4144cef28,902_18,gray_frequencies,0,6.4
2023-06-15,DEM,../DSMs/2023-06-15_DEM.tif,2025-11-19T16:07:38.654815Z,4.10.dev245+g4144cef28,902_18,gray_frequencies,0,19.200000000000003
2023-06-15,DEM,../DSMs/2023-06-15_DEM.tif,2025-11-19T16:07:38.654815Z,4.10.dev245+g4144cef28,902_18,gray_frequencies,0,32.0
2023-06-15,DEM,../DSMs/2023-06-15_DEM.tif,2025-11-19T16:07:38.654815Z,4.10.dev245+g4144cef28,902_18,gray_frequencies,0,44.800000000000004
2023-06-15,DEM,../DSMs/2023-06-15_DEM.tif,2025-11-19T16:07:38.654815Z,4.10.dev245+g4144cef28,902_18,gray_frequencies,0,57.6
2023-06-15,DEM,../DSMs/2023-06-15_DEM.tif,2025-11-19T16:07:38.654815Z,4.10.dev245+g4144cef28,902_18,gray_frequencies,0,70.4
2023-06-15,DEM,../DSMs/2023-06-15_DEM.tif,2025-11-19T16:07:38.654815Z,4.10.dev245+g4144cef28,902_18,gray_frequencies,0,83.20000000000002
2023-06-15,DEM,../DSMs/2023-06-15_DEM.tif,2025-11-19T16:07:38.654815Z,4.10.dev245+g4144cef28,902_18,gray_frequencies,0,96.0
2023-06-15,DEM,../DSMs/2023-06-15_DEM.tif,2025-11-19T16:07:38.654815Z,4.10.dev245+g4144cef28,902_18,gray_frequencies,0,108.80000000000001
2023-06-15,DEM,../DSMs/2023-06-15_DEM.tif,2025-11-19T16:07:38.654815Z,4.10.dev245+g4144cef28,902_18,gray_frequencies,0,121.6
2023-06-15,DEM,../DSMs/2023-06-15_DEM.tif,2025-11-19T16:07:38.654815Z,4.10.dev245+g4144cef28,902_18,gray_frequencies,181,134.4
2023-06-15,DEM,../DSMs/2023-06-15_DEM.tif,2025-11-19T16:07:38.654815Z,4.10.dev245+g4144cef28,902_18,gray_frequencies,7278,147.20000000000002
2023-06-15,DEM,../DSMs/2023-06-15_DEM.tif,2025-11-19T16:07:38.654815Z,4.10.dev245+g4144cef28,902_18,gray_frequencies,6969,160.0
2023-06-15,DEM,../DSMs/2023-06-15_DEM.tif,2025-11-19T16:07:38.654815Z,4.10.dev245+g4144cef28,902_18,gray_frequencies,1189,172.8
2023-06-15,DEM,../DSMs/2023-06-15_DEM.tif,2025-11-19T16:07:38.654815Z,4.10.dev245+g4144cef28,902_18,gray_frequencies,0,185.60000000000002
2023-06-15,DEM,../DSMs/2023-06-15_DEM.tif,2025-11-19T16:07:38.654815Z,4.10.dev245+g4144cef28,902_18,gray_frequencies,0,198.4
2023-06-15,DEM,../DSMs/2023-06-15_DEM.tif,2025-11-19T16:07:38.654815Z,4.10.dev245+g4144cef28,902_18,gray_frequencies,0,211.20000000000002
2023-06-15,DEM,../DSMs/2023-06-15_DEM.tif,2025-11-19T16:07:38.654815Z,4.10.dev245+g4144cef28,902_18,gray_frequencies,0,224.0
2023-06-15,DEM,../DSMs/2023-06-15_DEM.tif,2025-11-19T16:07:38.654815Z,4.10.dev245+g4144cef28,902_18,gray_frequencies,0,236.8
2023-06-15,DEM,../DSMs/2023-06-15_DEM.tif,2025-11-19T16:07:38.654815Z,4.10.dev245+g4144cef28,902_18,gray_frequencies,0,249.60000000000002
2023-06-15,DEM,../DSMs/2023-06-15_DEM.tif,2025-11-19T16:07:38.654815Z,4.10.dev245+g4144cef28,703_19,gray_frequencies,0,6.4
2023-06-15,DEM,../DSMs/2023-06-15_DEM.tif,2025-11-19T16:07:38.654815Z,4.10.dev245+g4144cef28,703_19,gray_frequencies,0,19.200000000000003
2023-06-15,DEM,../DSMs/2023-06-15_DEM.tif,2025-11-19T16:07:38.654815Z,4.10.dev245+g4144cef28,703_19,gray_frequencies,0,32.0
2023-06-15,DEM,../DSMs/2023-06-15_DEM.tif,2025-11-19T16:07:38.654815Z,4.10.dev245+g4144cef28,703_19,gray_frequencies,0,44.800000000000004
2023-06-15,DEM,../DSMs/2023-06-15_DEM.tif,2025-11-19T16:07:38.654815Z,4.10.dev245+g4144cef28,703_19,gray_frequencies,0,57.6
2023-06-15,DEM,../DSMs/2023-06-15_DEM.tif,2025-11-19T16:07:38.654815Z,4.10.dev245+g4144cef28,703_19,gray_frequencies,106,70.4
2023-06-15,DEM,../DSMs/2023-06-15_DEM.tif,2025-11-19T16:07:38.654815Z,4.10.dev245+g4144cef28,703_19,gray_frequencies,5710,83.20000000000002
2023-06-15,DEM,../DSMs/2023-06-15_DEM.tif,2025-11-19T16:07:38.654815Z,4.10.dev245+g4144cef28,703_19,gray_frequencies,9299,96.0
2023-06-15,DEM,../DSMs/2023-06-15_DEM.tif,2025-11-19T16:07:38.654815Z,4.10.dev245+g4144cef28,703_19,gray_frequencies,340,108.80000000000001
2023-06-15,DEM,../DSMs/2023-06-15_DEM.tif,2025-11-19T16:07:38.654815Z,4.10.dev245+g4144cef28,703_19,gray_frequencies,0,121.6
2023-06-15,DEM,../DSMs/2023-06-15_DEM.tif,2025-11-19T16:07:38.654815Z,4.10.dev245+g4144cef28,703_19,gray_frequencies,0,134.4
2023-06-15,DEM,../DSMs/2023-06-15_DEM.tif,2025-11-19T16:07:38.654815Z,4.10.dev245+g4144cef28,703_19,gray_frequencies,0,147.20000000000002
2023-06-15,DEM,../DSMs/2023-06-15_DEM.tif,2025-11-19T16:07:38.654815Z,4.10.dev245+g4144cef28,703_19,gray_frequencies,0,160.0
2023-06-15,DEM,../DSMs/2023-06-15_DEM.tif,2025-11-19T16:07:38.654815Z,4.10.dev245+g4144cef28,703_19,gray_frequencies,0,172.8
2023-06-15,DEM,../DSMs/2023-06-15_DEM.tif,2025-11-19T16:07:38.654815Z,4.10.dev245+g4144cef28,703_19,gray_frequencies,0,185.60000000000002
2023-06-15,DEM,../DSMs/2023-06-15_DEM.tif,2025-11-19T16:07:38.654815Z,4.10.dev245+g4144cef28,703_19,gray_frequencies,0,198.4
2023-06-15,DEM,../DSMs/2023-06-15_DEM.tif,2025-11-19T16:07:38.654815Z,4.10.dev245+g4144cef28,703_19,gray_frequencies,0,211.20000000000002
2023-06-15,DEM,../DSMs/2023-06-15_DEM.tif,2025-11-19T16:07:38.654815Z,4.10.dev245+g4144cef28,703_19,gray_frequencies,0,224.0
2023-06-15,DEM,../DSMs/2023-06-15_DEM.tif,2025-11-19T16:07:38.654815Z,4.10.dev245+g4144cef28,703_19,gray_frequencies,0,236.8
2023-06-15,DEM,../DSMs/2023-06-15_DEM.tif,2025-11-19T16:07:38.654815Z,4.10.dev245+g4144cef28,703_19,gray_frequencies,0,249.60000000000002
2023-06-15,DEM,../DSMs/2023-06-15_DEM.tif,2025-11-19T16:07:38.654815Z,4.10.dev245+g4144cef28,103_20,gray_frequencies,0,6.4
2023-06-15,DEM,../DSMs/2023-06-15_DEM.tif,2025-11-19T16:07:38.654815Z,4.10.dev245+g4144cef28,103_20,gray_frequencies,0,19.200000000000003
2023-06-15,DEM,../DSMs/2023-06-15_DEM.tif,2025-11-19T16:07:38.654815Z,4.10.dev245+g4144cef28,103_20,gray_frequencies,0,32.0
2023-06-15,DEM,../DSMs/2023-06-15_DEM.tif,2025-11-19T16:07:38.654815Z,4.10.dev245+g4144cef28,103_20,gray_frequencies,0,44.800000000000004
2023-06-15,DEM,../DSMs/2023-06-15_DEM.tif,2025-11-19T16:07:38.654815Z,4.10.dev245+g4144cef28,103_20,gray_frequencies,0,57.6
2023-06-15,DEM,../DSMs/2023-06-15_DEM.tif,2025-11-19T16:07:38.654815Z,4.10.dev245+g4144cef28,103_20,gray_frequencies,2927,70.4
2023-06-15,DEM,../DSMs/2023-06-15_DEM.tif,2025-11-19T16:07:38.654815Z,4.10.dev245+g4144cef28,103_20,gray_frequencies,9119,83.20000000000002
2023-06-15,DEM,../DSMs/2023-06-15_DEM.tif,2025-11-19T16:07:38.654815Z,4.10.dev245+g4144cef28,103_20,gray_frequencies,4009,96.0
2023-06-15,DEM,../DSMs/2023-06-15_DEM.tif,2025-11-19T16:07:38.654815Z,4.10.dev245+g4144cef28,103_20,gray_frequencies,0,108.80000000000001
2023-06-15,DEM,../DSMs/2023-06-15_DEM.tif,2025-11-19T16:07:38.654815Z,4.10.dev245+g4144cef28,103_20,gray_frequencies,0,121.6
2023-06-15,DEM,../DSMs/2023-06-15_DEM.tif,2025-11-19T16:07:38.654815Z,4.10.dev245+g4144cef28,103_20,gray_frequencies,0,134.4
2023-06-15,DEM,../DSMs/2023-06-15_DEM.tif,2025-11-19T16:07:38.654815Z,4.10.dev245+g4144cef28,103_20,gray_frequencies,0,147.20000000000002
2023-06-15,DEM,../DSMs/2023-06-15_DEM.tif,2025-11-19T16:07:38.654815Z,4.10.dev245+g4144cef28,103_20,gray_frequencies,0,160.0
2023-06-15,DEM,../DSMs/2023-06-15_DEM.tif,2025-11-19T16:07:38.654815Z,4.10.dev245+g4144cef28,103_20,gray_frequencies,0,172.8
2023-06-15,DEM,../DSMs/2023-06-15_DEM.tif,2025-11-19T16:07:38.654815Z,4.10.dev245+g4144cef28,103_20,gray_frequencies,0,185.60000000000002
2023-06-15,DEM,../DSMs/2023-06-15_DEM.tif,2025-11-19T16:07:38.654815Z,4.10.dev245+g4144cef28,103_20,gray_frequencies,0,198.4
2023-06-15,DEM,../DSMs/2023-06-15_DEM.tif,2025-11-19T16:07:38.654815Z,4.10.dev245+g4144cef28,103_20,gray_frequencies,0,211.20000000000002
2023-06-15,DEM,../DSMs/2023-06-15_DEM.tif,2025-11-19T16:07:38.654815Z,4.10.dev245+g4144cef28,103_20,gray_frequencies,0,224.0
2023-06-15,DEM,../DSMs/2023-06-15_DEM.tif,2025-11-19T16:07:38.654815Z,4.10.dev245+g4144cef28,103_20,gray_frequencies,0,236.8
2023-06-15,DEM,../DSMs/2023-06-15_DEM.tif,2025-11-19T16:07:38.654815Z,4.10.dev245+g4144cef28,103_20,gray_frequencies,0,249.60000000000002
2023-06-15,DEM,../DSMs/2023-06-15_DEM.tif,2025-11-19T16:07:38.654815Z,4.10.dev245+g4144cef28,203_21,gray_frequencies,0,6.4
2023-06-15,DEM,../DSMs/2023-06-15_DEM.tif,2025-11-19T16:07:38.654815Z,4.10.dev245+g4144cef28,203_21,gray_frequencies,0,19.200000000000003
2023-06-15,DEM,../DSMs/2023-06-15_DEM.tif,2025-11-19T16:07:38.654815Z,4.10.dev245+g4144cef28,203_21,gray_frequencies,0,32.0
2023-06-15,DEM,../DSMs/2023-06-15_DEM.tif,2025-11-19T16:07:38.654815Z,4.10.dev245+g4144cef28,203_21,gray_frequencies,68,44.800000000000004
2023-06-15,DEM,../DSMs/2023-06-15_DEM.tif,2025-11-19T16:07:38.654815Z,4.10.dev245+g4144cef28,203_21,gray_frequencies,2724,57.6
2023-06-15,DEM,../DSMs/2023-06-15_DEM.tif,2025-11-19T16:07:38.654815Z,4.10.dev245+g4144cef28,203_21,gray_frequencies,7285,70.4
2023-06-15,DEM,../DSMs/2023-06-15_DEM.tif,2025-11-19T16:07:38.654815Z,4.10.dev245+g4144cef28,203_21,gray_frequencies,4632,83.20000000000002
2023-06-15,DEM,../DSMs/2023-06-15_DEM.tif,2025-11-19T16:07:38.654815Z,4.10.dev245+g4144cef28,203_21,gray_frequencies,17,96.0
2023-06-15,DEM,../DSMs/2023-06-15_DEM.tif,2025-11-19T16:07:38.654815Z,4.10.dev245+g4144cef28,203_21,gray_frequencies,0,108.80000000000001
2023-06-15,DEM,../DSMs/2023-06-15_DEM.tif,2025-11-19T16:07:38.654815Z,4.10.dev245+g4144cef28,203_21,gray_frequencies,0,121.6
2023-06-15,DEM,../DSMs/2023-06-15_DEM.tif,2025-11-19T16:07:38.654815Z,4.10.dev245+g4144cef28,203_21,gray_frequencies,0,134.4
2023-06-15,DEM,../DSMs/2023-06-15_DEM.tif,2025-11-19T16:07:38.654815Z,4.10.dev245+g4144cef28,203_21,gray_frequencies,0,147.20000000000002
2023-06-15,DEM,../DSMs/2023-06-15_DEM.tif,2025-11-19T16:07:38.654815Z,4.10.dev245+g4144cef28,203_21,gray_frequencies,0,160.0
2023-06-15,DEM,../DSMs/2023-06-15_DEM.tif,2025-11-19T16:07:38.654815Z,4.10.dev245+g4144cef28,203_21,gray_frequencies,0,172.8
2023-06-15,DEM,../DSMs/2023-06-15_DEM.tif,2025-11-19T16:07:38.654815Z,4.10.dev245+g4144cef28,203_21,gray_frequencies,0,185.60000000000002
2023-06-15,DEM,../DSMs/2023-06-15_DEM.tif,2025-11-19T16:07:38.654815Z,4.10.dev245+g4144cef28,203_21,gray_frequencies,0,198.4
2023-06-15,DEM,../DSMs/2023-06-15_DEM.tif,2025-11-19T16:07:38.654815Z,4.10.dev245+g4144cef28,203_21,gray_frequencies,0,211.20000000000002
2023-06-15,DEM,../DSMs/2023-06-15_DEM.tif,2025-11-19T16:07:38.654815Z,4.10.dev245+g4144cef28,203_21,gray_frequencies,0,224.0
2023-06-15,DEM,../DSMs/2023-06-15_DEM.tif,2025-11-19T16:07:38.654815Z,4.10.dev245+g4144cef28,203_21,gray_frequencies,0,236.8
2023-06-15,DEM,../DSMs/2023-06-15_DEM.tif,2025-11-19T16:07:38.654815Z,4.10.dev245+g4144cef28,203_21,gray_frequencies,0,249.60000000000002
2023-06-15,DEM,../DSMs/2023-06-15_DEM.tif,2025-11-19T16:07:38.654815Z,4.10.dev245+g4144cef28,803_22,gray_frequencies,0,6.4
2023-06-15,DEM,../DSMs/2023-06-15_DEM.tif,2025-11-19T16:07:38.654815Z,4.10.dev245+g4144cef28,803_22,gray_frequencies,0,19.200000000000003
2023-06-15,DEM,../DSMs/2023-06-15_DEM.tif,2025-11-19T16:07:38.654815Z,4.10.dev245+g4144cef28,803_22,gray_frequencies,0,32.0
2023-06-15,DEM,../DSMs/2023-06-15_DEM.tif,2025-11-19T16:07:38.654815Z,4.10.dev245+g4144cef28,803_22,gray_frequencies,0,44.800000000000004
2023-06-15,DEM,../DSMs/2023-06-15_DEM.tif,2025-11-19T16:07:38.654815Z,4.10.dev245+g4144cef28,803_22,gray_frequencies,0,57.6
2023-06-15,DEM,../DSMs/2023-06-15_DEM.tif,2025-11-19T16:07:38.654815Z,4.10.dev245+g4144cef28,803_22,gray_frequencies,0,70.4
2023-06-15,DEM,../DSMs/2023-06-15_DEM.tif,2025-11-19T16:07:38.654815Z,4.10.dev245+g4144cef28,803_22,gray_frequencies,0,83.20000000000002
2023-06-15,DEM,../DSMs/2023-06-15_DEM.tif,2025-11-19T16:07:38.654815Z,4.10.dev245+g4144cef28,803_22,gray_frequencies,183,96.0
2023-06-15,DEM,../DSMs/2023-06-15_DEM.tif,2025-11-19T16:07:38.654815Z,4.10.dev245+g4144cef28,803_22,gray_frequencies,6235,108.80000000000001
2023-06-15,DEM,../DSMs/2023-06-15_DEM.tif,2025-11-19T16:07:38.654815Z,4.10.dev245+g4144cef28,803_22,gray_frequencies,6987,121.6
2023-06-15,DEM,../DSMs/2023-06-15_DEM.tif,2025-11-19T16:07:38.654815Z,4.10.dev245+g4144cef28,803_22,gray_frequencies,538,134.4
2023-06-15,DEM,../DSMs/2023-06-15_DEM.tif,2025-11-19T16:07:38.654815Z,4.10.dev245+g4144cef28,803_22,gray_frequencies,0,147.20000000000002
2023-06-15,DEM,../DSMs/2023-06-15_DEM.tif,2025-11-19T16:07:38.654815Z,4.10.dev245+g4144cef28,803_22,gray_frequencies,0,160.0
2023-06-15,DEM,../DSMs/2023-06-15_DEM.tif,2025-11-19T16:07:38.654815Z,4.10.dev245+g4144cef28,803_22,gray_frequencies,0,172.8
2023-06-15,DEM,../DSMs/2023-06-15_DEM.tif,2025-11-19T16:07:38.654815Z,4.10.dev245+g4144cef28,803_22,gray_frequencies,0,185.60000000000002
2023-06-15,DEM,../DSMs/2023-06-15_DEM.tif,2025-11-19T16:07:38.654815Z,4.10.dev245+g4144cef28,803_22,gray_frequencies,0,198.4
2023-06-15,DEM,../DSMs/2023-06-15_DEM.tif,2025-11-19T16:07:38.654815Z,4.10.dev245+g4144cef28,803_22,gray_frequencies,0,211.20000000000002
2023-06-15,DEM,../DSMs/2023-06-15_DEM.tif,2025-11-19T16:07:38.654815Z,4.10.dev245+g4144cef28,803_22,gray_frequencies,0,224.0
2023-06-15,DEM,../DSMs/2023-06-15_DEM.tif,2025-11-19T16:07:38.654815Z,4.10.dev245+g4144cef28,803_22,gray_frequencies,0,236.8
2023-06-15,DEM,../DSMs/2023-06-15_DEM.tif,2025-11-19T16:07:38.654815Z,4.10.dev245+g4144cef28,803_22,gray_frequencies,0,249.60000000000002
2023-06-15,DEM,../DSMs/2023-06-15_DEM.tif,2025-11-19T16:07:38.654815Z,4.10.dev245+g4144cef28,303_23,gray_frequencies,0,6.4
2023-06-15,DEM,../DSMs/2023-06-15_DEM.tif,2025-11-19T16:07:38.654815Z,4.10.dev245+g4144cef28,303_23,gray_frequencies,0,19.200000000000003
2023-06-15,DEM,../DSMs/2023-06-15_DEM.tif,2025-11-19T16:07:38.654815Z,4.10.dev245+g4144cef28,303_23,gray_frequencies,0,32.0
2023-06-15,DEM,../DSMs/2023-06-15_DEM.tif,2025-11-19T16:07:38.654815Z,4.10.dev245+g4144cef28,303_23,gray_frequencies,0,44.800000000000004
2023-06-15,DEM,../DSMs/2023-06-15_DEM.tif,2025-11-19T16:07:38.654815Z,4.10.dev245+g4144cef28,303_23,gray_frequencies,0,57.6
2023-06-15,DEM,../DSMs/2023-06-15_DEM.tif,2025-11-19T16:07:38.654815Z,4.10.dev245+g4144cef28,303_23,gray_frequencies,0,70.4
2023-06-15,DEM,../DSMs/2023-06-15_DEM.tif,2025-11-19T16:07:38.654815Z,4.10.dev245+g4144cef28,303_23,gray_frequencies,0,83.20000000000002
2023-06-15,DEM,../DSMs/2023-06-15_DEM.tif,2025-11-19T16:07:38.654815Z,4.10.dev245+g4144cef28,303_23,gray_frequencies,3667,96.0
2023-06-15,DEM,../DSMs/2023-06-15_DEM.tif,2025-11-19T16:07:38.654815Z,4.10.dev245+g4144cef28,303_23,gray_frequencies,10152,108.80000000000001
2023-06-15,DEM,../DSMs/2023-06-15_DEM.tif,2025-11-19T16:07:38.654815Z,4.10.dev245+g4144cef28,303_23,gray_frequencies,1716,121.6
2023-06-15,DEM,../DSMs/2023-06-15_DEM.tif,2025-11-19T16:07:38.654815Z,4.10.dev245+g4144cef28,303_23,gray_frequencies,0,134.4
2023-06-15,DEM,../DSMs/2023-06-15_DEM.tif,2025-11-19T16:07:38.654815Z,4.10.dev245+g4144cef28,303_23,gray_frequencies,0,147.20000000000002
2023-06-15,DEM,../DSMs/2023-06-15_DEM.tif,2025-11-19T16:07:38.654815Z,4.10.dev245+g4144cef28,303_23,gray_frequencies,0,160.0
2023-06-15,DEM,../DSMs/2023-06-15_DEM.tif,2025-11-19T16:07:38.654815Z,4.10.dev245+g4144cef28,303_23,gray_frequencies,0,172.8
2023-06-15,DEM,../DSMs/2023-06-15_DEM.tif,2025-11-19T16:07:38.654815Z,4.10.dev245+g4144cef28,303_23,gray_frequencies,0,185.60000000000002
2023-06-15,DEM,../DSMs/2023-06-15_DEM.tif,2025-11-19T16:07:38.654815Z,4.10.dev245+g4144cef28,303_23,gray_frequencies,0,198.4
2023-06-15,DEM,../DSMs/2023-06-15_DEM.tif,2025-11-19T16:07:38.654815Z,4.10.dev245+g4144cef28,303_23,gray_frequencies,0,211.20000000000002
2023-06-15,DEM,../DSMs/2023-06-15_DEM.tif,2025-11-19T16:07:38.654815Z,4.10.dev245+g4144cef28,303_23,gray_frequencies,0,224.0
2023-06-15,DEM,../DSMs/2023-06-15_DEM.tif,2025-11-19T16:07:38.654815Z,4.10.dev245+g4144cef28,303_23,gray_frequencies,0,236.8
2023-06-15,DEM,../DSMs/2023-06-15_DEM.tif,2025-11-19T16:07:38.654815Z,4.10.dev245+g4144cef28,303_23,gray_frequencies,0,249.60000000000002
2023-06-15,DEM,../DSMs/2023-06-15_DEM.tif,2025-11-19T16:07:38.654815Z,4.10.dev245+g4144cef28,903_24,gray_frequencies,0,6.4
2023-06-15,DEM,../DSMs/2023-06-15_DEM.tif,2025-11-19T16:07:38.654815Z,4.10.dev245+g4144cef28,903_24,gray_frequencies,0,19.200000000000003
2023-06-15,DEM,../DSMs/2023-06-15_DEM.tif,2025-11-19T16:07:38.654815Z,4.10.dev245+g4144cef28,903_24,gray_frequencies,0,32.0
2023-06-15,DEM,../DSMs/2023-06-15_DEM.tif,2025-11-19T16:07:38.654815Z,4.10.dev245+g4144cef28,903_24,gray_frequencies,0,44.800000000000004
2023-06-15,DEM,../DSMs/2023-06-15_DEM.tif,2025-11-19T16:07:38.654815Z,4.10.dev245+g4144cef28,903_24,gray_frequencies,0,57.6
2023-06-15,DEM,../DSMs/2023-06-15_DEM.tif,2025-11-19T16:07:38.654815Z,4.10.dev245+g4144cef28,903_24,gray_frequencies,0,70.4
2023-06-15,DEM,../DSMs/2023-06-15_DEM.tif,2025-11-19T16:07:38.654815Z,4.10.dev245+g4144cef28,903_24,gray_frequencies,1395,83.20000000000002
2023-06-15,DEM,../DSMs/2023-06-15_DEM.tif,2025-11-19T16:07:38.654815Z,4.10.dev245+g4144cef28,903_24,gray_frequencies,10828,96.0
2023-06-15,DEM,../DSMs/2023-06-15_DEM.tif,2025-11-19T16:07:38.654815Z,4.10.dev245+g4144cef28,903_24,gray_frequencies,2879,108.80000000000001
2023-06-15,DEM,../DSMs/2023-06-15_DEM.tif,2025-11-19T16:07:38.654815Z,4.10.dev245+g4144cef28,903_24,gray_frequencies,0,121.6
2023-06-15,DEM,../DSMs/2023-06-15_DEM.tif,2025-11-19T16:07:38.654815Z,4.10.dev245+g4144cef28,903_24,gray_frequencies,0,134.4
2023-06-15,DEM,../DSMs/2023-06-15_DEM.tif,2025-11-19T16:07:38.654815Z,4.10.dev245+g4144cef28,903_24,gray_frequencies,0,147.20000000000002
2023-06-15,DEM,../DSMs/2023-06-15_DEM.tif,2025-11-19T16:07:38.654815Z,4.10.dev245+g4144cef28,903_24,gray_frequencies,0,160.0
2023-06-15,DEM,../DSMs/2023-06-15_DEM.tif,2025-11-19T16:07:38.654815Z,4.10.dev245+g4144cef28,903_24,gray_frequencies,0,172.8
2023-06-15,DEM,../DSMs/2023-06-15_DEM.tif,2025-11-19T16:07:38.654815Z,4.10.dev245+g4144cef28,903_24,gray_frequencies,0,185.60000000000002
2023-06-15,DEM,../DSMs/2023-06-15_DEM.tif,2025-11-19T16:07:38.654815Z,4.10.dev245+g4144cef28,903_24,gray_frequencies,0,198.4
2023-06-15,DEM,../DSMs/2023-06-15_DEM.tif,2025-11-19T16:07:38.654815Z,4.10.dev245+g4144cef28,903_24,gray_frequencies,0,211.20000000000002
2023-06-15,DEM,../DSMs/2023-06-15_DEM.tif,2025-11-19T16:07:38.654815Z,4.10.dev245+g4144cef28,903_24,gray_frequencies,0,224.0
2023-06-15,DEM,../DSMs/2023-06-15_DEM.tif,2025-11-19T16:07:38.654815Z,4.10.dev245+g4144cef28,903_24,gray_frequencies,0,236.8
2023-06-15,DEM,../DSMs/2023-06-15_DEM.tif,2025-11-19T16:07:38.654815Z,4.10.dev245+g4144cef28,903_24,gray_frequencies,0,249.60000000000002
2023-06-15,DEM,../DSMs/2023-06-15_DEM.tif,2025-11-19T16:07:38.654815Z,4.10.dev245+g4144cef28,403_25,gray_frequencies,0,6.4
2023-06-15,DEM,../DSMs/2023-06-15_DEM.tif,2025-11-19T16:07:38.654815Z,4.10.dev245+g4144cef28,403_25,gray_frequencies,0,19.200000000000003
2023-06-15,DEM,../DSMs/2023-06-15_DEM.tif,2025-11-19T16:07:38.654815Z,4.10.dev245+g4144cef28,403_25,gray_frequencies,0,32.0
2023-06-15,DEM,../DSMs/2023-06-15_DEM.tif,2025-11-19T16:07:38.654815Z,4.10.dev245+g4144cef28,403_25,gray_frequencies,0,44.800000000000004
2023-06-15,DEM,../DSMs/2023-06-15_DEM.tif,2025-11-19T16:07:38.654815Z,4.10.dev245+g4144cef28,403_25,gray_frequencies,0,57.6
2023-06-15,DEM,../DSMs/2023-06-15_DEM.tif,2025-11-19T16:07:38.654815Z,4.10.dev245+g4144cef28,403_25,gray_frequencies,0,70.4
2023-06-15,DEM,../DSMs/2023-06-15_DEM.tif,2025-11-19T16:07:38.654815Z,4.10.dev245+g4144cef28,403_25,gray_frequencies,0,83.20000000000002
2023-06-15,DEM,../DSMs/2023-06-15_DEM.tif,2025-11-19T16:07:38.654815Z,4.10.dev245+g4144cef28,403_25,gray_frequencies,0,96.0
2023-06-15,DEM,../DSMs/2023-06-15_DEM.tif,2025-11-19T16:07:38.654815Z,4.10.dev245+g4144cef28,403_25,gray_frequencies,0,108.80000000000001
2023-06-15,DEM,../DSMs/2023-06-15_DEM.tif,2025-11-19T16:07:38.654815Z,4.10.dev245+g4144cef28,403_25,gray_frequencies,469,121.6
2023-06-15,DEM,../DSMs/2023-06-15_DEM.tif,2025-11-19T16:07:38.654815Z,4.10.dev245+g4144cef28,403_25,gray_frequencies,7075,134.4
2023-06-15,DEM,../DSMs/2023-06-15_DEM.tif,2025-11-19T16:07:38.654815Z,4.10.dev245+g4144cef28,403_25,gray_frequencies,7205,147.20000000000002
2023-06-15,DEM,../DSMs/2023-06-15_DEM.tif,2025-11-19T16:07:38.654815Z,4.10.dev245+g4144cef28,403_25,gray_frequencies,738,160.0
2023-06-15,DEM,../DSMs/2023-06-15_DEM.tif,2025-11-19T16:07:38.654815Z,4.10.dev245+g4144cef28,403_25,gray_frequencies,0,172.8
2023-06-15,DEM,../DSMs/2023-06-15_DEM.tif,2025-11-19T16:07:38.654815Z,4.10.dev245+g4144cef28,403_25,gray_frequencies,0,185.60000000000002
2023-06-15,DEM,../DSMs/2023-06-15_DEM.tif,2025-11-19T16:07:38.654815Z,4.10.dev245+g4144cef28,403_25,gray_frequencies,0,198.4
2023-06-15,DEM,../DSMs/2023-06-15_DEM.tif,2025-11-19T16:07:38.654815Z,4.10.dev245+g4144cef28,403_25,gray_frequencies,0,211.20000000000002
2023-06-15,DEM,../DSMs/2023-06-15_DEM.tif,2025-11-19T16:07:38.654815Z,4.10.dev245+g4144cef28,403_25,gray_frequencies,0,224.0
2023-06-15,DEM,../DSMs/2023-06-15_DEM.tif,2025-11-19T16:07:38.654815Z,4.10.dev245+g4144cef28,403_25,gray_frequencies,0,236.8
2023-06-15,DEM,../DSMs/2023-06-15_DEM.tif,2025-11-19T16:07:38.654815Z,4.10.dev245+g4144cef28,403_25,gray_frequencies,0,249.60000000000002
2023-06-15,DEM,../DSMs/2023-06-15_DEM.tif,2025-11-19T16:07:38.654815Z,4.10.dev245+g4144cef28,503_26,gray_frequencies,0,6.4
2023-06-15,DEM,../DSMs/2023-06-15_DEM.tif,2025-11-19T16:07:38.654815Z,4.10.dev245+g4144cef28,503_26,gray_frequencies,0,19.200000000000003
2023-06-15,DEM,../DSMs/2023-06-15_DEM.tif,2025-11-19T16:07:38.654815Z,4.10.dev245+g4144cef28,503_26,gray_frequencies,0,32.0
2023-06-15,DEM,../DSMs/2023-06-15_DEM.tif,2025-11-19T16:07:38.654815Z,4.10.dev245+g4144cef28,503_26,gray_frequencies,0,44.800000000000004
2023-06-15,DEM,../DSMs/2023-06-15_DEM.tif,2025-11-19T16:07:38.654815Z,4.10.dev245+g4144cef28,503_26,gray_frequencies,0,57.6
2023-06-15,DEM,../DSMs/2023-06-15_DEM.tif,2025-11-19T16:07:38.654815Z,4.10.dev245+g4144cef28,503_26,gray_frequencies,0,70.4
2023-06-15,DEM,../DSMs/2023-06-15_DEM.tif,2025-11-19T16:07:38.654815Z,4.10.dev245+g4144cef28,503_26,gray_frequencies,0,83.20000000000002
2023-06-15,DEM,../DSMs/2023-06-15_DEM.tif,2025-11-19T16:07:38.654815Z,4.10.dev245+g4144cef28,503_26,gray_frequencies,0,96.0
2023-06-15,DEM,../DSMs/2023-06-15_DEM.tif,2025-11-19T16:07:38.654815Z,4.10.dev245+g4144cef28,503_26,gray_frequencies,531,108.80000000000001
2023-06-15,DEM,../DSMs/2023-06-15_DEM.tif,2025-11-19T16:07:38.654815Z,4.10.dev245+g4144cef28,503_26,gray_frequencies,6401,121.6
2023-06-15,DEM,../DSMs/2023-06-15_DEM.tif,2025-11-19T16:07:38.654815Z,4.10.dev245+g4144cef28,503_26,gray_frequencies,7240,134.4
2023-06-15,DEM,../DSMs/2023-06-15_DEM.tif,2025-11-19T16:07:38.654815Z,4.10.dev245+g4144cef28,503_26,gray_frequencies,1036,147.20000000000002
2023-06-15,DEM,../DSMs/2023-06-15_DEM.tif,2025-11-19T16:07:38.654815Z,4.10.dev245+g4144cef28,503_26,gray_frequencies,0,160.0
2023-06-15,DEM,../DSMs/2023-06-15_DEM.tif,2025-11-19T16:07:38.654815Z,4.10.dev245+g4144cef28,503_26,gray_frequencies,0,172.8
2023-06-15,DEM,../DSMs/2023-06-15_DEM.tif,2025-11-19T16:07:38.654815Z,4.10.dev245+g4144cef28,503_26,gray_frequencies,0,185.60000000000002
2023-06-15,DEM,../DSMs/2023-06-15_DEM.tif,2025-11-19T16:07:38.654815Z,4.10.dev245+g4144cef28,503_26,gray_frequencies,0,198.4
2023-06-15,DEM,../DSMs/2023-06-15_DEM.tif,2025-11-19T16:07:38.654815Z,4.10.dev245+g4144cef28,503_26,gray_frequencies,0,211.20000000000002
2023-06-15,DEM,../DSMs/2023-06-15_DEM.tif,2025-11-19T16:07:38.654815Z,4.10.dev245+g4144cef28,503_26,gray_frequencies,0,224.0
2023-06-15,DEM,../DSMs/2023-06-15_DEM.tif,2025-11-19T16:07:38.654815Z,4.10.dev245+g4144cef28,503_26,gray_frequencies,0,236.8
2023-06-15,DEM,../DSMs/2023-06-15_DEM.tif,2025-11-19T16:07:38.654815Z,4.10.dev245+g4144cef28,503_26,gray_frequencies,0,249.60000000000002
2023-06-15,DEM,../DSMs/2023-06-15_DEM.tif,2025-11-19T16:07:38.654815Z,4.10.dev245+g4144cef28,603_27,gray_frequencies,0,6.4
2023-06-15,DEM,../DSMs/2023-06-15_DEM.tif,2025-11-19T16:07:38.654815Z,4.10.dev245+g4144cef28,603_27,gray_frequencies,0,19.200000000000003
2023-06-15,DEM,../DSMs/2023-06-15_DEM.tif,2025-11-19T16:07:38.654815Z,4.10.dev245+g4144cef28,603_27,gray_frequencies,0,32.0
2023-06-15,DEM,../DSMs/2023-06-15_DEM.tif,2025-11-19T16:07:38.654815Z,4.10.dev245+g4144cef28,603_27,gray_frequencies,0,44.800000000000004
2023-06-15,DEM,../DSMs/2023-06-15_DEM.tif,2025-11-19T16:07:38.654815Z,4.10.dev245+g4144cef28,603_27,gray_frequencies,0,57.6
2023-06-15,DEM,../DSMs/2023-06-15_DEM.tif,2025-11-19T16:07:38.654815Z,4.10.dev245+g4144cef28,603_27,gray_frequencies,0,70.4
2023-06-15,DEM,../DSMs/2023-06-15_DEM.tif,2025-11-19T16:07:38.654815Z,4.10.dev245+g4144cef28,603_27,gray_frequencies,0,83.20000000000002
2023-06-15,DEM,../DSMs/2023-06-15_DEM.tif,2025-11-19T16:07:38.654815Z,4.10.dev245+g4144cef28,603_27,gray_frequencies,0,96.0
2023-06-15,DEM,../DSMs/2023-06-15_DEM.tif,2025-11-19T16:07:38.654815Z,4.10.dev245+g4144cef28,603_27,gray_frequencies,5742,108.80000000000001
2023-06-15,DEM,../DSMs/2023-06-15_DEM.tif,2025-11-19T16:07:38.654815Z,4.10.dev245+g4144cef28,603_27,gray_frequencies,6763,121.6
2023-06-15,DEM,../DSMs/2023-06-15_DEM.tif,2025-11-19T16:07:38.654815Z,4.10.dev245+g4144cef28,603_27,gray_frequencies,2047,134.4
2023-06-15,DEM,../DSMs/2023-06-15_DEM.tif,2025-11-19T16:07:38.654815Z,4.10.dev245+g4144cef28,603_27,gray_frequencies,0,147.20000000000002
2023-06-15,DEM,../DSMs/2023-06-15_DEM.tif,2025-11-19T16:07:38.654815Z,4.10.dev245+g4144cef28,603_27,gray_frequencies,0,160.0
2023-06-15,DEM,../DSMs/2023-06-15_DEM.tif,2025-11-19T16:07:38.654815Z,4.10.dev245+g4144cef28,603_27,gray_frequencies,0,172.8
2023-06-15,DEM,../DSMs/2023-06-15_DEM.tif,2025-11-19T16:07:38.654815Z,4.10.dev245+g4144cef28,603_27,gray_frequencies,0,185.60000000000002
2023-06-15,DEM,../DSMs/2023-06-15_DEM.tif,2025-11-19T16:07:38.654815Z,4.10.dev245+g4144cef28,603_27,gray_frequencies,0,198.4
2023-06-15,DEM,../DSMs/2023-06-15_DEM.tif,2025-11-19T16:07:38.654815Z,4.10.dev245+g4144cef28,603_27,gray_frequencies,0,211.20000000000002
2023-06-15,DEM,../DSMs/2023-06-15_DEM.tif,2025-11-19T16:07:38.654815Z,4.10.dev245+g4144cef28,603_27,gray_frequencies,0,224.0
2023-06-15,DEM,../DSMs/2023-06-15_DEM.tif,2025-11-19T16:07:38.654815Z,4.10.dev245+g4144cef28,603_27,gray_frequencies,0,236.8
2023-06-15,DEM,../DSMs/2023-06-15_DEM.tif,2025-11-19T16:07:38.654815Z,4.10.dev245+g4144cef28,603_27,gray_frequencies,0,249.60000000000002
2023-06-21,DEM,../DSMs/2023-06-21_DEM.tif,2025-11-19T16:07:38.169808Z,4.10.dev245+g4144cef28,default_101,gray_frequencies,NA,NA
2023-06-21,DEM,../DSMs/2023-06-21_DEM.tif,2025-11-19T16:07:38.169808Z,4.10.dev245+g4144cef28,default_201,gray_frequencies,NA,NA
2023-06-21,DEM,../DSMs/2023-06-21_DEM.tif,2025-11-19T16:07:38.169808Z,4.10.dev245+g4144cef28,default_301,gray_frequencies,NA,NA
2023-06-21,DEM,../DSMs/2023-06-21_DEM.tif,2025-11-19T16:07:38.169808Z,4.10.dev245+g4144cef28,default_401,gray_frequencies,NA,NA
2023-06-21,DEM,../DSMs/2023-06-21_DEM.tif,2025-11-19T16:07:38.169808Z,4.10.dev245+g4144cef28,default_501,gray_frequencies,NA,NA
2023-06-21,DEM,../DSMs/2023-06-21_DEM.tif,2025-11-19T16:07:38.169808Z,4.10.dev245+g4144cef28,default_901,gray_frequencies,NA,NA
2023-06-21,DEM,../DSMs/2023-06-21_DEM.tif,2025-11-19T16:07:38.169808Z,4.10.dev245+g4144cef28,default_701,gray_frequencies,NA,NA
2023-06-21,DEM,../DSMs/2023-06-21_DEM.tif,2025-11-19T16:07:38.169808Z,4.10.dev245+g4144cef28,default_801,gray_frequencies,NA,NA
2023-06-21,DEM,../DSMs/2023-06-21_DEM.tif,2025-11-19T16:07:38.169808Z,4.10.dev245+g4144cef28,default_601,gray_frequencies,NA,NA
2023-06-21,DEM,../DSMs/2023-06-21_DEM.tif,2025-11-19T16:07:38.169808Z,4.10.dev245+g4144cef28,default_502,gray_frequencies,NA,NA
2023-06-21,DEM,../DSMs/2023-06-21_DEM.tif,2025-11-19T16:07:38.169808Z,4.10.dev245+g4144cef28,default_402,gray_frequencies,NA,NA
2023-06-21,DEM,../DSMs/2023-06-21_DEM.tif,2025-11-19T16:07:38.169808Z,4.10.dev245+g4144cef28,default_102,gray_frequencies,NA,NA
2023-06-21,DEM,../DSMs/2023-06-21_DEM.tif,2025-11-19T16:07:38.169808Z,4.10.dev245+g4144cef28,default_702,gray_frequencies,NA,NA
2023-06-21,DEM,../DSMs/2023-06-21_DEM.tif,2025-11-19T16:07:38.169808Z,4.10.dev245+g4144cef28,default_202,gray_frequencies,NA,NA
2023-06-21,DEM,../DSMs/2023-06-21_DEM.tif,2025-11-19T16:07:38.169808Z,4.10.dev245+g4144cef28,default_602,gray_frequencies,NA,NA
2023-06-21,DEM,../DSMs/2023-06-21_DEM.tif,2025-11-19T16:07:38.169808Z,4.10.dev245+g4144cef28,default_802,gray_frequencies,NA,NA
2023-06-21,DEM,../DSMs/2023-06-21_DEM.tif,2025-11-19T16:07:38.169808Z,4.10.dev245+g4144cef28,default_302,gray_frequencies,NA,NA
2023-06-21,DEM,../DSMs/2023-06-21_DEM.tif,2025-11-19T16:07:38.169808Z,4.10.dev245+g4144cef28,default_902,gray_frequencies,NA,NA
2023-06-21,DEM,../DSMs/2023-06-21_DEM.tif,2025-11-19T16:07:38.169808Z,4.10.dev245+g4144cef28,default_703,gray_frequencies,NA,NA
2023-06-21,DEM,../DSMs/2023-06-21_DEM.tif,2025-11-19T16:07:38.169808Z,4.10.dev245+g4144cef28,default_103,gray_frequencies,NA,NA
2023-06-21,DEM,../DSMs/2023-06-21_DEM.tif,2025-11-19T16:07:38.169808Z,4.10.dev245+g4144cef28,default_203,gray_frequencies,NA,NA
2023-06-21,DEM,../DSMs/2023-06-21_DEM.tif,2025-11-19T16:07:38.169808Z,4.10.dev245+g4144cef28,default_803,gray_frequencies,NA,NA
2023-06-21,DEM,../DSMs/2023-06-21_DEM.tif,2025-11-19T16:07:38.169808Z,4.10.dev245+g4144cef28,default_303,gray_frequencies,NA,NA
2023-06-21,DEM,../DSMs/2023-06-21_DEM.tif,2025-11-19T16:07:38.169808Z,4.10.dev245+g4144cef28,default_903,gray_frequencies,NA,NA
2023-06-21,DEM,../DSMs/2023-06-21_DEM.tif,2025-11-19T16:07:38.169808Z,4.10.dev245+g4144cef28,default_403,gray_frequencies,NA,NA
2023-06-21,DEM,../DSMs/2023-06-21_DEM.tif,2025-11-19T16:07:38.169808Z,4.10.dev245+g4144cef28,default_503,gray_frequencies,NA,NA
2023-06-21,DEM,../DSMs/2023-06-21_DEM.tif,2025-11-19T16:07:38.169808Z,4.10.dev245+g4144cef28,default_603,gray_frequencies,NA,NA
2023-06-21,DEM,../DSMs/2023-06-21_DEM.tif,2025-11-19T16:07:38.169808Z,4.10.dev245+g4144cef28,101_1,gray_frequencies,0,6.4
2023-06-21,DEM,../DSMs/2023-06-21_DEM.tif,2025-11-19T16:07:38.169808Z,4.10.dev245+g4144cef28,101_1,gray_frequencies,0,19.200000000000003
2023-06-21,DEM,../DSMs/2023-06-21_DEM.tif,2025-11-19T16:07:38.169808Z,4.10.dev245+g4144cef28,101_1,gray_frequencies,0,32.0
2023-06-21,DEM,../DSMs/2023-06-21_DEM.tif,2025-11-19T16:07:38.169808Z,4.10.dev245+g4144cef28,101_1,gray_frequencies,0,44.800000000000004
2023-06-21,DEM,../DSMs/2023-06-21_DEM.tif,2025-11-19T16:07:38.169808Z,4.10.dev245+g4144cef28,101_1,gray_frequencies,0,57.6
2023-06-21,DEM,../DSMs/2023-06-21_DEM.tif,2025-11-19T16:07:38.169808Z,4.10.dev245+g4144cef28,101_1,gray_frequencies,0,70.4
2023-06-21,DEM,../DSMs/2023-06-21_DEM.tif,2025-11-19T16:07:38.169808Z,4.10.dev245+g4144cef28,101_1,gray_frequencies,0,83.20000000000002
2023-06-21,DEM,../DSMs/2023-06-21_DEM.tif,2025-11-19T16:07:38.169808Z,4.10.dev245+g4144cef28,101_1,gray_frequencies,0,96.0
2023-06-21,DEM,../DSMs/2023-06-21_DEM.tif,2025-11-19T16:07:38.169808Z,4.10.dev245+g4144cef28,101_1,gray_frequencies,3410,108.80000000000001
2023-06-21,DEM,../DSMs/2023-06-21_DEM.tif,2025-11-19T16:07:38.169808Z,4.10.dev245+g4144cef28,101_1,gray_frequencies,4876,121.6
2023-06-21,DEM,../DSMs/2023-06-21_DEM.tif,2025-11-19T16:07:38.169808Z,4.10.dev245+g4144cef28,101_1,gray_frequencies,5982,134.4
2023-06-21,DEM,../DSMs/2023-06-21_DEM.tif,2025-11-19T16:07:38.169808Z,4.10.dev245+g4144cef28,101_1,gray_frequencies,25,147.20000000000002
2023-06-21,DEM,../DSMs/2023-06-21_DEM.tif,2025-11-19T16:07:38.169808Z,4.10.dev245+g4144cef28,101_1,gray_frequencies,0,160.0
2023-06-21,DEM,../DSMs/2023-06-21_DEM.tif,2025-11-19T16:07:38.169808Z,4.10.dev245+g4144cef28,101_1,gray_frequencies,0,172.8
2023-06-21,DEM,../DSMs/2023-06-21_DEM.tif,2025-11-19T16:07:38.169808Z,4.10.dev245+g4144cef28,101_1,gray_frequencies,0,185.60000000000002
2023-06-21,DEM,../DSMs/2023-06-21_DEM.tif,2025-11-19T16:07:38.169808Z,4.10.dev245+g4144cef28,101_1,gray_frequencies,0,198.4
2023-06-21,DEM,../DSMs/2023-06-21_DEM.tif,2025-11-19T16:07:38.169808Z,4.10.dev245+g4144cef28,101_1,gray_frequencies,0,211.20000000000002
2023-06-21,DEM,../DSMs/2023-06-21_DEM.tif,2025-11-19T16:07:38.169808Z,4.10.dev245+g4144cef28,101_1,gray_frequencies,0,224.0
2023-06-21,DEM,../DSMs/2023-06-21_DEM.tif,2025-11-19T16:07:38.169808Z,4.10.dev245+g4144cef28,101_1,gray_frequencies,0,236.8
2023-06-21,DEM,../DSMs/2023-06-21_DEM.tif,2025-11-19T16:07:38.169808Z,4.10.dev245+g4144cef28,101_1,gray_frequencies,0,249.60000000000002
2023-06-21,DEM,../DSMs/2023-06-21_DEM.tif,2025-11-19T16:07:38.169808Z,4.10.dev245+g4144cef28,201_2,gray_frequencies,0,6.4
2023-06-21,DEM,../DSMs/2023-06-21_DEM.tif,2025-11-19T16:07:38.169808Z,4.10.dev245+g4144cef28,201_2,gray_frequencies,0,19.200000000000003
2023-06-21,DEM,../DSMs/2023-06-21_DEM.tif,2025-11-19T16:07:38.169808Z,4.10.dev245+g4144cef28,201_2,gray_frequencies,0,32.0
2023-06-21,DEM,../DSMs/2023-06-21_DEM.tif,2025-11-19T16:07:38.169808Z,4.10.dev245+g4144cef28,201_2,gray_frequencies,0,44.800000000000004
2023-06-21,DEM,../DSMs/2023-06-21_DEM.tif,2025-11-19T16:07:38.169808Z,4.10.dev245+g4144cef28,201_2,gray_frequencies,0,57.6
2023-06-21,DEM,../DSMs/2023-06-21_DEM.tif,2025-11-19T16:07:38.169808Z,4.10.dev245+g4144cef28,201_2,gray_frequencies,0,70.4
2023-06-21,DEM,../DSMs/2023-06-21_DEM.tif,2025-11-19T16:07:38.169808Z,4.10.dev245+g4144cef28,201_2,gray_frequencies,0,83.20000000000002
2023-06-21,DEM,../DSMs/2023-06-21_DEM.tif,2025-11-19T16:07:38.169808Z,4.10.dev245+g4144cef28,201_2,gray_frequencies,0,96.0
2023-06-21,DEM,../DSMs/2023-06-21_DEM.tif,2025-11-19T16:07:38.169808Z,4.10.dev245+g4144cef28,201_2,gray_frequencies,3339,108.80000000000001
2023-06-21,DEM,../DSMs/2023-06-21_DEM.tif,2025-11-19T16:07:38.169808Z,4.10.dev245+g4144cef28,201_2,gray_frequencies,5898,121.6
2023-06-21,DEM,../DSMs/2023-06-21_DEM.tif,2025-11-19T16:07:38.169808Z,4.10.dev245+g4144cef28,201_2,gray_frequencies,3838,134.4
2023-06-21,DEM,../DSMs/2023-06-21_DEM.tif,2025-11-19T16:07:38.169808Z,4.10.dev245+g4144cef28,201_2,gray_frequencies,0,147.20000000000002
2023-06-21,DEM,../DSMs/2023-06-21_DEM.tif,2025-11-19T16:07:38.169808Z,4.10.dev245+g4144cef28,201_2,gray_frequencies,0,160.0
2023-06-21,DEM,../DSMs/2023-06-21_DEM.tif,2025-11-19T16:07:38.169808Z,4.10.dev245+g4144cef28,201_2,gray_frequencies,0,172.8
2023-06-21,DEM,../DSMs/2023-06-21_DEM.tif,2025-11-19T16:07:38.169808Z,4.10.dev245+g4144cef28,201_2,gray_frequencies,0,185.60000000000002
2023-06-21,DEM,../DSMs/2023-06-21_DEM.tif,2025-11-19T16:07:38.169808Z,4.10.dev245+g4144cef28,201_2,gray_frequencies,0,198.4
2023-06-21,DEM,../DSMs/2023-06-21_DEM.tif,2025-11-19T16:07:38.169808Z,4.10.dev245+g4144cef28,201_2,gray_frequencies,0,211.20000000000002
2023-06-21,DEM,../DSMs/2023-06-21_DEM.tif,2025-11-19T16:07:38.169808Z,4.10.dev245+g4144cef28,201_2,gray_frequencies,0,224.0
2023-06-21,DEM,../DSMs/2023-06-21_DEM.tif,2025-11-19T16:07:38.169808Z,4.10.dev245+g4144cef28,201_2,gray_frequencies,0,236.8
2023-06-21,DEM,../DSMs/2023-06-21_DEM.tif,2025-11-19T16:07:38.169808Z,4.10.dev245+g4144cef28,201_2,gray_frequencies,0,249.60000000000002
2023-06-21,DEM,../DSMs/2023-06-21_DEM.tif,2025-11-19T16:07:38.169808Z,4.10.dev245+g4144cef28,301_3,gray_frequencies,0,6.4
2023-06-21,DEM,../DSMs/2023-06-21_DEM.tif,2025-11-19T16:07:38.169808Z,4.10.dev245+g4144cef28,301_3,gray_frequencies,0,19.200000000000003
2023-06-21,DEM,../DSMs/2023-06-21_DEM.tif,2025-11-19T16:07:38.169808Z,4.10.dev245+g4144cef28,301_3,gray_frequencies,0,32.0
2023-06-21,DEM,../DSMs/2023-06-21_DEM.tif,2025-11-19T16:07:38.169808Z,4.10.dev245+g4144cef28,301_3,gray_frequencies,0,44.800000000000004
2023-06-21,DEM,../DSMs/2023-06-21_DEM.tif,2025-11-19T16:07:38.169808Z,4.10.dev245+g4144cef28,301_3,gray_frequencies,0,57.6
2023-06-21,DEM,../DSMs/2023-06-21_DEM.tif,2025-11-19T16:07:38.169808Z,4.10.dev245+g4144cef28,301_3,gray_frequencies,0,70.4
2023-06-21,DEM,../DSMs/2023-06-21_DEM.tif,2025-11-19T16:07:38.169808Z,4.10.dev245+g4144cef28,301_3,gray_frequencies,0,83.20000000000002
2023-06-21,DEM,../DSMs/2023-06-21_DEM.tif,2025-11-19T16:07:38.169808Z,4.10.dev245+g4144cef28,301_3,gray_frequencies,1510,96.0
2023-06-21,DEM,../DSMs/2023-06-21_DEM.tif,2025-11-19T16:07:38.169808Z,4.10.dev245+g4144cef28,301_3,gray_frequencies,4735,108.80000000000001
2023-06-21,DEM,../DSMs/2023-06-21_DEM.tif,2025-11-19T16:07:38.169808Z,4.10.dev245+g4144cef28,301_3,gray_frequencies,6444,121.6
2023-06-21,DEM,../DSMs/2023-06-21_DEM.tif,2025-11-19T16:07:38.169808Z,4.10.dev245+g4144cef28,301_3,gray_frequencies,945,134.4
2023-06-21,DEM,../DSMs/2023-06-21_DEM.tif,2025-11-19T16:07:38.169808Z,4.10.dev245+g4144cef28,301_3,gray_frequencies,0,147.20000000000002
2023-06-21,DEM,../DSMs/2023-06-21_DEM.tif,2025-11-19T16:07:38.169808Z,4.10.dev245+g4144cef28,301_3,gray_frequencies,0,160.0
2023-06-21,DEM,../DSMs/2023-06-21_DEM.tif,2025-11-19T16:07:38.169808Z,4.10.dev245+g4144cef28,301_3,gray_frequencies,0,172.8
2023-06-21,DEM,../DSMs/2023-06-21_DEM.tif,2025-11-19T16:07:38.169808Z,4.10.dev245+g4144cef28,301_3,gray_frequencies,0,185.60000000000002
2023-06-21,DEM,../DSMs/2023-06-21_DEM.tif,2025-11-19T16:07:38.169808Z,4.10.dev245+g4144cef28,301_3,gray_frequencies,0,198.4
2023-06-21,DEM,../DSMs/2023-06-21_DEM.tif,2025-11-19T16:07:38.169808Z,4.10.dev245+g4144cef28,301_3,gray_frequencies,0,211.20000000000002
2023-06-21,DEM,../DSMs/2023-06-21_DEM.tif,2025-11-19T16:07:38.169808Z,4.10.dev245+g4144cef28,301_3,gray_frequencies,0,224.0
2023-06-21,DEM,../DSMs/2023-06-21_DEM.tif,2025-11-19T16:07:38.169808Z,4.10.dev245+g4144cef28,301_3,gray_frequencies,0,236.8
2023-06-21,DEM,../DSMs/2023-06-21_DEM.tif,2025-11-19T16:07:38.169808Z,4.10.dev245+g4144cef28,301_3,gray_frequencies,0,249.60000000000002
2023-06-21,DEM,../DSMs/2023-06-21_DEM.tif,2025-11-19T16:07:38.169808Z,4.10.dev245+g4144cef28,401_4,gray_frequencies,0,6.4
2023-06-21,DEM,../DSMs/2023-06-21_DEM.tif,2025-11-19T16:07:38.169808Z,4.10.dev245+g4144cef28,401_4,gray_frequencies,0,19.200000000000003
2023-06-21,DEM,../DSMs/2023-06-21_DEM.tif,2025-11-19T16:07:38.169808Z,4.10.dev245+g4144cef28,401_4,gray_frequencies,0,32.0
2023-06-21,DEM,../DSMs/2023-06-21_DEM.tif,2025-11-19T16:07:38.169808Z,4.10.dev245+g4144cef28,401_4,gray_frequencies,0,44.800000000000004
2023-06-21,DEM,../DSMs/2023-06-21_DEM.tif,2025-11-19T16:07:38.169808Z,4.10.dev245+g4144cef28,401_4,gray_frequencies,0,57.6
2023-06-21,DEM,../DSMs/2023-06-21_DEM.tif,2025-11-19T16:07:38.169808Z,4.10.dev245+g4144cef28,401_4,gray_frequencies,0,70.4
2023-06-21,DEM,../DSMs/2023-06-21_DEM.tif,2025-11-19T16:07:38.169808Z,4.10.dev245+g4144cef28,401_4,gray_frequencies,0,83.20000000000002
2023-06-21,DEM,../DSMs/2023-06-21_DEM.tif,2025-11-19T16:07:38.169808Z,4.10.dev245+g4144cef28,401_4,gray_frequencies,0,96.0
2023-06-21,DEM,../DSMs/2023-06-21_DEM.tif,2025-11-19T16:07:38.169808Z,4.10.dev245+g4144cef28,401_4,gray_frequencies,0,108.80000000000001
2023-06-21,DEM,../DSMs/2023-06-21_DEM.tif,2025-11-19T16:07:38.169808Z,4.10.dev245+g4144cef28,401_4,gray_frequencies,0,121.6
2023-06-21,DEM,../DSMs/2023-06-21_DEM.tif,2025-11-19T16:07:38.169808Z,4.10.dev245+g4144cef28,401_4,gray_frequencies,825,134.4
2023-06-21,DEM,../DSMs/2023-06-21_DEM.tif,2025-11-19T16:07:38.169808Z,4.10.dev245+g4144cef28,401_4,gray_frequencies,6081,147.20000000000002
2023-06-21,DEM,../DSMs/2023-06-21_DEM.tif,2025-11-19T16:07:38.169808Z,4.10.dev245+g4144cef28,401_4,gray_frequencies,6233,160.0
2023-06-21,DEM,../DSMs/2023-06-21_DEM.tif,2025-11-19T16:07:38.169808Z,4.10.dev245+g4144cef28,401_4,gray_frequencies,170,172.8
2023-06-21,DEM,../DSMs/2023-06-21_DEM.tif,2025-11-19T16:07:38.169808Z,4.10.dev245+g4144cef28,401_4,gray_frequencies,0,185.60000000000002
2023-06-21,DEM,../DSMs/2023-06-21_DEM.tif,2025-11-19T16:07:38.169808Z,4.10.dev245+g4144cef28,401_4,gray_frequencies,0,198.4
2023-06-21,DEM,../DSMs/2023-06-21_DEM.tif,2025-11-19T16:07:38.169808Z,4.10.dev245+g4144cef28,401_4,gray_frequencies,0,211.20000000000002
2023-06-21,DEM,../DSMs/2023-06-21_DEM.tif,2025-11-19T16:07:38.169808Z,4.10.dev245+g4144cef28,401_4,gray_frequencies,0,224.0
2023-06-21,DEM,../DSMs/2023-06-21_DEM.tif,2025-11-19T16:07:38.169808Z,4.10.dev245+g4144cef28,401_4,gray_frequencies,0,236.8
2023-06-21,DEM,../DSMs/2023-06-21_DEM.tif,2025-11-19T16:07:38.169808Z,4.10.dev245+g4144cef28,401_4,gray_frequencies,0,249.60000000000002
2023-06-21,DEM,../DSMs/2023-06-21_DEM.tif,2025-11-19T16:07:38.169808Z,4.10.dev245+g4144cef28,501_5,gray_frequencies,0,6.4
2023-06-21,DEM,../DSMs/2023-06-21_DEM.tif,2025-11-19T16:07:38.169808Z,4.10.dev245+g4144cef28,501_5,gray_frequencies,0,19.200000000000003
2023-06-21,DEM,../DSMs/2023-06-21_DEM.tif,2025-11-19T16:07:38.169808Z,4.10.dev245+g4144cef28,501_5,gray_frequencies,0,32.0
2023-06-21,DEM,../DSMs/2023-06-21_DEM.tif,2025-11-19T16:07:38.169808Z,4.10.dev245+g4144cef28,501_5,gray_frequencies,0,44.800000000000004
2023-06-21,DEM,../DSMs/2023-06-21_DEM.tif,2025-11-19T16:07:38.169808Z,4.10.dev245+g4144cef28,501_5,gray_frequencies,0,57.6
2023-06-21,DEM,../DSMs/2023-06-21_DEM.tif,2025-11-19T16:07:38.169808Z,4.10.dev245+g4144cef28,501_5,gray_frequencies,0,70.4
2023-06-21,DEM,../DSMs/2023-06-21_DEM.tif,2025-11-19T16:07:38.169808Z,4.10.dev245+g4144cef28,501_5,gray_frequencies,0,83.20000000000002
2023-06-21,DEM,../DSMs/2023-06-21_DEM.tif,2025-11-19T16:07:38.169808Z,4.10.dev245+g4144cef28,501_5,gray_frequencies,0,96.0
2023-06-21,DEM,../DSMs/2023-06-21_DEM.tif,2025-11-19T16:07:38.169808Z,4.10.dev245+g4144cef28,501_5,gray_frequencies,0,108.80000000000001
2023-06-21,DEM,../DSMs/2023-06-21_DEM.tif,2025-11-19T16:07:38.169808Z,4.10.dev245+g4144cef28,501_5,gray_frequencies,0,121.6
2023-06-21,DEM,../DSMs/2023-06-21_DEM.tif,2025-11-19T16:07:38.169808Z,4.10.dev245+g4144cef28,501_5,gray_frequencies,490,134.4
2023-06-21,DEM,../DSMs/2023-06-21_DEM.tif,2025-11-19T16:07:38.169808Z,4.10.dev245+g4144cef28,501_5,gray_frequencies,5810,147.20000000000002
2023-06-21,DEM,../DSMs/2023-06-21_DEM.tif,2025-11-19T16:07:38.169808Z,4.10.dev245+g4144cef28,501_5,gray_frequencies,6379,160.0
2023-06-21,DEM,../DSMs/2023-06-21_DEM.tif,2025-11-19T16:07:38.169808Z,4.10.dev245+g4144cef28,501_5,gray_frequencies,645,172.8
2023-06-21,DEM,../DSMs/2023-06-21_DEM.tif,2025-11-19T16:07:38.169808Z,4.10.dev245+g4144cef28,501_5,gray_frequencies,0,185.60000000000002
2023-06-21,DEM,../DSMs/2023-06-21_DEM.tif,2025-11-19T16:07:38.169808Z,4.10.dev245+g4144cef28,501_5,gray_frequencies,0,198.4
2023-06-21,DEM,../DSMs/2023-06-21_DEM.tif,2025-11-19T16:07:38.169808Z,4.10.dev245+g4144cef28,501_5,gray_frequencies,0,211.20000000000002
2023-06-21,DEM,../DSMs/2023-06-21_DEM.tif,2025-11-19T16:07:38.169808Z,4.10.dev245+g4144cef28,501_5,gray_frequencies,0,224.0
2023-06-21,DEM,../DSMs/2023-06-21_DEM.tif,2025-11-19T16:07:38.169808Z,4.10.dev245+g4144cef28,501_5,gray_frequencies,0,236.8
2023-06-21,DEM,../DSMs/2023-06-21_DEM.tif,2025-11-19T16:07:38.169808Z,4.10.dev245+g4144cef28,501_5,gray_frequencies,0,249.60000000000002
2023-06-21,DEM,../DSMs/2023-06-21_DEM.tif,2025-11-19T16:07:38.169808Z,4.10.dev245+g4144cef28,901_6,gray_frequencies,0,6.4
2023-06-21,DEM,../DSMs/2023-06-21_DEM.tif,2025-11-19T16:07:38.169808Z,4.10.dev245+g4144cef28,901_6,gray_frequencies,0,19.200000000000003
2023-06-21,DEM,../DSMs/2023-06-21_DEM.tif,2025-11-19T16:07:38.169808Z,4.10.dev245+g4144cef28,901_6,gray_frequencies,0,32.0
2023-06-21,DEM,../DSMs/2023-06-21_DEM.tif,2025-11-19T16:07:38.169808Z,4.10.dev245+g4144cef28,901_6,gray_frequencies,0,44.800000000000004
2023-06-21,DEM,../DSMs/2023-06-21_DEM.tif,2025-11-19T16:07:38.169808Z,4.10.dev245+g4144cef28,901_6,gray_frequencies,0,57.6
2023-06-21,DEM,../DSMs/2023-06-21_DEM.tif,2025-11-19T16:07:38.169808Z,4.10.dev245+g4144cef28,901_6,gray_frequencies,0,70.4
2023-06-21,DEM,../DSMs/2023-06-21_DEM.tif,2025-11-19T16:07:38.169808Z,4.10.dev245+g4144cef28,901_6,gray_frequencies,0,83.20000000000002
2023-06-21,DEM,../DSMs/2023-06-21_DEM.tif,2025-11-19T16:07:38.169808Z,4.10.dev245+g4144cef28,901_6,gray_frequencies,0,96.0
2023-06-21,DEM,../DSMs/2023-06-21_DEM.tif,2025-11-19T16:07:38.169808Z,4.10.dev245+g4144cef28,901_6,gray_frequencies,0,108.80000000000001
2023-06-21,DEM,../DSMs/2023-06-21_DEM.tif,2025-11-19T16:07:38.169808Z,4.10.dev245+g4144cef28,901_6,gray_frequencies,0,121.6
2023-06-21,DEM,../DSMs/2023-06-21_DEM.tif,2025-11-19T16:07:38.169808Z,4.10.dev245+g4144cef28,901_6,gray_frequencies,2258,134.4
2023-06-21,DEM,../DSMs/2023-06-21_DEM.tif,2025-11-19T16:07:38.169808Z,4.10.dev245+g4144cef28,901_6,gray_frequencies,6100,147.20000000000002
2023-06-21,DEM,../DSMs/2023-06-21_DEM.tif,2025-11-19T16:07:38.169808Z,4.10.dev245+g4144cef28,901_6,gray_frequencies,4823,160.0
2023-06-21,DEM,../DSMs/2023-06-21_DEM.tif,2025-11-19T16:07:38.169808Z,4.10.dev245+g4144cef28,901_6,gray_frequencies,11,172.8
2023-06-21,DEM,../DSMs/2023-06-21_DEM.tif,2025-11-19T16:07:38.169808Z,4.10.dev245+g4144cef28,901_6,gray_frequencies,0,185.60000000000002
2023-06-21,DEM,../DSMs/2023-06-21_DEM.tif,2025-11-19T16:07:38.169808Z,4.10.dev245+g4144cef28,901_6,gray_frequencies,0,198.4
2023-06-21,DEM,../DSMs/2023-06-21_DEM.tif,2025-11-19T16:07:38.169808Z,4.10.dev245+g4144cef28,901_6,gray_frequencies,0,211.20000000000002
2023-06-21,DEM,../DSMs/2023-06-21_DEM.tif,2025-11-19T16:07:38.169808Z,4.10.dev245+g4144cef28,901_6,gray_frequencies,0,224.0
2023-06-21,DEM,../DSMs/2023-06-21_DEM.tif,2025-11-19T16:07:38.169808Z,4.10.dev245+g4144cef28,901_6,gray_frequencies,0,236.8
2023-06-21,DEM,../DSMs/2023-06-21_DEM.tif,2025-11-19T16:07:38.169808Z,4.10.dev245+g4144cef28,901_6,gray_frequencies,0,249.60000000000002
2023-06-21,DEM,../DSMs/2023-06-21_DEM.tif,2025-11-19T16:07:38.169808Z,4.10.dev245+g4144cef28,701_7,gray_frequencies,0,6.4
2023-06-21,DEM,../DSMs/2023-06-21_DEM.tif,2025-11-19T16:07:38.169808Z,4.10.dev245+g4144cef28,701_7,gray_frequencies,0,19.200000000000003
2023-06-21,DEM,../DSMs/2023-06-21_DEM.tif,2025-11-19T16:07:38.169808Z,4.10.dev245+g4144cef28,701_7,gray_frequencies,0,32.0
2023-06-21,DEM,../DSMs/2023-06-21_DEM.tif,2025-11-19T16:07:38.169808Z,4.10.dev245+g4144cef28,701_7,gray_frequencies,0,44.800000000000004
2023-06-21,DEM,../DSMs/2023-06-21_DEM.tif,2025-11-19T16:07:38.169808Z,4.10.dev245+g4144cef28,701_7,gray_frequencies,0,57.6
2023-06-21,DEM,../DSMs/2023-06-21_DEM.tif,2025-11-19T16:07:38.169808Z,4.10.dev245+g4144cef28,701_7,gray_frequencies,0,70.4
2023-06-21,DEM,../DSMs/2023-06-21_DEM.tif,2025-11-19T16:07:38.169808Z,4.10.dev245+g4144cef28,701_7,gray_frequencies,0,83.20000000000002
2023-06-21,DEM,../DSMs/2023-06-21_DEM.tif,2025-11-19T16:07:38.169808Z,4.10.dev245+g4144cef28,701_7,gray_frequencies,0,96.0
2023-06-21,DEM,../DSMs/2023-06-21_DEM.tif,2025-11-19T16:07:38.169808Z,4.10.dev245+g4144cef28,701_7,gray_frequencies,0,108.80000000000001
2023-06-21,DEM,../DSMs/2023-06-21_DEM.tif,2025-11-19T16:07:38.169808Z,4.10.dev245+g4144cef28,701_7,gray_frequencies,0,121.6
2023-06-21,DEM,../DSMs/2023-06-21_DEM.tif,2025-11-19T16:07:38.169808Z,4.10.dev245+g4144cef28,701_7,gray_frequencies,0,134.4
2023-06-21,DEM,../DSMs/2023-06-21_DEM.tif,2025-11-19T16:07:38.169808Z,4.10.dev245+g4144cef28,701_7,gray_frequencies,0,147.20000000000002
2023-06-21,DEM,../DSMs/2023-06-21_DEM.tif,2025-11-19T16:07:38.169808Z,4.10.dev245+g4144cef28,701_7,gray_frequencies,88,160.0
2023-06-21,DEM,../DSMs/2023-06-21_DEM.tif,2025-11-19T16:07:38.169808Z,4.10.dev245+g4144cef28,701_7,gray_frequencies,7010,172.8
2023-06-21,DEM,../DSMs/2023-06-21_DEM.tif,2025-11-19T16:07:38.169808Z,4.10.dev245+g4144cef28,701_7,gray_frequencies,5237,185.60000000000002
2023-06-21,DEM,../DSMs/2023-06-21_DEM.tif,2025-11-19T16:07:38.169808Z,4.10.dev245+g4144cef28,701_7,gray_frequencies,65,198.4
2023-06-21,DEM,../DSMs/2023-06-21_DEM.tif,2025-11-19T16:07:38.169808Z,4.10.dev245+g4144cef28,701_7,gray_frequencies,0,211.20000000000002
2023-06-21,DEM,../DSMs/2023-06-21_DEM.tif,2025-11-19T16:07:38.169808Z,4.10.dev245+g4144cef28,701_7,gray_frequencies,0,224.0
2023-06-21,DEM,../DSMs/2023-06-21_DEM.tif,2025-11-19T16:07:38.169808Z,4.10.dev245+g4144cef28,701_7,gray_frequencies,0,236.8
2023-06-21,DEM,../DSMs/2023-06-21_DEM.tif,2025-11-19T16:07:38.169808Z,4.10.dev245+g4144cef28,701_7,gray_frequencies,0,249.60000000000002
2023-06-21,DEM,../DSMs/2023-06-21_DEM.tif,2025-11-19T16:07:38.169808Z,4.10.dev245+g4144cef28,801_8,gray_frequencies,0,6.4
2023-06-21,DEM,../DSMs/2023-06-21_DEM.tif,2025-11-19T16:07:38.169808Z,4.10.dev245+g4144cef28,801_8,gray_frequencies,0,19.200000000000003
2023-06-21,DEM,../DSMs/2023-06-21_DEM.tif,2025-11-19T16:07:38.169808Z,4.10.dev245+g4144cef28,801_8,gray_frequencies,0,32.0
2023-06-21,DEM,../DSMs/2023-06-21_DEM.tif,2025-11-19T16:07:38.169808Z,4.10.dev245+g4144cef28,801_8,gray_frequencies,0,44.800000000000004
2023-06-21,DEM,../DSMs/2023-06-21_DEM.tif,2025-11-19T16:07:38.169808Z,4.10.dev245+g4144cef28,801_8,gray_frequencies,0,57.6
2023-06-21,DEM,../DSMs/2023-06-21_DEM.tif,2025-11-19T16:07:38.169808Z,4.10.dev245+g4144cef28,801_8,gray_frequencies,0,70.4
2023-06-21,DEM,../DSMs/2023-06-21_DEM.tif,2025-11-19T16:07:38.169808Z,4.10.dev245+g4144cef28,801_8,gray_frequencies,0,83.20000000000002
2023-06-21,DEM,../DSMs/2023-06-21_DEM.tif,2025-11-19T16:07:38.169808Z,4.10.dev245+g4144cef28,801_8,gray_frequencies,0,96.0
2023-06-21,DEM,../DSMs/2023-06-21_DEM.tif,2025-11-19T16:07:38.169808Z,4.10.dev245+g4144cef28,801_8,gray_frequencies,0,108.80000000000001
2023-06-21,DEM,../DSMs/2023-06-21_DEM.tif,2025-11-19T16:07:38.169808Z,4.10.dev245+g4144cef28,801_8,gray_frequencies,0,121.6
2023-06-21,DEM,../DSMs/2023-06-21_DEM.tif,2025-11-19T16:07:38.169808Z,4.10.dev245+g4144cef28,801_8,gray_frequencies,0,134.4
2023-06-21,DEM,../DSMs/2023-06-21_DEM.tif,2025-11-19T16:07:38.169808Z,4.10.dev245+g4144cef28,801_8,gray_frequencies,0,147.20000000000002
2023-06-21,DEM,../DSMs/2023-06-21_DEM.tif,2025-11-19T16:07:38.169808Z,4.10.dev245+g4144cef28,801_8,gray_frequencies,19,160.0
2023-06-21,DEM,../DSMs/2023-06-21_DEM.tif,2025-11-19T16:07:38.169808Z,4.10.dev245+g4144cef28,801_8,gray_frequencies,7201,172.8
2023-06-21,DEM,../DSMs/2023-06-21_DEM.tif,2025-11-19T16:07:38.169808Z,4.10.dev245+g4144cef28,801_8,gray_frequencies,6120,185.60000000000002
2023-06-21,DEM,../DSMs/2023-06-21_DEM.tif,2025-11-19T16:07:38.169808Z,4.10.dev245+g4144cef28,801_8,gray_frequencies,94,198.4
2023-06-21,DEM,../DSMs/2023-06-21_DEM.tif,2025-11-19T16:07:38.169808Z,4.10.dev245+g4144cef28,801_8,gray_frequencies,0,211.20000000000002
2023-06-21,DEM,../DSMs/2023-06-21_DEM.tif,2025-11-19T16:07:38.169808Z,4.10.dev245+g4144cef28,801_8,gray_frequencies,0,224.0
2023-06-21,DEM,../DSMs/2023-06-21_DEM.tif,2025-11-19T16:07:38.169808Z,4.10.dev245+g4144cef28,801_8,gray_frequencies,0,236.8
2023-06-21,DEM,../DSMs/2023-06-21_DEM.tif,2025-11-19T16:07:38.169808Z,4.10.dev245+g4144cef28,801_8,gray_frequencies,0,249.60000000000002
2023-06-21,DEM,../DSMs/2023-06-21_DEM.tif,2025-11-19T16:07:38.169808Z,4.10.dev245+g4144cef28,601_9,gray_frequencies,0,6.4
2023-06-21,DEM,../DSMs/2023-06-21_DEM.tif,2025-11-19T16:07:38.169808Z,4.10.dev245+g4144cef28,601_9,gray_frequencies,0,19.200000000000003
2023-06-21,DEM,../DSMs/2023-06-21_DEM.tif,2025-11-19T16:07:38.169808Z,4.10.dev245+g4144cef28,601_9,gray_frequencies,0,32.0
2023-06-21,DEM,../DSMs/2023-06-21_DEM.tif,2025-11-19T16:07:38.169808Z,4.10.dev245+g4144cef28,601_9,gray_frequencies,0,44.800000000000004
2023-06-21,DEM,../DSMs/2023-06-21_DEM.tif,2025-11-19T16:07:38.169808Z,4.10.dev245+g4144cef28,601_9,gray_frequencies,0,57.6
2023-06-21,DEM,../DSMs/2023-06-21_DEM.tif,2025-11-19T16:07:38.169808Z,4.10.dev245+g4144cef28,601_9,gray_frequencies,0,70.4
2023-06-21,DEM,../DSMs/2023-06-21_DEM.tif,2025-11-19T16:07:38.169808Z,4.10.dev245+g4144cef28,601_9,gray_frequencies,0,83.20000000000002
2023-06-21,DEM,../DSMs/2023-06-21_DEM.tif,2025-11-19T16:07:38.169808Z,4.10.dev245+g4144cef28,601_9,gray_frequencies,0,96.0
2023-06-21,DEM,../DSMs/2023-06-21_DEM.tif,2025-11-19T16:07:38.169808Z,4.10.dev245+g4144cef28,601_9,gray_frequencies,0,108.80000000000001
2023-06-21,DEM,../DSMs/2023-06-21_DEM.tif,2025-11-19T16:07:38.169808Z,4.10.dev245+g4144cef28,601_9,gray_frequencies,0,121.6
2023-06-21,DEM,../DSMs/2023-06-21_DEM.tif,2025-11-19T16:07:38.169808Z,4.10.dev245+g4144cef28,601_9,gray_frequencies,0,134.4
2023-06-21,DEM,../DSMs/2023-06-21_DEM.tif,2025-11-19T16:07:38.169808Z,4.10.dev245+g4144cef28,601_9,gray_frequencies,0,147.20000000000002
2023-06-21,DEM,../DSMs/2023-06-21_DEM.tif,2025-11-19T16:07:38.169808Z,4.10.dev245+g4144cef28,601_9,gray_frequencies,1103,160.0
2023-06-21,DEM,../DSMs/2023-06-21_DEM.tif,2025-11-19T16:07:38.169808Z,4.10.dev245+g4144cef28,601_9,gray_frequencies,9080,172.8
2023-06-21,DEM,../DSMs/2023-06-21_DEM.tif,2025-11-19T16:07:38.169808Z,4.10.dev245+g4144cef28,601_9,gray_frequencies,3870,185.60000000000002
2023-06-21,DEM,../DSMs/2023-06-21_DEM.tif,2025-11-19T16:07:38.169808Z,4.10.dev245+g4144cef28,601_9,gray_frequencies,0,198.4
2023-06-21,DEM,../DSMs/2023-06-21_DEM.tif,2025-11-19T16:07:38.169808Z,4.10.dev245+g4144cef28,601_9,gray_frequencies,0,211.20000000000002
2023-06-21,DEM,../DSMs/2023-06-21_DEM.tif,2025-11-19T16:07:38.169808Z,4.10.dev245+g4144cef28,601_9,gray_frequencies,0,224.0
2023-06-21,DEM,../DSMs/2023-06-21_DEM.tif,2025-11-19T16:07:38.169808Z,4.10.dev245+g4144cef28,601_9,gray_frequencies,0,236.8
2023-06-21,DEM,../DSMs/2023-06-21_DEM.tif,2025-11-19T16:07:38.169808Z,4.10.dev245+g4144cef28,601_9,gray_frequencies,0,249.60000000000002
2023-06-21,DEM,../DSMs/2023-06-21_DEM.tif,2025-11-19T16:07:38.169808Z,4.10.dev245+g4144cef28,502_10,gray_frequencies,0,6.4
2023-06-21,DEM,../DSMs/2023-06-21_DEM.tif,2025-11-19T16:07:38.169808Z,4.10.dev245+g4144cef28,502_10,gray_frequencies,0,19.200000000000003
2023-06-21,DEM,../DSMs/2023-06-21_DEM.tif,2025-11-19T16:07:38.169808Z,4.10.dev245+g4144cef28,502_10,gray_frequencies,0,32.0
2023-06-21,DEM,../DSMs/2023-06-21_DEM.tif,2025-11-19T16:07:38.169808Z,4.10.dev245+g4144cef28,502_10,gray_frequencies,0,44.800000000000004
2023-06-21,DEM,../DSMs/2023-06-21_DEM.tif,2025-11-19T16:07:38.169808Z,4.10.dev245+g4144cef28,502_10,gray_frequencies,0,57.6
2023-06-21,DEM,../DSMs/2023-06-21_DEM.tif,2025-11-19T16:07:38.169808Z,4.10.dev245+g4144cef28,502_10,gray_frequencies,0,70.4
2023-06-21,DEM,../DSMs/2023-06-21_DEM.tif,2025-11-19T16:07:38.169808Z,4.10.dev245+g4144cef28,502_10,gray_frequencies,0,83.20000000000002
2023-06-21,DEM,../DSMs/2023-06-21_DEM.tif,2025-11-19T16:07:38.169808Z,4.10.dev245+g4144cef28,502_10,gray_frequencies,3307,96.0
2023-06-21,DEM,../DSMs/2023-06-21_DEM.tif,2025-11-19T16:07:38.169808Z,4.10.dev245+g4144cef28,502_10,gray_frequencies,5713,108.80000000000001
2023-06-21,DEM,../DSMs/2023-06-21_DEM.tif,2025-11-19T16:07:38.169808Z,4.10.dev245+g4144cef28,502_10,gray_frequencies,5135,121.6
2023-06-21,DEM,../DSMs/2023-06-21_DEM.tif,2025-11-19T16:07:38.169808Z,4.10.dev245+g4144cef28,502_10,gray_frequencies,20,134.4
2023-06-21,DEM,../DSMs/2023-06-21_DEM.tif,2025-11-19T16:07:38.169808Z,4.10.dev245+g4144cef28,502_10,gray_frequencies,0,147.20000000000002
2023-06-21,DEM,../DSMs/2023-06-21_DEM.tif,2025-11-19T16:07:38.169808Z,4.10.dev245+g4144cef28,502_10,gray_frequencies,0,160.0
2023-06-21,DEM,../DSMs/2023-06-21_DEM.tif,2025-11-19T16:07:38.169808Z,4.10.dev245+g4144cef28,502_10,gray_frequencies,0,172.8
2023-06-21,DEM,../DSMs/2023-06-21_DEM.tif,2025-11-19T16:07:38.169808Z,4.10.dev245+g4144cef28,502_10,gray_frequencies,0,185.60000000000002
2023-06-21,DEM,../DSMs/2023-06-21_DEM.tif,2025-11-19T16:07:38.169808Z,4.10.dev245+g4144cef28,502_10,gray_frequencies,0,198.4
2023-06-21,DEM,../DSMs/2023-06-21_DEM.tif,2025-11-19T16:07:38.169808Z,4.10.dev245+g4144cef28,502_10,gray_frequencies,0,211.20000000000002
2023-06-21,DEM,../DSMs/2023-06-21_DEM.tif,2025-11-19T16:07:38.169808Z,4.10.dev245+g4144cef28,502_10,gray_frequencies,0,224.0
2023-06-21,DEM,../DSMs/2023-06-21_DEM.tif,2025-11-19T16:07:38.169808Z,4.10.dev245+g4144cef28,502_10,gray_frequencies,0,236.8
2023-06-21,DEM,../DSMs/2023-06-21_DEM.tif,2025-11-19T16:07:38.169808Z,4.10.dev245+g4144cef28,502_10,gray_frequencies,0,249.60000000000002
2023-06-21,DEM,../DSMs/2023-06-21_DEM.tif,2025-11-19T16:07:38.169808Z,4.10.dev245+g4144cef28,402_11,gray_frequencies,0,6.4
2023-06-21,DEM,../DSMs/2023-06-21_DEM.tif,2025-11-19T16:07:38.169808Z,4.10.dev245+g4144cef28,402_11,gray_frequencies,0,19.200000000000003
2023-06-21,DEM,../DSMs/2023-06-21_DEM.tif,2025-11-19T16:07:38.169808Z,4.10.dev245+g4144cef28,402_11,gray_frequencies,0,32.0
2023-06-21,DEM,../DSMs/2023-06-21_DEM.tif,2025-11-19T16:07:38.169808Z,4.10.dev245+g4144cef28,402_11,gray_frequencies,0,44.800000000000004
2023-06-21,DEM,../DSMs/2023-06-21_DEM.tif,2025-11-19T16:07:38.169808Z,4.10.dev245+g4144cef28,402_11,gray_frequencies,0,57.6
2023-06-21,DEM,../DSMs/2023-06-21_DEM.tif,2025-11-19T16:07:38.169808Z,4.10.dev245+g4144cef28,402_11,gray_frequencies,0,70.4
2023-06-21,DEM,../DSMs/2023-06-21_DEM.tif,2025-11-19T16:07:38.169808Z,4.10.dev245+g4144cef28,402_11,gray_frequencies,138,83.20000000000002
2023-06-21,DEM,../DSMs/2023-06-21_DEM.tif,2025-11-19T16:07:38.169808Z,4.10.dev245+g4144cef28,402_11,gray_frequencies,5171,96.0
2023-06-21,DEM,../DSMs/2023-06-21_DEM.tif,2025-11-19T16:07:38.169808Z,4.10.dev245+g4144cef28,402_11,gray_frequencies,6607,108.80000000000001
2023-06-21,DEM,../DSMs/2023-06-21_DEM.tif,2025-11-19T16:07:38.169808Z,4.10.dev245+g4144cef28,402_11,gray_frequencies,2245,121.6
2023-06-21,DEM,../DSMs/2023-06-21_DEM.tif,2025-11-19T16:07:38.169808Z,4.10.dev245+g4144cef28,402_11,gray_frequencies,0,134.4
2023-06-21,DEM,../DSMs/2023-06-21_DEM.tif,2025-11-19T16:07:38.169808Z,4.10.dev245+g4144cef28,402_11,gray_frequencies,0,147.20000000000002
2023-06-21,DEM,../DSMs/2023-06-21_DEM.tif,2025-11-19T16:07:38.169808Z,4.10.dev245+g4144cef28,402_11,gray_frequencies,0,160.0
2023-06-21,DEM,../DSMs/2023-06-21_DEM.tif,2025-11-19T16:07:38.169808Z,4.10.dev245+g4144cef28,402_11,gray_frequencies,0,172.8
2023-06-21,DEM,../DSMs/2023-06-21_DEM.tif,2025-11-19T16:07:38.169808Z,4.10.dev245+g4144cef28,402_11,gray_frequencies,0,185.60000000000002
2023-06-21,DEM,../DSMs/2023-06-21_DEM.tif,2025-11-19T16:07:38.169808Z,4.10.dev245+g4144cef28,402_11,gray_frequencies,0,198.4
2023-06-21,DEM,../DSMs/2023-06-21_DEM.tif,2025-11-19T16:07:38.169808Z,4.10.dev245+g4144cef28,402_11,gray_frequencies,0,211.20000000000002
2023-06-21,DEM,../DSMs/2023-06-21_DEM.tif,2025-11-19T16:07:38.169808Z,4.10.dev245+g4144cef28,402_11,gray_frequencies,0,224.0
2023-06-21,DEM,../DSMs/2023-06-21_DEM.tif,2025-11-19T16:07:38.169808Z,4.10.dev245+g4144cef28,402_11,gray_frequencies,0,236.8
2023-06-21,DEM,../DSMs/2023-06-21_DEM.tif,2025-11-19T16:07:38.169808Z,4.10.dev245+g4144cef28,402_11,gray_frequencies,0,249.60000000000002
2023-06-21,DEM,../DSMs/2023-06-21_DEM.tif,2025-11-19T16:07:38.169808Z,4.10.dev245+g4144cef28,102_12,gray_frequencies,0,6.4
2023-06-21,DEM,../DSMs/2023-06-21_DEM.tif,2025-11-19T16:07:38.169808Z,4.10.dev245+g4144cef28,102_12,gray_frequencies,0,19.200000000000003
2023-06-21,DEM,../DSMs/2023-06-21_DEM.tif,2025-11-19T16:07:38.169808Z,4.10.dev245+g4144cef28,102_12,gray_frequencies,0,32.0
2023-06-21,DEM,../DSMs/2023-06-21_DEM.tif,2025-11-19T16:07:38.169808Z,4.10.dev245+g4144cef28,102_12,gray_frequencies,0,44.800000000000004
2023-06-21,DEM,../DSMs/2023-06-21_DEM.tif,2025-11-19T16:07:38.169808Z,4.10.dev245+g4144cef28,102_12,gray_frequencies,0,57.6
2023-06-21,DEM,../DSMs/2023-06-21_DEM.tif,2025-11-19T16:07:38.169808Z,4.10.dev245+g4144cef28,102_12,gray_frequencies,0,70.4
2023-06-21,DEM,../DSMs/2023-06-21_DEM.tif,2025-11-19T16:07:38.169808Z,4.10.dev245+g4144cef28,102_12,gray_frequencies,1562,83.20000000000002
2023-06-21,DEM,../DSMs/2023-06-21_DEM.tif,2025-11-19T16:07:38.169808Z,4.10.dev245+g4144cef28,102_12,gray_frequencies,6933,96.0
2023-06-21,DEM,../DSMs/2023-06-21_DEM.tif,2025-11-19T16:07:38.169808Z,4.10.dev245+g4144cef28,102_12,gray_frequencies,6663,108.80000000000001
2023-06-21,DEM,../DSMs/2023-06-21_DEM.tif,2025-11-19T16:07:38.169808Z,4.10.dev245+g4144cef28,102_12,gray_frequencies,211,121.6
2023-06-21,DEM,../DSMs/2023-06-21_DEM.tif,2025-11-19T16:07:38.169808Z,4.10.dev245+g4144cef28,102_12,gray_frequencies,0,134.4
2023-06-21,DEM,../DSMs/2023-06-21_DEM.tif,2025-11-19T16:07:38.169808Z,4.10.dev245+g4144cef28,102_12,gray_frequencies,0,147.20000000000002
2023-06-21,DEM,../DSMs/2023-06-21_DEM.tif,2025-11-19T16:07:38.169808Z,4.10.dev245+g4144cef28,102_12,gray_frequencies,0,160.0
2023-06-21,DEM,../DSMs/2023-06-21_DEM.tif,2025-11-19T16:07:38.169808Z,4.10.dev245+g4144cef28,102_12,gray_frequencies,0,172.8
2023-06-21,DEM,../DSMs/2023-06-21_DEM.tif,2025-11-19T16:07:38.169808Z,4.10.dev245+g4144cef28,102_12,gray_frequencies,0,185.60000000000002
2023-06-21,DEM,../DSMs/2023-06-21_DEM.tif,2025-11-19T16:07:38.169808Z,4.10.dev245+g4144cef28,102_12,gray_frequencies,0,198.4
2023-06-21,DEM,../DSMs/2023-06-21_DEM.tif,2025-11-19T16:07:38.169808Z,4.10.dev245+g4144cef28,102_12,gray_frequencies,0,211.20000000000002
2023-06-21,DEM,../DSMs/2023-06-21_DEM.tif,2025-11-19T16:07:38.169808Z,4.10.dev245+g4144cef28,102_12,gray_frequencies,0,224.0
2023-06-21,DEM,../DSMs/2023-06-21_DEM.tif,2025-11-19T16:07:38.169808Z,4.10.dev245+g4144cef28,102_12,gray_frequencies,0,236.8
2023-06-21,DEM,../DSMs/2023-06-21_DEM.tif,2025-11-19T16:07:38.169808Z,4.10.dev245+g4144cef28,102_12,gray_frequencies,0,249.60000000000002
2023-06-21,DEM,../DSMs/2023-06-21_DEM.tif,2025-11-19T16:07:38.169808Z,4.10.dev245+g4144cef28,702_13,gray_frequencies,0,6.4
2023-06-21,DEM,../DSMs/2023-06-21_DEM.tif,2025-11-19T16:07:38.169808Z,4.10.dev245+g4144cef28,702_13,gray_frequencies,0,19.200000000000003
2023-06-21,DEM,../DSMs/2023-06-21_DEM.tif,2025-11-19T16:07:38.169808Z,4.10.dev245+g4144cef28,702_13,gray_frequencies,0,32.0
2023-06-21,DEM,../DSMs/2023-06-21_DEM.tif,2025-11-19T16:07:38.169808Z,4.10.dev245+g4144cef28,702_13,gray_frequencies,0,44.800000000000004
2023-06-21,DEM,../DSMs/2023-06-21_DEM.tif,2025-11-19T16:07:38.169808Z,4.10.dev245+g4144cef28,702_13,gray_frequencies,0,57.6
2023-06-21,DEM,../DSMs/2023-06-21_DEM.tif,2025-11-19T16:07:38.169808Z,4.10.dev245+g4144cef28,702_13,gray_frequencies,0,70.4
2023-06-21,DEM,../DSMs/2023-06-21_DEM.tif,2025-11-19T16:07:38.169808Z,4.10.dev245+g4144cef28,702_13,gray_frequencies,0,83.20000000000002
2023-06-21,DEM,../DSMs/2023-06-21_DEM.tif,2025-11-19T16:07:38.169808Z,4.10.dev245+g4144cef28,702_13,gray_frequencies,0,96.0
2023-06-21,DEM,../DSMs/2023-06-21_DEM.tif,2025-11-19T16:07:38.169808Z,4.10.dev245+g4144cef28,702_13,gray_frequencies,0,108.80000000000001
2023-06-21,DEM,../DSMs/2023-06-21_DEM.tif,2025-11-19T16:07:38.169808Z,4.10.dev245+g4144cef28,702_13,gray_frequencies,539,121.6
2023-06-21,DEM,../DSMs/2023-06-21_DEM.tif,2025-11-19T16:07:38.169808Z,4.10.dev245+g4144cef28,702_13,gray_frequencies,5567,134.4
2023-06-21,DEM,../DSMs/2023-06-21_DEM.tif,2025-11-19T16:07:38.169808Z,4.10.dev245+g4144cef28,702_13,gray_frequencies,5433,147.20000000000002
2023-06-21,DEM,../DSMs/2023-06-21_DEM.tif,2025-11-19T16:07:38.169808Z,4.10.dev245+g4144cef28,702_13,gray_frequencies,2117,160.0
2023-06-21,DEM,../DSMs/2023-06-21_DEM.tif,2025-11-19T16:07:38.169808Z,4.10.dev245+g4144cef28,702_13,gray_frequencies,5,172.8
2023-06-21,DEM,../DSMs/2023-06-21_DEM.tif,2025-11-19T16:07:38.169808Z,4.10.dev245+g4144cef28,702_13,gray_frequencies,0,185.60000000000002
2023-06-21,DEM,../DSMs/2023-06-21_DEM.tif,2025-11-19T16:07:38.169808Z,4.10.dev245+g4144cef28,702_13,gray_frequencies,0,198.4
2023-06-21,DEM,../DSMs/2023-06-21_DEM.tif,2025-11-19T16:07:38.169808Z,4.10.dev245+g4144cef28,702_13,gray_frequencies,0,211.20000000000002
2023-06-21,DEM,../DSMs/2023-06-21_DEM.tif,2025-11-19T16:07:38.169808Z,4.10.dev245+g4144cef28,702_13,gray_frequencies,0,224.0
2023-06-21,DEM,../DSMs/2023-06-21_DEM.tif,2025-11-19T16:07:38.169808Z,4.10.dev245+g4144cef28,702_13,gray_frequencies,0,236.8
2023-06-21,DEM,../DSMs/2023-06-21_DEM.tif,2025-11-19T16:07:38.169808Z,4.10.dev245+g4144cef28,702_13,gray_frequencies,0,249.60000000000002
2023-06-21,DEM,../DSMs/2023-06-21_DEM.tif,2025-11-19T16:07:38.169808Z,4.10.dev245+g4144cef28,202_14,gray_frequencies,0,6.4
2023-06-21,DEM,../DSMs/2023-06-21_DEM.tif,2025-11-19T16:07:38.169808Z,4.10.dev245+g4144cef28,202_14,gray_frequencies,0,19.200000000000003
2023-06-21,DEM,../DSMs/2023-06-21_DEM.tif,2025-11-19T16:07:38.169808Z,4.10.dev245+g4144cef28,202_14,gray_frequencies,0,32.0
2023-06-21,DEM,../DSMs/2023-06-21_DEM.tif,2025-11-19T16:07:38.169808Z,4.10.dev245+g4144cef28,202_14,gray_frequencies,0,44.800000000000004
2023-06-21,DEM,../DSMs/2023-06-21_DEM.tif,2025-11-19T16:07:38.169808Z,4.10.dev245+g4144cef28,202_14,gray_frequencies,0,57.6
2023-06-21,DEM,../DSMs/2023-06-21_DEM.tif,2025-11-19T16:07:38.169808Z,4.10.dev245+g4144cef28,202_14,gray_frequencies,0,70.4
2023-06-21,DEM,../DSMs/2023-06-21_DEM.tif,2025-11-19T16:07:38.169808Z,4.10.dev245+g4144cef28,202_14,gray_frequencies,0,83.20000000000002
2023-06-21,DEM,../DSMs/2023-06-21_DEM.tif,2025-11-19T16:07:38.169808Z,4.10.dev245+g4144cef28,202_14,gray_frequencies,0,96.0
2023-06-21,DEM,../DSMs/2023-06-21_DEM.tif,2025-11-19T16:07:38.169808Z,4.10.dev245+g4144cef28,202_14,gray_frequencies,0,108.80000000000001
2023-06-21,DEM,../DSMs/2023-06-21_DEM.tif,2025-11-19T16:07:38.169808Z,4.10.dev245+g4144cef28,202_14,gray_frequencies,2226,121.6
2023-06-21,DEM,../DSMs/2023-06-21_DEM.tif,2025-11-19T16:07:38.169808Z,4.10.dev245+g4144cef28,202_14,gray_frequencies,6170,134.4
2023-06-21,DEM,../DSMs/2023-06-21_DEM.tif,2025-11-19T16:07:38.169808Z,4.10.dev245+g4144cef28,202_14,gray_frequencies,5847,147.20000000000002
2023-06-21,DEM,../DSMs/2023-06-21_DEM.tif,2025-11-19T16:07:38.169808Z,4.10.dev245+g4144cef28,202_14,gray_frequencies,489,160.0
2023-06-21,DEM,../DSMs/2023-06-21_DEM.tif,2025-11-19T16:07:38.169808Z,4.10.dev245+g4144cef28,202_14,gray_frequencies,0,172.8
2023-06-21,DEM,../DSMs/2023-06-21_DEM.tif,2025-11-19T16:07:38.169808Z,4.10.dev245+g4144cef28,202_14,gray_frequencies,0,185.60000000000002
2023-06-21,DEM,../DSMs/2023-06-21_DEM.tif,2025-11-19T16:07:38.169808Z,4.10.dev245+g4144cef28,202_14,gray_frequencies,0,198.4
2023-06-21,DEM,../DSMs/2023-06-21_DEM.tif,2025-11-19T16:07:38.169808Z,4.10.dev245+g4144cef28,202_14,gray_frequencies,0,211.20000000000002
2023-06-21,DEM,../DSMs/2023-06-21_DEM.tif,2025-11-19T16:07:38.169808Z,4.10.dev245+g4144cef28,202_14,gray_frequencies,0,224.0
2023-06-21,DEM,../DSMs/2023-06-21_DEM.tif,2025-11-19T16:07:38.169808Z,4.10.dev245+g4144cef28,202_14,gray_frequencies,0,236.8
2023-06-21,DEM,../DSMs/2023-06-21_DEM.tif,2025-11-19T16:07:38.169808Z,4.10.dev245+g4144cef28,202_14,gray_frequencies,0,249.60000000000002
2023-06-21,DEM,../DSMs/2023-06-21_DEM.tif,2025-11-19T16:07:38.169808Z,4.10.dev245+g4144cef28,602_15,gray_frequencies,0,6.4
2023-06-21,DEM,../DSMs/2023-06-21_DEM.tif,2025-11-19T16:07:38.169808Z,4.10.dev245+g4144cef28,602_15,gray_frequencies,0,19.200000000000003
2023-06-21,DEM,../DSMs/2023-06-21_DEM.tif,2025-11-19T16:07:38.169808Z,4.10.dev245+g4144cef28,602_15,gray_frequencies,0,32.0
2023-06-21,DEM,../DSMs/2023-06-21_DEM.tif,2025-11-19T16:07:38.169808Z,4.10.dev245+g4144cef28,602_15,gray_frequencies,0,44.800000000000004
2023-06-21,DEM,../DSMs/2023-06-21_DEM.tif,2025-11-19T16:07:38.169808Z,4.10.dev245+g4144cef28,602_15,gray_frequencies,0,57.6
2023-06-21,DEM,../DSMs/2023-06-21_DEM.tif,2025-11-19T16:07:38.169808Z,4.10.dev245+g4144cef28,602_15,gray_frequencies,0,70.4
2023-06-21,DEM,../DSMs/2023-06-21_DEM.tif,2025-11-19T16:07:38.169808Z,4.10.dev245+g4144cef28,602_15,gray_frequencies,0,83.20000000000002
2023-06-21,DEM,../DSMs/2023-06-21_DEM.tif,2025-11-19T16:07:38.169808Z,4.10.dev245+g4144cef28,602_15,gray_frequencies,0,96.0
2023-06-21,DEM,../DSMs/2023-06-21_DEM.tif,2025-11-19T16:07:38.169808Z,4.10.dev245+g4144cef28,602_15,gray_frequencies,98,108.80000000000001
2023-06-21,DEM,../DSMs/2023-06-21_DEM.tif,2025-11-19T16:07:38.169808Z,4.10.dev245+g4144cef28,602_15,gray_frequencies,5466,121.6
2023-06-21,DEM,../DSMs/2023-06-21_DEM.tif,2025-11-19T16:07:38.169808Z,4.10.dev245+g4144cef28,602_15,gray_frequencies,6282,134.4
2023-06-21,DEM,../DSMs/2023-06-21_DEM.tif,2025-11-19T16:07:38.169808Z,4.10.dev245+g4144cef28,602_15,gray_frequencies,1379,147.20000000000002
2023-06-21,DEM,../DSMs/2023-06-21_DEM.tif,2025-11-19T16:07:38.169808Z,4.10.dev245+g4144cef28,602_15,gray_frequencies,0,160.0
2023-06-21,DEM,../DSMs/2023-06-21_DEM.tif,2025-11-19T16:07:38.169808Z,4.10.dev245+g4144cef28,602_15,gray_frequencies,0,172.8
2023-06-21,DEM,../DSMs/2023-06-21_DEM.tif,2025-11-19T16:07:38.169808Z,4.10.dev245+g4144cef28,602_15,gray_frequencies,0,185.60000000000002
2023-06-21,DEM,../DSMs/2023-06-21_DEM.tif,2025-11-19T16:07:38.169808Z,4.10.dev245+g4144cef28,602_15,gray_frequencies,0,198.4
2023-06-21,DEM,../DSMs/2023-06-21_DEM.tif,2025-11-19T16:07:38.169808Z,4.10.dev245+g4144cef28,602_15,gray_frequencies,0,211.20000000000002
2023-06-21,DEM,../DSMs/2023-06-21_DEM.tif,2025-11-19T16:07:38.169808Z,4.10.dev245+g4144cef28,602_15,gray_frequencies,0,224.0
2023-06-21,DEM,../DSMs/2023-06-21_DEM.tif,2025-11-19T16:07:38.169808Z,4.10.dev245+g4144cef28,602_15,gray_frequencies,0,236.8
2023-06-21,DEM,../DSMs/2023-06-21_DEM.tif,2025-11-19T16:07:38.169808Z,4.10.dev245+g4144cef28,602_15,gray_frequencies,0,249.60000000000002
2023-06-21,DEM,../DSMs/2023-06-21_DEM.tif,2025-11-19T16:07:38.169808Z,4.10.dev245+g4144cef28,802_16,gray_frequencies,0,6.4
2023-06-21,DEM,../DSMs/2023-06-21_DEM.tif,2025-11-19T16:07:38.169808Z,4.10.dev245+g4144cef28,802_16,gray_frequencies,0,19.200000000000003
2023-06-21,DEM,../DSMs/2023-06-21_DEM.tif,2025-11-19T16:07:38.169808Z,4.10.dev245+g4144cef28,802_16,gray_frequencies,0,32.0
2023-06-21,DEM,../DSMs/2023-06-21_DEM.tif,2025-11-19T16:07:38.169808Z,4.10.dev245+g4144cef28,802_16,gray_frequencies,0,44.800000000000004
2023-06-21,DEM,../DSMs/2023-06-21_DEM.tif,2025-11-19T16:07:38.169808Z,4.10.dev245+g4144cef28,802_16,gray_frequencies,0,57.6
2023-06-21,DEM,../DSMs/2023-06-21_DEM.tif,2025-11-19T16:07:38.169808Z,4.10.dev245+g4144cef28,802_16,gray_frequencies,0,70.4
2023-06-21,DEM,../DSMs/2023-06-21_DEM.tif,2025-11-19T16:07:38.169808Z,4.10.dev245+g4144cef28,802_16,gray_frequencies,0,83.20000000000002
2023-06-21,DEM,../DSMs/2023-06-21_DEM.tif,2025-11-19T16:07:38.169808Z,4.10.dev245+g4144cef28,802_16,gray_frequencies,0,96.0
2023-06-21,DEM,../DSMs/2023-06-21_DEM.tif,2025-11-19T16:07:38.169808Z,4.10.dev245+g4144cef28,802_16,gray_frequencies,0,108.80000000000001
2023-06-21,DEM,../DSMs/2023-06-21_DEM.tif,2025-11-19T16:07:38.169808Z,4.10.dev245+g4144cef28,802_16,gray_frequencies,0,121.6
2023-06-21,DEM,../DSMs/2023-06-21_DEM.tif,2025-11-19T16:07:38.169808Z,4.10.dev245+g4144cef28,802_16,gray_frequencies,0,134.4
2023-06-21,DEM,../DSMs/2023-06-21_DEM.tif,2025-11-19T16:07:38.169808Z,4.10.dev245+g4144cef28,802_16,gray_frequencies,0,147.20000000000002
2023-06-21,DEM,../DSMs/2023-06-21_DEM.tif,2025-11-19T16:07:38.169808Z,4.10.dev245+g4144cef28,802_16,gray_frequencies,4368,160.0
2023-06-21,DEM,../DSMs/2023-06-21_DEM.tif,2025-11-19T16:07:38.169808Z,4.10.dev245+g4144cef28,802_16,gray_frequencies,7098,172.8
2023-06-21,DEM,../DSMs/2023-06-21_DEM.tif,2025-11-19T16:07:38.169808Z,4.10.dev245+g4144cef28,802_16,gray_frequencies,3059,185.60000000000002
2023-06-21,DEM,../DSMs/2023-06-21_DEM.tif,2025-11-19T16:07:38.169808Z,4.10.dev245+g4144cef28,802_16,gray_frequencies,10,198.4
2023-06-21,DEM,../DSMs/2023-06-21_DEM.tif,2025-11-19T16:07:38.169808Z,4.10.dev245+g4144cef28,802_16,gray_frequencies,0,211.20000000000002
2023-06-21,DEM,../DSMs/2023-06-21_DEM.tif,2025-11-19T16:07:38.169808Z,4.10.dev245+g4144cef28,802_16,gray_frequencies,0,224.0
2023-06-21,DEM,../DSMs/2023-06-21_DEM.tif,2025-11-19T16:07:38.169808Z,4.10.dev245+g4144cef28,802_16,gray_frequencies,0,236.8
2023-06-21,DEM,../DSMs/2023-06-21_DEM.tif,2025-11-19T16:07:38.169808Z,4.10.dev245+g4144cef28,802_16,gray_frequencies,0,249.60000000000002
2023-06-21,DEM,../DSMs/2023-06-21_DEM.tif,2025-11-19T16:07:38.169808Z,4.10.dev245+g4144cef28,302_17,gray_frequencies,0,6.4
2023-06-21,DEM,../DSMs/2023-06-21_DEM.tif,2025-11-19T16:07:38.169808Z,4.10.dev245+g4144cef28,302_17,gray_frequencies,0,19.200000000000003
2023-06-21,DEM,../DSMs/2023-06-21_DEM.tif,2025-11-19T16:07:38.169808Z,4.10.dev245+g4144cef28,302_17,gray_frequencies,0,32.0
2023-06-21,DEM,../DSMs/2023-06-21_DEM.tif,2025-11-19T16:07:38.169808Z,4.10.dev245+g4144cef28,302_17,gray_frequencies,0,44.800000000000004
2023-06-21,DEM,../DSMs/2023-06-21_DEM.tif,2025-11-19T16:07:38.169808Z,4.10.dev245+g4144cef28,302_17,gray_frequencies,0,57.6
2023-06-21,DEM,../DSMs/2023-06-21_DEM.tif,2025-11-19T16:07:38.169808Z,4.10.dev245+g4144cef28,302_17,gray_frequencies,0,70.4
2023-06-21,DEM,../DSMs/2023-06-21_DEM.tif,2025-11-19T16:07:38.169808Z,4.10.dev245+g4144cef28,302_17,gray_frequencies,0,83.20000000000002
2023-06-21,DEM,../DSMs/2023-06-21_DEM.tif,2025-11-19T16:07:38.169808Z,4.10.dev245+g4144cef28,302_17,gray_frequencies,0,96.0
2023-06-21,DEM,../DSMs/2023-06-21_DEM.tif,2025-11-19T16:07:38.169808Z,4.10.dev245+g4144cef28,302_17,gray_frequencies,0,108.80000000000001
2023-06-21,DEM,../DSMs/2023-06-21_DEM.tif,2025-11-19T16:07:38.169808Z,4.10.dev245+g4144cef28,302_17,gray_frequencies,0,121.6
2023-06-21,DEM,../DSMs/2023-06-21_DEM.tif,2025-11-19T16:07:38.169808Z,4.10.dev245+g4144cef28,302_17,gray_frequencies,0,134.4
2023-06-21,DEM,../DSMs/2023-06-21_DEM.tif,2025-11-19T16:07:38.169808Z,4.10.dev245+g4144cef28,302_17,gray_frequencies,69,147.20000000000002
2023-06-21,DEM,../DSMs/2023-06-21_DEM.tif,2025-11-19T16:07:38.169808Z,4.10.dev245+g4144cef28,302_17,gray_frequencies,7287,160.0
2023-06-21,DEM,../DSMs/2023-06-21_DEM.tif,2025-11-19T16:07:38.169808Z,4.10.dev245+g4144cef28,302_17,gray_frequencies,7116,172.8
2023-06-21,DEM,../DSMs/2023-06-21_DEM.tif,2025-11-19T16:07:38.169808Z,4.10.dev245+g4144cef28,302_17,gray_frequencies,834,185.60000000000002
2023-06-21,DEM,../DSMs/2023-06-21_DEM.tif,2025-11-19T16:07:38.169808Z,4.10.dev245+g4144cef28,302_17,gray_frequencies,0,198.4
2023-06-21,DEM,../DSMs/2023-06-21_DEM.tif,2025-11-19T16:07:38.169808Z,4.10.dev245+g4144cef28,302_17,gray_frequencies,0,211.20000000000002
2023-06-21,DEM,../DSMs/2023-06-21_DEM.tif,2025-11-19T16:07:38.169808Z,4.10.dev245+g4144cef28,302_17,gray_frequencies,0,224.0
2023-06-21,DEM,../DSMs/2023-06-21_DEM.tif,2025-11-19T16:07:38.169808Z,4.10.dev245+g4144cef28,302_17,gray_frequencies,0,236.8
2023-06-21,DEM,../DSMs/2023-06-21_DEM.tif,2025-11-19T16:07:38.169808Z,4.10.dev245+g4144cef28,302_17,gray_frequencies,0,249.60000000000002
2023-06-21,DEM,../DSMs/2023-06-21_DEM.tif,2025-11-19T16:07:38.169808Z,4.10.dev245+g4144cef28,902_18,gray_frequencies,0,6.4
2023-06-21,DEM,../DSMs/2023-06-21_DEM.tif,2025-11-19T16:07:38.169808Z,4.10.dev245+g4144cef28,902_18,gray_frequencies,0,19.200000000000003
2023-06-21,DEM,../DSMs/2023-06-21_DEM.tif,2025-11-19T16:07:38.169808Z,4.10.dev245+g4144cef28,902_18,gray_frequencies,0,32.0
2023-06-21,DEM,../DSMs/2023-06-21_DEM.tif,2025-11-19T16:07:38.169808Z,4.10.dev245+g4144cef28,902_18,gray_frequencies,0,44.800000000000004
2023-06-21,DEM,../DSMs/2023-06-21_DEM.tif,2025-11-19T16:07:38.169808Z,4.10.dev245+g4144cef28,902_18,gray_frequencies,0,57.6
2023-06-21,DEM,../DSMs/2023-06-21_DEM.tif,2025-11-19T16:07:38.169808Z,4.10.dev245+g4144cef28,902_18,gray_frequencies,0,70.4
2023-06-21,DEM,../DSMs/2023-06-21_DEM.tif,2025-11-19T16:07:38.169808Z,4.10.dev245+g4144cef28,902_18,gray_frequencies,0,83.20000000000002
2023-06-21,DEM,../DSMs/2023-06-21_DEM.tif,2025-11-19T16:07:38.169808Z,4.10.dev245+g4144cef28,902_18,gray_frequencies,0,96.0
2023-06-21,DEM,../DSMs/2023-06-21_DEM.tif,2025-11-19T16:07:38.169808Z,4.10.dev245+g4144cef28,902_18,gray_frequencies,0,108.80000000000001
2023-06-21,DEM,../DSMs/2023-06-21_DEM.tif,2025-11-19T16:07:38.169808Z,4.10.dev245+g4144cef28,902_18,gray_frequencies,0,121.6
2023-06-21,DEM,../DSMs/2023-06-21_DEM.tif,2025-11-19T16:07:38.169808Z,4.10.dev245+g4144cef28,902_18,gray_frequencies,0,134.4
2023-06-21,DEM,../DSMs/2023-06-21_DEM.tif,2025-11-19T16:07:38.169808Z,4.10.dev245+g4144cef28,902_18,gray_frequencies,3930,147.20000000000002
2023-06-21,DEM,../DSMs/2023-06-21_DEM.tif,2025-11-19T16:07:38.169808Z,4.10.dev245+g4144cef28,902_18,gray_frequencies,7195,160.0
2023-06-21,DEM,../DSMs/2023-06-21_DEM.tif,2025-11-19T16:07:38.169808Z,4.10.dev245+g4144cef28,902_18,gray_frequencies,3621,172.8
2023-06-21,DEM,../DSMs/2023-06-21_DEM.tif,2025-11-19T16:07:38.169808Z,4.10.dev245+g4144cef28,902_18,gray_frequencies,0,185.60000000000002
2023-06-21,DEM,../DSMs/2023-06-21_DEM.tif,2025-11-19T16:07:38.169808Z,4.10.dev245+g4144cef28,902_18,gray_frequencies,0,198.4
2023-06-21,DEM,../DSMs/2023-06-21_DEM.tif,2025-11-19T16:07:38.169808Z,4.10.dev245+g4144cef28,902_18,gray_frequencies,0,211.20000000000002
2023-06-21,DEM,../DSMs/2023-06-21_DEM.tif,2025-11-19T16:07:38.169808Z,4.10.dev245+g4144cef28,902_18,gray_frequencies,0,224.0
2023-06-21,DEM,../DSMs/2023-06-21_DEM.tif,2025-11-19T16:07:38.169808Z,4.10.dev245+g4144cef28,902_18,gray_frequencies,0,236.8
2023-06-21,DEM,../DSMs/2023-06-21_DEM.tif,2025-11-19T16:07:38.169808Z,4.10.dev245+g4144cef28,902_18,gray_frequencies,0,249.60000000000002
2023-06-21,DEM,../DSMs/2023-06-21_DEM.tif,2025-11-19T16:07:38.169808Z,4.10.dev245+g4144cef28,703_19,gray_frequencies,0,6.4
2023-06-21,DEM,../DSMs/2023-06-21_DEM.tif,2025-11-19T16:07:38.169808Z,4.10.dev245+g4144cef28,703_19,gray_frequencies,0,19.200000000000003
2023-06-21,DEM,../DSMs/2023-06-21_DEM.tif,2025-11-19T16:07:38.169808Z,4.10.dev245+g4144cef28,703_19,gray_frequencies,0,32.0
2023-06-21,DEM,../DSMs/2023-06-21_DEM.tif,2025-11-19T16:07:38.169808Z,4.10.dev245+g4144cef28,703_19,gray_frequencies,0,44.800000000000004
2023-06-21,DEM,../DSMs/2023-06-21_DEM.tif,2025-11-19T16:07:38.169808Z,4.10.dev245+g4144cef28,703_19,gray_frequencies,0,57.6
2023-06-21,DEM,../DSMs/2023-06-21_DEM.tif,2025-11-19T16:07:38.169808Z,4.10.dev245+g4144cef28,703_19,gray_frequencies,0,70.4
2023-06-21,DEM,../DSMs/2023-06-21_DEM.tif,2025-11-19T16:07:38.169808Z,4.10.dev245+g4144cef28,703_19,gray_frequencies,3829,83.20000000000002
2023-06-21,DEM,../DSMs/2023-06-21_DEM.tif,2025-11-19T16:07:38.169808Z,4.10.dev245+g4144cef28,703_19,gray_frequencies,7485,96.0
2023-06-21,DEM,../DSMs/2023-06-21_DEM.tif,2025-11-19T16:07:38.169808Z,4.10.dev245+g4144cef28,703_19,gray_frequencies,3277,108.80000000000001
2023-06-21,DEM,../DSMs/2023-06-21_DEM.tif,2025-11-19T16:07:38.169808Z,4.10.dev245+g4144cef28,703_19,gray_frequencies,0,121.6
2023-06-21,DEM,../DSMs/2023-06-21_DEM.tif,2025-11-19T16:07:38.169808Z,4.10.dev245+g4144cef28,703_19,gray_frequencies,0,134.4
2023-06-21,DEM,../DSMs/2023-06-21_DEM.tif,2025-11-19T16:07:38.169808Z,4.10.dev245+g4144cef28,703_19,gray_frequencies,0,147.20000000000002
2023-06-21,DEM,../DSMs/2023-06-21_DEM.tif,2025-11-19T16:07:38.169808Z,4.10.dev245+g4144cef28,703_19,gray_frequencies,0,160.0
2023-06-21,DEM,../DSMs/2023-06-21_DEM.tif,2025-11-19T16:07:38.169808Z,4.10.dev245+g4144cef28,703_19,gray_frequencies,0,172.8
2023-06-21,DEM,../DSMs/2023-06-21_DEM.tif,2025-11-19T16:07:38.169808Z,4.10.dev245+g4144cef28,703_19,gray_frequencies,0,185.60000000000002
2023-06-21,DEM,../DSMs/2023-06-21_DEM.tif,2025-11-19T16:07:38.169808Z,4.10.dev245+g4144cef28,703_19,gray_frequencies,0,198.4
2023-06-21,DEM,../DSMs/2023-06-21_DEM.tif,2025-11-19T16:07:38.169808Z,4.10.dev245+g4144cef28,703_19,gray_frequencies,0,211.20000000000002
2023-06-21,DEM,../DSMs/2023-06-21_DEM.tif,2025-11-19T16:07:38.169808Z,4.10.dev245+g4144cef28,703_19,gray_frequencies,0,224.0
2023-06-21,DEM,../DSMs/2023-06-21_DEM.tif,2025-11-19T16:07:38.169808Z,4.10.dev245+g4144cef28,703_19,gray_frequencies,0,236.8
2023-06-21,DEM,../DSMs/2023-06-21_DEM.tif,2025-11-19T16:07:38.169808Z,4.10.dev245+g4144cef28,703_19,gray_frequencies,0,249.60000000000002
2023-06-21,DEM,../DSMs/2023-06-21_DEM.tif,2025-11-19T16:07:38.169808Z,4.10.dev245+g4144cef28,103_20,gray_frequencies,0,6.4
2023-06-21,DEM,../DSMs/2023-06-21_DEM.tif,2025-11-19T16:07:38.169808Z,4.10.dev245+g4144cef28,103_20,gray_frequencies,0,19.200000000000003
2023-06-21,DEM,../DSMs/2023-06-21_DEM.tif,2025-11-19T16:07:38.169808Z,4.10.dev245+g4144cef28,103_20,gray_frequencies,0,32.0
2023-06-21,DEM,../DSMs/2023-06-21_DEM.tif,2025-11-19T16:07:38.169808Z,4.10.dev245+g4144cef28,103_20,gray_frequencies,0,44.800000000000004
2023-06-21,DEM,../DSMs/2023-06-21_DEM.tif,2025-11-19T16:07:38.169808Z,4.10.dev245+g4144cef28,103_20,gray_frequencies,0,57.6
2023-06-21,DEM,../DSMs/2023-06-21_DEM.tif,2025-11-19T16:07:38.169808Z,4.10.dev245+g4144cef28,103_20,gray_frequencies,430,70.4
2023-06-21,DEM,../DSMs/2023-06-21_DEM.tif,2025-11-19T16:07:38.169808Z,4.10.dev245+g4144cef28,103_20,gray_frequencies,6880,83.20000000000002
2023-06-21,DEM,../DSMs/2023-06-21_DEM.tif,2025-11-19T16:07:38.169808Z,4.10.dev245+g4144cef28,103_20,gray_frequencies,7447,96.0
2023-06-21,DEM,../DSMs/2023-06-21_DEM.tif,2025-11-19T16:07:38.169808Z,4.10.dev245+g4144cef28,103_20,gray_frequencies,503,108.80000000000001
2023-06-21,DEM,../DSMs/2023-06-21_DEM.tif,2025-11-19T16:07:38.169808Z,4.10.dev245+g4144cef28,103_20,gray_frequencies,0,121.6
2023-06-21,DEM,../DSMs/2023-06-21_DEM.tif,2025-11-19T16:07:38.169808Z,4.10.dev245+g4144cef28,103_20,gray_frequencies,0,134.4
2023-06-21,DEM,../DSMs/2023-06-21_DEM.tif,2025-11-19T16:07:38.169808Z,4.10.dev245+g4144cef28,103_20,gray_frequencies,0,147.20000000000002
2023-06-21,DEM,../DSMs/2023-06-21_DEM.tif,2025-11-19T16:07:38.169808Z,4.10.dev245+g4144cef28,103_20,gray_frequencies,0,160.0
2023-06-21,DEM,../DSMs/2023-06-21_DEM.tif,2025-11-19T16:07:38.169808Z,4.10.dev245+g4144cef28,103_20,gray_frequencies,0,172.8
2023-06-21,DEM,../DSMs/2023-06-21_DEM.tif,2025-11-19T16:07:38.169808Z,4.10.dev245+g4144cef28,103_20,gray_frequencies,0,185.60000000000002
2023-06-21,DEM,../DSMs/2023-06-21_DEM.tif,2025-11-19T16:07:38.169808Z,4.10.dev245+g4144cef28,103_20,gray_frequencies,0,198.4
2023-06-21,DEM,../DSMs/2023-06-21_DEM.tif,2025-11-19T16:07:38.169808Z,4.10.dev245+g4144cef28,103_20,gray_frequencies,0,211.20000000000002
2023-06-21,DEM,../DSMs/2023-06-21_DEM.tif,2025-11-19T16:07:38.169808Z,4.10.dev245+g4144cef28,103_20,gray_frequencies,0,224.0
2023-06-21,DEM,../DSMs/2023-06-21_DEM.tif,2025-11-19T16:07:38.169808Z,4.10.dev245+g4144cef28,103_20,gray_frequencies,0,236.8
2023-06-21,DEM,../DSMs/2023-06-21_DEM.tif,2025-11-19T16:07:38.169808Z,4.10.dev245+g4144cef28,103_20,gray_frequencies,0,249.60000000000002
2023-06-21,DEM,../DSMs/2023-06-21_DEM.tif,2025-11-19T16:07:38.169808Z,4.10.dev245+g4144cef28,203_21,gray_frequencies,0,6.4
2023-06-21,DEM,../DSMs/2023-06-21_DEM.tif,2025-11-19T16:07:38.169808Z,4.10.dev245+g4144cef28,203_21,gray_frequencies,0,19.200000000000003
2023-06-21,DEM,../DSMs/2023-06-21_DEM.tif,2025-11-19T16:07:38.169808Z,4.10.dev245+g4144cef28,203_21,gray_frequencies,0,32.0
2023-06-21,DEM,../DSMs/2023-06-21_DEM.tif,2025-11-19T16:07:38.169808Z,4.10.dev245+g4144cef28,203_21,gray_frequencies,0,44.800000000000004
2023-06-21,DEM,../DSMs/2023-06-21_DEM.tif,2025-11-19T16:07:38.169808Z,4.10.dev245+g4144cef28,203_21,gray_frequencies,56,57.6
2023-06-21,DEM,../DSMs/2023-06-21_DEM.tif,2025-11-19T16:07:38.169808Z,4.10.dev245+g4144cef28,203_21,gray_frequencies,4459,70.4
2023-06-21,DEM,../DSMs/2023-06-21_DEM.tif,2025-11-19T16:07:38.169808Z,4.10.dev245+g4144cef28,203_21,gray_frequencies,6568,83.20000000000002
2023-06-21,DEM,../DSMs/2023-06-21_DEM.tif,2025-11-19T16:07:38.169808Z,4.10.dev245+g4144cef28,203_21,gray_frequencies,2969,96.0
2023-06-21,DEM,../DSMs/2023-06-21_DEM.tif,2025-11-19T16:07:38.169808Z,4.10.dev245+g4144cef28,203_21,gray_frequencies,0,108.80000000000001
2023-06-21,DEM,../DSMs/2023-06-21_DEM.tif,2025-11-19T16:07:38.169808Z,4.10.dev245+g4144cef28,203_21,gray_frequencies,0,121.6
2023-06-21,DEM,../DSMs/2023-06-21_DEM.tif,2025-11-19T16:07:38.169808Z,4.10.dev245+g4144cef28,203_21,gray_frequencies,0,134.4
2023-06-21,DEM,../DSMs/2023-06-21_DEM.tif,2025-11-19T16:07:38.169808Z,4.10.dev245+g4144cef28,203_21,gray_frequencies,0,147.20000000000002
2023-06-21,DEM,../DSMs/2023-06-21_DEM.tif,2025-11-19T16:07:38.169808Z,4.10.dev245+g4144cef28,203_21,gray_frequencies,0,160.0
2023-06-21,DEM,../DSMs/2023-06-21_DEM.tif,2025-11-19T16:07:38.169808Z,4.10.dev245+g4144cef28,203_21,gray_frequencies,0,172.8
2023-06-21,DEM,../DSMs/2023-06-21_DEM.tif,2025-11-19T16:07:38.169808Z,4.10.dev245+g4144cef28,203_21,gray_frequencies,0,185.60000000000002
2023-06-21,DEM,../DSMs/2023-06-21_DEM.tif,2025-11-19T16:07:38.169808Z,4.10.dev245+g4144cef28,203_21,gray_frequencies,0,198.4
2023-06-21,DEM,../DSMs/2023-06-21_DEM.tif,2025-11-19T16:07:38.169808Z,4.10.dev245+g4144cef28,203_21,gray_frequencies,0,211.20000000000002
2023-06-21,DEM,../DSMs/2023-06-21_DEM.tif,2025-11-19T16:07:38.169808Z,4.10.dev245+g4144cef28,203_21,gray_frequencies,0,224.0
2023-06-21,DEM,../DSMs/2023-06-21_DEM.tif,2025-11-19T16:07:38.169808Z,4.10.dev245+g4144cef28,203_21,gray_frequencies,0,236.8
2023-06-21,DEM,../DSMs/2023-06-21_DEM.tif,2025-11-19T16:07:38.169808Z,4.10.dev245+g4144cef28,203_21,gray_frequencies,0,249.60000000000002
2023-06-21,DEM,../DSMs/2023-06-21_DEM.tif,2025-11-19T16:07:38.169808Z,4.10.dev245+g4144cef28,803_22,gray_frequencies,0,6.4
2023-06-21,DEM,../DSMs/2023-06-21_DEM.tif,2025-11-19T16:07:38.169808Z,4.10.dev245+g4144cef28,803_22,gray_frequencies,0,19.200000000000003
2023-06-21,DEM,../DSMs/2023-06-21_DEM.tif,2025-11-19T16:07:38.169808Z,4.10.dev245+g4144cef28,803_22,gray_frequencies,0,32.0
2023-06-21,DEM,../DSMs/2023-06-21_DEM.tif,2025-11-19T16:07:38.169808Z,4.10.dev245+g4144cef28,803_22,gray_frequencies,0,44.800000000000004
2023-06-21,DEM,../DSMs/2023-06-21_DEM.tif,2025-11-19T16:07:38.169808Z,4.10.dev245+g4144cef28,803_22,gray_frequencies,0,57.6
2023-06-21,DEM,../DSMs/2023-06-21_DEM.tif,2025-11-19T16:07:38.169808Z,4.10.dev245+g4144cef28,803_22,gray_frequencies,0,70.4
2023-06-21,DEM,../DSMs/2023-06-21_DEM.tif,2025-11-19T16:07:38.169808Z,4.10.dev245+g4144cef28,803_22,gray_frequencies,0,83.20000000000002
2023-06-21,DEM,../DSMs/2023-06-21_DEM.tif,2025-11-19T16:07:38.169808Z,4.10.dev245+g4144cef28,803_22,gray_frequencies,0,96.0
2023-06-21,DEM,../DSMs/2023-06-21_DEM.tif,2025-11-19T16:07:38.169808Z,4.10.dev245+g4144cef28,803_22,gray_frequencies,1773,108.80000000000001
2023-06-21,DEM,../DSMs/2023-06-21_DEM.tif,2025-11-19T16:07:38.169808Z,4.10.dev245+g4144cef28,803_22,gray_frequencies,7060,121.6
2023-06-21,DEM,../DSMs/2023-06-21_DEM.tif,2025-11-19T16:07:38.169808Z,4.10.dev245+g4144cef28,803_22,gray_frequencies,4382,134.4
2023-06-21,DEM,../DSMs/2023-06-21_DEM.tif,2025-11-19T16:07:38.169808Z,4.10.dev245+g4144cef28,803_22,gray_frequencies,0,147.20000000000002
2023-06-21,DEM,../DSMs/2023-06-21_DEM.tif,2025-11-19T16:07:38.169808Z,4.10.dev245+g4144cef28,803_22,gray_frequencies,0,160.0
2023-06-21,DEM,../DSMs/2023-06-21_DEM.tif,2025-11-19T16:07:38.169808Z,4.10.dev245+g4144cef28,803_22,gray_frequencies,0,172.8
2023-06-21,DEM,../DSMs/2023-06-21_DEM.tif,2025-11-19T16:07:38.169808Z,4.10.dev245+g4144cef28,803_22,gray_frequencies,0,185.60000000000002
2023-06-21,DEM,../DSMs/2023-06-21_DEM.tif,2025-11-19T16:07:38.169808Z,4.10.dev245+g4144cef28,803_22,gray_frequencies,0,198.4
2023-06-21,DEM,../DSMs/2023-06-21_DEM.tif,2025-11-19T16:07:38.169808Z,4.10.dev245+g4144cef28,803_22,gray_frequencies,0,211.20000000000002
2023-06-21,DEM,../DSMs/2023-06-21_DEM.tif,2025-11-19T16:07:38.169808Z,4.10.dev245+g4144cef28,803_22,gray_frequencies,0,224.0
2023-06-21,DEM,../DSMs/2023-06-21_DEM.tif,2025-11-19T16:07:38.169808Z,4.10.dev245+g4144cef28,803_22,gray_frequencies,0,236.8
2023-06-21,DEM,../DSMs/2023-06-21_DEM.tif,2025-11-19T16:07:38.169808Z,4.10.dev245+g4144cef28,803_22,gray_frequencies,0,249.60000000000002
2023-06-21,DEM,../DSMs/2023-06-21_DEM.tif,2025-11-19T16:07:38.169808Z,4.10.dev245+g4144cef28,303_23,gray_frequencies,0,6.4
2023-06-21,DEM,../DSMs/2023-06-21_DEM.tif,2025-11-19T16:07:38.169808Z,4.10.dev245+g4144cef28,303_23,gray_frequencies,0,19.200000000000003
2023-06-21,DEM,../DSMs/2023-06-21_DEM.tif,2025-11-19T16:07:38.169808Z,4.10.dev245+g4144cef28,303_23,gray_frequencies,0,32.0
2023-06-21,DEM,../DSMs/2023-06-21_DEM.tif,2025-11-19T16:07:38.169808Z,4.10.dev245+g4144cef28,303_23,gray_frequencies,0,44.800000000000004
2023-06-21,DEM,../DSMs/2023-06-21_DEM.tif,2025-11-19T16:07:38.169808Z,4.10.dev245+g4144cef28,303_23,gray_frequencies,0,57.6
2023-06-21,DEM,../DSMs/2023-06-21_DEM.tif,2025-11-19T16:07:38.169808Z,4.10.dev245+g4144cef28,303_23,gray_frequencies,0,70.4
2023-06-21,DEM,../DSMs/2023-06-21_DEM.tif,2025-11-19T16:07:38.169808Z,4.10.dev245+g4144cef28,303_23,gray_frequencies,0,83.20000000000002
2023-06-21,DEM,../DSMs/2023-06-21_DEM.tif,2025-11-19T16:07:38.169808Z,4.10.dev245+g4144cef28,303_23,gray_frequencies,0,96.0
2023-06-21,DEM,../DSMs/2023-06-21_DEM.tif,2025-11-19T16:07:38.169808Z,4.10.dev245+g4144cef28,303_23,gray_frequencies,6059,108.80000000000001
2023-06-21,DEM,../DSMs/2023-06-21_DEM.tif,2025-11-19T16:07:38.169808Z,4.10.dev245+g4144cef28,303_23,gray_frequencies,6282,121.6
2023-06-21,DEM,../DSMs/2023-06-21_DEM.tif,2025-11-19T16:07:38.169808Z,4.10.dev245+g4144cef28,303_23,gray_frequencies,2422,134.4
2023-06-21,DEM,../DSMs/2023-06-21_DEM.tif,2025-11-19T16:07:38.169808Z,4.10.dev245+g4144cef28,303_23,gray_frequencies,0,147.20000000000002
2023-06-21,DEM,../DSMs/2023-06-21_DEM.tif,2025-11-19T16:07:38.169808Z,4.10.dev245+g4144cef28,303_23,gray_frequencies,0,160.0
2023-06-21,DEM,../DSMs/2023-06-21_DEM.tif,2025-11-19T16:07:38.169808Z,4.10.dev245+g4144cef28,303_23,gray_frequencies,0,172.8
2023-06-21,DEM,../DSMs/2023-06-21_DEM.tif,2025-11-19T16:07:38.169808Z,4.10.dev245+g4144cef28,303_23,gray_frequencies,0,185.60000000000002
2023-06-21,DEM,../DSMs/2023-06-21_DEM.tif,2025-11-19T16:07:38.169808Z,4.10.dev245+g4144cef28,303_23,gray_frequencies,0,198.4
2023-06-21,DEM,../DSMs/2023-06-21_DEM.tif,2025-11-19T16:07:38.169808Z,4.10.dev245+g4144cef28,303_23,gray_frequencies,0,211.20000000000002
2023-06-21,DEM,../DSMs/2023-06-21_DEM.tif,2025-11-19T16:07:38.169808Z,4.10.dev245+g4144cef28,303_23,gray_frequencies,0,224.0
2023-06-21,DEM,../DSMs/2023-06-21_DEM.tif,2025-11-19T16:07:38.169808Z,4.10.dev245+g4144cef28,303_23,gray_frequencies,0,236.8
2023-06-21,DEM,../DSMs/2023-06-21_DEM.tif,2025-11-19T16:07:38.169808Z,4.10.dev245+g4144cef28,303_23,gray_frequencies,0,249.60000000000002
2023-06-21,DEM,../DSMs/2023-06-21_DEM.tif,2025-11-19T16:07:38.169808Z,4.10.dev245+g4144cef28,903_24,gray_frequencies,0,6.4
2023-06-21,DEM,../DSMs/2023-06-21_DEM.tif,2025-11-19T16:07:38.169808Z,4.10.dev245+g4144cef28,903_24,gray_frequencies,0,19.200000000000003
2023-06-21,DEM,../DSMs/2023-06-21_DEM.tif,2025-11-19T16:07:38.169808Z,4.10.dev245+g4144cef28,903_24,gray_frequencies,0,32.0
2023-06-21,DEM,../DSMs/2023-06-21_DEM.tif,2025-11-19T16:07:38.169808Z,4.10.dev245+g4144cef28,903_24,gray_frequencies,0,44.800000000000004
2023-06-21,DEM,../DSMs/2023-06-21_DEM.tif,2025-11-19T16:07:38.169808Z,4.10.dev245+g4144cef28,903_24,gray_frequencies,0,57.6
2023-06-21,DEM,../DSMs/2023-06-21_DEM.tif,2025-11-19T16:07:38.169808Z,4.10.dev245+g4144cef28,903_24,gray_frequencies,0,70.4
2023-06-21,DEM,../DSMs/2023-06-21_DEM.tif,2025-11-19T16:07:38.169808Z,4.10.dev245+g4144cef28,903_24,gray_frequencies,0,83.20000000000002
2023-06-21,DEM,../DSMs/2023-06-21_DEM.tif,2025-11-19T16:07:38.169808Z,4.10.dev245+g4144cef28,903_24,gray_frequencies,1931,96.0
2023-06-21,DEM,../DSMs/2023-06-21_DEM.tif,2025-11-19T16:07:38.169808Z,4.10.dev245+g4144cef28,903_24,gray_frequencies,8095,108.80000000000001
2023-06-21,DEM,../DSMs/2023-06-21_DEM.tif,2025-11-19T16:07:38.169808Z,4.10.dev245+g4144cef28,903_24,gray_frequencies,4169,121.6
2023-06-21,DEM,../DSMs/2023-06-21_DEM.tif,2025-11-19T16:07:38.169808Z,4.10.dev245+g4144cef28,903_24,gray_frequencies,131,134.4
2023-06-21,DEM,../DSMs/2023-06-21_DEM.tif,2025-11-19T16:07:38.169808Z,4.10.dev245+g4144cef28,903_24,gray_frequencies,0,147.20000000000002
2023-06-21,DEM,../DSMs/2023-06-21_DEM.tif,2025-11-19T16:07:38.169808Z,4.10.dev245+g4144cef28,903_24,gray_frequencies,0,160.0
2023-06-21,DEM,../DSMs/2023-06-21_DEM.tif,2025-11-19T16:07:38.169808Z,4.10.dev245+g4144cef28,903_24,gray_frequencies,0,172.8
2023-06-21,DEM,../DSMs/2023-06-21_DEM.tif,2025-11-19T16:07:38.169808Z,4.10.dev245+g4144cef28,903_24,gray_frequencies,0,185.60000000000002
2023-06-21,DEM,../DSMs/2023-06-21_DEM.tif,2025-11-19T16:07:38.169808Z,4.10.dev245+g4144cef28,903_24,gray_frequencies,0,198.4
2023-06-21,DEM,../DSMs/2023-06-21_DEM.tif,2025-11-19T16:07:38.169808Z,4.10.dev245+g4144cef28,903_24,gray_frequencies,0,211.20000000000002
2023-06-21,DEM,../DSMs/2023-06-21_DEM.tif,2025-11-19T16:07:38.169808Z,4.10.dev245+g4144cef28,903_24,gray_frequencies,0,224.0
2023-06-21,DEM,../DSMs/2023-06-21_DEM.tif,2025-11-19T16:07:38.169808Z,4.10.dev245+g4144cef28,903_24,gray_frequencies,0,236.8
2023-06-21,DEM,../DSMs/2023-06-21_DEM.tif,2025-11-19T16:07:38.169808Z,4.10.dev245+g4144cef28,903_24,gray_frequencies,0,249.60000000000002
2023-06-21,DEM,../DSMs/2023-06-21_DEM.tif,2025-11-19T16:07:38.169808Z,4.10.dev245+g4144cef28,403_25,gray_frequencies,0,6.4
2023-06-21,DEM,../DSMs/2023-06-21_DEM.tif,2025-11-19T16:07:38.169808Z,4.10.dev245+g4144cef28,403_25,gray_frequencies,0,19.200000000000003
2023-06-21,DEM,../DSMs/2023-06-21_DEM.tif,2025-11-19T16:07:38.169808Z,4.10.dev245+g4144cef28,403_25,gray_frequencies,0,32.0
2023-06-21,DEM,../DSMs/2023-06-21_DEM.tif,2025-11-19T16:07:38.169808Z,4.10.dev245+g4144cef28,403_25,gray_frequencies,0,44.800000000000004
2023-06-21,DEM,../DSMs/2023-06-21_DEM.tif,2025-11-19T16:07:38.169808Z,4.10.dev245+g4144cef28,403_25,gray_frequencies,0,57.6
2023-06-21,DEM,../DSMs/2023-06-21_DEM.tif,2025-11-19T16:07:38.169808Z,4.10.dev245+g4144cef28,403_25,gray_frequencies,0,70.4
2023-06-21,DEM,../DSMs/2023-06-21_DEM.tif,2025-11-19T16:07:38.169808Z,4.10.dev245+g4144cef28,403_25,gray_frequencies,0,83.20000000000002
2023-06-21,DEM,../DSMs/2023-06-21_DEM.tif,2025-11-19T16:07:38.169808Z,4.10.dev245+g4144cef28,403_25,gray_frequencies,0,96.0
2023-06-21,DEM,../DSMs/2023-06-21_DEM.tif,2025-11-19T16:07:38.169808Z,4.10.dev245+g4144cef28,403_25,gray_frequencies,0,108.80000000000001
2023-06-21,DEM,../DSMs/2023-06-21_DEM.tif,2025-11-19T16:07:38.169808Z,4.10.dev245+g4144cef28,403_25,gray_frequencies,0,121.6
2023-06-21,DEM,../DSMs/2023-06-21_DEM.tif,2025-11-19T16:07:38.169808Z,4.10.dev245+g4144cef28,403_25,gray_frequencies,840,134.4
2023-06-21,DEM,../DSMs/2023-06-21_DEM.tif,2025-11-19T16:07:38.169808Z,4.10.dev245+g4144cef28,403_25,gray_frequencies,7452,147.20000000000002
2023-06-21,DEM,../DSMs/2023-06-21_DEM.tif,2025-11-19T16:07:38.169808Z,4.10.dev245+g4144cef28,403_25,gray_frequencies,6191,160.0
2023-06-21,DEM,../DSMs/2023-06-21_DEM.tif,2025-11-19T16:07:38.169808Z,4.10.dev245+g4144cef28,403_25,gray_frequencies,59,172.8
2023-06-21,DEM,../DSMs/2023-06-21_DEM.tif,2025-11-19T16:07:38.169808Z,4.10.dev245+g4144cef28,403_25,gray_frequencies,0,185.60000000000002
2023-06-21,DEM,../DSMs/2023-06-21_DEM.tif,2025-11-19T16:07:38.169808Z,4.10.dev245+g4144cef28,403_25,gray_frequencies,0,198.4
2023-06-21,DEM,../DSMs/2023-06-21_DEM.tif,2025-11-19T16:07:38.169808Z,4.10.dev245+g4144cef28,403_25,gray_frequencies,0,211.20000000000002
2023-06-21,DEM,../DSMs/2023-06-21_DEM.tif,2025-11-19T16:07:38.169808Z,4.10.dev245+g4144cef28,403_25,gray_frequencies,0,224.0
2023-06-21,DEM,../DSMs/2023-06-21_DEM.tif,2025-11-19T16:07:38.169808Z,4.10.dev245+g4144cef28,403_25,gray_frequencies,0,236.8
2023-06-21,DEM,../DSMs/2023-06-21_DEM.tif,2025-11-19T16:07:38.169808Z,4.10.dev245+g4144cef28,403_25,gray_frequencies,0,249.60000000000002
2023-06-21,DEM,../DSMs/2023-06-21_DEM.tif,2025-11-19T16:07:38.169808Z,4.10.dev245+g4144cef28,503_26,gray_frequencies,0,6.4
2023-06-21,DEM,../DSMs/2023-06-21_DEM.tif,2025-11-19T16:07:38.169808Z,4.10.dev245+g4144cef28,503_26,gray_frequencies,0,19.200000000000003
2023-06-21,DEM,../DSMs/2023-06-21_DEM.tif,2025-11-19T16:07:38.169808Z,4.10.dev245+g4144cef28,503_26,gray_frequencies,0,32.0
2023-06-21,DEM,../DSMs/2023-06-21_DEM.tif,2025-11-19T16:07:38.169808Z,4.10.dev245+g4144cef28,503_26,gray_frequencies,0,44.800000000000004
2023-06-21,DEM,../DSMs/2023-06-21_DEM.tif,2025-11-19T16:07:38.169808Z,4.10.dev245+g4144cef28,503_26,gray_frequencies,0,57.6
2023-06-21,DEM,../DSMs/2023-06-21_DEM.tif,2025-11-19T16:07:38.169808Z,4.10.dev245+g4144cef28,503_26,gray_frequencies,0,70.4
2023-06-21,DEM,../DSMs/2023-06-21_DEM.tif,2025-11-19T16:07:38.169808Z,4.10.dev245+g4144cef28,503_26,gray_frequencies,0,83.20000000000002
2023-06-21,DEM,../DSMs/2023-06-21_DEM.tif,2025-11-19T16:07:38.169808Z,4.10.dev245+g4144cef28,503_26,gray_frequencies,0,96.0
2023-06-21,DEM,../DSMs/2023-06-21_DEM.tif,2025-11-19T16:07:38.169808Z,4.10.dev245+g4144cef28,503_26,gray_frequencies,0,108.80000000000001
2023-06-21,DEM,../DSMs/2023-06-21_DEM.tif,2025-11-19T16:07:38.169808Z,4.10.dev245+g4144cef28,503_26,gray_frequencies,0,121.6
2023-06-21,DEM,../DSMs/2023-06-21_DEM.tif,2025-11-19T16:07:38.169808Z,4.10.dev245+g4144cef28,503_26,gray_frequencies,4508,134.4
2023-06-21,DEM,../DSMs/2023-06-21_DEM.tif,2025-11-19T16:07:38.169808Z,4.10.dev245+g4144cef28,503_26,gray_frequencies,7848,147.20000000000002
2023-06-21,DEM,../DSMs/2023-06-21_DEM.tif,2025-11-19T16:07:38.169808Z,4.10.dev245+g4144cef28,503_26,gray_frequencies,2096,160.0
2023-06-21,DEM,../DSMs/2023-06-21_DEM.tif,2025-11-19T16:07:38.169808Z,4.10.dev245+g4144cef28,503_26,gray_frequencies,0,172.8
2023-06-21,DEM,../DSMs/2023-06-21_DEM.tif,2025-11-19T16:07:38.169808Z,4.10.dev245+g4144cef28,503_26,gray_frequencies,0,185.60000000000002
2023-06-21,DEM,../DSMs/2023-06-21_DEM.tif,2025-11-19T16:07:38.169808Z,4.10.dev245+g4144cef28,503_26,gray_frequencies,0,198.4
2023-06-21,DEM,../DSMs/2023-06-21_DEM.tif,2025-11-19T16:07:38.169808Z,4.10.dev245+g4144cef28,503_26,gray_frequencies,0,211.20000000000002
2023-06-21,DEM,../DSMs/2023-06-21_DEM.tif,2025-11-19T16:07:38.169808Z,4.10.dev245+g4144cef28,503_26,gray_frequencies,0,224.0
2023-06-21,DEM,../DSMs/2023-06-21_DEM.tif,2025-11-19T16:07:38.169808Z,4.10.dev245+g4144cef28,503_26,gray_frequencies,0,236.8
2023-06-21,DEM,../DSMs/2023-06-21_DEM.tif,2025-11-19T16:07:38.169808Z,4.10.dev245+g4144cef28,503_26,gray_frequencies,0,249.60000000000002
2023-06-21,DEM,../DSMs/2023-06-21_DEM.tif,2025-11-19T16:07:38.169808Z,4.10.dev245+g4144cef28,603_27,gray_frequencies,0,6.4
2023-06-21,DEM,../DSMs/2023-06-21_DEM.tif,2025-11-19T16:07:38.169808Z,4.10.dev245+g4144cef28,603_27,gray_frequencies,0,19.200000000000003
2023-06-21,DEM,../DSMs/2023-06-21_DEM.tif,2025-11-19T16:07:38.169808Z,4.10.dev245+g4144cef28,603_27,gray_frequencies,0,32.0
2023-06-21,DEM,../DSMs/2023-06-21_DEM.tif,2025-11-19T16:07:38.169808Z,4.10.dev245+g4144cef28,603_27,gray_frequencies,0,44.800000000000004
2023-06-21,DEM,../DSMs/2023-06-21_DEM.tif,2025-11-19T16:07:38.169808Z,4.10.dev245+g4144cef28,603_27,gray_frequencies,0,57.6
2023-06-21,DEM,../DSMs/2023-06-21_DEM.tif,2025-11-19T16:07:38.169808Z,4.10.dev245+g4144cef28,603_27,gray_frequencies,0,70.4
2023-06-21,DEM,../DSMs/2023-06-21_DEM.tif,2025-11-19T16:07:38.169808Z,4.10.dev245+g4144cef28,603_27,gray_frequencies,0,83.20000000000002
2023-06-21,DEM,../DSMs/2023-06-21_DEM.tif,2025-11-19T16:07:38.169808Z,4.10.dev245+g4144cef28,603_27,gray_frequencies,0,96.0
2023-06-21,DEM,../DSMs/2023-06-21_DEM.tif,2025-11-19T16:07:38.169808Z,4.10.dev245+g4144cef28,603_27,gray_frequencies,0,108.80000000000001
2023-06-21,DEM,../DSMs/2023-06-21_DEM.tif,2025-11-19T16:07:38.169808Z,4.10.dev245+g4144cef28,603_27,gray_frequencies,1067,121.6
2023-06-21,DEM,../DSMs/2023-06-21_DEM.tif,2025-11-19T16:07:38.169808Z,4.10.dev245+g4144cef28,603_27,gray_frequencies,7048,134.4
2023-06-21,DEM,../DSMs/2023-06-21_DEM.tif,2025-11-19T16:07:38.169808Z,4.10.dev245+g4144cef28,603_27,gray_frequencies,5758,147.20000000000002
2023-06-21,DEM,../DSMs/2023-06-21_DEM.tif,2025-11-19T16:07:38.169808Z,4.10.dev245+g4144cef28,603_27,gray_frequencies,3,160.0
2023-06-21,DEM,../DSMs/2023-06-21_DEM.tif,2025-11-19T16:07:38.169808Z,4.10.dev245+g4144cef28,603_27,gray_frequencies,0,172.8
2023-06-21,DEM,../DSMs/2023-06-21_DEM.tif,2025-11-19T16:07:38.169808Z,4.10.dev245+g4144cef28,603_27,gray_frequencies,0,185.60000000000002
2023-06-21,DEM,../DSMs/2023-06-21_DEM.tif,2025-11-19T16:07:38.169808Z,4.10.dev245+g4144cef28,603_27,gray_frequencies,0,198.4
2023-06-21,DEM,../DSMs/2023-06-21_DEM.tif,2025-11-19T16:07:38.169808Z,4.10.dev245+g4144cef28,603_27,gray_frequencies,0,211.20000000000002
2023-06-21,DEM,../DSMs/2023-06-21_DEM.tif,2025-11-19T16:07:38.169808Z,4.10.dev245+g4144cef28,603_27,gray_frequencies,0,224.0
2023-06-21,DEM,../DSMs/2023-06-21_DEM.tif,2025-11-19T16:07:38.169808Z,4.10.dev245+g4144cef28,603_27,gray_frequencies,0,236.8
2023-06-21,DEM,../DSMs/2023-06-21_DEM.tif,2025-11-19T16:07:38.169808Z,4.10.dev245+g4144cef28,603_27,gray_frequencies,0,249.60000000000002
2023-08-10,DEM,../DSMs/2023-08-10_DEM.tif,2025-11-19T16:08:01.644464Z,4.10.dev245+g4144cef28,default_101,gray_frequencies,NA,NA
2023-08-10,DEM,../DSMs/2023-08-10_DEM.tif,2025-11-19T16:08:01.644464Z,4.10.dev245+g4144cef28,default_201,gray_frequencies,NA,NA
2023-08-10,DEM,../DSMs/2023-08-10_DEM.tif,2025-11-19T16:08:01.644464Z,4.10.dev245+g4144cef28,default_301,gray_frequencies,NA,NA
2023-08-10,DEM,../DSMs/2023-08-10_DEM.tif,2025-11-19T16:08:01.644464Z,4.10.dev245+g4144cef28,default_401,gray_frequencies,NA,NA
2023-08-10,DEM,../DSMs/2023-08-10_DEM.tif,2025-11-19T16:08:01.644464Z,4.10.dev245+g4144cef28,default_501,gray_frequencies,NA,NA
2023-08-10,DEM,../DSMs/2023-08-10_DEM.tif,2025-11-19T16:08:01.644464Z,4.10.dev245+g4144cef28,default_901,gray_frequencies,NA,NA
2023-08-10,DEM,../DSMs/2023-08-10_DEM.tif,2025-11-19T16:08:01.644464Z,4.10.dev245+g4144cef28,default_701,gray_frequencies,NA,NA
2023-08-10,DEM,../DSMs/2023-08-10_DEM.tif,2025-11-19T16:08:01.644464Z,4.10.dev245+g4144cef28,default_801,gray_frequencies,NA,NA
2023-08-10,DEM,../DSMs/2023-08-10_DEM.tif,2025-11-19T16:08:01.644464Z,4.10.dev245+g4144cef28,default_601,gray_frequencies,NA,NA
2023-08-10,DEM,../DSMs/2023-08-10_DEM.tif,2025-11-19T16:08:01.644464Z,4.10.dev245+g4144cef28,default_502,gray_frequencies,NA,NA
2023-08-10,DEM,../DSMs/2023-08-10_DEM.tif,2025-11-19T16:08:01.644464Z,4.10.dev245+g4144cef28,default_402,gray_frequencies,NA,NA
2023-08-10,DEM,../DSMs/2023-08-10_DEM.tif,2025-11-19T16:08:01.644464Z,4.10.dev245+g4144cef28,default_102,gray_frequencies,NA,NA
2023-08-10,DEM,../DSMs/2023-08-10_DEM.tif,2025-11-19T16:08:01.644464Z,4.10.dev245+g4144cef28,default_702,gray_frequencies,NA,NA
2023-08-10,DEM,../DSMs/2023-08-10_DEM.tif,2025-11-19T16:08:01.644464Z,4.10.dev245+g4144cef28,default_202,gray_frequencies,NA,NA
2023-08-10,DEM,../DSMs/2023-08-10_DEM.tif,2025-11-19T16:08:01.644464Z,4.10.dev245+g4144cef28,default_602,gray_frequencies,NA,NA
2023-08-10,DEM,../DSMs/2023-08-10_DEM.tif,2025-11-19T16:08:01.644464Z,4.10.dev245+g4144cef28,default_802,gray_frequencies,NA,NA
2023-08-10,DEM,../DSMs/2023-08-10_DEM.tif,2025-11-19T16:08:01.644464Z,4.10.dev245+g4144cef28,default_302,gray_frequencies,NA,NA
2023-08-10,DEM,../DSMs/2023-08-10_DEM.tif,2025-11-19T16:08:01.644464Z,4.10.dev245+g4144cef28,default_902,gray_frequencies,NA,NA
2023-08-10,DEM,../DSMs/2023-08-10_DEM.tif,2025-11-19T16:08:01.644464Z,4.10.dev245+g4144cef28,default_703,gray_frequencies,NA,NA
2023-08-10,DEM,../DSMs/2023-08-10_DEM.tif,2025-11-19T16:08:01.644464Z,4.10.dev245+g4144cef28,default_103,gray_frequencies,NA,NA
2023-08-10,DEM,../DSMs/2023-08-10_DEM.tif,2025-11-19T16:08:01.644464Z,4.10.dev245+g4144cef28,default_203,gray_frequencies,NA,NA
2023-08-10,DEM,../DSMs/2023-08-10_DEM.tif,2025-11-19T16:08:01.644464Z,4.10.dev245+g4144cef28,default_803,gray_frequencies,NA,NA
2023-08-10,DEM,../DSMs/2023-08-10_DEM.tif,2025-11-19T16:08:01.644464Z,4.10.dev245+g4144cef28,default_303,gray_frequencies,NA,NA
2023-08-10,DEM,../DSMs/2023-08-10_DEM.tif,2025-11-19T16:08:01.644464Z,4.10.dev245+g4144cef28,default_903,gray_frequencies,NA,NA
2023-08-10,DEM,../DSMs/2023-08-10_DEM.tif,2025-11-19T16:08:01.644464Z,4.10.dev245+g4144cef28,default_403,gray_frequencies,NA,NA
2023-08-10,DEM,../DSMs/2023-08-10_DEM.tif,2025-11-19T16:08:01.644464Z,4.10.dev245+g4144cef28,default_503,gray_frequencies,NA,NA
2023-08-10,DEM,../DSMs/2023-08-10_DEM.tif,2025-11-19T16:08:01.644464Z,4.10.dev245+g4144cef28,default_603,gray_frequencies,NA,NA
2023-08-10,DEM,../DSMs/2023-08-10_DEM.tif,2025-11-19T16:08:01.644464Z,4.10.dev245+g4144cef28,101_1,gray_frequencies,0,6.4
2023-08-10,DEM,../DSMs/2023-08-10_DEM.tif,2025-11-19T16:08:01.644464Z,4.10.dev245+g4144cef28,101_1,gray_frequencies,0,19.200000000000003
2023-08-10,DEM,../DSMs/2023-08-10_DEM.tif,2025-11-19T16:08:01.644464Z,4.10.dev245+g4144cef28,101_1,gray_frequencies,0,32.0
2023-08-10,DEM,../DSMs/2023-08-10_DEM.tif,2025-11-19T16:08:01.644464Z,4.10.dev245+g4144cef28,101_1,gray_frequencies,0,44.800000000000004
2023-08-10,DEM,../DSMs/2023-08-10_DEM.tif,2025-11-19T16:08:01.644464Z,4.10.dev245+g4144cef28,101_1,gray_frequencies,0,57.6
2023-08-10,DEM,../DSMs/2023-08-10_DEM.tif,2025-11-19T16:08:01.644464Z,4.10.dev245+g4144cef28,101_1,gray_frequencies,0,70.4
2023-08-10,DEM,../DSMs/2023-08-10_DEM.tif,2025-11-19T16:08:01.644464Z,4.10.dev245+g4144cef28,101_1,gray_frequencies,0,83.20000000000002
2023-08-10,DEM,../DSMs/2023-08-10_DEM.tif,2025-11-19T16:08:01.644464Z,4.10.dev245+g4144cef28,101_1,gray_frequencies,102,96.0
2023-08-10,DEM,../DSMs/2023-08-10_DEM.tif,2025-11-19T16:08:01.644464Z,4.10.dev245+g4144cef28,101_1,gray_frequencies,1630,108.80000000000001
2023-08-10,DEM,../DSMs/2023-08-10_DEM.tif,2025-11-19T16:08:01.644464Z,4.10.dev245+g4144cef28,101_1,gray_frequencies,1373,121.6
2023-08-10,DEM,../DSMs/2023-08-10_DEM.tif,2025-11-19T16:08:01.644464Z,4.10.dev245+g4144cef28,101_1,gray_frequencies,2305,134.4
2023-08-10,DEM,../DSMs/2023-08-10_DEM.tif,2025-11-19T16:08:01.644464Z,4.10.dev245+g4144cef28,101_1,gray_frequencies,3272,147.20000000000002
2023-08-10,DEM,../DSMs/2023-08-10_DEM.tif,2025-11-19T16:08:01.644464Z,4.10.dev245+g4144cef28,101_1,gray_frequencies,3021,160.0
2023-08-10,DEM,../DSMs/2023-08-10_DEM.tif,2025-11-19T16:08:01.644464Z,4.10.dev245+g4144cef28,101_1,gray_frequencies,1787,172.8
2023-08-10,DEM,../DSMs/2023-08-10_DEM.tif,2025-11-19T16:08:01.644464Z,4.10.dev245+g4144cef28,101_1,gray_frequencies,373,185.60000000000002
2023-08-10,DEM,../DSMs/2023-08-10_DEM.tif,2025-11-19T16:08:01.644464Z,4.10.dev245+g4144cef28,101_1,gray_frequencies,6,198.4
2023-08-10,DEM,../DSMs/2023-08-10_DEM.tif,2025-11-19T16:08:01.644464Z,4.10.dev245+g4144cef28,101_1,gray_frequencies,0,211.20000000000002
2023-08-10,DEM,../DSMs/2023-08-10_DEM.tif,2025-11-19T16:08:01.644464Z,4.10.dev245+g4144cef28,101_1,gray_frequencies,0,224.0
2023-08-10,DEM,../DSMs/2023-08-10_DEM.tif,2025-11-19T16:08:01.644464Z,4.10.dev245+g4144cef28,101_1,gray_frequencies,0,236.8
2023-08-10,DEM,../DSMs/2023-08-10_DEM.tif,2025-11-19T16:08:01.644464Z,4.10.dev245+g4144cef28,101_1,gray_frequencies,0,249.60000000000002
2023-08-10,DEM,../DSMs/2023-08-10_DEM.tif,2025-11-19T16:08:01.644464Z,4.10.dev245+g4144cef28,201_2,gray_frequencies,0,6.4
2023-08-10,DEM,../DSMs/2023-08-10_DEM.tif,2025-11-19T16:08:01.644464Z,4.10.dev245+g4144cef28,201_2,gray_frequencies,0,19.200000000000003
2023-08-10,DEM,../DSMs/2023-08-10_DEM.tif,2025-11-19T16:08:01.644464Z,4.10.dev245+g4144cef28,201_2,gray_frequencies,0,32.0
2023-08-10,DEM,../DSMs/2023-08-10_DEM.tif,2025-11-19T16:08:01.644464Z,4.10.dev245+g4144cef28,201_2,gray_frequencies,0,44.800000000000004
2023-08-10,DEM,../DSMs/2023-08-10_DEM.tif,2025-11-19T16:08:01.644464Z,4.10.dev245+g4144cef28,201_2,gray_frequencies,0,57.6
2023-08-10,DEM,../DSMs/2023-08-10_DEM.tif,2025-11-19T16:08:01.644464Z,4.10.dev245+g4144cef28,201_2,gray_frequencies,0,70.4
2023-08-10,DEM,../DSMs/2023-08-10_DEM.tif,2025-11-19T16:08:01.644464Z,4.10.dev245+g4144cef28,201_2,gray_frequencies,0,83.20000000000002
2023-08-10,DEM,../DSMs/2023-08-10_DEM.tif,2025-11-19T16:08:01.644464Z,4.10.dev245+g4144cef28,201_2,gray_frequencies,927,96.0
2023-08-10,DEM,../DSMs/2023-08-10_DEM.tif,2025-11-19T16:08:01.644464Z,4.10.dev245+g4144cef28,201_2,gray_frequencies,807,108.80000000000001
2023-08-10,DEM,../DSMs/2023-08-10_DEM.tif,2025-11-19T16:08:01.644464Z,4.10.dev245+g4144cef28,201_2,gray_frequencies,568,121.6
2023-08-10,DEM,../DSMs/2023-08-10_DEM.tif,2025-11-19T16:08:01.644464Z,4.10.dev245+g4144cef28,201_2,gray_frequencies,1035,134.4
2023-08-10,DEM,../DSMs/2023-08-10_DEM.tif,2025-11-19T16:08:01.644464Z,4.10.dev245+g4144cef28,201_2,gray_frequencies,895,147.20000000000002
2023-08-10,DEM,../DSMs/2023-08-10_DEM.tif,2025-11-19T16:08:01.644464Z,4.10.dev245+g4144cef28,201_2,gray_frequencies,1548,160.0
2023-08-10,DEM,../DSMs/2023-08-10_DEM.tif,2025-11-19T16:08:01.644464Z,4.10.dev245+g4144cef28,201_2,gray_frequencies,3303,172.8
2023-08-10,DEM,../DSMs/2023-08-10_DEM.tif,2025-11-19T16:08:01.644464Z,4.10.dev245+g4144cef28,201_2,gray_frequencies,2804,185.60000000000002
2023-08-10,DEM,../DSMs/2023-08-10_DEM.tif,2025-11-19T16:08:01.644464Z,4.10.dev245+g4144cef28,201_2,gray_frequencies,31,198.4
2023-08-10,DEM,../DSMs/2023-08-10_DEM.tif,2025-11-19T16:08:01.644464Z,4.10.dev245+g4144cef28,201_2,gray_frequencies,14,211.20000000000002
2023-08-10,DEM,../DSMs/2023-08-10_DEM.tif,2025-11-19T16:08:01.644464Z,4.10.dev245+g4144cef28,201_2,gray_frequencies,11,224.0
2023-08-10,DEM,../DSMs/2023-08-10_DEM.tif,2025-11-19T16:08:01.644464Z,4.10.dev245+g4144cef28,201_2,gray_frequencies,20,236.8
2023-08-10,DEM,../DSMs/2023-08-10_DEM.tif,2025-11-19T16:08:01.644464Z,4.10.dev245+g4144cef28,201_2,gray_frequencies,16,249.60000000000002
2023-08-10,DEM,../DSMs/2023-08-10_DEM.tif,2025-11-19T16:08:01.644464Z,4.10.dev245+g4144cef28,301_3,gray_frequencies,0,6.4
2023-08-10,DEM,../DSMs/2023-08-10_DEM.tif,2025-11-19T16:08:01.644464Z,4.10.dev245+g4144cef28,301_3,gray_frequencies,0,19.200000000000003
2023-08-10,DEM,../DSMs/2023-08-10_DEM.tif,2025-11-19T16:08:01.644464Z,4.10.dev245+g4144cef28,301_3,gray_frequencies,0,32.0
2023-08-10,DEM,../DSMs/2023-08-10_DEM.tif,2025-11-19T16:08:01.644464Z,4.10.dev245+g4144cef28,301_3,gray_frequencies,0,44.800000000000004
2023-08-10,DEM,../DSMs/2023-08-10_DEM.tif,2025-11-19T16:08:01.644464Z,4.10.dev245+g4144cef28,301_3,gray_frequencies,0,57.6
2023-08-10,DEM,../DSMs/2023-08-10_DEM.tif,2025-11-19T16:08:01.644464Z,4.10.dev245+g4144cef28,301_3,gray_frequencies,0,70.4
2023-08-10,DEM,../DSMs/2023-08-10_DEM.tif,2025-11-19T16:08:01.644464Z,4.10.dev245+g4144cef28,301_3,gray_frequencies,0,83.20000000000002
2023-08-10,DEM,../DSMs/2023-08-10_DEM.tif,2025-11-19T16:08:01.644464Z,4.10.dev245+g4144cef28,301_3,gray_frequencies,866,96.0
2023-08-10,DEM,../DSMs/2023-08-10_DEM.tif,2025-11-19T16:08:01.644464Z,4.10.dev245+g4144cef28,301_3,gray_frequencies,1124,108.80000000000001
2023-08-10,DEM,../DSMs/2023-08-10_DEM.tif,2025-11-19T16:08:01.644464Z,4.10.dev245+g4144cef28,301_3,gray_frequencies,1335,121.6
2023-08-10,DEM,../DSMs/2023-08-10_DEM.tif,2025-11-19T16:08:01.644464Z,4.10.dev245+g4144cef28,301_3,gray_frequencies,1970,134.4
2023-08-10,DEM,../DSMs/2023-08-10_DEM.tif,2025-11-19T16:08:01.644464Z,4.10.dev245+g4144cef28,301_3,gray_frequencies,3039,147.20000000000002
2023-08-10,DEM,../DSMs/2023-08-10_DEM.tif,2025-11-19T16:08:01.644464Z,4.10.dev245+g4144cef28,301_3,gray_frequencies,2510,160.0
2023-08-10,DEM,../DSMs/2023-08-10_DEM.tif,2025-11-19T16:08:01.644464Z,4.10.dev245+g4144cef28,301_3,gray_frequencies,2044,172.8
2023-08-10,DEM,../DSMs/2023-08-10_DEM.tif,2025-11-19T16:08:01.644464Z,4.10.dev245+g4144cef28,301_3,gray_frequencies,431,185.60000000000002
2023-08-10,DEM,../DSMs/2023-08-10_DEM.tif,2025-11-19T16:08:01.644464Z,4.10.dev245+g4144cef28,301_3,gray_frequencies,0,198.4
2023-08-10,DEM,../DSMs/2023-08-10_DEM.tif,2025-11-19T16:08:01.644464Z,4.10.dev245+g4144cef28,301_3,gray_frequencies,0,211.20000000000002
2023-08-10,DEM,../DSMs/2023-08-10_DEM.tif,2025-11-19T16:08:01.644464Z,4.10.dev245+g4144cef28,301_3,gray_frequencies,0,224.0
2023-08-10,DEM,../DSMs/2023-08-10_DEM.tif,2025-11-19T16:08:01.644464Z,4.10.dev245+g4144cef28,301_3,gray_frequencies,0,236.8
2023-08-10,DEM,../DSMs/2023-08-10_DEM.tif,2025-11-19T16:08:01.644464Z,4.10.dev245+g4144cef28,301_3,gray_frequencies,0,249.60000000000002
2023-08-10,DEM,../DSMs/2023-08-10_DEM.tif,2025-11-19T16:08:01.644464Z,4.10.dev245+g4144cef28,401_4,gray_frequencies,0,6.4
2023-08-10,DEM,../DSMs/2023-08-10_DEM.tif,2025-11-19T16:08:01.644464Z,4.10.dev245+g4144cef28,401_4,gray_frequencies,0,19.200000000000003
2023-08-10,DEM,../DSMs/2023-08-10_DEM.tif,2025-11-19T16:08:01.644464Z,4.10.dev245+g4144cef28,401_4,gray_frequencies,0,32.0
2023-08-10,DEM,../DSMs/2023-08-10_DEM.tif,2025-11-19T16:08:01.644464Z,4.10.dev245+g4144cef28,401_4,gray_frequencies,0,44.800000000000004
2023-08-10,DEM,../DSMs/2023-08-10_DEM.tif,2025-11-19T16:08:01.644464Z,4.10.dev245+g4144cef28,401_4,gray_frequencies,0,57.6
2023-08-10,DEM,../DSMs/2023-08-10_DEM.tif,2025-11-19T16:08:01.644464Z,4.10.dev245+g4144cef28,401_4,gray_frequencies,0,70.4
2023-08-10,DEM,../DSMs/2023-08-10_DEM.tif,2025-11-19T16:08:01.644464Z,4.10.dev245+g4144cef28,401_4,gray_frequencies,0,83.20000000000002
2023-08-10,DEM,../DSMs/2023-08-10_DEM.tif,2025-11-19T16:08:01.644464Z,4.10.dev245+g4144cef28,401_4,gray_frequencies,0,96.0
2023-08-10,DEM,../DSMs/2023-08-10_DEM.tif,2025-11-19T16:08:01.644464Z,4.10.dev245+g4144cef28,401_4,gray_frequencies,0,108.80000000000001
2023-08-10,DEM,../DSMs/2023-08-10_DEM.tif,2025-11-19T16:08:01.644464Z,4.10.dev245+g4144cef28,401_4,gray_frequencies,39,121.6
2023-08-10,DEM,../DSMs/2023-08-10_DEM.tif,2025-11-19T16:08:01.644464Z,4.10.dev245+g4144cef28,401_4,gray_frequencies,1392,134.4
2023-08-10,DEM,../DSMs/2023-08-10_DEM.tif,2025-11-19T16:08:01.644464Z,4.10.dev245+g4144cef28,401_4,gray_frequencies,1542,147.20000000000002
2023-08-10,DEM,../DSMs/2023-08-10_DEM.tif,2025-11-19T16:08:01.644464Z,4.10.dev245+g4144cef28,401_4,gray_frequencies,2140,160.0
2023-08-10,DEM,../DSMs/2023-08-10_DEM.tif,2025-11-19T16:08:01.644464Z,4.10.dev245+g4144cef28,401_4,gray_frequencies,2829,172.8
2023-08-10,DEM,../DSMs/2023-08-10_DEM.tif,2025-11-19T16:08:01.644464Z,4.10.dev245+g4144cef28,401_4,gray_frequencies,2934,185.60000000000002
2023-08-10,DEM,../DSMs/2023-08-10_DEM.tif,2025-11-19T16:08:01.644464Z,4.10.dev245+g4144cef28,401_4,gray_frequencies,1774,198.4
2023-08-10,DEM,../DSMs/2023-08-10_DEM.tif,2025-11-19T16:08:01.644464Z,4.10.dev245+g4144cef28,401_4,gray_frequencies,330,211.20000000000002
2023-08-10,DEM,../DSMs/2023-08-10_DEM.tif,2025-11-19T16:08:01.644464Z,4.10.dev245+g4144cef28,401_4,gray_frequencies,2,224.0
2023-08-10,DEM,../DSMs/2023-08-10_DEM.tif,2025-11-19T16:08:01.644464Z,4.10.dev245+g4144cef28,401_4,gray_frequencies,0,236.8
2023-08-10,DEM,../DSMs/2023-08-10_DEM.tif,2025-11-19T16:08:01.644464Z,4.10.dev245+g4144cef28,401_4,gray_frequencies,0,249.60000000000002
2023-08-10,DEM,../DSMs/2023-08-10_DEM.tif,2025-11-19T16:08:01.644464Z,4.10.dev245+g4144cef28,501_5,gray_frequencies,0,6.4
2023-08-10,DEM,../DSMs/2023-08-10_DEM.tif,2025-11-19T16:08:01.644464Z,4.10.dev245+g4144cef28,501_5,gray_frequencies,0,19.200000000000003
2023-08-10,DEM,../DSMs/2023-08-10_DEM.tif,2025-11-19T16:08:01.644464Z,4.10.dev245+g4144cef28,501_5,gray_frequencies,0,32.0
2023-08-10,DEM,../DSMs/2023-08-10_DEM.tif,2025-11-19T16:08:01.644464Z,4.10.dev245+g4144cef28,501_5,gray_frequencies,0,44.800000000000004
2023-08-10,DEM,../DSMs/2023-08-10_DEM.tif,2025-11-19T16:08:01.644464Z,4.10.dev245+g4144cef28,501_5,gray_frequencies,0,57.6
2023-08-10,DEM,../DSMs/2023-08-10_DEM.tif,2025-11-19T16:08:01.644464Z,4.10.dev245+g4144cef28,501_5,gray_frequencies,0,70.4
2023-08-10,DEM,../DSMs/2023-08-10_DEM.tif,2025-11-19T16:08:01.644464Z,4.10.dev245+g4144cef28,501_5,gray_frequencies,0,83.20000000000002
2023-08-10,DEM,../DSMs/2023-08-10_DEM.tif,2025-11-19T16:08:01.644464Z,4.10.dev245+g4144cef28,501_5,gray_frequencies,0,96.0
2023-08-10,DEM,../DSMs/2023-08-10_DEM.tif,2025-11-19T16:08:01.644464Z,4.10.dev245+g4144cef28,501_5,gray_frequencies,0,108.80000000000001
2023-08-10,DEM,../DSMs/2023-08-10_DEM.tif,2025-11-19T16:08:01.644464Z,4.10.dev245+g4144cef28,501_5,gray_frequencies,146,121.6
2023-08-10,DEM,../DSMs/2023-08-10_DEM.tif,2025-11-19T16:08:01.644464Z,4.10.dev245+g4144cef28,501_5,gray_frequencies,1053,134.4
2023-08-10,DEM,../DSMs/2023-08-10_DEM.tif,2025-11-19T16:08:01.644464Z,4.10.dev245+g4144cef28,501_5,gray_frequencies,1318,147.20000000000002
2023-08-10,DEM,../DSMs/2023-08-10_DEM.tif,2025-11-19T16:08:01.644464Z,4.10.dev245+g4144cef28,501_5,gray_frequencies,1163,160.0
2023-08-10,DEM,../DSMs/2023-08-10_DEM.tif,2025-11-19T16:08:01.644464Z,4.10.dev245+g4144cef28,501_5,gray_frequencies,1390,172.8
2023-08-10,DEM,../DSMs/2023-08-10_DEM.tif,2025-11-19T16:08:01.644464Z,4.10.dev245+g4144cef28,501_5,gray_frequencies,2139,185.60000000000002
2023-08-10,DEM,../DSMs/2023-08-10_DEM.tif,2025-11-19T16:08:01.644464Z,4.10.dev245+g4144cef28,501_5,gray_frequencies,3424,198.4
2023-08-10,DEM,../DSMs/2023-08-10_DEM.tif,2025-11-19T16:08:01.644464Z,4.10.dev245+g4144cef28,501_5,gray_frequencies,1677,211.20000000000002
2023-08-10,DEM,../DSMs/2023-08-10_DEM.tif,2025-11-19T16:08:01.644464Z,4.10.dev245+g4144cef28,501_5,gray_frequencies,76,224.0
2023-08-10,DEM,../DSMs/2023-08-10_DEM.tif,2025-11-19T16:08:01.644464Z,4.10.dev245+g4144cef28,501_5,gray_frequencies,28,236.8
2023-08-10,DEM,../DSMs/2023-08-10_DEM.tif,2025-11-19T16:08:01.644464Z,4.10.dev245+g4144cef28,501_5,gray_frequencies,14,249.60000000000002
2023-08-10,DEM,../DSMs/2023-08-10_DEM.tif,2025-11-19T16:08:01.644464Z,4.10.dev245+g4144cef28,901_6,gray_frequencies,0,6.4
2023-08-10,DEM,../DSMs/2023-08-10_DEM.tif,2025-11-19T16:08:01.644464Z,4.10.dev245+g4144cef28,901_6,gray_frequencies,0,19.200000000000003
2023-08-10,DEM,../DSMs/2023-08-10_DEM.tif,2025-11-19T16:08:01.644464Z,4.10.dev245+g4144cef28,901_6,gray_frequencies,0,32.0
2023-08-10,DEM,../DSMs/2023-08-10_DEM.tif,2025-11-19T16:08:01.644464Z,4.10.dev245+g4144cef28,901_6,gray_frequencies,0,44.800000000000004
2023-08-10,DEM,../DSMs/2023-08-10_DEM.tif,2025-11-19T16:08:01.644464Z,4.10.dev245+g4144cef28,901_6,gray_frequencies,0,57.6
2023-08-10,DEM,../DSMs/2023-08-10_DEM.tif,2025-11-19T16:08:01.644464Z,4.10.dev245+g4144cef28,901_6,gray_frequencies,0,70.4
2023-08-10,DEM,../DSMs/2023-08-10_DEM.tif,2025-11-19T16:08:01.644464Z,4.10.dev245+g4144cef28,901_6,gray_frequencies,0,83.20000000000002
2023-08-10,DEM,../DSMs/2023-08-10_DEM.tif,2025-11-19T16:08:01.644464Z,4.10.dev245+g4144cef28,901_6,gray_frequencies,0,96.0
2023-08-10,DEM,../DSMs/2023-08-10_DEM.tif,2025-11-19T16:08:01.644464Z,4.10.dev245+g4144cef28,901_6,gray_frequencies,0,108.80000000000001
2023-08-10,DEM,../DSMs/2023-08-10_DEM.tif,2025-11-19T16:08:01.644464Z,4.10.dev245+g4144cef28,901_6,gray_frequencies,11,121.6
2023-08-10,DEM,../DSMs/2023-08-10_DEM.tif,2025-11-19T16:08:01.644464Z,4.10.dev245+g4144cef28,901_6,gray_frequencies,748,134.4
2023-08-10,DEM,../DSMs/2023-08-10_DEM.tif,2025-11-19T16:08:01.644464Z,4.10.dev245+g4144cef28,901_6,gray_frequencies,1627,147.20000000000002
2023-08-10,DEM,../DSMs/2023-08-10_DEM.tif,2025-11-19T16:08:01.644464Z,4.10.dev245+g4144cef28,901_6,gray_frequencies,1589,160.0
2023-08-10,DEM,../DSMs/2023-08-10_DEM.tif,2025-11-19T16:08:01.644464Z,4.10.dev245+g4144cef28,901_6,gray_frequencies,2472,172.8
2023-08-10,DEM,../DSMs/2023-08-10_DEM.tif,2025-11-19T16:08:01.644464Z,4.10.dev245+g4144cef28,901_6,gray_frequencies,2160,185.60000000000002
2023-08-10,DEM,../DSMs/2023-08-10_DEM.tif,2025-11-19T16:08:01.644464Z,4.10.dev245+g4144cef28,901_6,gray_frequencies,2520,198.4
2023-08-10,DEM,../DSMs/2023-08-10_DEM.tif,2025-11-19T16:08:01.644464Z,4.10.dev245+g4144cef28,901_6,gray_frequencies,1499,211.20000000000002
2023-08-10,DEM,../DSMs/2023-08-10_DEM.tif,2025-11-19T16:08:01.644464Z,4.10.dev245+g4144cef28,901_6,gray_frequencies,237,224.0
2023-08-10,DEM,../DSMs/2023-08-10_DEM.tif,2025-11-19T16:08:01.644464Z,4.10.dev245+g4144cef28,901_6,gray_frequencies,9,236.8
2023-08-10,DEM,../DSMs/2023-08-10_DEM.tif,2025-11-19T16:08:01.644464Z,4.10.dev245+g4144cef28,901_6,gray_frequencies,0,249.60000000000002
2023-08-10,DEM,../DSMs/2023-08-10_DEM.tif,2025-11-19T16:08:01.644464Z,4.10.dev245+g4144cef28,701_7,gray_frequencies,0,6.4
2023-08-10,DEM,../DSMs/2023-08-10_DEM.tif,2025-11-19T16:08:01.644464Z,4.10.dev245+g4144cef28,701_7,gray_frequencies,0,19.200000000000003
2023-08-10,DEM,../DSMs/2023-08-10_DEM.tif,2025-11-19T16:08:01.644464Z,4.10.dev245+g4144cef28,701_7,gray_frequencies,0,32.0
2023-08-10,DEM,../DSMs/2023-08-10_DEM.tif,2025-11-19T16:08:01.644464Z,4.10.dev245+g4144cef28,701_7,gray_frequencies,0,44.800000000000004
2023-08-10,DEM,../DSMs/2023-08-10_DEM.tif,2025-11-19T16:08:01.644464Z,4.10.dev245+g4144cef28,701_7,gray_frequencies,0,57.6
2023-08-10,DEM,../DSMs/2023-08-10_DEM.tif,2025-11-19T16:08:01.644464Z,4.10.dev245+g4144cef28,701_7,gray_frequencies,0,70.4
2023-08-10,DEM,../DSMs/2023-08-10_DEM.tif,2025-11-19T16:08:01.644464Z,4.10.dev245+g4144cef28,701_7,gray_frequencies,0,83.20000000000002
2023-08-10,DEM,../DSMs/2023-08-10_DEM.tif,2025-11-19T16:08:01.644464Z,4.10.dev245+g4144cef28,701_7,gray_frequencies,0,96.0
2023-08-10,DEM,../DSMs/2023-08-10_DEM.tif,2025-11-19T16:08:01.644464Z,4.10.dev245+g4144cef28,701_7,gray_frequencies,0,108.80000000000001
2023-08-10,DEM,../DSMs/2023-08-10_DEM.tif,2025-11-19T16:08:01.644464Z,4.10.dev245+g4144cef28,701_7,gray_frequencies,0,121.6
2023-08-10,DEM,../DSMs/2023-08-10_DEM.tif,2025-11-19T16:08:01.644464Z,4.10.dev245+g4144cef28,701_7,gray_frequencies,0,134.4
2023-08-10,DEM,../DSMs/2023-08-10_DEM.tif,2025-11-19T16:08:01.644464Z,4.10.dev245+g4144cef28,701_7,gray_frequencies,19,147.20000000000002
2023-08-10,DEM,../DSMs/2023-08-10_DEM.tif,2025-11-19T16:08:01.644464Z,4.10.dev245+g4144cef28,701_7,gray_frequencies,1085,160.0
2023-08-10,DEM,../DSMs/2023-08-10_DEM.tif,2025-11-19T16:08:01.644464Z,4.10.dev245+g4144cef28,701_7,gray_frequencies,1014,172.8
2023-08-10,DEM,../DSMs/2023-08-10_DEM.tif,2025-11-19T16:08:01.644464Z,4.10.dev245+g4144cef28,701_7,gray_frequencies,1186,185.60000000000002
2023-08-10,DEM,../DSMs/2023-08-10_DEM.tif,2025-11-19T16:08:01.644464Z,4.10.dev245+g4144cef28,701_7,gray_frequencies,891,198.4
2023-08-10,DEM,../DSMs/2023-08-10_DEM.tif,2025-11-19T16:08:01.644464Z,4.10.dev245+g4144cef28,701_7,gray_frequencies,1724,211.20000000000002
2023-08-10,DEM,../DSMs/2023-08-10_DEM.tif,2025-11-19T16:08:01.644464Z,4.10.dev245+g4144cef28,701_7,gray_frequencies,4244,224.0
2023-08-10,DEM,../DSMs/2023-08-10_DEM.tif,2025-11-19T16:08:01.644464Z,4.10.dev245+g4144cef28,701_7,gray_frequencies,1916,236.8
2023-08-10,DEM,../DSMs/2023-08-10_DEM.tif,2025-11-19T16:08:01.644464Z,4.10.dev245+g4144cef28,701_7,gray_frequencies,4,249.60000000000002
2023-08-10,DEM,../DSMs/2023-08-10_DEM.tif,2025-11-19T16:08:01.644464Z,4.10.dev245+g4144cef28,801_8,gray_frequencies,0,6.4
2023-08-10,DEM,../DSMs/2023-08-10_DEM.tif,2025-11-19T16:08:01.644464Z,4.10.dev245+g4144cef28,801_8,gray_frequencies,0,19.200000000000003
2023-08-10,DEM,../DSMs/2023-08-10_DEM.tif,2025-11-19T16:08:01.644464Z,4.10.dev245+g4144cef28,801_8,gray_frequencies,0,32.0
2023-08-10,DEM,../DSMs/2023-08-10_DEM.tif,2025-11-19T16:08:01.644464Z,4.10.dev245+g4144cef28,801_8,gray_frequencies,0,44.800000000000004
2023-08-10,DEM,../DSMs/2023-08-10_DEM.tif,2025-11-19T16:08:01.644464Z,4.10.dev245+g4144cef28,801_8,gray_frequencies,0,57.6
2023-08-10,DEM,../DSMs/2023-08-10_DEM.tif,2025-11-19T16:08:01.644464Z,4.10.dev245+g4144cef28,801_8,gray_frequencies,0,70.4
2023-08-10,DEM,../DSMs/2023-08-10_DEM.tif,2025-11-19T16:08:01.644464Z,4.10.dev245+g4144cef28,801_8,gray_frequencies,0,83.20000000000002
2023-08-10,DEM,../DSMs/2023-08-10_DEM.tif,2025-11-19T16:08:01.644464Z,4.10.dev245+g4144cef28,801_8,gray_frequencies,0,96.0
2023-08-10,DEM,../DSMs/2023-08-10_DEM.tif,2025-11-19T16:08:01.644464Z,4.10.dev245+g4144cef28,801_8,gray_frequencies,0,108.80000000000001
2023-08-10,DEM,../DSMs/2023-08-10_DEM.tif,2025-11-19T16:08:01.644464Z,4.10.dev245+g4144cef28,801_8,gray_frequencies,0,121.6
2023-08-10,DEM,../DSMs/2023-08-10_DEM.tif,2025-11-19T16:08:01.644464Z,4.10.dev245+g4144cef28,801_8,gray_frequencies,0,134.4
2023-08-10,DEM,../DSMs/2023-08-10_DEM.tif,2025-11-19T16:08:01.644464Z,4.10.dev245+g4144cef28,801_8,gray_frequencies,23,147.20000000000002
2023-08-10,DEM,../DSMs/2023-08-10_DEM.tif,2025-11-19T16:08:01.644464Z,4.10.dev245+g4144cef28,801_8,gray_frequencies,1766,160.0
2023-08-10,DEM,../DSMs/2023-08-10_DEM.tif,2025-11-19T16:08:01.644464Z,4.10.dev245+g4144cef28,801_8,gray_frequencies,834,172.8
2023-08-10,DEM,../DSMs/2023-08-10_DEM.tif,2025-11-19T16:08:01.644464Z,4.10.dev245+g4144cef28,801_8,gray_frequencies,1403,185.60000000000002
2023-08-10,DEM,../DSMs/2023-08-10_DEM.tif,2025-11-19T16:08:01.644464Z,4.10.dev245+g4144cef28,801_8,gray_frequencies,1236,198.4
2023-08-10,DEM,../DSMs/2023-08-10_DEM.tif,2025-11-19T16:08:01.644464Z,4.10.dev245+g4144cef28,801_8,gray_frequencies,2776,211.20000000000002
2023-08-10,DEM,../DSMs/2023-08-10_DEM.tif,2025-11-19T16:08:01.644464Z,4.10.dev245+g4144cef28,801_8,gray_frequencies,4184,224.0
2023-08-10,DEM,../DSMs/2023-08-10_DEM.tif,2025-11-19T16:08:01.644464Z,4.10.dev245+g4144cef28,801_8,gray_frequencies,276,236.8
2023-08-10,DEM,../DSMs/2023-08-10_DEM.tif,2025-11-19T16:08:01.644464Z,4.10.dev245+g4144cef28,801_8,gray_frequencies,23,249.60000000000002
2023-08-10,DEM,../DSMs/2023-08-10_DEM.tif,2025-11-19T16:08:01.644464Z,4.10.dev245+g4144cef28,601_9,gray_frequencies,0,6.4
2023-08-10,DEM,../DSMs/2023-08-10_DEM.tif,2025-11-19T16:08:01.644464Z,4.10.dev245+g4144cef28,601_9,gray_frequencies,0,19.200000000000003
2023-08-10,DEM,../DSMs/2023-08-10_DEM.tif,2025-11-19T16:08:01.644464Z,4.10.dev245+g4144cef28,601_9,gray_frequencies,0,32.0
2023-08-10,DEM,../DSMs/2023-08-10_DEM.tif,2025-11-19T16:08:01.644464Z,4.10.dev245+g4144cef28,601_9,gray_frequencies,0,44.800000000000004
2023-08-10,DEM,../DSMs/2023-08-10_DEM.tif,2025-11-19T16:08:01.644464Z,4.10.dev245+g4144cef28,601_9,gray_frequencies,0,57.6
2023-08-10,DEM,../DSMs/2023-08-10_DEM.tif,2025-11-19T16:08:01.644464Z,4.10.dev245+g4144cef28,601_9,gray_frequencies,0,70.4
2023-08-10,DEM,../DSMs/2023-08-10_DEM.tif,2025-11-19T16:08:01.644464Z,4.10.dev245+g4144cef28,601_9,gray_frequencies,0,83.20000000000002
2023-08-10,DEM,../DSMs/2023-08-10_DEM.tif,2025-11-19T16:08:01.644464Z,4.10.dev245+g4144cef28,601_9,gray_frequencies,0,96.0
2023-08-10,DEM,../DSMs/2023-08-10_DEM.tif,2025-11-19T16:08:01.644464Z,4.10.dev245+g4144cef28,601_9,gray_frequencies,0,108.80000000000001
2023-08-10,DEM,../DSMs/2023-08-10_DEM.tif,2025-11-19T16:08:01.644464Z,4.10.dev245+g4144cef28,601_9,gray_frequencies,0,121.6
2023-08-10,DEM,../DSMs/2023-08-10_DEM.tif,2025-11-19T16:08:01.644464Z,4.10.dev245+g4144cef28,601_9,gray_frequencies,0,134.4
2023-08-10,DEM,../DSMs/2023-08-10_DEM.tif,2025-11-19T16:08:01.644464Z,4.10.dev245+g4144cef28,601_9,gray_frequencies,183,147.20000000000002
2023-08-10,DEM,../DSMs/2023-08-10_DEM.tif,2025-11-19T16:08:01.644464Z,4.10.dev245+g4144cef28,601_9,gray_frequencies,1464,160.0
2023-08-10,DEM,../DSMs/2023-08-10_DEM.tif,2025-11-19T16:08:01.644464Z,4.10.dev245+g4144cef28,601_9,gray_frequencies,2157,172.8
2023-08-10,DEM,../DSMs/2023-08-10_DEM.tif,2025-11-19T16:08:01.644464Z,4.10.dev245+g4144cef28,601_9,gray_frequencies,1170,185.60000000000002
2023-08-10,DEM,../DSMs/2023-08-10_DEM.tif,2025-11-19T16:08:01.644464Z,4.10.dev245+g4144cef28,601_9,gray_frequencies,1161,198.4
2023-08-10,DEM,../DSMs/2023-08-10_DEM.tif,2025-11-19T16:08:01.644464Z,4.10.dev245+g4144cef28,601_9,gray_frequencies,1917,211.20000000000002
2023-08-10,DEM,../DSMs/2023-08-10_DEM.tif,2025-11-19T16:08:01.644464Z,4.10.dev245+g4144cef28,601_9,gray_frequencies,2823,224.0
2023-08-10,DEM,../DSMs/2023-08-10_DEM.tif,2025-11-19T16:08:01.644464Z,4.10.dev245+g4144cef28,601_9,gray_frequencies,993,236.8
2023-08-10,DEM,../DSMs/2023-08-10_DEM.tif,2025-11-19T16:08:01.644464Z,4.10.dev245+g4144cef28,601_9,gray_frequencies,1043,249.60000000000002
2023-08-10,DEM,../DSMs/2023-08-10_DEM.tif,2025-11-19T16:08:01.644464Z,4.10.dev245+g4144cef28,502_10,gray_frequencies,0,6.4
2023-08-10,DEM,../DSMs/2023-08-10_DEM.tif,2025-11-19T16:08:01.644464Z,4.10.dev245+g4144cef28,502_10,gray_frequencies,0,19.200000000000003
2023-08-10,DEM,../DSMs/2023-08-10_DEM.tif,2025-11-19T16:08:01.644464Z,4.10.dev245+g4144cef28,502_10,gray_frequencies,0,32.0
2023-08-10,DEM,../DSMs/2023-08-10_DEM.tif,2025-11-19T16:08:01.644464Z,4.10.dev245+g4144cef28,502_10,gray_frequencies,0,44.800000000000004
2023-08-10,DEM,../DSMs/2023-08-10_DEM.tif,2025-11-19T16:08:01.644464Z,4.10.dev245+g4144cef28,502_10,gray_frequencies,0,57.6
2023-08-10,DEM,../DSMs/2023-08-10_DEM.tif,2025-11-19T16:08:01.644464Z,4.10.dev245+g4144cef28,502_10,gray_frequencies,0,70.4
2023-08-10,DEM,../DSMs/2023-08-10_DEM.tif,2025-11-19T16:08:01.644464Z,4.10.dev245+g4144cef28,502_10,gray_frequencies,5,83.20000000000002
2023-08-10,DEM,../DSMs/2023-08-10_DEM.tif,2025-11-19T16:08:01.644464Z,4.10.dev245+g4144cef28,502_10,gray_frequencies,1364,96.0
2023-08-10,DEM,../DSMs/2023-08-10_DEM.tif,2025-11-19T16:08:01.644464Z,4.10.dev245+g4144cef28,502_10,gray_frequencies,2423,108.80000000000001
2023-08-10,DEM,../DSMs/2023-08-10_DEM.tif,2025-11-19T16:08:01.644464Z,4.10.dev245+g4144cef28,502_10,gray_frequencies,1465,121.6
2023-08-10,DEM,../DSMs/2023-08-10_DEM.tif,2025-11-19T16:08:01.644464Z,4.10.dev245+g4144cef28,502_10,gray_frequencies,884,134.4
2023-08-10,DEM,../DSMs/2023-08-10_DEM.tif,2025-11-19T16:08:01.644464Z,4.10.dev245+g4144cef28,502_10,gray_frequencies,1741,147.20000000000002
2023-08-10,DEM,../DSMs/2023-08-10_DEM.tif,2025-11-19T16:08:01.644464Z,4.10.dev245+g4144cef28,502_10,gray_frequencies,3199,160.0
2023-08-10,DEM,../DSMs/2023-08-10_DEM.tif,2025-11-19T16:08:01.644464Z,4.10.dev245+g4144cef28,502_10,gray_frequencies,2153,172.8
2023-08-10,DEM,../DSMs/2023-08-10_DEM.tif,2025-11-19T16:08:01.644464Z,4.10.dev245+g4144cef28,502_10,gray_frequencies,513,185.60000000000002
2023-08-10,DEM,../DSMs/2023-08-10_DEM.tif,2025-11-19T16:08:01.644464Z,4.10.dev245+g4144cef28,502_10,gray_frequencies,12,198.4
2023-08-10,DEM,../DSMs/2023-08-10_DEM.tif,2025-11-19T16:08:01.644464Z,4.10.dev245+g4144cef28,502_10,gray_frequencies,0,211.20000000000002
2023-08-10,DEM,../DSMs/2023-08-10_DEM.tif,2025-11-19T16:08:01.644464Z,4.10.dev245+g4144cef28,502_10,gray_frequencies,0,224.0
2023-08-10,DEM,../DSMs/2023-08-10_DEM.tif,2025-11-19T16:08:01.644464Z,4.10.dev245+g4144cef28,502_10,gray_frequencies,0,236.8
2023-08-10,DEM,../DSMs/2023-08-10_DEM.tif,2025-11-19T16:08:01.644464Z,4.10.dev245+g4144cef28,502_10,gray_frequencies,0,249.60000000000002
2023-08-10,DEM,../DSMs/2023-08-10_DEM.tif,2025-11-19T16:08:01.644464Z,4.10.dev245+g4144cef28,402_11,gray_frequencies,0,6.4
2023-08-10,DEM,../DSMs/2023-08-10_DEM.tif,2025-11-19T16:08:01.644464Z,4.10.dev245+g4144cef28,402_11,gray_frequencies,0,19.200000000000003
2023-08-10,DEM,../DSMs/2023-08-10_DEM.tif,2025-11-19T16:08:01.644464Z,4.10.dev245+g4144cef28,402_11,gray_frequencies,0,32.0
2023-08-10,DEM,../DSMs/2023-08-10_DEM.tif,2025-11-19T16:08:01.644464Z,4.10.dev245+g4144cef28,402_11,gray_frequencies,0,44.800000000000004
2023-08-10,DEM,../DSMs/2023-08-10_DEM.tif,2025-11-19T16:08:01.644464Z,4.10.dev245+g4144cef28,402_11,gray_frequencies,0,57.6
2023-08-10,DEM,../DSMs/2023-08-10_DEM.tif,2025-11-19T16:08:01.644464Z,4.10.dev245+g4144cef28,402_11,gray_frequencies,0,70.4
2023-08-10,DEM,../DSMs/2023-08-10_DEM.tif,2025-11-19T16:08:01.644464Z,4.10.dev245+g4144cef28,402_11,gray_frequencies,283,83.20000000000002
2023-08-10,DEM,../DSMs/2023-08-10_DEM.tif,2025-11-19T16:08:01.644464Z,4.10.dev245+g4144cef28,402_11,gray_frequencies,1326,96.0
2023-08-10,DEM,../DSMs/2023-08-10_DEM.tif,2025-11-19T16:08:01.644464Z,4.10.dev245+g4144cef28,402_11,gray_frequencies,2435,108.80000000000001
2023-08-10,DEM,../DSMs/2023-08-10_DEM.tif,2025-11-19T16:08:01.644464Z,4.10.dev245+g4144cef28,402_11,gray_frequencies,1750,121.6
2023-08-10,DEM,../DSMs/2023-08-10_DEM.tif,2025-11-19T16:08:01.644464Z,4.10.dev245+g4144cef28,402_11,gray_frequencies,3286,134.4
2023-08-10,DEM,../DSMs/2023-08-10_DEM.tif,2025-11-19T16:08:01.644464Z,4.10.dev245+g4144cef28,402_11,gray_frequencies,2782,147.20000000000002
2023-08-10,DEM,../DSMs/2023-08-10_DEM.tif,2025-11-19T16:08:01.644464Z,4.10.dev245+g4144cef28,402_11,gray_frequencies,1515,160.0
2023-08-10,DEM,../DSMs/2023-08-10_DEM.tif,2025-11-19T16:08:01.644464Z,4.10.dev245+g4144cef28,402_11,gray_frequencies,224,172.8
2023-08-10,DEM,../DSMs/2023-08-10_DEM.tif,2025-11-19T16:08:01.644464Z,4.10.dev245+g4144cef28,402_11,gray_frequencies,23,185.60000000000002
2023-08-10,DEM,../DSMs/2023-08-10_DEM.tif,2025-11-19T16:08:01.644464Z,4.10.dev245+g4144cef28,402_11,gray_frequencies,2,198.4
2023-08-10,DEM,../DSMs/2023-08-10_DEM.tif,2025-11-19T16:08:01.644464Z,4.10.dev245+g4144cef28,402_11,gray_frequencies,2,211.20000000000002
2023-08-10,DEM,../DSMs/2023-08-10_DEM.tif,2025-11-19T16:08:01.644464Z,4.10.dev245+g4144cef28,402_11,gray_frequencies,2,224.0
2023-08-10,DEM,../DSMs/2023-08-10_DEM.tif,2025-11-19T16:08:01.644464Z,4.10.dev245+g4144cef28,402_11,gray_frequencies,1,236.8
2023-08-10,DEM,../DSMs/2023-08-10_DEM.tif,2025-11-19T16:08:01.644464Z,4.10.dev245+g4144cef28,402_11,gray_frequencies,2,249.60000000000002
2023-08-10,DEM,../DSMs/2023-08-10_DEM.tif,2025-11-19T16:08:01.644464Z,4.10.dev245+g4144cef28,102_12,gray_frequencies,0,6.4
2023-08-10,DEM,../DSMs/2023-08-10_DEM.tif,2025-11-19T16:08:01.644464Z,4.10.dev245+g4144cef28,102_12,gray_frequencies,0,19.200000000000003
2023-08-10,DEM,../DSMs/2023-08-10_DEM.tif,2025-11-19T16:08:01.644464Z,4.10.dev245+g4144cef28,102_12,gray_frequencies,0,32.0
2023-08-10,DEM,../DSMs/2023-08-10_DEM.tif,2025-11-19T16:08:01.644464Z,4.10.dev245+g4144cef28,102_12,gray_frequencies,0,44.800000000000004
2023-08-10,DEM,../DSMs/2023-08-10_DEM.tif,2025-11-19T16:08:01.644464Z,4.10.dev245+g4144cef28,102_12,gray_frequencies,0,57.6
2023-08-10,DEM,../DSMs/2023-08-10_DEM.tif,2025-11-19T16:08:01.644464Z,4.10.dev245+g4144cef28,102_12,gray_frequencies,11,70.4
2023-08-10,DEM,../DSMs/2023-08-10_DEM.tif,2025-11-19T16:08:01.644464Z,4.10.dev245+g4144cef28,102_12,gray_frequencies,1193,83.20000000000002
2023-08-10,DEM,../DSMs/2023-08-10_DEM.tif,2025-11-19T16:08:01.644464Z,4.10.dev245+g4144cef28,102_12,gray_frequencies,1743,96.0
2023-08-10,DEM,../DSMs/2023-08-10_DEM.tif,2025-11-19T16:08:01.644464Z,4.10.dev245+g4144cef28,102_12,gray_frequencies,2535,108.80000000000001
2023-08-10,DEM,../DSMs/2023-08-10_DEM.tif,2025-11-19T16:08:01.644464Z,4.10.dev245+g4144cef28,102_12,gray_frequencies,3180,121.6
2023-08-10,DEM,../DSMs/2023-08-10_DEM.tif,2025-11-19T16:08:01.644464Z,4.10.dev245+g4144cef28,102_12,gray_frequencies,3583,134.4
2023-08-10,DEM,../DSMs/2023-08-10_DEM.tif,2025-11-19T16:08:01.644464Z,4.10.dev245+g4144cef28,102_12,gray_frequencies,1691,147.20000000000002
2023-08-10,DEM,../DSMs/2023-08-10_DEM.tif,2025-11-19T16:08:01.644464Z,4.10.dev245+g4144cef28,102_12,gray_frequencies,926,160.0
2023-08-10,DEM,../DSMs/2023-08-10_DEM.tif,2025-11-19T16:08:01.644464Z,4.10.dev245+g4144cef28,102_12,gray_frequencies,78,172.8
2023-08-10,DEM,../DSMs/2023-08-10_DEM.tif,2025-11-19T16:08:01.644464Z,4.10.dev245+g4144cef28,102_12,gray_frequencies,0,185.60000000000002
2023-08-10,DEM,../DSMs/2023-08-10_DEM.tif,2025-11-19T16:08:01.644464Z,4.10.dev245+g4144cef28,102_12,gray_frequencies,0,198.4
2023-08-10,DEM,../DSMs/2023-08-10_DEM.tif,2025-11-19T16:08:01.644464Z,4.10.dev245+g4144cef28,102_12,gray_frequencies,0,211.20000000000002
2023-08-10,DEM,../DSMs/2023-08-10_DEM.tif,2025-11-19T16:08:01.644464Z,4.10.dev245+g4144cef28,102_12,gray_frequencies,0,224.0
2023-08-10,DEM,../DSMs/2023-08-10_DEM.tif,2025-11-19T16:08:01.644464Z,4.10.dev245+g4144cef28,102_12,gray_frequencies,0,236.8
2023-08-10,DEM,../DSMs/2023-08-10_DEM.tif,2025-11-19T16:08:01.644464Z,4.10.dev245+g4144cef28,102_12,gray_frequencies,0,249.60000000000002
2023-08-10,DEM,../DSMs/2023-08-10_DEM.tif,2025-11-19T16:08:01.644464Z,4.10.dev245+g4144cef28,702_13,gray_frequencies,0,6.4
2023-08-10,DEM,../DSMs/2023-08-10_DEM.tif,2025-11-19T16:08:01.644464Z,4.10.dev245+g4144cef28,702_13,gray_frequencies,0,19.200000000000003
2023-08-10,DEM,../DSMs/2023-08-10_DEM.tif,2025-11-19T16:08:01.644464Z,4.10.dev245+g4144cef28,702_13,gray_frequencies,0,32.0
2023-08-10,DEM,../DSMs/2023-08-10_DEM.tif,2025-11-19T16:08:01.644464Z,4.10.dev245+g4144cef28,702_13,gray_frequencies,0,44.800000000000004
2023-08-10,DEM,../DSMs/2023-08-10_DEM.tif,2025-11-19T16:08:01.644464Z,4.10.dev245+g4144cef28,702_13,gray_frequencies,0,57.6
2023-08-10,DEM,../DSMs/2023-08-10_DEM.tif,2025-11-19T16:08:01.644464Z,4.10.dev245+g4144cef28,702_13,gray_frequencies,0,70.4
2023-08-10,DEM,../DSMs/2023-08-10_DEM.tif,2025-11-19T16:08:01.644464Z,4.10.dev245+g4144cef28,702_13,gray_frequencies,0,83.20000000000002
2023-08-10,DEM,../DSMs/2023-08-10_DEM.tif,2025-11-19T16:08:01.644464Z,4.10.dev245+g4144cef28,702_13,gray_frequencies,0,96.0
2023-08-10,DEM,../DSMs/2023-08-10_DEM.tif,2025-11-19T16:08:01.644464Z,4.10.dev245+g4144cef28,702_13,gray_frequencies,9,108.80000000000001
2023-08-10,DEM,../DSMs/2023-08-10_DEM.tif,2025-11-19T16:08:01.644464Z,4.10.dev245+g4144cef28,702_13,gray_frequencies,1245,121.6
2023-08-10,DEM,../DSMs/2023-08-10_DEM.tif,2025-11-19T16:08:01.644464Z,4.10.dev245+g4144cef28,702_13,gray_frequencies,921,134.4
2023-08-10,DEM,../DSMs/2023-08-10_DEM.tif,2025-11-19T16:08:01.644464Z,4.10.dev245+g4144cef28,702_13,gray_frequencies,1173,147.20000000000002
2023-08-10,DEM,../DSMs/2023-08-10_DEM.tif,2025-11-19T16:08:01.644464Z,4.10.dev245+g4144cef28,702_13,gray_frequencies,741,160.0
2023-08-10,DEM,../DSMs/2023-08-10_DEM.tif,2025-11-19T16:08:01.644464Z,4.10.dev245+g4144cef28,702_13,gray_frequencies,1060,172.8
2023-08-10,DEM,../DSMs/2023-08-10_DEM.tif,2025-11-19T16:08:01.644464Z,4.10.dev245+g4144cef28,702_13,gray_frequencies,2877,185.60000000000002
2023-08-10,DEM,../DSMs/2023-08-10_DEM.tif,2025-11-19T16:08:01.644464Z,4.10.dev245+g4144cef28,702_13,gray_frequencies,4642,198.4
2023-08-10,DEM,../DSMs/2023-08-10_DEM.tif,2025-11-19T16:08:01.644464Z,4.10.dev245+g4144cef28,702_13,gray_frequencies,519,211.20000000000002
2023-08-10,DEM,../DSMs/2023-08-10_DEM.tif,2025-11-19T16:08:01.644464Z,4.10.dev245+g4144cef28,702_13,gray_frequencies,27,224.0
2023-08-10,DEM,../DSMs/2023-08-10_DEM.tif,2025-11-19T16:08:01.644464Z,4.10.dev245+g4144cef28,702_13,gray_frequencies,30,236.8
2023-08-10,DEM,../DSMs/2023-08-10_DEM.tif,2025-11-19T16:08:01.644464Z,4.10.dev245+g4144cef28,702_13,gray_frequencies,0,249.60000000000002
2023-08-10,DEM,../DSMs/2023-08-10_DEM.tif,2025-11-19T16:08:01.644464Z,4.10.dev245+g4144cef28,202_14,gray_frequencies,0,6.4
2023-08-10,DEM,../DSMs/2023-08-10_DEM.tif,2025-11-19T16:08:01.644464Z,4.10.dev245+g4144cef28,202_14,gray_frequencies,0,19.200000000000003
2023-08-10,DEM,../DSMs/2023-08-10_DEM.tif,2025-11-19T16:08:01.644464Z,4.10.dev245+g4144cef28,202_14,gray_frequencies,0,32.0
2023-08-10,DEM,../DSMs/2023-08-10_DEM.tif,2025-11-19T16:08:01.644464Z,4.10.dev245+g4144cef28,202_14,gray_frequencies,0,44.800000000000004
2023-08-10,DEM,../DSMs/2023-08-10_DEM.tif,2025-11-19T16:08:01.644464Z,4.10.dev245+g4144cef28,202_14,gray_frequencies,0,57.6
2023-08-10,DEM,../DSMs/2023-08-10_DEM.tif,2025-11-19T16:08:01.644464Z,4.10.dev245+g4144cef28,202_14,gray_frequencies,0,70.4
2023-08-10,DEM,../DSMs/2023-08-10_DEM.tif,2025-11-19T16:08:01.644464Z,4.10.dev245+g4144cef28,202_14,gray_frequencies,0,83.20000000000002
2023-08-10,DEM,../DSMs/2023-08-10_DEM.tif,2025-11-19T16:08:01.644464Z,4.10.dev245+g4144cef28,202_14,gray_frequencies,0,96.0
2023-08-10,DEM,../DSMs/2023-08-10_DEM.tif,2025-11-19T16:08:01.644464Z,4.10.dev245+g4144cef28,202_14,gray_frequencies,249,108.80000000000001
2023-08-10,DEM,../DSMs/2023-08-10_DEM.tif,2025-11-19T16:08:01.644464Z,4.10.dev245+g4144cef28,202_14,gray_frequencies,922,121.6
2023-08-10,DEM,../DSMs/2023-08-10_DEM.tif,2025-11-19T16:08:01.644464Z,4.10.dev245+g4144cef28,202_14,gray_frequencies,1708,134.4
2023-08-10,DEM,../DSMs/2023-08-10_DEM.tif,2025-11-19T16:08:01.644464Z,4.10.dev245+g4144cef28,202_14,gray_frequencies,1599,147.20000000000002
2023-08-10,DEM,../DSMs/2023-08-10_DEM.tif,2025-11-19T16:08:01.644464Z,4.10.dev245+g4144cef28,202_14,gray_frequencies,1235,160.0
2023-08-10,DEM,../DSMs/2023-08-10_DEM.tif,2025-11-19T16:08:01.644464Z,4.10.dev245+g4144cef28,202_14,gray_frequencies,1494,172.8
2023-08-10,DEM,../DSMs/2023-08-10_DEM.tif,2025-11-19T16:08:01.644464Z,4.10.dev245+g4144cef28,202_14,gray_frequencies,2071,185.60000000000002
2023-08-10,DEM,../DSMs/2023-08-10_DEM.tif,2025-11-19T16:08:01.644464Z,4.10.dev245+g4144cef28,202_14,gray_frequencies,3190,198.4
2023-08-10,DEM,../DSMs/2023-08-10_DEM.tif,2025-11-19T16:08:01.644464Z,4.10.dev245+g4144cef28,202_14,gray_frequencies,1746,211.20000000000002
2023-08-10,DEM,../DSMs/2023-08-10_DEM.tif,2025-11-19T16:08:01.644464Z,4.10.dev245+g4144cef28,202_14,gray_frequencies,54,224.0
2023-08-10,DEM,../DSMs/2023-08-10_DEM.tif,2025-11-19T16:08:01.644464Z,4.10.dev245+g4144cef28,202_14,gray_frequencies,15,236.8
2023-08-10,DEM,../DSMs/2023-08-10_DEM.tif,2025-11-19T16:08:01.644464Z,4.10.dev245+g4144cef28,202_14,gray_frequencies,1,249.60000000000002
2023-08-10,DEM,../DSMs/2023-08-10_DEM.tif,2025-11-19T16:08:01.644464Z,4.10.dev245+g4144cef28,602_15,gray_frequencies,0,6.4
2023-08-10,DEM,../DSMs/2023-08-10_DEM.tif,2025-11-19T16:08:01.644464Z,4.10.dev245+g4144cef28,602_15,gray_frequencies,0,19.200000000000003
2023-08-10,DEM,../DSMs/2023-08-10_DEM.tif,2025-11-19T16:08:01.644464Z,4.10.dev245+g4144cef28,602_15,gray_frequencies,0,32.0
2023-08-10,DEM,../DSMs/2023-08-10_DEM.tif,2025-11-19T16:08:01.644464Z,4.10.dev245+g4144cef28,602_15,gray_frequencies,0,44.800000000000004
2023-08-10,DEM,../DSMs/2023-08-10_DEM.tif,2025-11-19T16:08:01.644464Z,4.10.dev245+g4144cef28,602_15,gray_frequencies,0,57.6
2023-08-10,DEM,../DSMs/2023-08-10_DEM.tif,2025-11-19T16:08:01.644464Z,4.10.dev245+g4144cef28,602_15,gray_frequencies,0,70.4
2023-08-10,DEM,../DSMs/2023-08-10_DEM.tif,2025-11-19T16:08:01.644464Z,4.10.dev245+g4144cef28,602_15,gray_frequencies,0,83.20000000000002
2023-08-10,DEM,../DSMs/2023-08-10_DEM.tif,2025-11-19T16:08:01.644464Z,4.10.dev245+g4144cef28,602_15,gray_frequencies,0,96.0
2023-08-10,DEM,../DSMs/2023-08-10_DEM.tif,2025-11-19T16:08:01.644464Z,4.10.dev245+g4144cef28,602_15,gray_frequencies,1059,108.80000000000001
2023-08-10,DEM,../DSMs/2023-08-10_DEM.tif,2025-11-19T16:08:01.644464Z,4.10.dev245+g4144cef28,602_15,gray_frequencies,1180,121.6
2023-08-10,DEM,../DSMs/2023-08-10_DEM.tif,2025-11-19T16:08:01.644464Z,4.10.dev245+g4144cef28,602_15,gray_frequencies,1516,134.4
2023-08-10,DEM,../DSMs/2023-08-10_DEM.tif,2025-11-19T16:08:01.644464Z,4.10.dev245+g4144cef28,602_15,gray_frequencies,1747,147.20000000000002
2023-08-10,DEM,../DSMs/2023-08-10_DEM.tif,2025-11-19T16:08:01.644464Z,4.10.dev245+g4144cef28,602_15,gray_frequencies,2508,160.0
2023-08-10,DEM,../DSMs/2023-08-10_DEM.tif,2025-11-19T16:08:01.644464Z,4.10.dev245+g4144cef28,602_15,gray_frequencies,3052,172.8
2023-08-10,DEM,../DSMs/2023-08-10_DEM.tif,2025-11-19T16:08:01.644464Z,4.10.dev245+g4144cef28,602_15,gray_frequencies,1629,185.60000000000002
2023-08-10,DEM,../DSMs/2023-08-10_DEM.tif,2025-11-19T16:08:01.644464Z,4.10.dev245+g4144cef28,602_15,gray_frequencies,188,198.4
2023-08-10,DEM,../DSMs/2023-08-10_DEM.tif,2025-11-19T16:08:01.644464Z,4.10.dev245+g4144cef28,602_15,gray_frequencies,11,211.20000000000002
2023-08-10,DEM,../DSMs/2023-08-10_DEM.tif,2025-11-19T16:08:01.644464Z,4.10.dev245+g4144cef28,602_15,gray_frequencies,0,224.0
2023-08-10,DEM,../DSMs/2023-08-10_DEM.tif,2025-11-19T16:08:01.644464Z,4.10.dev245+g4144cef28,602_15,gray_frequencies,0,236.8
2023-08-10,DEM,../DSMs/2023-08-10_DEM.tif,2025-11-19T16:08:01.644464Z,4.10.dev245+g4144cef28,602_15,gray_frequencies,0,249.60000000000002
2023-08-10,DEM,../DSMs/2023-08-10_DEM.tif,2025-11-19T16:08:01.644464Z,4.10.dev245+g4144cef28,802_16,gray_frequencies,0,6.4
2023-08-10,DEM,../DSMs/2023-08-10_DEM.tif,2025-11-19T16:08:01.644464Z,4.10.dev245+g4144cef28,802_16,gray_frequencies,0,19.200000000000003
2023-08-10,DEM,../DSMs/2023-08-10_DEM.tif,2025-11-19T16:08:01.644464Z,4.10.dev245+g4144cef28,802_16,gray_frequencies,0,32.0
2023-08-10,DEM,../DSMs/2023-08-10_DEM.tif,2025-11-19T16:08:01.644464Z,4.10.dev245+g4144cef28,802_16,gray_frequencies,0,44.800000000000004
2023-08-10,DEM,../DSMs/2023-08-10_DEM.tif,2025-11-19T16:08:01.644464Z,4.10.dev245+g4144cef28,802_16,gray_frequencies,0,57.6
2023-08-10,DEM,../DSMs/2023-08-10_DEM.tif,2025-11-19T16:08:01.644464Z,4.10.dev245+g4144cef28,802_16,gray_frequencies,0,70.4
2023-08-10,DEM,../DSMs/2023-08-10_DEM.tif,2025-11-19T16:08:01.644464Z,4.10.dev245+g4144cef28,802_16,gray_frequencies,0,83.20000000000002
2023-08-10,DEM,../DSMs/2023-08-10_DEM.tif,2025-11-19T16:08:01.644464Z,4.10.dev245+g4144cef28,802_16,gray_frequencies,0,96.0
2023-08-10,DEM,../DSMs/2023-08-10_DEM.tif,2025-11-19T16:08:01.644464Z,4.10.dev245+g4144cef28,802_16,gray_frequencies,0,108.80000000000001
2023-08-10,DEM,../DSMs/2023-08-10_DEM.tif,2025-11-19T16:08:01.644464Z,4.10.dev245+g4144cef28,802_16,gray_frequencies,0,121.6
2023-08-10,DEM,../DSMs/2023-08-10_DEM.tif,2025-11-19T16:08:01.644464Z,4.10.dev245+g4144cef28,802_16,gray_frequencies,153,134.4
2023-08-10,DEM,../DSMs/2023-08-10_DEM.tif,2025-11-19T16:08:01.644464Z,4.10.dev245+g4144cef28,802_16,gray_frequencies,1663,147.20000000000002
2023-08-10,DEM,../DSMs/2023-08-10_DEM.tif,2025-11-19T16:08:01.644464Z,4.10.dev245+g4144cef28,802_16,gray_frequencies,1727,160.0
2023-08-10,DEM,../DSMs/2023-08-10_DEM.tif,2025-11-19T16:08:01.644464Z,4.10.dev245+g4144cef28,802_16,gray_frequencies,2277,172.8
2023-08-10,DEM,../DSMs/2023-08-10_DEM.tif,2025-11-19T16:08:01.644464Z,4.10.dev245+g4144cef28,802_16,gray_frequencies,718,185.60000000000002
2023-08-10,DEM,../DSMs/2023-08-10_DEM.tif,2025-11-19T16:08:01.644464Z,4.10.dev245+g4144cef28,802_16,gray_frequencies,1553,198.4
2023-08-10,DEM,../DSMs/2023-08-10_DEM.tif,2025-11-19T16:08:01.644464Z,4.10.dev245+g4144cef28,802_16,gray_frequencies,3601,211.20000000000002
2023-08-10,DEM,../DSMs/2023-08-10_DEM.tif,2025-11-19T16:08:01.644464Z,4.10.dev245+g4144cef28,802_16,gray_frequencies,1928,224.0
2023-08-10,DEM,../DSMs/2023-08-10_DEM.tif,2025-11-19T16:08:01.644464Z,4.10.dev245+g4144cef28,802_16,gray_frequencies,111,236.8
2023-08-10,DEM,../DSMs/2023-08-10_DEM.tif,2025-11-19T16:08:01.644464Z,4.10.dev245+g4144cef28,802_16,gray_frequencies,86,249.60000000000002
2023-08-10,DEM,../DSMs/2023-08-10_DEM.tif,2025-11-19T16:08:01.644464Z,4.10.dev245+g4144cef28,302_17,gray_frequencies,0,6.4
2023-08-10,DEM,../DSMs/2023-08-10_DEM.tif,2025-11-19T16:08:01.644464Z,4.10.dev245+g4144cef28,302_17,gray_frequencies,0,19.200000000000003
2023-08-10,DEM,../DSMs/2023-08-10_DEM.tif,2025-11-19T16:08:01.644464Z,4.10.dev245+g4144cef28,302_17,gray_frequencies,0,32.0
2023-08-10,DEM,../DSMs/2023-08-10_DEM.tif,2025-11-19T16:08:01.644464Z,4.10.dev245+g4144cef28,302_17,gray_frequencies,0,44.800000000000004
2023-08-10,DEM,../DSMs/2023-08-10_DEM.tif,2025-11-19T16:08:01.644464Z,4.10.dev245+g4144cef28,302_17,gray_frequencies,0,57.6
2023-08-10,DEM,../DSMs/2023-08-10_DEM.tif,2025-11-19T16:08:01.644464Z,4.10.dev245+g4144cef28,302_17,gray_frequencies,0,70.4
2023-08-10,DEM,../DSMs/2023-08-10_DEM.tif,2025-11-19T16:08:01.644464Z,4.10.dev245+g4144cef28,302_17,gray_frequencies,0,83.20000000000002
2023-08-10,DEM,../DSMs/2023-08-10_DEM.tif,2025-11-19T16:08:01.644464Z,4.10.dev245+g4144cef28,302_17,gray_frequencies,0,96.0
2023-08-10,DEM,../DSMs/2023-08-10_DEM.tif,2025-11-19T16:08:01.644464Z,4.10.dev245+g4144cef28,302_17,gray_frequencies,0,108.80000000000001
2023-08-10,DEM,../DSMs/2023-08-10_DEM.tif,2025-11-19T16:08:01.644464Z,4.10.dev245+g4144cef28,302_17,gray_frequencies,0,121.6
2023-08-10,DEM,../DSMs/2023-08-10_DEM.tif,2025-11-19T16:08:01.644464Z,4.10.dev245+g4144cef28,302_17,gray_frequencies,7,134.4
2023-08-10,DEM,../DSMs/2023-08-10_DEM.tif,2025-11-19T16:08:01.644464Z,4.10.dev245+g4144cef28,302_17,gray_frequencies,1613,147.20000000000002
2023-08-10,DEM,../DSMs/2023-08-10_DEM.tif,2025-11-19T16:08:01.644464Z,4.10.dev245+g4144cef28,302_17,gray_frequencies,2907,160.0
2023-08-10,DEM,../DSMs/2023-08-10_DEM.tif,2025-11-19T16:08:01.644464Z,4.10.dev245+g4144cef28,302_17,gray_frequencies,2486,172.8
2023-08-10,DEM,../DSMs/2023-08-10_DEM.tif,2025-11-19T16:08:01.644464Z,4.10.dev245+g4144cef28,302_17,gray_frequencies,2536,185.60000000000002
2023-08-10,DEM,../DSMs/2023-08-10_DEM.tif,2025-11-19T16:08:01.644464Z,4.10.dev245+g4144cef28,302_17,gray_frequencies,2373,198.4
2023-08-10,DEM,../DSMs/2023-08-10_DEM.tif,2025-11-19T16:08:01.644464Z,4.10.dev245+g4144cef28,302_17,gray_frequencies,1916,211.20000000000002
2023-08-10,DEM,../DSMs/2023-08-10_DEM.tif,2025-11-19T16:08:01.644464Z,4.10.dev245+g4144cef28,302_17,gray_frequencies,966,224.0
2023-08-10,DEM,../DSMs/2023-08-10_DEM.tif,2025-11-19T16:08:01.644464Z,4.10.dev245+g4144cef28,302_17,gray_frequencies,113,236.8
2023-08-10,DEM,../DSMs/2023-08-10_DEM.tif,2025-11-19T16:08:01.644464Z,4.10.dev245+g4144cef28,302_17,gray_frequencies,2,249.60000000000002
2023-08-10,DEM,../DSMs/2023-08-10_DEM.tif,2025-11-19T16:08:01.644464Z,4.10.dev245+g4144cef28,902_18,gray_frequencies,0,6.4
2023-08-10,DEM,../DSMs/2023-08-10_DEM.tif,2025-11-19T16:08:01.644464Z,4.10.dev245+g4144cef28,902_18,gray_frequencies,0,19.200000000000003
2023-08-10,DEM,../DSMs/2023-08-10_DEM.tif,2025-11-19T16:08:01.644464Z,4.10.dev245+g4144cef28,902_18,gray_frequencies,0,32.0
2023-08-10,DEM,../DSMs/2023-08-10_DEM.tif,2025-11-19T16:08:01.644464Z,4.10.dev245+g4144cef28,902_18,gray_frequencies,0,44.800000000000004
2023-08-10,DEM,../DSMs/2023-08-10_DEM.tif,2025-11-19T16:08:01.644464Z,4.10.dev245+g4144cef28,902_18,gray_frequencies,0,57.6
2023-08-10,DEM,../DSMs/2023-08-10_DEM.tif,2025-11-19T16:08:01.644464Z,4.10.dev245+g4144cef28,902_18,gray_frequencies,0,70.4
2023-08-10,DEM,../DSMs/2023-08-10_DEM.tif,2025-11-19T16:08:01.644464Z,4.10.dev245+g4144cef28,902_18,gray_frequencies,0,83.20000000000002
2023-08-10,DEM,../DSMs/2023-08-10_DEM.tif,2025-11-19T16:08:01.644464Z,4.10.dev245+g4144cef28,902_18,gray_frequencies,0,96.0
2023-08-10,DEM,../DSMs/2023-08-10_DEM.tif,2025-11-19T16:08:01.644464Z,4.10.dev245+g4144cef28,902_18,gray_frequencies,0,108.80000000000001
2023-08-10,DEM,../DSMs/2023-08-10_DEM.tif,2025-11-19T16:08:01.644464Z,4.10.dev245+g4144cef28,902_18,gray_frequencies,12,121.6
2023-08-10,DEM,../DSMs/2023-08-10_DEM.tif,2025-11-19T16:08:01.644464Z,4.10.dev245+g4144cef28,902_18,gray_frequencies,641,134.4
2023-08-10,DEM,../DSMs/2023-08-10_DEM.tif,2025-11-19T16:08:01.644464Z,4.10.dev245+g4144cef28,902_18,gray_frequencies,1241,147.20000000000002
2023-08-10,DEM,../DSMs/2023-08-10_DEM.tif,2025-11-19T16:08:01.644464Z,4.10.dev245+g4144cef28,902_18,gray_frequencies,2839,160.0
2023-08-10,DEM,../DSMs/2023-08-10_DEM.tif,2025-11-19T16:08:01.644464Z,4.10.dev245+g4144cef28,902_18,gray_frequencies,3139,172.8
2023-08-10,DEM,../DSMs/2023-08-10_DEM.tif,2025-11-19T16:08:01.644464Z,4.10.dev245+g4144cef28,902_18,gray_frequencies,2001,185.60000000000002
2023-08-10,DEM,../DSMs/2023-08-10_DEM.tif,2025-11-19T16:08:01.644464Z,4.10.dev245+g4144cef28,902_18,gray_frequencies,2440,198.4
2023-08-10,DEM,../DSMs/2023-08-10_DEM.tif,2025-11-19T16:08:01.644464Z,4.10.dev245+g4144cef28,902_18,gray_frequencies,1696,211.20000000000002
2023-08-10,DEM,../DSMs/2023-08-10_DEM.tif,2025-11-19T16:08:01.644464Z,4.10.dev245+g4144cef28,902_18,gray_frequencies,311,224.0
2023-08-10,DEM,../DSMs/2023-08-10_DEM.tif,2025-11-19T16:08:01.644464Z,4.10.dev245+g4144cef28,902_18,gray_frequencies,28,236.8
2023-08-10,DEM,../DSMs/2023-08-10_DEM.tif,2025-11-19T16:08:01.644464Z,4.10.dev245+g4144cef28,902_18,gray_frequencies,5,249.60000000000002
2023-08-10,DEM,../DSMs/2023-08-10_DEM.tif,2025-11-19T16:08:01.644464Z,4.10.dev245+g4144cef28,703_19,gray_frequencies,0,6.4
2023-08-10,DEM,../DSMs/2023-08-10_DEM.tif,2025-11-19T16:08:01.644464Z,4.10.dev245+g4144cef28,703_19,gray_frequencies,0,19.200000000000003
2023-08-10,DEM,../DSMs/2023-08-10_DEM.tif,2025-11-19T16:08:01.644464Z,4.10.dev245+g4144cef28,703_19,gray_frequencies,0,32.0
2023-08-10,DEM,../DSMs/2023-08-10_DEM.tif,2025-11-19T16:08:01.644464Z,4.10.dev245+g4144cef28,703_19,gray_frequencies,0,44.800000000000004
2023-08-10,DEM,../DSMs/2023-08-10_DEM.tif,2025-11-19T16:08:01.644464Z,4.10.dev245+g4144cef28,703_19,gray_frequencies,0,57.6
2023-08-10,DEM,../DSMs/2023-08-10_DEM.tif,2025-11-19T16:08:01.644464Z,4.10.dev245+g4144cef28,703_19,gray_frequencies,4,70.4
2023-08-10,DEM,../DSMs/2023-08-10_DEM.tif,2025-11-19T16:08:01.644464Z,4.10.dev245+g4144cef28,703_19,gray_frequencies,2018,83.20000000000002
2023-08-10,DEM,../DSMs/2023-08-10_DEM.tif,2025-11-19T16:08:01.644464Z,4.10.dev245+g4144cef28,703_19,gray_frequencies,2679,96.0
2023-08-10,DEM,../DSMs/2023-08-10_DEM.tif,2025-11-19T16:08:01.644464Z,4.10.dev245+g4144cef28,703_19,gray_frequencies,691,108.80000000000001
2023-08-10,DEM,../DSMs/2023-08-10_DEM.tif,2025-11-19T16:08:01.644464Z,4.10.dev245+g4144cef28,703_19,gray_frequencies,641,121.6
2023-08-10,DEM,../DSMs/2023-08-10_DEM.tif,2025-11-19T16:08:01.644464Z,4.10.dev245+g4144cef28,703_19,gray_frequencies,1262,134.4
2023-08-10,DEM,../DSMs/2023-08-10_DEM.tif,2025-11-19T16:08:01.644464Z,4.10.dev245+g4144cef28,703_19,gray_frequencies,4769,147.20000000000002
2023-08-10,DEM,../DSMs/2023-08-10_DEM.tif,2025-11-19T16:08:01.644464Z,4.10.dev245+g4144cef28,703_19,gray_frequencies,2188,160.0
2023-08-10,DEM,../DSMs/2023-08-10_DEM.tif,2025-11-19T16:08:01.644464Z,4.10.dev245+g4144cef28,703_19,gray_frequencies,0,172.8
2023-08-10,DEM,../DSMs/2023-08-10_DEM.tif,2025-11-19T16:08:01.644464Z,4.10.dev245+g4144cef28,703_19,gray_frequencies,0,185.60000000000002
2023-08-10,DEM,../DSMs/2023-08-10_DEM.tif,2025-11-19T16:08:01.644464Z,4.10.dev245+g4144cef28,703_19,gray_frequencies,0,198.4
2023-08-10,DEM,../DSMs/2023-08-10_DEM.tif,2025-11-19T16:08:01.644464Z,4.10.dev245+g4144cef28,703_19,gray_frequencies,0,211.20000000000002
2023-08-10,DEM,../DSMs/2023-08-10_DEM.tif,2025-11-19T16:08:01.644464Z,4.10.dev245+g4144cef28,703_19,gray_frequencies,0,224.0
2023-08-10,DEM,../DSMs/2023-08-10_DEM.tif,2025-11-19T16:08:01.644464Z,4.10.dev245+g4144cef28,703_19,gray_frequencies,0,236.8
2023-08-10,DEM,../DSMs/2023-08-10_DEM.tif,2025-11-19T16:08:01.644464Z,4.10.dev245+g4144cef28,703_19,gray_frequencies,0,249.60000000000002
2023-08-10,DEM,../DSMs/2023-08-10_DEM.tif,2025-11-19T16:08:01.644464Z,4.10.dev245+g4144cef28,103_20,gray_frequencies,0,6.4
2023-08-10,DEM,../DSMs/2023-08-10_DEM.tif,2025-11-19T16:08:01.644464Z,4.10.dev245+g4144cef28,103_20,gray_frequencies,0,19.200000000000003
2023-08-10,DEM,../DSMs/2023-08-10_DEM.tif,2025-11-19T16:08:01.644464Z,4.10.dev245+g4144cef28,103_20,gray_frequencies,0,32.0
2023-08-10,DEM,../DSMs/2023-08-10_DEM.tif,2025-11-19T16:08:01.644464Z,4.10.dev245+g4144cef28,103_20,gray_frequencies,0,44.800000000000004
2023-08-10,DEM,../DSMs/2023-08-10_DEM.tif,2025-11-19T16:08:01.644464Z,4.10.dev245+g4144cef28,103_20,gray_frequencies,0,57.6
2023-08-10,DEM,../DSMs/2023-08-10_DEM.tif,2025-11-19T16:08:01.644464Z,4.10.dev245+g4144cef28,103_20,gray_frequencies,933,70.4
2023-08-10,DEM,../DSMs/2023-08-10_DEM.tif,2025-11-19T16:08:01.644464Z,4.10.dev245+g4144cef28,103_20,gray_frequencies,1613,83.20000000000002
2023-08-10,DEM,../DSMs/2023-08-10_DEM.tif,2025-11-19T16:08:01.644464Z,4.10.dev245+g4144cef28,103_20,gray_frequencies,3729,96.0
2023-08-10,DEM,../DSMs/2023-08-10_DEM.tif,2025-11-19T16:08:01.644464Z,4.10.dev245+g4144cef28,103_20,gray_frequencies,4828,108.80000000000001
2023-08-10,DEM,../DSMs/2023-08-10_DEM.tif,2025-11-19T16:08:01.644464Z,4.10.dev245+g4144cef28,103_20,gray_frequencies,2326,121.6
2023-08-10,DEM,../DSMs/2023-08-10_DEM.tif,2025-11-19T16:08:01.644464Z,4.10.dev245+g4144cef28,103_20,gray_frequencies,1135,134.4
2023-08-10,DEM,../DSMs/2023-08-10_DEM.tif,2025-11-19T16:08:01.644464Z,4.10.dev245+g4144cef28,103_20,gray_frequencies,343,147.20000000000002
2023-08-10,DEM,../DSMs/2023-08-10_DEM.tif,2025-11-19T16:08:01.644464Z,4.10.dev245+g4144cef28,103_20,gray_frequencies,0,160.0
2023-08-10,DEM,../DSMs/2023-08-10_DEM.tif,2025-11-19T16:08:01.644464Z,4.10.dev245+g4144cef28,103_20,gray_frequencies,0,172.8
2023-08-10,DEM,../DSMs/2023-08-10_DEM.tif,2025-11-19T16:08:01.644464Z,4.10.dev245+g4144cef28,103_20,gray_frequencies,0,185.60000000000002
2023-08-10,DEM,../DSMs/2023-08-10_DEM.tif,2025-11-19T16:08:01.644464Z,4.10.dev245+g4144cef28,103_20,gray_frequencies,0,198.4
2023-08-10,DEM,../DSMs/2023-08-10_DEM.tif,2025-11-19T16:08:01.644464Z,4.10.dev245+g4144cef28,103_20,gray_frequencies,0,211.20000000000002
2023-08-10,DEM,../DSMs/2023-08-10_DEM.tif,2025-11-19T16:08:01.644464Z,4.10.dev245+g4144cef28,103_20,gray_frequencies,0,224.0
2023-08-10,DEM,../DSMs/2023-08-10_DEM.tif,2025-11-19T16:08:01.644464Z,4.10.dev245+g4144cef28,103_20,gray_frequencies,0,236.8
2023-08-10,DEM,../DSMs/2023-08-10_DEM.tif,2025-11-19T16:08:01.644464Z,4.10.dev245+g4144cef28,103_20,gray_frequencies,0,249.60000000000002
2023-08-10,DEM,../DSMs/2023-08-10_DEM.tif,2025-11-19T16:08:01.644464Z,4.10.dev245+g4144cef28,203_21,gray_frequencies,0,6.4
2023-08-10,DEM,../DSMs/2023-08-10_DEM.tif,2025-11-19T16:08:01.644464Z,4.10.dev245+g4144cef28,203_21,gray_frequencies,0,19.200000000000003
2023-08-10,DEM,../DSMs/2023-08-10_DEM.tif,2025-11-19T16:08:01.644464Z,4.10.dev245+g4144cef28,203_21,gray_frequencies,0,32.0
2023-08-10,DEM,../DSMs/2023-08-10_DEM.tif,2025-11-19T16:08:01.644464Z,4.10.dev245+g4144cef28,203_21,gray_frequencies,0,44.800000000000004
2023-08-10,DEM,../DSMs/2023-08-10_DEM.tif,2025-11-19T16:08:01.644464Z,4.10.dev245+g4144cef28,203_21,gray_frequencies,221,57.6
2023-08-10,DEM,../DSMs/2023-08-10_DEM.tif,2025-11-19T16:08:01.644464Z,4.10.dev245+g4144cef28,203_21,gray_frequencies,1178,70.4
2023-08-10,DEM,../DSMs/2023-08-10_DEM.tif,2025-11-19T16:08:01.644464Z,4.10.dev245+g4144cef28,203_21,gray_frequencies,1798,83.20000000000002
2023-08-10,DEM,../DSMs/2023-08-10_DEM.tif,2025-11-19T16:08:01.644464Z,4.10.dev245+g4144cef28,203_21,gray_frequencies,1634,96.0
2023-08-10,DEM,../DSMs/2023-08-10_DEM.tif,2025-11-19T16:08:01.644464Z,4.10.dev245+g4144cef28,203_21,gray_frequencies,1201,108.80000000000001
2023-08-10,DEM,../DSMs/2023-08-10_DEM.tif,2025-11-19T16:08:01.644464Z,4.10.dev245+g4144cef28,203_21,gray_frequencies,2258,121.6
2023-08-10,DEM,../DSMs/2023-08-10_DEM.tif,2025-11-19T16:08:01.644464Z,4.10.dev245+g4144cef28,203_21,gray_frequencies,3616,134.4
2023-08-10,DEM,../DSMs/2023-08-10_DEM.tif,2025-11-19T16:08:01.644464Z,4.10.dev245+g4144cef28,203_21,gray_frequencies,1730,147.20000000000002
2023-08-10,DEM,../DSMs/2023-08-10_DEM.tif,2025-11-19T16:08:01.644464Z,4.10.dev245+g4144cef28,203_21,gray_frequencies,0,160.0
2023-08-10,DEM,../DSMs/2023-08-10_DEM.tif,2025-11-19T16:08:01.644464Z,4.10.dev245+g4144cef28,203_21,gray_frequencies,0,172.8
2023-08-10,DEM,../DSMs/2023-08-10_DEM.tif,2025-11-19T16:08:01.644464Z,4.10.dev245+g4144cef28,203_21,gray_frequencies,0,185.60000000000002
2023-08-10,DEM,../DSMs/2023-08-10_DEM.tif,2025-11-19T16:08:01.644464Z,4.10.dev245+g4144cef28,203_21,gray_frequencies,0,198.4
2023-08-10,DEM,../DSMs/2023-08-10_DEM.tif,2025-11-19T16:08:01.644464Z,4.10.dev245+g4144cef28,203_21,gray_frequencies,0,211.20000000000002
2023-08-10,DEM,../DSMs/2023-08-10_DEM.tif,2025-11-19T16:08:01.644464Z,4.10.dev245+g4144cef28,203_21,gray_frequencies,0,224.0
2023-08-10,DEM,../DSMs/2023-08-10_DEM.tif,2025-11-19T16:08:01.644464Z,4.10.dev245+g4144cef28,203_21,gray_frequencies,0,236.8
2023-08-10,DEM,../DSMs/2023-08-10_DEM.tif,2025-11-19T16:08:01.644464Z,4.10.dev245+g4144cef28,203_21,gray_frequencies,0,249.60000000000002
2023-08-10,DEM,../DSMs/2023-08-10_DEM.tif,2025-11-19T16:08:01.644464Z,4.10.dev245+g4144cef28,803_22,gray_frequencies,0,6.4
2023-08-10,DEM,../DSMs/2023-08-10_DEM.tif,2025-11-19T16:08:01.644464Z,4.10.dev245+g4144cef28,803_22,gray_frequencies,0,19.200000000000003
2023-08-10,DEM,../DSMs/2023-08-10_DEM.tif,2025-11-19T16:08:01.644464Z,4.10.dev245+g4144cef28,803_22,gray_frequencies,0,32.0
2023-08-10,DEM,../DSMs/2023-08-10_DEM.tif,2025-11-19T16:08:01.644464Z,4.10.dev245+g4144cef28,803_22,gray_frequencies,0,44.800000000000004
2023-08-10,DEM,../DSMs/2023-08-10_DEM.tif,2025-11-19T16:08:01.644464Z,4.10.dev245+g4144cef28,803_22,gray_frequencies,0,57.6
2023-08-10,DEM,../DSMs/2023-08-10_DEM.tif,2025-11-19T16:08:01.644464Z,4.10.dev245+g4144cef28,803_22,gray_frequencies,0,70.4
2023-08-10,DEM,../DSMs/2023-08-10_DEM.tif,2025-11-19T16:08:01.644464Z,4.10.dev245+g4144cef28,803_22,gray_frequencies,0,83.20000000000002
2023-08-10,DEM,../DSMs/2023-08-10_DEM.tif,2025-11-19T16:08:01.644464Z,4.10.dev245+g4144cef28,803_22,gray_frequencies,703,96.0
2023-08-10,DEM,../DSMs/2023-08-10_DEM.tif,2025-11-19T16:08:01.644464Z,4.10.dev245+g4144cef28,803_22,gray_frequencies,1307,108.80000000000001
2023-08-10,DEM,../DSMs/2023-08-10_DEM.tif,2025-11-19T16:08:01.644464Z,4.10.dev245+g4144cef28,803_22,gray_frequencies,1479,121.6
2023-08-10,DEM,../DSMs/2023-08-10_DEM.tif,2025-11-19T16:08:01.644464Z,4.10.dev245+g4144cef28,803_22,gray_frequencies,757,134.4
2023-08-10,DEM,../DSMs/2023-08-10_DEM.tif,2025-11-19T16:08:01.644464Z,4.10.dev245+g4144cef28,803_22,gray_frequencies,825,147.20000000000002
2023-08-10,DEM,../DSMs/2023-08-10_DEM.tif,2025-11-19T16:08:01.644464Z,4.10.dev245+g4144cef28,803_22,gray_frequencies,3380,160.0
2023-08-10,DEM,../DSMs/2023-08-10_DEM.tif,2025-11-19T16:08:01.644464Z,4.10.dev245+g4144cef28,803_22,gray_frequencies,4224,172.8
2023-08-10,DEM,../DSMs/2023-08-10_DEM.tif,2025-11-19T16:08:01.644464Z,4.10.dev245+g4144cef28,803_22,gray_frequencies,124,185.60000000000002
2023-08-10,DEM,../DSMs/2023-08-10_DEM.tif,2025-11-19T16:08:01.644464Z,4.10.dev245+g4144cef28,803_22,gray_frequencies,0,198.4
2023-08-10,DEM,../DSMs/2023-08-10_DEM.tif,2025-11-19T16:08:01.644464Z,4.10.dev245+g4144cef28,803_22,gray_frequencies,0,211.20000000000002
2023-08-10,DEM,../DSMs/2023-08-10_DEM.tif,2025-11-19T16:08:01.644464Z,4.10.dev245+g4144cef28,803_22,gray_frequencies,0,224.0
2023-08-10,DEM,../DSMs/2023-08-10_DEM.tif,2025-11-19T16:08:01.644464Z,4.10.dev245+g4144cef28,803_22,gray_frequencies,0,236.8
2023-08-10,DEM,../DSMs/2023-08-10_DEM.tif,2025-11-19T16:08:01.644464Z,4.10.dev245+g4144cef28,803_22,gray_frequencies,0,249.60000000000002
2023-08-10,DEM,../DSMs/2023-08-10_DEM.tif,2025-11-19T16:08:01.644464Z,4.10.dev245+g4144cef28,303_23,gray_frequencies,0,6.4
2023-08-10,DEM,../DSMs/2023-08-10_DEM.tif,2025-11-19T16:08:01.644464Z,4.10.dev245+g4144cef28,303_23,gray_frequencies,0,19.200000000000003
2023-08-10,DEM,../DSMs/2023-08-10_DEM.tif,2025-11-19T16:08:01.644464Z,4.10.dev245+g4144cef28,303_23,gray_frequencies,0,32.0
2023-08-10,DEM,../DSMs/2023-08-10_DEM.tif,2025-11-19T16:08:01.644464Z,4.10.dev245+g4144cef28,303_23,gray_frequencies,0,44.800000000000004
2023-08-10,DEM,../DSMs/2023-08-10_DEM.tif,2025-11-19T16:08:01.644464Z,4.10.dev245+g4144cef28,303_23,gray_frequencies,0,57.6
2023-08-10,DEM,../DSMs/2023-08-10_DEM.tif,2025-11-19T16:08:01.644464Z,4.10.dev245+g4144cef28,303_23,gray_frequencies,0,70.4
2023-08-10,DEM,../DSMs/2023-08-10_DEM.tif,2025-11-19T16:08:01.644464Z,4.10.dev245+g4144cef28,303_23,gray_frequencies,0,83.20000000000002
2023-08-10,DEM,../DSMs/2023-08-10_DEM.tif,2025-11-19T16:08:01.644464Z,4.10.dev245+g4144cef28,303_23,gray_frequencies,752,96.0
2023-08-10,DEM,../DSMs/2023-08-10_DEM.tif,2025-11-19T16:08:01.644464Z,4.10.dev245+g4144cef28,303_23,gray_frequencies,2082,108.80000000000001
2023-08-10,DEM,../DSMs/2023-08-10_DEM.tif,2025-11-19T16:08:01.644464Z,4.10.dev245+g4144cef28,303_23,gray_frequencies,4408,121.6
2023-08-10,DEM,../DSMs/2023-08-10_DEM.tif,2025-11-19T16:08:01.644464Z,4.10.dev245+g4144cef28,303_23,gray_frequencies,3844,134.4
2023-08-10,DEM,../DSMs/2023-08-10_DEM.tif,2025-11-19T16:08:01.644464Z,4.10.dev245+g4144cef28,303_23,gray_frequencies,2061,147.20000000000002
2023-08-10,DEM,../DSMs/2023-08-10_DEM.tif,2025-11-19T16:08:01.644464Z,4.10.dev245+g4144cef28,303_23,gray_frequencies,955,160.0
2023-08-10,DEM,../DSMs/2023-08-10_DEM.tif,2025-11-19T16:08:01.644464Z,4.10.dev245+g4144cef28,303_23,gray_frequencies,154,172.8
2023-08-10,DEM,../DSMs/2023-08-10_DEM.tif,2025-11-19T16:08:01.644464Z,4.10.dev245+g4144cef28,303_23,gray_frequencies,0,185.60000000000002
2023-08-10,DEM,../DSMs/2023-08-10_DEM.tif,2025-11-19T16:08:01.644464Z,4.10.dev245+g4144cef28,303_23,gray_frequencies,0,198.4
2023-08-10,DEM,../DSMs/2023-08-10_DEM.tif,2025-11-19T16:08:01.644464Z,4.10.dev245+g4144cef28,303_23,gray_frequencies,0,211.20000000000002
2023-08-10,DEM,../DSMs/2023-08-10_DEM.tif,2025-11-19T16:08:01.644464Z,4.10.dev245+g4144cef28,303_23,gray_frequencies,0,224.0
2023-08-10,DEM,../DSMs/2023-08-10_DEM.tif,2025-11-19T16:08:01.644464Z,4.10.dev245+g4144cef28,303_23,gray_frequencies,0,236.8
2023-08-10,DEM,../DSMs/2023-08-10_DEM.tif,2025-11-19T16:08:01.644464Z,4.10.dev245+g4144cef28,303_23,gray_frequencies,0,249.60000000000002
2023-08-10,DEM,../DSMs/2023-08-10_DEM.tif,2025-11-19T16:08:01.644464Z,4.10.dev245+g4144cef28,903_24,gray_frequencies,0,6.4
2023-08-10,DEM,../DSMs/2023-08-10_DEM.tif,2025-11-19T16:08:01.644464Z,4.10.dev245+g4144cef28,903_24,gray_frequencies,0,19.200000000000003
2023-08-10,DEM,../DSMs/2023-08-10_DEM.tif,2025-11-19T16:08:01.644464Z,4.10.dev245+g4144cef28,903_24,gray_frequencies,0,32.0
2023-08-10,DEM,../DSMs/2023-08-10_DEM.tif,2025-11-19T16:08:01.644464Z,4.10.dev245+g4144cef28,903_24,gray_frequencies,0,44.800000000000004
2023-08-10,DEM,../DSMs/2023-08-10_DEM.tif,2025-11-19T16:08:01.644464Z,4.10.dev245+g4144cef28,903_24,gray_frequencies,0,57.6
2023-08-10,DEM,../DSMs/2023-08-10_DEM.tif,2025-11-19T16:08:01.644464Z,4.10.dev245+g4144cef28,903_24,gray_frequencies,0,70.4
2023-08-10,DEM,../DSMs/2023-08-10_DEM.tif,2025-11-19T16:08:01.644464Z,4.10.dev245+g4144cef28,903_24,gray_frequencies,77,83.20000000000002
2023-08-10,DEM,../DSMs/2023-08-10_DEM.tif,2025-11-19T16:08:01.644464Z,4.10.dev245+g4144cef28,903_24,gray_frequencies,1215,96.0
2023-08-10,DEM,../DSMs/2023-08-10_DEM.tif,2025-11-19T16:08:01.644464Z,4.10.dev245+g4144cef28,903_24,gray_frequencies,2280,108.80000000000001
2023-08-10,DEM,../DSMs/2023-08-10_DEM.tif,2025-11-19T16:08:01.644464Z,4.10.dev245+g4144cef28,903_24,gray_frequencies,4414,121.6
2023-08-10,DEM,../DSMs/2023-08-10_DEM.tif,2025-11-19T16:08:01.644464Z,4.10.dev245+g4144cef28,903_24,gray_frequencies,2593,134.4
2023-08-10,DEM,../DSMs/2023-08-10_DEM.tif,2025-11-19T16:08:01.644464Z,4.10.dev245+g4144cef28,903_24,gray_frequencies,1908,147.20000000000002
2023-08-10,DEM,../DSMs/2023-08-10_DEM.tif,2025-11-19T16:08:01.644464Z,4.10.dev245+g4144cef28,903_24,gray_frequencies,1383,160.0
2023-08-10,DEM,../DSMs/2023-08-10_DEM.tif,2025-11-19T16:08:01.644464Z,4.10.dev245+g4144cef28,903_24,gray_frequencies,110,172.8
2023-08-10,DEM,../DSMs/2023-08-10_DEM.tif,2025-11-19T16:08:01.644464Z,4.10.dev245+g4144cef28,903_24,gray_frequencies,0,185.60000000000002
2023-08-10,DEM,../DSMs/2023-08-10_DEM.tif,2025-11-19T16:08:01.644464Z,4.10.dev245+g4144cef28,903_24,gray_frequencies,0,198.4
2023-08-10,DEM,../DSMs/2023-08-10_DEM.tif,2025-11-19T16:08:01.644464Z,4.10.dev245+g4144cef28,903_24,gray_frequencies,0,211.20000000000002
2023-08-10,DEM,../DSMs/2023-08-10_DEM.tif,2025-11-19T16:08:01.644464Z,4.10.dev245+g4144cef28,903_24,gray_frequencies,0,224.0
2023-08-10,DEM,../DSMs/2023-08-10_DEM.tif,2025-11-19T16:08:01.644464Z,4.10.dev245+g4144cef28,903_24,gray_frequencies,0,236.8
2023-08-10,DEM,../DSMs/2023-08-10_DEM.tif,2025-11-19T16:08:01.644464Z,4.10.dev245+g4144cef28,903_24,gray_frequencies,0,249.60000000000002
2023-08-10,DEM,../DSMs/2023-08-10_DEM.tif,2025-11-19T16:08:01.644464Z,4.10.dev245+g4144cef28,403_25,gray_frequencies,0,6.4
2023-08-10,DEM,../DSMs/2023-08-10_DEM.tif,2025-11-19T16:08:01.644464Z,4.10.dev245+g4144cef28,403_25,gray_frequencies,0,19.200000000000003
2023-08-10,DEM,../DSMs/2023-08-10_DEM.tif,2025-11-19T16:08:01.644464Z,4.10.dev245+g4144cef28,403_25,gray_frequencies,0,32.0
2023-08-10,DEM,../DSMs/2023-08-10_DEM.tif,2025-11-19T16:08:01.644464Z,4.10.dev245+g4144cef28,403_25,gray_frequencies,0,44.800000000000004
2023-08-10,DEM,../DSMs/2023-08-10_DEM.tif,2025-11-19T16:08:01.644464Z,4.10.dev245+g4144cef28,403_25,gray_frequencies,0,57.6
2023-08-10,DEM,../DSMs/2023-08-10_DEM.tif,2025-11-19T16:08:01.644464Z,4.10.dev245+g4144cef28,403_25,gray_frequencies,0,70.4
2023-08-10,DEM,../DSMs/2023-08-10_DEM.tif,2025-11-19T16:08:01.644464Z,4.10.dev245+g4144cef28,403_25,gray_frequencies,0,83.20000000000002
2023-08-10,DEM,../DSMs/2023-08-10_DEM.tif,2025-11-19T16:08:01.644464Z,4.10.dev245+g4144cef28,403_25,gray_frequencies,0,96.0
2023-08-10,DEM,../DSMs/2023-08-10_DEM.tif,2025-11-19T16:08:01.644464Z,4.10.dev245+g4144cef28,403_25,gray_frequencies,0,108.80000000000001
2023-08-10,DEM,../DSMs/2023-08-10_DEM.tif,2025-11-19T16:08:01.644464Z,4.10.dev245+g4144cef28,403_25,gray_frequencies,9,121.6
2023-08-10,DEM,../DSMs/2023-08-10_DEM.tif,2025-11-19T16:08:01.644464Z,4.10.dev245+g4144cef28,403_25,gray_frequencies,1809,134.4
2023-08-10,DEM,../DSMs/2023-08-10_DEM.tif,2025-11-19T16:08:01.644464Z,4.10.dev245+g4144cef28,403_25,gray_frequencies,3225,147.20000000000002
2023-08-10,DEM,../DSMs/2023-08-10_DEM.tif,2025-11-19T16:08:01.644464Z,4.10.dev245+g4144cef28,403_25,gray_frequencies,4714,160.0
2023-08-10,DEM,../DSMs/2023-08-10_DEM.tif,2025-11-19T16:08:01.644464Z,4.10.dev245+g4144cef28,403_25,gray_frequencies,2436,172.8
2023-08-10,DEM,../DSMs/2023-08-10_DEM.tif,2025-11-19T16:08:01.644464Z,4.10.dev245+g4144cef28,403_25,gray_frequencies,1154,185.60000000000002
2023-08-10,DEM,../DSMs/2023-08-10_DEM.tif,2025-11-19T16:08:01.644464Z,4.10.dev245+g4144cef28,403_25,gray_frequencies,853,198.4
2023-08-10,DEM,../DSMs/2023-08-10_DEM.tif,2025-11-19T16:08:01.644464Z,4.10.dev245+g4144cef28,403_25,gray_frequencies,12,211.20000000000002
2023-08-10,DEM,../DSMs/2023-08-10_DEM.tif,2025-11-19T16:08:01.644464Z,4.10.dev245+g4144cef28,403_25,gray_frequencies,0,224.0
2023-08-10,DEM,../DSMs/2023-08-10_DEM.tif,2025-11-19T16:08:01.644464Z,4.10.dev245+g4144cef28,403_25,gray_frequencies,0,236.8
2023-08-10,DEM,../DSMs/2023-08-10_DEM.tif,2025-11-19T16:08:01.644464Z,4.10.dev245+g4144cef28,403_25,gray_frequencies,0,249.60000000000002
2023-08-10,DEM,../DSMs/2023-08-10_DEM.tif,2025-11-19T16:08:01.644464Z,4.10.dev245+g4144cef28,503_26,gray_frequencies,0,6.4
2023-08-10,DEM,../DSMs/2023-08-10_DEM.tif,2025-11-19T16:08:01.644464Z,4.10.dev245+g4144cef28,503_26,gray_frequencies,0,19.200000000000003
2023-08-10,DEM,../DSMs/2023-08-10_DEM.tif,2025-11-19T16:08:01.644464Z,4.10.dev245+g4144cef28,503_26,gray_frequencies,0,32.0
2023-08-10,DEM,../DSMs/2023-08-10_DEM.tif,2025-11-19T16:08:01.644464Z,4.10.dev245+g4144cef28,503_26,gray_frequencies,0,44.800000000000004
2023-08-10,DEM,../DSMs/2023-08-10_DEM.tif,2025-11-19T16:08:01.644464Z,4.10.dev245+g4144cef28,503_26,gray_frequencies,0,57.6
2023-08-10,DEM,../DSMs/2023-08-10_DEM.tif,2025-11-19T16:08:01.644464Z,4.10.dev245+g4144cef28,503_26,gray_frequencies,0,70.4
2023-08-10,DEM,../DSMs/2023-08-10_DEM.tif,2025-11-19T16:08:01.644464Z,4.10.dev245+g4144cef28,503_26,gray_frequencies,0,83.20000000000002
2023-08-10,DEM,../DSMs/2023-08-10_DEM.tif,2025-11-19T16:08:01.644464Z,4.10.dev245+g4144cef28,503_26,gray_frequencies,0,96.0
2023-08-10,DEM,../DSMs/2023-08-10_DEM.tif,2025-11-19T16:08:01.644464Z,4.10.dev245+g4144cef28,503_26,gray_frequencies,0,108.80000000000001
2023-08-10,DEM,../DSMs/2023-08-10_DEM.tif,2025-11-19T16:08:01.644464Z,4.10.dev245+g4144cef28,503_26,gray_frequencies,699,121.6
2023-08-10,DEM,../DSMs/2023-08-10_DEM.tif,2025-11-19T16:08:01.644464Z,4.10.dev245+g4144cef28,503_26,gray_frequencies,2180,134.4
2023-08-10,DEM,../DSMs/2023-08-10_DEM.tif,2025-11-19T16:08:01.644464Z,4.10.dev245+g4144cef28,503_26,gray_frequencies,2545,147.20000000000002
2023-08-10,DEM,../DSMs/2023-08-10_DEM.tif,2025-11-19T16:08:01.644464Z,4.10.dev245+g4144cef28,503_26,gray_frequencies,2203,160.0
2023-08-10,DEM,../DSMs/2023-08-10_DEM.tif,2025-11-19T16:08:01.644464Z,4.10.dev245+g4144cef28,503_26,gray_frequencies,3036,172.8
2023-08-10,DEM,../DSMs/2023-08-10_DEM.tif,2025-11-19T16:08:01.644464Z,4.10.dev245+g4144cef28,503_26,gray_frequencies,1702,185.60000000000002
2023-08-10,DEM,../DSMs/2023-08-10_DEM.tif,2025-11-19T16:08:01.644464Z,4.10.dev245+g4144cef28,503_26,gray_frequencies,1670,198.4
2023-08-10,DEM,../DSMs/2023-08-10_DEM.tif,2025-11-19T16:08:01.644464Z,4.10.dev245+g4144cef28,503_26,gray_frequencies,144,211.20000000000002
2023-08-10,DEM,../DSMs/2023-08-10_DEM.tif,2025-11-19T16:08:01.644464Z,4.10.dev245+g4144cef28,503_26,gray_frequencies,0,224.0
2023-08-10,DEM,../DSMs/2023-08-10_DEM.tif,2025-11-19T16:08:01.644464Z,4.10.dev245+g4144cef28,503_26,gray_frequencies,0,236.8
2023-08-10,DEM,../DSMs/2023-08-10_DEM.tif,2025-11-19T16:08:01.644464Z,4.10.dev245+g4144cef28,503_26,gray_frequencies,0,249.60000000000002
2023-08-10,DEM,../DSMs/2023-08-10_DEM.tif,2025-11-19T16:08:01.644464Z,4.10.dev245+g4144cef28,603_27,gray_frequencies,0,6.4
2023-08-10,DEM,../DSMs/2023-08-10_DEM.tif,2025-11-19T16:08:01.644464Z,4.10.dev245+g4144cef28,603_27,gray_frequencies,0,19.200000000000003
2023-08-10,DEM,../DSMs/2023-08-10_DEM.tif,2025-11-19T16:08:01.644464Z,4.10.dev245+g4144cef28,603_27,gray_frequencies,0,32.0
2023-08-10,DEM,../DSMs/2023-08-10_DEM.tif,2025-11-19T16:08:01.644464Z,4.10.dev245+g4144cef28,603_27,gray_frequencies,0,44.800000000000004
2023-08-10,DEM,../DSMs/2023-08-10_DEM.tif,2025-11-19T16:08:01.644464Z,4.10.dev245+g4144cef28,603_27,gray_frequencies,0,57.6
2023-08-10,DEM,../DSMs/2023-08-10_DEM.tif,2025-11-19T16:08:01.644464Z,4.10.dev245+g4144cef28,603_27,gray_frequencies,0,70.4
2023-08-10,DEM,../DSMs/2023-08-10_DEM.tif,2025-11-19T16:08:01.644464Z,4.10.dev245+g4144cef28,603_27,gray_frequencies,0,83.20000000000002
2023-08-10,DEM,../DSMs/2023-08-10_DEM.tif,2025-11-19T16:08:01.644464Z,4.10.dev245+g4144cef28,603_27,gray_frequencies,0,96.0
2023-08-10,DEM,../DSMs/2023-08-10_DEM.tif,2025-11-19T16:08:01.644464Z,4.10.dev245+g4144cef28,603_27,gray_frequencies,214,108.80000000000001
2023-08-10,DEM,../DSMs/2023-08-10_DEM.tif,2025-11-19T16:08:01.644464Z,4.10.dev245+g4144cef28,603_27,gray_frequencies,1543,121.6
2023-08-10,DEM,../DSMs/2023-08-10_DEM.tif,2025-11-19T16:08:01.644464Z,4.10.dev245+g4144cef28,603_27,gray_frequencies,2432,134.4
2023-08-10,DEM,../DSMs/2023-08-10_DEM.tif,2025-11-19T16:08:01.644464Z,4.10.dev245+g4144cef28,603_27,gray_frequencies,2145,147.20000000000002
2023-08-10,DEM,../DSMs/2023-08-10_DEM.tif,2025-11-19T16:08:01.644464Z,4.10.dev245+g4144cef28,603_27,gray_frequencies,3012,160.0
2023-08-10,DEM,../DSMs/2023-08-10_DEM.tif,2025-11-19T16:08:01.644464Z,4.10.dev245+g4144cef28,603_27,gray_frequencies,1796,172.8
2023-08-10,DEM,../DSMs/2023-08-10_DEM.tif,2025-11-19T16:08:01.644464Z,4.10.dev245+g4144cef28,603_27,gray_frequencies,1876,185.60000000000002
2023-08-10,DEM,../DSMs/2023-08-10_DEM.tif,2025-11-19T16:08:01.644464Z,4.10.dev245+g4144cef28,603_27,gray_frequencies,537,198.4
2023-08-10,DEM,../DSMs/2023-08-10_DEM.tif,2025-11-19T16:08:01.644464Z,4.10.dev245+g4144cef28,603_27,gray_frequencies,0,211.20000000000002
2023-08-10,DEM,../DSMs/2023-08-10_DEM.tif,2025-11-19T16:08:01.644464Z,4.10.dev245+g4144cef28,603_27,gray_frequencies,0,224.0
2023-08-10,DEM,../DSMs/2023-08-10_DEM.tif,2025-11-19T16:08:01.644464Z,4.10.dev245+g4144cef28,603_27,gray_frequencies,0,236.8
2023-08-10,DEM,../DSMs/2023-08-10_DEM.tif,2025-11-19T16:08:01.644464Z,4.10.dev245+g4144cef28,603_27,gray_frequencies,0,249.60000000000002
2023-08-04,DEM,../DSMs/2023-08-04_DEM.tif,2025-11-19T16:08:01.014834Z,4.10.dev245+g4144cef28,default_101,gray_frequencies,NA,NA
2023-08-04,DEM,../DSMs/2023-08-04_DEM.tif,2025-11-19T16:08:01.014834Z,4.10.dev245+g4144cef28,default_201,gray_frequencies,NA,NA
2023-08-04,DEM,../DSMs/2023-08-04_DEM.tif,2025-11-19T16:08:01.014834Z,4.10.dev245+g4144cef28,default_301,gray_frequencies,NA,NA
2023-08-04,DEM,../DSMs/2023-08-04_DEM.tif,2025-11-19T16:08:01.014834Z,4.10.dev245+g4144cef28,default_401,gray_frequencies,NA,NA
2023-08-04,DEM,../DSMs/2023-08-04_DEM.tif,2025-11-19T16:08:01.014834Z,4.10.dev245+g4144cef28,default_501,gray_frequencies,NA,NA
2023-08-04,DEM,../DSMs/2023-08-04_DEM.tif,2025-11-19T16:08:01.014834Z,4.10.dev245+g4144cef28,default_901,gray_frequencies,NA,NA
2023-08-04,DEM,../DSMs/2023-08-04_DEM.tif,2025-11-19T16:08:01.014834Z,4.10.dev245+g4144cef28,default_701,gray_frequencies,NA,NA
2023-08-04,DEM,../DSMs/2023-08-04_DEM.tif,2025-11-19T16:08:01.014834Z,4.10.dev245+g4144cef28,default_801,gray_frequencies,NA,NA
2023-08-04,DEM,../DSMs/2023-08-04_DEM.tif,2025-11-19T16:08:01.014834Z,4.10.dev245+g4144cef28,default_601,gray_frequencies,NA,NA
2023-08-04,DEM,../DSMs/2023-08-04_DEM.tif,2025-11-19T16:08:01.014834Z,4.10.dev245+g4144cef28,default_502,gray_frequencies,NA,NA
2023-08-04,DEM,../DSMs/2023-08-04_DEM.tif,2025-11-19T16:08:01.014834Z,4.10.dev245+g4144cef28,default_402,gray_frequencies,NA,NA
2023-08-04,DEM,../DSMs/2023-08-04_DEM.tif,2025-11-19T16:08:01.014834Z,4.10.dev245+g4144cef28,default_102,gray_frequencies,NA,NA
2023-08-04,DEM,../DSMs/2023-08-04_DEM.tif,2025-11-19T16:08:01.014834Z,4.10.dev245+g4144cef28,default_702,gray_frequencies,NA,NA
2023-08-04,DEM,../DSMs/2023-08-04_DEM.tif,2025-11-19T16:08:01.014834Z,4.10.dev245+g4144cef28,default_202,gray_frequencies,NA,NA
2023-08-04,DEM,../DSMs/2023-08-04_DEM.tif,2025-11-19T16:08:01.014834Z,4.10.dev245+g4144cef28,default_602,gray_frequencies,NA,NA
2023-08-04,DEM,../DSMs/2023-08-04_DEM.tif,2025-11-19T16:08:01.014834Z,4.10.dev245+g4144cef28,default_802,gray_frequencies,NA,NA
2023-08-04,DEM,../DSMs/2023-08-04_DEM.tif,2025-11-19T16:08:01.014834Z,4.10.dev245+g4144cef28,default_302,gray_frequencies,NA,NA
2023-08-04,DEM,../DSMs/2023-08-04_DEM.tif,2025-11-19T16:08:01.014834Z,4.10.dev245+g4144cef28,default_902,gray_frequencies,NA,NA
2023-08-04,DEM,../DSMs/2023-08-04_DEM.tif,2025-11-19T16:08:01.014834Z,4.10.dev245+g4144cef28,default_703,gray_frequencies,NA,NA
2023-08-04,DEM,../DSMs/2023-08-04_DEM.tif,2025-11-19T16:08:01.014834Z,4.10.dev245+g4144cef28,default_103,gray_frequencies,NA,NA
2023-08-04,DEM,../DSMs/2023-08-04_DEM.tif,2025-11-19T16:08:01.014834Z,4.10.dev245+g4144cef28,default_203,gray_frequencies,NA,NA
2023-08-04,DEM,../DSMs/2023-08-04_DEM.tif,2025-11-19T16:08:01.014834Z,4.10.dev245+g4144cef28,default_803,gray_frequencies,NA,NA
2023-08-04,DEM,../DSMs/2023-08-04_DEM.tif,2025-11-19T16:08:01.014834Z,4.10.dev245+g4144cef28,default_303,gray_frequencies,NA,NA
2023-08-04,DEM,../DSMs/2023-08-04_DEM.tif,2025-11-19T16:08:01.014834Z,4.10.dev245+g4144cef28,default_903,gray_frequencies,NA,NA
2023-08-04,DEM,../DSMs/2023-08-04_DEM.tif,2025-11-19T16:08:01.014834Z,4.10.dev245+g4144cef28,default_403,gray_frequencies,NA,NA
2023-08-04,DEM,../DSMs/2023-08-04_DEM.tif,2025-11-19T16:08:01.014834Z,4.10.dev245+g4144cef28,default_503,gray_frequencies,NA,NA
2023-08-04,DEM,../DSMs/2023-08-04_DEM.tif,2025-11-19T16:08:01.014834Z,4.10.dev245+g4144cef28,default_603,gray_frequencies,NA,NA
2023-08-04,DEM,../DSMs/2023-08-04_DEM.tif,2025-11-19T16:08:01.014834Z,4.10.dev245+g4144cef28,101_1,gray_frequencies,0,6.4
2023-08-04,DEM,../DSMs/2023-08-04_DEM.tif,2025-11-19T16:08:01.014834Z,4.10.dev245+g4144cef28,101_1,gray_frequencies,0,19.200000000000003
2023-08-04,DEM,../DSMs/2023-08-04_DEM.tif,2025-11-19T16:08:01.014834Z,4.10.dev245+g4144cef28,101_1,gray_frequencies,0,32.0
2023-08-04,DEM,../DSMs/2023-08-04_DEM.tif,2025-11-19T16:08:01.014834Z,4.10.dev245+g4144cef28,101_1,gray_frequencies,0,44.800000000000004
2023-08-04,DEM,../DSMs/2023-08-04_DEM.tif,2025-11-19T16:08:01.014834Z,4.10.dev245+g4144cef28,101_1,gray_frequencies,0,57.6
2023-08-04,DEM,../DSMs/2023-08-04_DEM.tif,2025-11-19T16:08:01.014834Z,4.10.dev245+g4144cef28,101_1,gray_frequencies,0,70.4
2023-08-04,DEM,../DSMs/2023-08-04_DEM.tif,2025-11-19T16:08:01.014834Z,4.10.dev245+g4144cef28,101_1,gray_frequencies,190,83.20000000000002
2023-08-04,DEM,../DSMs/2023-08-04_DEM.tif,2025-11-19T16:08:01.014834Z,4.10.dev245+g4144cef28,101_1,gray_frequencies,1396,96.0
2023-08-04,DEM,../DSMs/2023-08-04_DEM.tif,2025-11-19T16:08:01.014834Z,4.10.dev245+g4144cef28,101_1,gray_frequencies,3020,108.80000000000001
2023-08-04,DEM,../DSMs/2023-08-04_DEM.tif,2025-11-19T16:08:01.014834Z,4.10.dev245+g4144cef28,101_1,gray_frequencies,4985,121.6
2023-08-04,DEM,../DSMs/2023-08-04_DEM.tif,2025-11-19T16:08:01.014834Z,4.10.dev245+g4144cef28,101_1,gray_frequencies,3339,134.4
2023-08-04,DEM,../DSMs/2023-08-04_DEM.tif,2025-11-19T16:08:01.014834Z,4.10.dev245+g4144cef28,101_1,gray_frequencies,853,147.20000000000002
2023-08-04,DEM,../DSMs/2023-08-04_DEM.tif,2025-11-19T16:08:01.014834Z,4.10.dev245+g4144cef28,101_1,gray_frequencies,0,160.0
2023-08-04,DEM,../DSMs/2023-08-04_DEM.tif,2025-11-19T16:08:01.014834Z,4.10.dev245+g4144cef28,101_1,gray_frequencies,0,172.8
2023-08-04,DEM,../DSMs/2023-08-04_DEM.tif,2025-11-19T16:08:01.014834Z,4.10.dev245+g4144cef28,101_1,gray_frequencies,0,185.60000000000002
2023-08-04,DEM,../DSMs/2023-08-04_DEM.tif,2025-11-19T16:08:01.014834Z,4.10.dev245+g4144cef28,101_1,gray_frequencies,0,198.4
2023-08-04,DEM,../DSMs/2023-08-04_DEM.tif,2025-11-19T16:08:01.014834Z,4.10.dev245+g4144cef28,101_1,gray_frequencies,0,211.20000000000002
2023-08-04,DEM,../DSMs/2023-08-04_DEM.tif,2025-11-19T16:08:01.014834Z,4.10.dev245+g4144cef28,101_1,gray_frequencies,0,224.0
2023-08-04,DEM,../DSMs/2023-08-04_DEM.tif,2025-11-19T16:08:01.014834Z,4.10.dev245+g4144cef28,101_1,gray_frequencies,0,236.8
2023-08-04,DEM,../DSMs/2023-08-04_DEM.tif,2025-11-19T16:08:01.014834Z,4.10.dev245+g4144cef28,101_1,gray_frequencies,0,249.60000000000002
2023-08-04,DEM,../DSMs/2023-08-04_DEM.tif,2025-11-19T16:08:01.014834Z,4.10.dev245+g4144cef28,201_2,gray_frequencies,0,6.4
2023-08-04,DEM,../DSMs/2023-08-04_DEM.tif,2025-11-19T16:08:01.014834Z,4.10.dev245+g4144cef28,201_2,gray_frequencies,0,19.200000000000003
2023-08-04,DEM,../DSMs/2023-08-04_DEM.tif,2025-11-19T16:08:01.014834Z,4.10.dev245+g4144cef28,201_2,gray_frequencies,0,32.0
2023-08-04,DEM,../DSMs/2023-08-04_DEM.tif,2025-11-19T16:08:01.014834Z,4.10.dev245+g4144cef28,201_2,gray_frequencies,0,44.800000000000004
2023-08-04,DEM,../DSMs/2023-08-04_DEM.tif,2025-11-19T16:08:01.014834Z,4.10.dev245+g4144cef28,201_2,gray_frequencies,0,57.6
2023-08-04,DEM,../DSMs/2023-08-04_DEM.tif,2025-11-19T16:08:01.014834Z,4.10.dev245+g4144cef28,201_2,gray_frequencies,0,70.4
2023-08-04,DEM,../DSMs/2023-08-04_DEM.tif,2025-11-19T16:08:01.014834Z,4.10.dev245+g4144cef28,201_2,gray_frequencies,26,83.20000000000002
2023-08-04,DEM,../DSMs/2023-08-04_DEM.tif,2025-11-19T16:08:01.014834Z,4.10.dev245+g4144cef28,201_2,gray_frequencies,1158,96.0
2023-08-04,DEM,../DSMs/2023-08-04_DEM.tif,2025-11-19T16:08:01.014834Z,4.10.dev245+g4144cef28,201_2,gray_frequencies,603,108.80000000000001
2023-08-04,DEM,../DSMs/2023-08-04_DEM.tif,2025-11-19T16:08:01.014834Z,4.10.dev245+g4144cef28,201_2,gray_frequencies,1400,121.6
2023-08-04,DEM,../DSMs/2023-08-04_DEM.tif,2025-11-19T16:08:01.014834Z,4.10.dev245+g4144cef28,201_2,gray_frequencies,3132,134.4
2023-08-04,DEM,../DSMs/2023-08-04_DEM.tif,2025-11-19T16:08:01.014834Z,4.10.dev245+g4144cef28,201_2,gray_frequencies,5463,147.20000000000002
2023-08-04,DEM,../DSMs/2023-08-04_DEM.tif,2025-11-19T16:08:01.014834Z,4.10.dev245+g4144cef28,201_2,gray_frequencies,16,160.0
2023-08-04,DEM,../DSMs/2023-08-04_DEM.tif,2025-11-19T16:08:01.014834Z,4.10.dev245+g4144cef28,201_2,gray_frequencies,8,172.8
2023-08-04,DEM,../DSMs/2023-08-04_DEM.tif,2025-11-19T16:08:01.014834Z,4.10.dev245+g4144cef28,201_2,gray_frequencies,6,185.60000000000002
2023-08-04,DEM,../DSMs/2023-08-04_DEM.tif,2025-11-19T16:08:01.014834Z,4.10.dev245+g4144cef28,201_2,gray_frequencies,10,198.4
2023-08-04,DEM,../DSMs/2023-08-04_DEM.tif,2025-11-19T16:08:01.014834Z,4.10.dev245+g4144cef28,201_2,gray_frequencies,4,211.20000000000002
2023-08-04,DEM,../DSMs/2023-08-04_DEM.tif,2025-11-19T16:08:01.014834Z,4.10.dev245+g4144cef28,201_2,gray_frequencies,5,224.0
2023-08-04,DEM,../DSMs/2023-08-04_DEM.tif,2025-11-19T16:08:01.014834Z,4.10.dev245+g4144cef28,201_2,gray_frequencies,6,236.8
2023-08-04,DEM,../DSMs/2023-08-04_DEM.tif,2025-11-19T16:08:01.014834Z,4.10.dev245+g4144cef28,201_2,gray_frequencies,5,249.60000000000002
2023-08-04,DEM,../DSMs/2023-08-04_DEM.tif,2025-11-19T16:08:01.014834Z,4.10.dev245+g4144cef28,301_3,gray_frequencies,0,6.4
2023-08-04,DEM,../DSMs/2023-08-04_DEM.tif,2025-11-19T16:08:01.014834Z,4.10.dev245+g4144cef28,301_3,gray_frequencies,0,19.200000000000003
2023-08-04,DEM,../DSMs/2023-08-04_DEM.tif,2025-11-19T16:08:01.014834Z,4.10.dev245+g4144cef28,301_3,gray_frequencies,0,32.0
2023-08-04,DEM,../DSMs/2023-08-04_DEM.tif,2025-11-19T16:08:01.014834Z,4.10.dev245+g4144cef28,301_3,gray_frequencies,0,44.800000000000004
2023-08-04,DEM,../DSMs/2023-08-04_DEM.tif,2025-11-19T16:08:01.014834Z,4.10.dev245+g4144cef28,301_3,gray_frequencies,0,57.6
2023-08-04,DEM,../DSMs/2023-08-04_DEM.tif,2025-11-19T16:08:01.014834Z,4.10.dev245+g4144cef28,301_3,gray_frequencies,0,70.4
2023-08-04,DEM,../DSMs/2023-08-04_DEM.tif,2025-11-19T16:08:01.014834Z,4.10.dev245+g4144cef28,301_3,gray_frequencies,0,83.20000000000002
2023-08-04,DEM,../DSMs/2023-08-04_DEM.tif,2025-11-19T16:08:01.014834Z,4.10.dev245+g4144cef28,301_3,gray_frequencies,844,96.0
2023-08-04,DEM,../DSMs/2023-08-04_DEM.tif,2025-11-19T16:08:01.014834Z,4.10.dev245+g4144cef28,301_3,gray_frequencies,1085,108.80000000000001
2023-08-04,DEM,../DSMs/2023-08-04_DEM.tif,2025-11-19T16:08:01.014834Z,4.10.dev245+g4144cef28,301_3,gray_frequencies,2970,121.6
2023-08-04,DEM,../DSMs/2023-08-04_DEM.tif,2025-11-19T16:08:01.014834Z,4.10.dev245+g4144cef28,301_3,gray_frequencies,4811,134.4
2023-08-04,DEM,../DSMs/2023-08-04_DEM.tif,2025-11-19T16:08:01.014834Z,4.10.dev245+g4144cef28,301_3,gray_frequencies,3098,147.20000000000002
2023-08-04,DEM,../DSMs/2023-08-04_DEM.tif,2025-11-19T16:08:01.014834Z,4.10.dev245+g4144cef28,301_3,gray_frequencies,391,160.0
2023-08-04,DEM,../DSMs/2023-08-04_DEM.tif,2025-11-19T16:08:01.014834Z,4.10.dev245+g4144cef28,301_3,gray_frequencies,0,172.8
2023-08-04,DEM,../DSMs/2023-08-04_DEM.tif,2025-11-19T16:08:01.014834Z,4.10.dev245+g4144cef28,301_3,gray_frequencies,1,185.60000000000002
2023-08-04,DEM,../DSMs/2023-08-04_DEM.tif,2025-11-19T16:08:01.014834Z,4.10.dev245+g4144cef28,301_3,gray_frequencies,0,198.4
2023-08-04,DEM,../DSMs/2023-08-04_DEM.tif,2025-11-19T16:08:01.014834Z,4.10.dev245+g4144cef28,301_3,gray_frequencies,0,211.20000000000002
2023-08-04,DEM,../DSMs/2023-08-04_DEM.tif,2025-11-19T16:08:01.014834Z,4.10.dev245+g4144cef28,301_3,gray_frequencies,1,224.0
2023-08-04,DEM,../DSMs/2023-08-04_DEM.tif,2025-11-19T16:08:01.014834Z,4.10.dev245+g4144cef28,301_3,gray_frequencies,1,236.8
2023-08-04,DEM,../DSMs/2023-08-04_DEM.tif,2025-11-19T16:08:01.014834Z,4.10.dev245+g4144cef28,301_3,gray_frequencies,0,249.60000000000002
2023-08-04,DEM,../DSMs/2023-08-04_DEM.tif,2025-11-19T16:08:01.014834Z,4.10.dev245+g4144cef28,401_4,gray_frequencies,0,6.4
2023-08-04,DEM,../DSMs/2023-08-04_DEM.tif,2025-11-19T16:08:01.014834Z,4.10.dev245+g4144cef28,401_4,gray_frequencies,0,19.200000000000003
2023-08-04,DEM,../DSMs/2023-08-04_DEM.tif,2025-11-19T16:08:01.014834Z,4.10.dev245+g4144cef28,401_4,gray_frequencies,0,32.0
2023-08-04,DEM,../DSMs/2023-08-04_DEM.tif,2025-11-19T16:08:01.014834Z,4.10.dev245+g4144cef28,401_4,gray_frequencies,0,44.800000000000004
2023-08-04,DEM,../DSMs/2023-08-04_DEM.tif,2025-11-19T16:08:01.014834Z,4.10.dev245+g4144cef28,401_4,gray_frequencies,0,57.6
2023-08-04,DEM,../DSMs/2023-08-04_DEM.tif,2025-11-19T16:08:01.014834Z,4.10.dev245+g4144cef28,401_4,gray_frequencies,0,70.4
2023-08-04,DEM,../DSMs/2023-08-04_DEM.tif,2025-11-19T16:08:01.014834Z,4.10.dev245+g4144cef28,401_4,gray_frequencies,0,83.20000000000002
2023-08-04,DEM,../DSMs/2023-08-04_DEM.tif,2025-11-19T16:08:01.014834Z,4.10.dev245+g4144cef28,401_4,gray_frequencies,0,96.0
2023-08-04,DEM,../DSMs/2023-08-04_DEM.tif,2025-11-19T16:08:01.014834Z,4.10.dev245+g4144cef28,401_4,gray_frequencies,415,108.80000000000001
2023-08-04,DEM,../DSMs/2023-08-04_DEM.tif,2025-11-19T16:08:01.014834Z,4.10.dev245+g4144cef28,401_4,gray_frequencies,883,121.6
2023-08-04,DEM,../DSMs/2023-08-04_DEM.tif,2025-11-19T16:08:01.014834Z,4.10.dev245+g4144cef28,401_4,gray_frequencies,2512,134.4
2023-08-04,DEM,../DSMs/2023-08-04_DEM.tif,2025-11-19T16:08:01.014834Z,4.10.dev245+g4144cef28,401_4,gray_frequencies,4941,147.20000000000002
2023-08-04,DEM,../DSMs/2023-08-04_DEM.tif,2025-11-19T16:08:01.014834Z,4.10.dev245+g4144cef28,401_4,gray_frequencies,3445,160.0
2023-08-04,DEM,../DSMs/2023-08-04_DEM.tif,2025-11-19T16:08:01.014834Z,4.10.dev245+g4144cef28,401_4,gray_frequencies,709,172.8
2023-08-04,DEM,../DSMs/2023-08-04_DEM.tif,2025-11-19T16:08:01.014834Z,4.10.dev245+g4144cef28,401_4,gray_frequencies,0,185.60000000000002
2023-08-04,DEM,../DSMs/2023-08-04_DEM.tif,2025-11-19T16:08:01.014834Z,4.10.dev245+g4144cef28,401_4,gray_frequencies,0,198.4
2023-08-04,DEM,../DSMs/2023-08-04_DEM.tif,2025-11-19T16:08:01.014834Z,4.10.dev245+g4144cef28,401_4,gray_frequencies,0,211.20000000000002
2023-08-04,DEM,../DSMs/2023-08-04_DEM.tif,2025-11-19T16:08:01.014834Z,4.10.dev245+g4144cef28,401_4,gray_frequencies,0,224.0
2023-08-04,DEM,../DSMs/2023-08-04_DEM.tif,2025-11-19T16:08:01.014834Z,4.10.dev245+g4144cef28,401_4,gray_frequencies,0,236.8
2023-08-04,DEM,../DSMs/2023-08-04_DEM.tif,2025-11-19T16:08:01.014834Z,4.10.dev245+g4144cef28,401_4,gray_frequencies,0,249.60000000000002
2023-08-04,DEM,../DSMs/2023-08-04_DEM.tif,2025-11-19T16:08:01.014834Z,4.10.dev245+g4144cef28,501_5,gray_frequencies,0,6.4
2023-08-04,DEM,../DSMs/2023-08-04_DEM.tif,2025-11-19T16:08:01.014834Z,4.10.dev245+g4144cef28,501_5,gray_frequencies,0,19.200000000000003
2023-08-04,DEM,../DSMs/2023-08-04_DEM.tif,2025-11-19T16:08:01.014834Z,4.10.dev245+g4144cef28,501_5,gray_frequencies,0,32.0
2023-08-04,DEM,../DSMs/2023-08-04_DEM.tif,2025-11-19T16:08:01.014834Z,4.10.dev245+g4144cef28,501_5,gray_frequencies,0,44.800000000000004
2023-08-04,DEM,../DSMs/2023-08-04_DEM.tif,2025-11-19T16:08:01.014834Z,4.10.dev245+g4144cef28,501_5,gray_frequencies,0,57.6
2023-08-04,DEM,../DSMs/2023-08-04_DEM.tif,2025-11-19T16:08:01.014834Z,4.10.dev245+g4144cef28,501_5,gray_frequencies,0,70.4
2023-08-04,DEM,../DSMs/2023-08-04_DEM.tif,2025-11-19T16:08:01.014834Z,4.10.dev245+g4144cef28,501_5,gray_frequencies,0,83.20000000000002
2023-08-04,DEM,../DSMs/2023-08-04_DEM.tif,2025-11-19T16:08:01.014834Z,4.10.dev245+g4144cef28,501_5,gray_frequencies,0,96.0
2023-08-04,DEM,../DSMs/2023-08-04_DEM.tif,2025-11-19T16:08:01.014834Z,4.10.dev245+g4144cef28,501_5,gray_frequencies,0,108.80000000000001
2023-08-04,DEM,../DSMs/2023-08-04_DEM.tif,2025-11-19T16:08:01.014834Z,4.10.dev245+g4144cef28,501_5,gray_frequencies,769,121.6
2023-08-04,DEM,../DSMs/2023-08-04_DEM.tif,2025-11-19T16:08:01.014834Z,4.10.dev245+g4144cef28,501_5,gray_frequencies,1117,134.4
2023-08-04,DEM,../DSMs/2023-08-04_DEM.tif,2025-11-19T16:08:01.014834Z,4.10.dev245+g4144cef28,501_5,gray_frequencies,2016,147.20000000000002
2023-08-04,DEM,../DSMs/2023-08-04_DEM.tif,2025-11-19T16:08:01.014834Z,4.10.dev245+g4144cef28,501_5,gray_frequencies,4965,160.0
2023-08-04,DEM,../DSMs/2023-08-04_DEM.tif,2025-11-19T16:08:01.014834Z,4.10.dev245+g4144cef28,501_5,gray_frequencies,3025,172.8
2023-08-04,DEM,../DSMs/2023-08-04_DEM.tif,2025-11-19T16:08:01.014834Z,4.10.dev245+g4144cef28,501_5,gray_frequencies,15,185.60000000000002
2023-08-04,DEM,../DSMs/2023-08-04_DEM.tif,2025-11-19T16:08:01.014834Z,4.10.dev245+g4144cef28,501_5,gray_frequencies,7,198.4
2023-08-04,DEM,../DSMs/2023-08-04_DEM.tif,2025-11-19T16:08:01.014834Z,4.10.dev245+g4144cef28,501_5,gray_frequencies,6,211.20000000000002
2023-08-04,DEM,../DSMs/2023-08-04_DEM.tif,2025-11-19T16:08:01.014834Z,4.10.dev245+g4144cef28,501_5,gray_frequencies,6,224.0
2023-08-04,DEM,../DSMs/2023-08-04_DEM.tif,2025-11-19T16:08:01.014834Z,4.10.dev245+g4144cef28,501_5,gray_frequencies,7,236.8
2023-08-04,DEM,../DSMs/2023-08-04_DEM.tif,2025-11-19T16:08:01.014834Z,4.10.dev245+g4144cef28,501_5,gray_frequencies,3,249.60000000000002
2023-08-04,DEM,../DSMs/2023-08-04_DEM.tif,2025-11-19T16:08:01.014834Z,4.10.dev245+g4144cef28,901_6,gray_frequencies,0,6.4
2023-08-04,DEM,../DSMs/2023-08-04_DEM.tif,2025-11-19T16:08:01.014834Z,4.10.dev245+g4144cef28,901_6,gray_frequencies,0,19.200000000000003
2023-08-04,DEM,../DSMs/2023-08-04_DEM.tif,2025-11-19T16:08:01.014834Z,4.10.dev245+g4144cef28,901_6,gray_frequencies,0,32.0
2023-08-04,DEM,../DSMs/2023-08-04_DEM.tif,2025-11-19T16:08:01.014834Z,4.10.dev245+g4144cef28,901_6,gray_frequencies,0,44.800000000000004
2023-08-04,DEM,../DSMs/2023-08-04_DEM.tif,2025-11-19T16:08:01.014834Z,4.10.dev245+g4144cef28,901_6,gray_frequencies,0,57.6
2023-08-04,DEM,../DSMs/2023-08-04_DEM.tif,2025-11-19T16:08:01.014834Z,4.10.dev245+g4144cef28,901_6,gray_frequencies,0,70.4
2023-08-04,DEM,../DSMs/2023-08-04_DEM.tif,2025-11-19T16:08:01.014834Z,4.10.dev245+g4144cef28,901_6,gray_frequencies,0,83.20000000000002
2023-08-04,DEM,../DSMs/2023-08-04_DEM.tif,2025-11-19T16:08:01.014834Z,4.10.dev245+g4144cef28,901_6,gray_frequencies,0,96.0
2023-08-04,DEM,../DSMs/2023-08-04_DEM.tif,2025-11-19T16:08:01.014834Z,4.10.dev245+g4144cef28,901_6,gray_frequencies,0,108.80000000000001
2023-08-04,DEM,../DSMs/2023-08-04_DEM.tif,2025-11-19T16:08:01.014834Z,4.10.dev245+g4144cef28,901_6,gray_frequencies,223,121.6
2023-08-04,DEM,../DSMs/2023-08-04_DEM.tif,2025-11-19T16:08:01.014834Z,4.10.dev245+g4144cef28,901_6,gray_frequencies,977,134.4
2023-08-04,DEM,../DSMs/2023-08-04_DEM.tif,2025-11-19T16:08:01.014834Z,4.10.dev245+g4144cef28,901_6,gray_frequencies,4177,147.20000000000002
2023-08-04,DEM,../DSMs/2023-08-04_DEM.tif,2025-11-19T16:08:01.014834Z,4.10.dev245+g4144cef28,901_6,gray_frequencies,3929,160.0
2023-08-04,DEM,../DSMs/2023-08-04_DEM.tif,2025-11-19T16:08:01.014834Z,4.10.dev245+g4144cef28,901_6,gray_frequencies,3147,172.8
2023-08-04,DEM,../DSMs/2023-08-04_DEM.tif,2025-11-19T16:08:01.014834Z,4.10.dev245+g4144cef28,901_6,gray_frequencies,326,185.60000000000002
2023-08-04,DEM,../DSMs/2023-08-04_DEM.tif,2025-11-19T16:08:01.014834Z,4.10.dev245+g4144cef28,901_6,gray_frequencies,0,198.4
2023-08-04,DEM,../DSMs/2023-08-04_DEM.tif,2025-11-19T16:08:01.014834Z,4.10.dev245+g4144cef28,901_6,gray_frequencies,0,211.20000000000002
2023-08-04,DEM,../DSMs/2023-08-04_DEM.tif,2025-11-19T16:08:01.014834Z,4.10.dev245+g4144cef28,901_6,gray_frequencies,0,224.0
2023-08-04,DEM,../DSMs/2023-08-04_DEM.tif,2025-11-19T16:08:01.014834Z,4.10.dev245+g4144cef28,901_6,gray_frequencies,0,236.8
2023-08-04,DEM,../DSMs/2023-08-04_DEM.tif,2025-11-19T16:08:01.014834Z,4.10.dev245+g4144cef28,901_6,gray_frequencies,0,249.60000000000002
2023-08-04,DEM,../DSMs/2023-08-04_DEM.tif,2025-11-19T16:08:01.014834Z,4.10.dev245+g4144cef28,701_7,gray_frequencies,0,6.4
2023-08-04,DEM,../DSMs/2023-08-04_DEM.tif,2025-11-19T16:08:01.014834Z,4.10.dev245+g4144cef28,701_7,gray_frequencies,0,19.200000000000003
2023-08-04,DEM,../DSMs/2023-08-04_DEM.tif,2025-11-19T16:08:01.014834Z,4.10.dev245+g4144cef28,701_7,gray_frequencies,0,32.0
2023-08-04,DEM,../DSMs/2023-08-04_DEM.tif,2025-11-19T16:08:01.014834Z,4.10.dev245+g4144cef28,701_7,gray_frequencies,0,44.800000000000004
2023-08-04,DEM,../DSMs/2023-08-04_DEM.tif,2025-11-19T16:08:01.014834Z,4.10.dev245+g4144cef28,701_7,gray_frequencies,0,57.6
2023-08-04,DEM,../DSMs/2023-08-04_DEM.tif,2025-11-19T16:08:01.014834Z,4.10.dev245+g4144cef28,701_7,gray_frequencies,0,70.4
2023-08-04,DEM,../DSMs/2023-08-04_DEM.tif,2025-11-19T16:08:01.014834Z,4.10.dev245+g4144cef28,701_7,gray_frequencies,0,83.20000000000002
2023-08-04,DEM,../DSMs/2023-08-04_DEM.tif,2025-11-19T16:08:01.014834Z,4.10.dev245+g4144cef28,701_7,gray_frequencies,0,96.0
2023-08-04,DEM,../DSMs/2023-08-04_DEM.tif,2025-11-19T16:08:01.014834Z,4.10.dev245+g4144cef28,701_7,gray_frequencies,0,108.80000000000001
2023-08-04,DEM,../DSMs/2023-08-04_DEM.tif,2025-11-19T16:08:01.014834Z,4.10.dev245+g4144cef28,701_7,gray_frequencies,5,121.6
2023-08-04,DEM,../DSMs/2023-08-04_DEM.tif,2025-11-19T16:08:01.014834Z,4.10.dev245+g4144cef28,701_7,gray_frequencies,351,134.4
2023-08-04,DEM,../DSMs/2023-08-04_DEM.tif,2025-11-19T16:08:01.014834Z,4.10.dev245+g4144cef28,701_7,gray_frequencies,819,147.20000000000002
2023-08-04,DEM,../DSMs/2023-08-04_DEM.tif,2025-11-19T16:08:01.014834Z,4.10.dev245+g4144cef28,701_7,gray_frequencies,2140,160.0
2023-08-04,DEM,../DSMs/2023-08-04_DEM.tif,2025-11-19T16:08:01.014834Z,4.10.dev245+g4144cef28,701_7,gray_frequencies,4085,172.8
2023-08-04,DEM,../DSMs/2023-08-04_DEM.tif,2025-11-19T16:08:01.014834Z,4.10.dev245+g4144cef28,701_7,gray_frequencies,4375,185.60000000000002
2023-08-04,DEM,../DSMs/2023-08-04_DEM.tif,2025-11-19T16:08:01.014834Z,4.10.dev245+g4144cef28,701_7,gray_frequencies,232,198.4
2023-08-04,DEM,../DSMs/2023-08-04_DEM.tif,2025-11-19T16:08:01.014834Z,4.10.dev245+g4144cef28,701_7,gray_frequencies,0,211.20000000000002
2023-08-04,DEM,../DSMs/2023-08-04_DEM.tif,2025-11-19T16:08:01.014834Z,4.10.dev245+g4144cef28,701_7,gray_frequencies,0,224.0
2023-08-04,DEM,../DSMs/2023-08-04_DEM.tif,2025-11-19T16:08:01.014834Z,4.10.dev245+g4144cef28,701_7,gray_frequencies,0,236.8
2023-08-04,DEM,../DSMs/2023-08-04_DEM.tif,2025-11-19T16:08:01.014834Z,4.10.dev245+g4144cef28,701_7,gray_frequencies,0,249.60000000000002
2023-08-04,DEM,../DSMs/2023-08-04_DEM.tif,2025-11-19T16:08:01.014834Z,4.10.dev245+g4144cef28,801_8,gray_frequencies,0,6.4
2023-08-04,DEM,../DSMs/2023-08-04_DEM.tif,2025-11-19T16:08:01.014834Z,4.10.dev245+g4144cef28,801_8,gray_frequencies,0,19.200000000000003
2023-08-04,DEM,../DSMs/2023-08-04_DEM.tif,2025-11-19T16:08:01.014834Z,4.10.dev245+g4144cef28,801_8,gray_frequencies,0,32.0
2023-08-04,DEM,../DSMs/2023-08-04_DEM.tif,2025-11-19T16:08:01.014834Z,4.10.dev245+g4144cef28,801_8,gray_frequencies,0,44.800000000000004
2023-08-04,DEM,../DSMs/2023-08-04_DEM.tif,2025-11-19T16:08:01.014834Z,4.10.dev245+g4144cef28,801_8,gray_frequencies,0,57.6
2023-08-04,DEM,../DSMs/2023-08-04_DEM.tif,2025-11-19T16:08:01.014834Z,4.10.dev245+g4144cef28,801_8,gray_frequencies,0,70.4
2023-08-04,DEM,../DSMs/2023-08-04_DEM.tif,2025-11-19T16:08:01.014834Z,4.10.dev245+g4144cef28,801_8,gray_frequencies,0,83.20000000000002
2023-08-04,DEM,../DSMs/2023-08-04_DEM.tif,2025-11-19T16:08:01.014834Z,4.10.dev245+g4144cef28,801_8,gray_frequencies,0,96.0
2023-08-04,DEM,../DSMs/2023-08-04_DEM.tif,2025-11-19T16:08:01.014834Z,4.10.dev245+g4144cef28,801_8,gray_frequencies,0,108.80000000000001
2023-08-04,DEM,../DSMs/2023-08-04_DEM.tif,2025-11-19T16:08:01.014834Z,4.10.dev245+g4144cef28,801_8,gray_frequencies,0,121.6
2023-08-04,DEM,../DSMs/2023-08-04_DEM.tif,2025-11-19T16:08:01.014834Z,4.10.dev245+g4144cef28,801_8,gray_frequencies,0,134.4
2023-08-04,DEM,../DSMs/2023-08-04_DEM.tif,2025-11-19T16:08:01.014834Z,4.10.dev245+g4144cef28,801_8,gray_frequencies,1286,147.20000000000002
2023-08-04,DEM,../DSMs/2023-08-04_DEM.tif,2025-11-19T16:08:01.014834Z,4.10.dev245+g4144cef28,801_8,gray_frequencies,1364,160.0
2023-08-04,DEM,../DSMs/2023-08-04_DEM.tif,2025-11-19T16:08:01.014834Z,4.10.dev245+g4144cef28,801_8,gray_frequencies,2972,172.8
2023-08-04,DEM,../DSMs/2023-08-04_DEM.tif,2025-11-19T16:08:01.014834Z,4.10.dev245+g4144cef28,801_8,gray_frequencies,5511,185.60000000000002
2023-08-04,DEM,../DSMs/2023-08-04_DEM.tif,2025-11-19T16:08:01.014834Z,4.10.dev245+g4144cef28,801_8,gray_frequencies,1143,198.4
2023-08-04,DEM,../DSMs/2023-08-04_DEM.tif,2025-11-19T16:08:01.014834Z,4.10.dev245+g4144cef28,801_8,gray_frequencies,8,211.20000000000002
2023-08-04,DEM,../DSMs/2023-08-04_DEM.tif,2025-11-19T16:08:01.014834Z,4.10.dev245+g4144cef28,801_8,gray_frequencies,4,224.0
2023-08-04,DEM,../DSMs/2023-08-04_DEM.tif,2025-11-19T16:08:01.014834Z,4.10.dev245+g4144cef28,801_8,gray_frequencies,3,236.8
2023-08-04,DEM,../DSMs/2023-08-04_DEM.tif,2025-11-19T16:08:01.014834Z,4.10.dev245+g4144cef28,801_8,gray_frequencies,4,249.60000000000002
2023-08-04,DEM,../DSMs/2023-08-04_DEM.tif,2025-11-19T16:08:01.014834Z,4.10.dev245+g4144cef28,601_9,gray_frequencies,0,6.4
2023-08-04,DEM,../DSMs/2023-08-04_DEM.tif,2025-11-19T16:08:01.014834Z,4.10.dev245+g4144cef28,601_9,gray_frequencies,0,19.200000000000003
2023-08-04,DEM,../DSMs/2023-08-04_DEM.tif,2025-11-19T16:08:01.014834Z,4.10.dev245+g4144cef28,601_9,gray_frequencies,0,32.0
2023-08-04,DEM,../DSMs/2023-08-04_DEM.tif,2025-11-19T16:08:01.014834Z,4.10.dev245+g4144cef28,601_9,gray_frequencies,0,44.800000000000004
2023-08-04,DEM,../DSMs/2023-08-04_DEM.tif,2025-11-19T16:08:01.014834Z,4.10.dev245+g4144cef28,601_9,gray_frequencies,0,57.6
2023-08-04,DEM,../DSMs/2023-08-04_DEM.tif,2025-11-19T16:08:01.014834Z,4.10.dev245+g4144cef28,601_9,gray_frequencies,0,70.4
2023-08-04,DEM,../DSMs/2023-08-04_DEM.tif,2025-11-19T16:08:01.014834Z,4.10.dev245+g4144cef28,601_9,gray_frequencies,0,83.20000000000002
2023-08-04,DEM,../DSMs/2023-08-04_DEM.tif,2025-11-19T16:08:01.014834Z,4.10.dev245+g4144cef28,601_9,gray_frequencies,0,96.0
2023-08-04,DEM,../DSMs/2023-08-04_DEM.tif,2025-11-19T16:08:01.014834Z,4.10.dev245+g4144cef28,601_9,gray_frequencies,0,108.80000000000001
2023-08-04,DEM,../DSMs/2023-08-04_DEM.tif,2025-11-19T16:08:01.014834Z,4.10.dev245+g4144cef28,601_9,gray_frequencies,0,121.6
2023-08-04,DEM,../DSMs/2023-08-04_DEM.tif,2025-11-19T16:08:01.014834Z,4.10.dev245+g4144cef28,601_9,gray_frequencies,0,134.4
2023-08-04,DEM,../DSMs/2023-08-04_DEM.tif,2025-11-19T16:08:01.014834Z,4.10.dev245+g4144cef28,601_9,gray_frequencies,1215,147.20000000000002
2023-08-04,DEM,../DSMs/2023-08-04_DEM.tif,2025-11-19T16:08:01.014834Z,4.10.dev245+g4144cef28,601_9,gray_frequencies,1686,160.0
2023-08-04,DEM,../DSMs/2023-08-04_DEM.tif,2025-11-19T16:08:01.014834Z,4.10.dev245+g4144cef28,601_9,gray_frequencies,2363,172.8
2023-08-04,DEM,../DSMs/2023-08-04_DEM.tif,2025-11-19T16:08:01.014834Z,4.10.dev245+g4144cef28,601_9,gray_frequencies,4088,185.60000000000002
2023-08-04,DEM,../DSMs/2023-08-04_DEM.tif,2025-11-19T16:08:01.014834Z,4.10.dev245+g4144cef28,601_9,gray_frequencies,4288,198.4
2023-08-04,DEM,../DSMs/2023-08-04_DEM.tif,2025-11-19T16:08:01.014834Z,4.10.dev245+g4144cef28,601_9,gray_frequencies,0,211.20000000000002
2023-08-04,DEM,../DSMs/2023-08-04_DEM.tif,2025-11-19T16:08:01.014834Z,4.10.dev245+g4144cef28,601_9,gray_frequencies,0,224.0
2023-08-04,DEM,../DSMs/2023-08-04_DEM.tif,2025-11-19T16:08:01.014834Z,4.10.dev245+g4144cef28,601_9,gray_frequencies,0,236.8
2023-08-04,DEM,../DSMs/2023-08-04_DEM.tif,2025-11-19T16:08:01.014834Z,4.10.dev245+g4144cef28,601_9,gray_frequencies,0,249.60000000000002
2023-08-04,DEM,../DSMs/2023-08-04_DEM.tif,2025-11-19T16:08:01.014834Z,4.10.dev245+g4144cef28,502_10,gray_frequencies,0,6.4
2023-08-04,DEM,../DSMs/2023-08-04_DEM.tif,2025-11-19T16:08:01.014834Z,4.10.dev245+g4144cef28,502_10,gray_frequencies,0,19.200000000000003
2023-08-04,DEM,../DSMs/2023-08-04_DEM.tif,2025-11-19T16:08:01.014834Z,4.10.dev245+g4144cef28,502_10,gray_frequencies,0,32.0
2023-08-04,DEM,../DSMs/2023-08-04_DEM.tif,2025-11-19T16:08:01.014834Z,4.10.dev245+g4144cef28,502_10,gray_frequencies,0,44.800000000000004
2023-08-04,DEM,../DSMs/2023-08-04_DEM.tif,2025-11-19T16:08:01.014834Z,4.10.dev245+g4144cef28,502_10,gray_frequencies,0,57.6
2023-08-04,DEM,../DSMs/2023-08-04_DEM.tif,2025-11-19T16:08:01.014834Z,4.10.dev245+g4144cef28,502_10,gray_frequencies,0,70.4
2023-08-04,DEM,../DSMs/2023-08-04_DEM.tif,2025-11-19T16:08:01.014834Z,4.10.dev245+g4144cef28,502_10,gray_frequencies,0,83.20000000000002
2023-08-04,DEM,../DSMs/2023-08-04_DEM.tif,2025-11-19T16:08:01.014834Z,4.10.dev245+g4144cef28,502_10,gray_frequencies,926,96.0
2023-08-04,DEM,../DSMs/2023-08-04_DEM.tif,2025-11-19T16:08:01.014834Z,4.10.dev245+g4144cef28,502_10,gray_frequencies,1529,108.80000000000001
2023-08-04,DEM,../DSMs/2023-08-04_DEM.tif,2025-11-19T16:08:01.014834Z,4.10.dev245+g4144cef28,502_10,gray_frequencies,2619,121.6
2023-08-04,DEM,../DSMs/2023-08-04_DEM.tif,2025-11-19T16:08:01.014834Z,4.10.dev245+g4144cef28,502_10,gray_frequencies,2514,134.4
2023-08-04,DEM,../DSMs/2023-08-04_DEM.tif,2025-11-19T16:08:01.014834Z,4.10.dev245+g4144cef28,502_10,gray_frequencies,4805,147.20000000000002
2023-08-04,DEM,../DSMs/2023-08-04_DEM.tif,2025-11-19T16:08:01.014834Z,4.10.dev245+g4144cef28,502_10,gray_frequencies,1198,160.0
2023-08-04,DEM,../DSMs/2023-08-04_DEM.tif,2025-11-19T16:08:01.014834Z,4.10.dev245+g4144cef28,502_10,gray_frequencies,1,172.8
2023-08-04,DEM,../DSMs/2023-08-04_DEM.tif,2025-11-19T16:08:01.014834Z,4.10.dev245+g4144cef28,502_10,gray_frequencies,4,185.60000000000002
2023-08-04,DEM,../DSMs/2023-08-04_DEM.tif,2025-11-19T16:08:01.014834Z,4.10.dev245+g4144cef28,502_10,gray_frequencies,4,198.4
2023-08-04,DEM,../DSMs/2023-08-04_DEM.tif,2025-11-19T16:08:01.014834Z,4.10.dev245+g4144cef28,502_10,gray_frequencies,3,211.20000000000002
2023-08-04,DEM,../DSMs/2023-08-04_DEM.tif,2025-11-19T16:08:01.014834Z,4.10.dev245+g4144cef28,502_10,gray_frequencies,4,224.0
2023-08-04,DEM,../DSMs/2023-08-04_DEM.tif,2025-11-19T16:08:01.014834Z,4.10.dev245+g4144cef28,502_10,gray_frequencies,1,236.8
2023-08-04,DEM,../DSMs/2023-08-04_DEM.tif,2025-11-19T16:08:01.014834Z,4.10.dev245+g4144cef28,502_10,gray_frequencies,3,249.60000000000002
2023-08-04,DEM,../DSMs/2023-08-04_DEM.tif,2025-11-19T16:08:01.014834Z,4.10.dev245+g4144cef28,402_11,gray_frequencies,0,6.4
2023-08-04,DEM,../DSMs/2023-08-04_DEM.tif,2025-11-19T16:08:01.014834Z,4.10.dev245+g4144cef28,402_11,gray_frequencies,0,19.200000000000003
2023-08-04,DEM,../DSMs/2023-08-04_DEM.tif,2025-11-19T16:08:01.014834Z,4.10.dev245+g4144cef28,402_11,gray_frequencies,0,32.0
2023-08-04,DEM,../DSMs/2023-08-04_DEM.tif,2025-11-19T16:08:01.014834Z,4.10.dev245+g4144cef28,402_11,gray_frequencies,0,44.800000000000004
2023-08-04,DEM,../DSMs/2023-08-04_DEM.tif,2025-11-19T16:08:01.014834Z,4.10.dev245+g4144cef28,402_11,gray_frequencies,0,57.6
2023-08-04,DEM,../DSMs/2023-08-04_DEM.tif,2025-11-19T16:08:01.014834Z,4.10.dev245+g4144cef28,402_11,gray_frequencies,0,70.4
2023-08-04,DEM,../DSMs/2023-08-04_DEM.tif,2025-11-19T16:08:01.014834Z,4.10.dev245+g4144cef28,402_11,gray_frequencies,0,83.20000000000002
2023-08-04,DEM,../DSMs/2023-08-04_DEM.tif,2025-11-19T16:08:01.014834Z,4.10.dev245+g4144cef28,402_11,gray_frequencies,752,96.0
2023-08-04,DEM,../DSMs/2023-08-04_DEM.tif,2025-11-19T16:08:01.014834Z,4.10.dev245+g4144cef28,402_11,gray_frequencies,1030,108.80000000000001
2023-08-04,DEM,../DSMs/2023-08-04_DEM.tif,2025-11-19T16:08:01.014834Z,4.10.dev245+g4144cef28,402_11,gray_frequencies,3084,121.6
2023-08-04,DEM,../DSMs/2023-08-04_DEM.tif,2025-11-19T16:08:01.014834Z,4.10.dev245+g4144cef28,402_11,gray_frequencies,4836,134.4
2023-08-04,DEM,../DSMs/2023-08-04_DEM.tif,2025-11-19T16:08:01.014834Z,4.10.dev245+g4144cef28,402_11,gray_frequencies,3237,147.20000000000002
2023-08-04,DEM,../DSMs/2023-08-04_DEM.tif,2025-11-19T16:08:01.014834Z,4.10.dev245+g4144cef28,402_11,gray_frequencies,672,160.0
2023-08-04,DEM,../DSMs/2023-08-04_DEM.tif,2025-11-19T16:08:01.014834Z,4.10.dev245+g4144cef28,402_11,gray_frequencies,3,172.8
2023-08-04,DEM,../DSMs/2023-08-04_DEM.tif,2025-11-19T16:08:01.014834Z,4.10.dev245+g4144cef28,402_11,gray_frequencies,0,185.60000000000002
2023-08-04,DEM,../DSMs/2023-08-04_DEM.tif,2025-11-19T16:08:01.014834Z,4.10.dev245+g4144cef28,402_11,gray_frequencies,1,198.4
2023-08-04,DEM,../DSMs/2023-08-04_DEM.tif,2025-11-19T16:08:01.014834Z,4.10.dev245+g4144cef28,402_11,gray_frequencies,3,211.20000000000002
2023-08-04,DEM,../DSMs/2023-08-04_DEM.tif,2025-11-19T16:08:01.014834Z,4.10.dev245+g4144cef28,402_11,gray_frequencies,1,224.0
2023-08-04,DEM,../DSMs/2023-08-04_DEM.tif,2025-11-19T16:08:01.014834Z,4.10.dev245+g4144cef28,402_11,gray_frequencies,1,236.8
2023-08-04,DEM,../DSMs/2023-08-04_DEM.tif,2025-11-19T16:08:01.014834Z,4.10.dev245+g4144cef28,402_11,gray_frequencies,1,249.60000000000002
2023-08-04,DEM,../DSMs/2023-08-04_DEM.tif,2025-11-19T16:08:01.014834Z,4.10.dev245+g4144cef28,102_12,gray_frequencies,0,6.4
2023-08-04,DEM,../DSMs/2023-08-04_DEM.tif,2025-11-19T16:08:01.014834Z,4.10.dev245+g4144cef28,102_12,gray_frequencies,0,19.200000000000003
2023-08-04,DEM,../DSMs/2023-08-04_DEM.tif,2025-11-19T16:08:01.014834Z,4.10.dev245+g4144cef28,102_12,gray_frequencies,0,32.0
2023-08-04,DEM,../DSMs/2023-08-04_DEM.tif,2025-11-19T16:08:01.014834Z,4.10.dev245+g4144cef28,102_12,gray_frequencies,0,44.800000000000004
2023-08-04,DEM,../DSMs/2023-08-04_DEM.tif,2025-11-19T16:08:01.014834Z,4.10.dev245+g4144cef28,102_12,gray_frequencies,0,57.6
2023-08-04,DEM,../DSMs/2023-08-04_DEM.tif,2025-11-19T16:08:01.014834Z,4.10.dev245+g4144cef28,102_12,gray_frequencies,0,70.4
2023-08-04,DEM,../DSMs/2023-08-04_DEM.tif,2025-11-19T16:08:01.014834Z,4.10.dev245+g4144cef28,102_12,gray_frequencies,0,83.20000000000002
2023-08-04,DEM,../DSMs/2023-08-04_DEM.tif,2025-11-19T16:08:01.014834Z,4.10.dev245+g4144cef28,102_12,gray_frequencies,643,96.0
2023-08-04,DEM,../DSMs/2023-08-04_DEM.tif,2025-11-19T16:08:01.014834Z,4.10.dev245+g4144cef28,102_12,gray_frequencies,1220,108.80000000000001
2023-08-04,DEM,../DSMs/2023-08-04_DEM.tif,2025-11-19T16:08:01.014834Z,4.10.dev245+g4144cef28,102_12,gray_frequencies,2658,121.6
2023-08-04,DEM,../DSMs/2023-08-04_DEM.tif,2025-11-19T16:08:01.014834Z,4.10.dev245+g4144cef28,102_12,gray_frequencies,5492,134.4
2023-08-04,DEM,../DSMs/2023-08-04_DEM.tif,2025-11-19T16:08:01.014834Z,4.10.dev245+g4144cef28,102_12,gray_frequencies,3077,147.20000000000002
2023-08-04,DEM,../DSMs/2023-08-04_DEM.tif,2025-11-19T16:08:01.014834Z,4.10.dev245+g4144cef28,102_12,gray_frequencies,1599,160.0
2023-08-04,DEM,../DSMs/2023-08-04_DEM.tif,2025-11-19T16:08:01.014834Z,4.10.dev245+g4144cef28,102_12,gray_frequencies,106,172.8
2023-08-04,DEM,../DSMs/2023-08-04_DEM.tif,2025-11-19T16:08:01.014834Z,4.10.dev245+g4144cef28,102_12,gray_frequencies,2,185.60000000000002
2023-08-04,DEM,../DSMs/2023-08-04_DEM.tif,2025-11-19T16:08:01.014834Z,4.10.dev245+g4144cef28,102_12,gray_frequencies,0,198.4
2023-08-04,DEM,../DSMs/2023-08-04_DEM.tif,2025-11-19T16:08:01.014834Z,4.10.dev245+g4144cef28,102_12,gray_frequencies,1,211.20000000000002
2023-08-04,DEM,../DSMs/2023-08-04_DEM.tif,2025-11-19T16:08:01.014834Z,4.10.dev245+g4144cef28,102_12,gray_frequencies,0,224.0
2023-08-04,DEM,../DSMs/2023-08-04_DEM.tif,2025-11-19T16:08:01.014834Z,4.10.dev245+g4144cef28,102_12,gray_frequencies,1,236.8
2023-08-04,DEM,../DSMs/2023-08-04_DEM.tif,2025-11-19T16:08:01.014834Z,4.10.dev245+g4144cef28,102_12,gray_frequencies,4,249.60000000000002
2023-08-04,DEM,../DSMs/2023-08-04_DEM.tif,2025-11-19T16:08:01.014834Z,4.10.dev245+g4144cef28,702_13,gray_frequencies,0,6.4
2023-08-04,DEM,../DSMs/2023-08-04_DEM.tif,2025-11-19T16:08:01.014834Z,4.10.dev245+g4144cef28,702_13,gray_frequencies,0,19.200000000000003
2023-08-04,DEM,../DSMs/2023-08-04_DEM.tif,2025-11-19T16:08:01.014834Z,4.10.dev245+g4144cef28,702_13,gray_frequencies,0,32.0
2023-08-04,DEM,../DSMs/2023-08-04_DEM.tif,2025-11-19T16:08:01.014834Z,4.10.dev245+g4144cef28,702_13,gray_frequencies,0,44.800000000000004
2023-08-04,DEM,../DSMs/2023-08-04_DEM.tif,2025-11-19T16:08:01.014834Z,4.10.dev245+g4144cef28,702_13,gray_frequencies,0,57.6
2023-08-04,DEM,../DSMs/2023-08-04_DEM.tif,2025-11-19T16:08:01.014834Z,4.10.dev245+g4144cef28,702_13,gray_frequencies,0,70.4
2023-08-04,DEM,../DSMs/2023-08-04_DEM.tif,2025-11-19T16:08:01.014834Z,4.10.dev245+g4144cef28,702_13,gray_frequencies,0,83.20000000000002
2023-08-04,DEM,../DSMs/2023-08-04_DEM.tif,2025-11-19T16:08:01.014834Z,4.10.dev245+g4144cef28,702_13,gray_frequencies,0,96.0
2023-08-04,DEM,../DSMs/2023-08-04_DEM.tif,2025-11-19T16:08:01.014834Z,4.10.dev245+g4144cef28,702_13,gray_frequencies,0,108.80000000000001
2023-08-04,DEM,../DSMs/2023-08-04_DEM.tif,2025-11-19T16:08:01.014834Z,4.10.dev245+g4144cef28,702_13,gray_frequencies,757,121.6
2023-08-04,DEM,../DSMs/2023-08-04_DEM.tif,2025-11-19T16:08:01.014834Z,4.10.dev245+g4144cef28,702_13,gray_frequencies,686,134.4
2023-08-04,DEM,../DSMs/2023-08-04_DEM.tif,2025-11-19T16:08:01.014834Z,4.10.dev245+g4144cef28,702_13,gray_frequencies,1530,147.20000000000002
2023-08-04,DEM,../DSMs/2023-08-04_DEM.tif,2025-11-19T16:08:01.014834Z,4.10.dev245+g4144cef28,702_13,gray_frequencies,2941,160.0
2023-08-04,DEM,../DSMs/2023-08-04_DEM.tif,2025-11-19T16:08:01.014834Z,4.10.dev245+g4144cef28,702_13,gray_frequencies,6344,172.8
2023-08-04,DEM,../DSMs/2023-08-04_DEM.tif,2025-11-19T16:08:01.014834Z,4.10.dev245+g4144cef28,702_13,gray_frequencies,880,185.60000000000002
2023-08-04,DEM,../DSMs/2023-08-04_DEM.tif,2025-11-19T16:08:01.014834Z,4.10.dev245+g4144cef28,702_13,gray_frequencies,4,198.4
2023-08-04,DEM,../DSMs/2023-08-04_DEM.tif,2025-11-19T16:08:01.014834Z,4.10.dev245+g4144cef28,702_13,gray_frequencies,2,211.20000000000002
2023-08-04,DEM,../DSMs/2023-08-04_DEM.tif,2025-11-19T16:08:01.014834Z,4.10.dev245+g4144cef28,702_13,gray_frequencies,2,224.0
2023-08-04,DEM,../DSMs/2023-08-04_DEM.tif,2025-11-19T16:08:01.014834Z,4.10.dev245+g4144cef28,702_13,gray_frequencies,2,236.8
2023-08-04,DEM,../DSMs/2023-08-04_DEM.tif,2025-11-19T16:08:01.014834Z,4.10.dev245+g4144cef28,702_13,gray_frequencies,0,249.60000000000002
2023-08-04,DEM,../DSMs/2023-08-04_DEM.tif,2025-11-19T16:08:01.014834Z,4.10.dev245+g4144cef28,202_14,gray_frequencies,0,6.4
2023-08-04,DEM,../DSMs/2023-08-04_DEM.tif,2025-11-19T16:08:01.014834Z,4.10.dev245+g4144cef28,202_14,gray_frequencies,0,19.200000000000003
2023-08-04,DEM,../DSMs/2023-08-04_DEM.tif,2025-11-19T16:08:01.014834Z,4.10.dev245+g4144cef28,202_14,gray_frequencies,0,32.0
2023-08-04,DEM,../DSMs/2023-08-04_DEM.tif,2025-11-19T16:08:01.014834Z,4.10.dev245+g4144cef28,202_14,gray_frequencies,0,44.800000000000004
2023-08-04,DEM,../DSMs/2023-08-04_DEM.tif,2025-11-19T16:08:01.014834Z,4.10.dev245+g4144cef28,202_14,gray_frequencies,0,57.6
2023-08-04,DEM,../DSMs/2023-08-04_DEM.tif,2025-11-19T16:08:01.014834Z,4.10.dev245+g4144cef28,202_14,gray_frequencies,0,70.4
2023-08-04,DEM,../DSMs/2023-08-04_DEM.tif,2025-11-19T16:08:01.014834Z,4.10.dev245+g4144cef28,202_14,gray_frequencies,0,83.20000000000002
2023-08-04,DEM,../DSMs/2023-08-04_DEM.tif,2025-11-19T16:08:01.014834Z,4.10.dev245+g4144cef28,202_14,gray_frequencies,0,96.0
2023-08-04,DEM,../DSMs/2023-08-04_DEM.tif,2025-11-19T16:08:01.014834Z,4.10.dev245+g4144cef28,202_14,gray_frequencies,0,108.80000000000001
2023-08-04,DEM,../DSMs/2023-08-04_DEM.tif,2025-11-19T16:08:01.014834Z,4.10.dev245+g4144cef28,202_14,gray_frequencies,350,121.6
2023-08-04,DEM,../DSMs/2023-08-04_DEM.tif,2025-11-19T16:08:01.014834Z,4.10.dev245+g4144cef28,202_14,gray_frequencies,992,134.4
2023-08-04,DEM,../DSMs/2023-08-04_DEM.tif,2025-11-19T16:08:01.014834Z,4.10.dev245+g4144cef28,202_14,gray_frequencies,2409,147.20000000000002
2023-08-04,DEM,../DSMs/2023-08-04_DEM.tif,2025-11-19T16:08:01.014834Z,4.10.dev245+g4144cef28,202_14,gray_frequencies,2088,160.0
2023-08-04,DEM,../DSMs/2023-08-04_DEM.tif,2025-11-19T16:08:01.014834Z,4.10.dev245+g4144cef28,202_14,gray_frequencies,3526,172.8
2023-08-04,DEM,../DSMs/2023-08-04_DEM.tif,2025-11-19T16:08:01.014834Z,4.10.dev245+g4144cef28,202_14,gray_frequencies,4658,185.60000000000002
2023-08-04,DEM,../DSMs/2023-08-04_DEM.tif,2025-11-19T16:08:01.014834Z,4.10.dev245+g4144cef28,202_14,gray_frequencies,88,198.4
2023-08-04,DEM,../DSMs/2023-08-04_DEM.tif,2025-11-19T16:08:01.014834Z,4.10.dev245+g4144cef28,202_14,gray_frequencies,4,211.20000000000002
2023-08-04,DEM,../DSMs/2023-08-04_DEM.tif,2025-11-19T16:08:01.014834Z,4.10.dev245+g4144cef28,202_14,gray_frequencies,6,224.0
2023-08-04,DEM,../DSMs/2023-08-04_DEM.tif,2025-11-19T16:08:01.014834Z,4.10.dev245+g4144cef28,202_14,gray_frequencies,3,236.8
2023-08-04,DEM,../DSMs/2023-08-04_DEM.tif,2025-11-19T16:08:01.014834Z,4.10.dev245+g4144cef28,202_14,gray_frequencies,3,249.60000000000002
2023-08-04,DEM,../DSMs/2023-08-04_DEM.tif,2025-11-19T16:08:01.014834Z,4.10.dev245+g4144cef28,602_15,gray_frequencies,0,6.4
2023-08-04,DEM,../DSMs/2023-08-04_DEM.tif,2025-11-19T16:08:01.014834Z,4.10.dev245+g4144cef28,602_15,gray_frequencies,0,19.200000000000003
2023-08-04,DEM,../DSMs/2023-08-04_DEM.tif,2025-11-19T16:08:01.014834Z,4.10.dev245+g4144cef28,602_15,gray_frequencies,0,32.0
2023-08-04,DEM,../DSMs/2023-08-04_DEM.tif,2025-11-19T16:08:01.014834Z,4.10.dev245+g4144cef28,602_15,gray_frequencies,0,44.800000000000004
2023-08-04,DEM,../DSMs/2023-08-04_DEM.tif,2025-11-19T16:08:01.014834Z,4.10.dev245+g4144cef28,602_15,gray_frequencies,0,57.6
2023-08-04,DEM,../DSMs/2023-08-04_DEM.tif,2025-11-19T16:08:01.014834Z,4.10.dev245+g4144cef28,602_15,gray_frequencies,0,70.4
2023-08-04,DEM,../DSMs/2023-08-04_DEM.tif,2025-11-19T16:08:01.014834Z,4.10.dev245+g4144cef28,602_15,gray_frequencies,0,83.20000000000002
2023-08-04,DEM,../DSMs/2023-08-04_DEM.tif,2025-11-19T16:08:01.014834Z,4.10.dev245+g4144cef28,602_15,gray_frequencies,0,96.0
2023-08-04,DEM,../DSMs/2023-08-04_DEM.tif,2025-11-19T16:08:01.014834Z,4.10.dev245+g4144cef28,602_15,gray_frequencies,0,108.80000000000001
2023-08-04,DEM,../DSMs/2023-08-04_DEM.tif,2025-11-19T16:08:01.014834Z,4.10.dev245+g4144cef28,602_15,gray_frequencies,86,121.6
2023-08-04,DEM,../DSMs/2023-08-04_DEM.tif,2025-11-19T16:08:01.014834Z,4.10.dev245+g4144cef28,602_15,gray_frequencies,962,134.4
2023-08-04,DEM,../DSMs/2023-08-04_DEM.tif,2025-11-19T16:08:01.014834Z,4.10.dev245+g4144cef28,602_15,gray_frequencies,1622,147.20000000000002
2023-08-04,DEM,../DSMs/2023-08-04_DEM.tif,2025-11-19T16:08:01.014834Z,4.10.dev245+g4144cef28,602_15,gray_frequencies,3110,160.0
2023-08-04,DEM,../DSMs/2023-08-04_DEM.tif,2025-11-19T16:08:01.014834Z,4.10.dev245+g4144cef28,602_15,gray_frequencies,4430,172.8
2023-08-04,DEM,../DSMs/2023-08-04_DEM.tif,2025-11-19T16:08:01.014834Z,4.10.dev245+g4144cef28,602_15,gray_frequencies,2512,185.60000000000002
2023-08-04,DEM,../DSMs/2023-08-04_DEM.tif,2025-11-19T16:08:01.014834Z,4.10.dev245+g4144cef28,602_15,gray_frequencies,34,198.4
2023-08-04,DEM,../DSMs/2023-08-04_DEM.tif,2025-11-19T16:08:01.014834Z,4.10.dev245+g4144cef28,602_15,gray_frequencies,4,211.20000000000002
2023-08-04,DEM,../DSMs/2023-08-04_DEM.tif,2025-11-19T16:08:01.014834Z,4.10.dev245+g4144cef28,602_15,gray_frequencies,3,224.0
2023-08-04,DEM,../DSMs/2023-08-04_DEM.tif,2025-11-19T16:08:01.014834Z,4.10.dev245+g4144cef28,602_15,gray_frequencies,2,236.8
2023-08-04,DEM,../DSMs/2023-08-04_DEM.tif,2025-11-19T16:08:01.014834Z,4.10.dev245+g4144cef28,602_15,gray_frequencies,1,249.60000000000002
2023-08-04,DEM,../DSMs/2023-08-04_DEM.tif,2025-11-19T16:08:01.014834Z,4.10.dev245+g4144cef28,802_16,gray_frequencies,0,6.4
2023-08-04,DEM,../DSMs/2023-08-04_DEM.tif,2025-11-19T16:08:01.014834Z,4.10.dev245+g4144cef28,802_16,gray_frequencies,0,19.200000000000003
2023-08-04,DEM,../DSMs/2023-08-04_DEM.tif,2025-11-19T16:08:01.014834Z,4.10.dev245+g4144cef28,802_16,gray_frequencies,0,32.0
2023-08-04,DEM,../DSMs/2023-08-04_DEM.tif,2025-11-19T16:08:01.014834Z,4.10.dev245+g4144cef28,802_16,gray_frequencies,0,44.800000000000004
2023-08-04,DEM,../DSMs/2023-08-04_DEM.tif,2025-11-19T16:08:01.014834Z,4.10.dev245+g4144cef28,802_16,gray_frequencies,0,57.6
2023-08-04,DEM,../DSMs/2023-08-04_DEM.tif,2025-11-19T16:08:01.014834Z,4.10.dev245+g4144cef28,802_16,gray_frequencies,0,70.4
2023-08-04,DEM,../DSMs/2023-08-04_DEM.tif,2025-11-19T16:08:01.014834Z,4.10.dev245+g4144cef28,802_16,gray_frequencies,0,83.20000000000002
2023-08-04,DEM,../DSMs/2023-08-04_DEM.tif,2025-11-19T16:08:01.014834Z,4.10.dev245+g4144cef28,802_16,gray_frequencies,0,96.0
2023-08-04,DEM,../DSMs/2023-08-04_DEM.tif,2025-11-19T16:08:01.014834Z,4.10.dev245+g4144cef28,802_16,gray_frequencies,0,108.80000000000001
2023-08-04,DEM,../DSMs/2023-08-04_DEM.tif,2025-11-19T16:08:01.014834Z,4.10.dev245+g4144cef28,802_16,gray_frequencies,0,121.6
2023-08-04,DEM,../DSMs/2023-08-04_DEM.tif,2025-11-19T16:08:01.014834Z,4.10.dev245+g4144cef28,802_16,gray_frequencies,0,134.4
2023-08-04,DEM,../DSMs/2023-08-04_DEM.tif,2025-11-19T16:08:01.014834Z,4.10.dev245+g4144cef28,802_16,gray_frequencies,1103,147.20000000000002
2023-08-04,DEM,../DSMs/2023-08-04_DEM.tif,2025-11-19T16:08:01.014834Z,4.10.dev245+g4144cef28,802_16,gray_frequencies,1333,160.0
2023-08-04,DEM,../DSMs/2023-08-04_DEM.tif,2025-11-19T16:08:01.014834Z,4.10.dev245+g4144cef28,802_16,gray_frequencies,2712,172.8
2023-08-04,DEM,../DSMs/2023-08-04_DEM.tif,2025-11-19T16:08:01.014834Z,4.10.dev245+g4144cef28,802_16,gray_frequencies,3856,185.60000000000002
2023-08-04,DEM,../DSMs/2023-08-04_DEM.tif,2025-11-19T16:08:01.014834Z,4.10.dev245+g4144cef28,802_16,gray_frequencies,5042,198.4
2023-08-04,DEM,../DSMs/2023-08-04_DEM.tif,2025-11-19T16:08:01.014834Z,4.10.dev245+g4144cef28,802_16,gray_frequencies,0,211.20000000000002
2023-08-04,DEM,../DSMs/2023-08-04_DEM.tif,2025-11-19T16:08:01.014834Z,4.10.dev245+g4144cef28,802_16,gray_frequencies,0,224.0
2023-08-04,DEM,../DSMs/2023-08-04_DEM.tif,2025-11-19T16:08:01.014834Z,4.10.dev245+g4144cef28,802_16,gray_frequencies,0,236.8
2023-08-04,DEM,../DSMs/2023-08-04_DEM.tif,2025-11-19T16:08:01.014834Z,4.10.dev245+g4144cef28,802_16,gray_frequencies,0,249.60000000000002
2023-08-04,DEM,../DSMs/2023-08-04_DEM.tif,2025-11-19T16:08:01.014834Z,4.10.dev245+g4144cef28,302_17,gray_frequencies,0,6.4
2023-08-04,DEM,../DSMs/2023-08-04_DEM.tif,2025-11-19T16:08:01.014834Z,4.10.dev245+g4144cef28,302_17,gray_frequencies,0,19.200000000000003
2023-08-04,DEM,../DSMs/2023-08-04_DEM.tif,2025-11-19T16:08:01.014834Z,4.10.dev245+g4144cef28,302_17,gray_frequencies,0,32.0
2023-08-04,DEM,../DSMs/2023-08-04_DEM.tif,2025-11-19T16:08:01.014834Z,4.10.dev245+g4144cef28,302_17,gray_frequencies,0,44.800000000000004
2023-08-04,DEM,../DSMs/2023-08-04_DEM.tif,2025-11-19T16:08:01.014834Z,4.10.dev245+g4144cef28,302_17,gray_frequencies,0,57.6
2023-08-04,DEM,../DSMs/2023-08-04_DEM.tif,2025-11-19T16:08:01.014834Z,4.10.dev245+g4144cef28,302_17,gray_frequencies,0,70.4
2023-08-04,DEM,../DSMs/2023-08-04_DEM.tif,2025-11-19T16:08:01.014834Z,4.10.dev245+g4144cef28,302_17,gray_frequencies,0,83.20000000000002
2023-08-04,DEM,../DSMs/2023-08-04_DEM.tif,2025-11-19T16:08:01.014834Z,4.10.dev245+g4144cef28,302_17,gray_frequencies,0,96.0
2023-08-04,DEM,../DSMs/2023-08-04_DEM.tif,2025-11-19T16:08:01.014834Z,4.10.dev245+g4144cef28,302_17,gray_frequencies,0,108.80000000000001
2023-08-04,DEM,../DSMs/2023-08-04_DEM.tif,2025-11-19T16:08:01.014834Z,4.10.dev245+g4144cef28,302_17,gray_frequencies,0,121.6
2023-08-04,DEM,../DSMs/2023-08-04_DEM.tif,2025-11-19T16:08:01.014834Z,4.10.dev245+g4144cef28,302_17,gray_frequencies,0,134.4
2023-08-04,DEM,../DSMs/2023-08-04_DEM.tif,2025-11-19T16:08:01.014834Z,4.10.dev245+g4144cef28,302_17,gray_frequencies,579,147.20000000000002
2023-08-04,DEM,../DSMs/2023-08-04_DEM.tif,2025-11-19T16:08:01.014834Z,4.10.dev245+g4144cef28,302_17,gray_frequencies,1523,160.0
2023-08-04,DEM,../DSMs/2023-08-04_DEM.tif,2025-11-19T16:08:01.014834Z,4.10.dev245+g4144cef28,302_17,gray_frequencies,4649,172.8
2023-08-04,DEM,../DSMs/2023-08-04_DEM.tif,2025-11-19T16:08:01.014834Z,4.10.dev245+g4144cef28,302_17,gray_frequencies,3898,185.60000000000002
2023-08-04,DEM,../DSMs/2023-08-04_DEM.tif,2025-11-19T16:08:01.014834Z,4.10.dev245+g4144cef28,302_17,gray_frequencies,2933,198.4
2023-08-04,DEM,../DSMs/2023-08-04_DEM.tif,2025-11-19T16:08:01.014834Z,4.10.dev245+g4144cef28,302_17,gray_frequencies,1339,211.20000000000002
2023-08-04,DEM,../DSMs/2023-08-04_DEM.tif,2025-11-19T16:08:01.014834Z,4.10.dev245+g4144cef28,302_17,gray_frequencies,36,224.0
2023-08-04,DEM,../DSMs/2023-08-04_DEM.tif,2025-11-19T16:08:01.014834Z,4.10.dev245+g4144cef28,302_17,gray_frequencies,0,236.8
2023-08-04,DEM,../DSMs/2023-08-04_DEM.tif,2025-11-19T16:08:01.014834Z,4.10.dev245+g4144cef28,302_17,gray_frequencies,0,249.60000000000002
2023-08-04,DEM,../DSMs/2023-08-04_DEM.tif,2025-11-19T16:08:01.014834Z,4.10.dev245+g4144cef28,902_18,gray_frequencies,0,6.4
2023-08-04,DEM,../DSMs/2023-08-04_DEM.tif,2025-11-19T16:08:01.014834Z,4.10.dev245+g4144cef28,902_18,gray_frequencies,0,19.200000000000003
2023-08-04,DEM,../DSMs/2023-08-04_DEM.tif,2025-11-19T16:08:01.014834Z,4.10.dev245+g4144cef28,902_18,gray_frequencies,0,32.0
2023-08-04,DEM,../DSMs/2023-08-04_DEM.tif,2025-11-19T16:08:01.014834Z,4.10.dev245+g4144cef28,902_18,gray_frequencies,0,44.800000000000004
2023-08-04,DEM,../DSMs/2023-08-04_DEM.tif,2025-11-19T16:08:01.014834Z,4.10.dev245+g4144cef28,902_18,gray_frequencies,0,57.6
2023-08-04,DEM,../DSMs/2023-08-04_DEM.tif,2025-11-19T16:08:01.014834Z,4.10.dev245+g4144cef28,902_18,gray_frequencies,0,70.4
2023-08-04,DEM,../DSMs/2023-08-04_DEM.tif,2025-11-19T16:08:01.014834Z,4.10.dev245+g4144cef28,902_18,gray_frequencies,0,83.20000000000002
2023-08-04,DEM,../DSMs/2023-08-04_DEM.tif,2025-11-19T16:08:01.014834Z,4.10.dev245+g4144cef28,902_18,gray_frequencies,0,96.0
2023-08-04,DEM,../DSMs/2023-08-04_DEM.tif,2025-11-19T16:08:01.014834Z,4.10.dev245+g4144cef28,902_18,gray_frequencies,0,108.80000000000001
2023-08-04,DEM,../DSMs/2023-08-04_DEM.tif,2025-11-19T16:08:01.014834Z,4.10.dev245+g4144cef28,902_18,gray_frequencies,0,121.6
2023-08-04,DEM,../DSMs/2023-08-04_DEM.tif,2025-11-19T16:08:01.014834Z,4.10.dev245+g4144cef28,902_18,gray_frequencies,0,134.4
2023-08-04,DEM,../DSMs/2023-08-04_DEM.tif,2025-11-19T16:08:01.014834Z,4.10.dev245+g4144cef28,902_18,gray_frequencies,225,147.20000000000002
2023-08-04,DEM,../DSMs/2023-08-04_DEM.tif,2025-11-19T16:08:01.014834Z,4.10.dev245+g4144cef28,902_18,gray_frequencies,893,160.0
2023-08-04,DEM,../DSMs/2023-08-04_DEM.tif,2025-11-19T16:08:01.014834Z,4.10.dev245+g4144cef28,902_18,gray_frequencies,4788,172.8
2023-08-04,DEM,../DSMs/2023-08-04_DEM.tif,2025-11-19T16:08:01.014834Z,4.10.dev245+g4144cef28,902_18,gray_frequencies,4100,185.60000000000002
2023-08-04,DEM,../DSMs/2023-08-04_DEM.tif,2025-11-19T16:08:01.014834Z,4.10.dev245+g4144cef28,902_18,gray_frequencies,2609,198.4
2023-08-04,DEM,../DSMs/2023-08-04_DEM.tif,2025-11-19T16:08:01.014834Z,4.10.dev245+g4144cef28,902_18,gray_frequencies,1543,211.20000000000002
2023-08-04,DEM,../DSMs/2023-08-04_DEM.tif,2025-11-19T16:08:01.014834Z,4.10.dev245+g4144cef28,902_18,gray_frequencies,111,224.0
2023-08-04,DEM,../DSMs/2023-08-04_DEM.tif,2025-11-19T16:08:01.014834Z,4.10.dev245+g4144cef28,902_18,gray_frequencies,2,236.8
2023-08-04,DEM,../DSMs/2023-08-04_DEM.tif,2025-11-19T16:08:01.014834Z,4.10.dev245+g4144cef28,902_18,gray_frequencies,0,249.60000000000002
2023-08-04,DEM,../DSMs/2023-08-04_DEM.tif,2025-11-19T16:08:01.014834Z,4.10.dev245+g4144cef28,703_19,gray_frequencies,0,6.4
2023-08-04,DEM,../DSMs/2023-08-04_DEM.tif,2025-11-19T16:08:01.014834Z,4.10.dev245+g4144cef28,703_19,gray_frequencies,0,19.200000000000003
2023-08-04,DEM,../DSMs/2023-08-04_DEM.tif,2025-11-19T16:08:01.014834Z,4.10.dev245+g4144cef28,703_19,gray_frequencies,0,32.0
2023-08-04,DEM,../DSMs/2023-08-04_DEM.tif,2025-11-19T16:08:01.014834Z,4.10.dev245+g4144cef28,703_19,gray_frequencies,0,44.800000000000004
2023-08-04,DEM,../DSMs/2023-08-04_DEM.tif,2025-11-19T16:08:01.014834Z,4.10.dev245+g4144cef28,703_19,gray_frequencies,0,57.6
2023-08-04,DEM,../DSMs/2023-08-04_DEM.tif,2025-11-19T16:08:01.014834Z,4.10.dev245+g4144cef28,703_19,gray_frequencies,0,70.4
2023-08-04,DEM,../DSMs/2023-08-04_DEM.tif,2025-11-19T16:08:01.014834Z,4.10.dev245+g4144cef28,703_19,gray_frequencies,0,83.20000000000002
2023-08-04,DEM,../DSMs/2023-08-04_DEM.tif,2025-11-19T16:08:01.014834Z,4.10.dev245+g4144cef28,703_19,gray_frequencies,15,96.0
2023-08-04,DEM,../DSMs/2023-08-04_DEM.tif,2025-11-19T16:08:01.014834Z,4.10.dev245+g4144cef28,703_19,gray_frequencies,1892,108.80000000000001
2023-08-04,DEM,../DSMs/2023-08-04_DEM.tif,2025-11-19T16:08:01.014834Z,4.10.dev245+g4144cef28,703_19,gray_frequencies,1523,121.6
2023-08-04,DEM,../DSMs/2023-08-04_DEM.tif,2025-11-19T16:08:01.014834Z,4.10.dev245+g4144cef28,703_19,gray_frequencies,2018,134.4
2023-08-04,DEM,../DSMs/2023-08-04_DEM.tif,2025-11-19T16:08:01.014834Z,4.10.dev245+g4144cef28,703_19,gray_frequencies,4458,147.20000000000002
2023-08-04,DEM,../DSMs/2023-08-04_DEM.tif,2025-11-19T16:08:01.014834Z,4.10.dev245+g4144cef28,703_19,gray_frequencies,4263,160.0
2023-08-04,DEM,../DSMs/2023-08-04_DEM.tif,2025-11-19T16:08:01.014834Z,4.10.dev245+g4144cef28,703_19,gray_frequencies,0,172.8
2023-08-04,DEM,../DSMs/2023-08-04_DEM.tif,2025-11-19T16:08:01.014834Z,4.10.dev245+g4144cef28,703_19,gray_frequencies,0,185.60000000000002
2023-08-04,DEM,../DSMs/2023-08-04_DEM.tif,2025-11-19T16:08:01.014834Z,4.10.dev245+g4144cef28,703_19,gray_frequencies,0,198.4
2023-08-04,DEM,../DSMs/2023-08-04_DEM.tif,2025-11-19T16:08:01.014834Z,4.10.dev245+g4144cef28,703_19,gray_frequencies,0,211.20000000000002
2023-08-04,DEM,../DSMs/2023-08-04_DEM.tif,2025-11-19T16:08:01.014834Z,4.10.dev245+g4144cef28,703_19,gray_frequencies,0,224.0
2023-08-04,DEM,../DSMs/2023-08-04_DEM.tif,2025-11-19T16:08:01.014834Z,4.10.dev245+g4144cef28,703_19,gray_frequencies,0,236.8
2023-08-04,DEM,../DSMs/2023-08-04_DEM.tif,2025-11-19T16:08:01.014834Z,4.10.dev245+g4144cef28,703_19,gray_frequencies,0,249.60000000000002
2023-08-04,DEM,../DSMs/2023-08-04_DEM.tif,2025-11-19T16:08:01.014834Z,4.10.dev245+g4144cef28,103_20,gray_frequencies,0,6.4
2023-08-04,DEM,../DSMs/2023-08-04_DEM.tif,2025-11-19T16:08:01.014834Z,4.10.dev245+g4144cef28,103_20,gray_frequencies,0,19.200000000000003
2023-08-04,DEM,../DSMs/2023-08-04_DEM.tif,2025-11-19T16:08:01.014834Z,4.10.dev245+g4144cef28,103_20,gray_frequencies,0,32.0
2023-08-04,DEM,../DSMs/2023-08-04_DEM.tif,2025-11-19T16:08:01.014834Z,4.10.dev245+g4144cef28,103_20,gray_frequencies,0,44.800000000000004
2023-08-04,DEM,../DSMs/2023-08-04_DEM.tif,2025-11-19T16:08:01.014834Z,4.10.dev245+g4144cef28,103_20,gray_frequencies,0,57.6
2023-08-04,DEM,../DSMs/2023-08-04_DEM.tif,2025-11-19T16:08:01.014834Z,4.10.dev245+g4144cef28,103_20,gray_frequencies,0,70.4
2023-08-04,DEM,../DSMs/2023-08-04_DEM.tif,2025-11-19T16:08:01.014834Z,4.10.dev245+g4144cef28,103_20,gray_frequencies,0,83.20000000000002
2023-08-04,DEM,../DSMs/2023-08-04_DEM.tif,2025-11-19T16:08:01.014834Z,4.10.dev245+g4144cef28,103_20,gray_frequencies,0,96.0
2023-08-04,DEM,../DSMs/2023-08-04_DEM.tif,2025-11-19T16:08:01.014834Z,4.10.dev245+g4144cef28,103_20,gray_frequencies,1430,108.80000000000001
2023-08-04,DEM,../DSMs/2023-08-04_DEM.tif,2025-11-19T16:08:01.014834Z,4.10.dev245+g4144cef28,103_20,gray_frequencies,1606,121.6
2023-08-04,DEM,../DSMs/2023-08-04_DEM.tif,2025-11-19T16:08:01.014834Z,4.10.dev245+g4144cef28,103_20,gray_frequencies,5986,134.4
2023-08-04,DEM,../DSMs/2023-08-04_DEM.tif,2025-11-19T16:08:01.014834Z,4.10.dev245+g4144cef28,103_20,gray_frequencies,4142,147.20000000000002
2023-08-04,DEM,../DSMs/2023-08-04_DEM.tif,2025-11-19T16:08:01.014834Z,4.10.dev245+g4144cef28,103_20,gray_frequencies,1534,160.0
2023-08-04,DEM,../DSMs/2023-08-04_DEM.tif,2025-11-19T16:08:01.014834Z,4.10.dev245+g4144cef28,103_20,gray_frequencies,43,172.8
2023-08-04,DEM,../DSMs/2023-08-04_DEM.tif,2025-11-19T16:08:01.014834Z,4.10.dev245+g4144cef28,103_20,gray_frequencies,0,185.60000000000002
2023-08-04,DEM,../DSMs/2023-08-04_DEM.tif,2025-11-19T16:08:01.014834Z,4.10.dev245+g4144cef28,103_20,gray_frequencies,0,198.4
2023-08-04,DEM,../DSMs/2023-08-04_DEM.tif,2025-11-19T16:08:01.014834Z,4.10.dev245+g4144cef28,103_20,gray_frequencies,0,211.20000000000002
2023-08-04,DEM,../DSMs/2023-08-04_DEM.tif,2025-11-19T16:08:01.014834Z,4.10.dev245+g4144cef28,103_20,gray_frequencies,0,224.0
2023-08-04,DEM,../DSMs/2023-08-04_DEM.tif,2025-11-19T16:08:01.014834Z,4.10.dev245+g4144cef28,103_20,gray_frequencies,0,236.8
2023-08-04,DEM,../DSMs/2023-08-04_DEM.tif,2025-11-19T16:08:01.014834Z,4.10.dev245+g4144cef28,103_20,gray_frequencies,0,249.60000000000002
2023-08-04,DEM,../DSMs/2023-08-04_DEM.tif,2025-11-19T16:08:01.014834Z,4.10.dev245+g4144cef28,203_21,gray_frequencies,0,6.4
2023-08-04,DEM,../DSMs/2023-08-04_DEM.tif,2025-11-19T16:08:01.014834Z,4.10.dev245+g4144cef28,203_21,gray_frequencies,0,19.200000000000003
2023-08-04,DEM,../DSMs/2023-08-04_DEM.tif,2025-11-19T16:08:01.014834Z,4.10.dev245+g4144cef28,203_21,gray_frequencies,0,32.0
2023-08-04,DEM,../DSMs/2023-08-04_DEM.tif,2025-11-19T16:08:01.014834Z,4.10.dev245+g4144cef28,203_21,gray_frequencies,0,44.800000000000004
2023-08-04,DEM,../DSMs/2023-08-04_DEM.tif,2025-11-19T16:08:01.014834Z,4.10.dev245+g4144cef28,203_21,gray_frequencies,0,57.6
2023-08-04,DEM,../DSMs/2023-08-04_DEM.tif,2025-11-19T16:08:01.014834Z,4.10.dev245+g4144cef28,203_21,gray_frequencies,0,70.4
2023-08-04,DEM,../DSMs/2023-08-04_DEM.tif,2025-11-19T16:08:01.014834Z,4.10.dev245+g4144cef28,203_21,gray_frequencies,0,83.20000000000002
2023-08-04,DEM,../DSMs/2023-08-04_DEM.tif,2025-11-19T16:08:01.014834Z,4.10.dev245+g4144cef28,203_21,gray_frequencies,0,96.0
2023-08-04,DEM,../DSMs/2023-08-04_DEM.tif,2025-11-19T16:08:01.014834Z,4.10.dev245+g4144cef28,203_21,gray_frequencies,876,108.80000000000001
2023-08-04,DEM,../DSMs/2023-08-04_DEM.tif,2025-11-19T16:08:01.014834Z,4.10.dev245+g4144cef28,203_21,gray_frequencies,1676,121.6
2023-08-04,DEM,../DSMs/2023-08-04_DEM.tif,2025-11-19T16:08:01.014834Z,4.10.dev245+g4144cef28,203_21,gray_frequencies,2709,134.4
2023-08-04,DEM,../DSMs/2023-08-04_DEM.tif,2025-11-19T16:08:01.014834Z,4.10.dev245+g4144cef28,203_21,gray_frequencies,4538,147.20000000000002
2023-08-04,DEM,../DSMs/2023-08-04_DEM.tif,2025-11-19T16:08:01.014834Z,4.10.dev245+g4144cef28,203_21,gray_frequencies,3748,160.0
2023-08-04,DEM,../DSMs/2023-08-04_DEM.tif,2025-11-19T16:08:01.014834Z,4.10.dev245+g4144cef28,203_21,gray_frequencies,6,172.8
2023-08-04,DEM,../DSMs/2023-08-04_DEM.tif,2025-11-19T16:08:01.014834Z,4.10.dev245+g4144cef28,203_21,gray_frequencies,0,185.60000000000002
2023-08-04,DEM,../DSMs/2023-08-04_DEM.tif,2025-11-19T16:08:01.014834Z,4.10.dev245+g4144cef28,203_21,gray_frequencies,0,198.4
2023-08-04,DEM,../DSMs/2023-08-04_DEM.tif,2025-11-19T16:08:01.014834Z,4.10.dev245+g4144cef28,203_21,gray_frequencies,0,211.20000000000002
2023-08-04,DEM,../DSMs/2023-08-04_DEM.tif,2025-11-19T16:08:01.014834Z,4.10.dev245+g4144cef28,203_21,gray_frequencies,0,224.0
2023-08-04,DEM,../DSMs/2023-08-04_DEM.tif,2025-11-19T16:08:01.014834Z,4.10.dev245+g4144cef28,203_21,gray_frequencies,0,236.8
2023-08-04,DEM,../DSMs/2023-08-04_DEM.tif,2025-11-19T16:08:01.014834Z,4.10.dev245+g4144cef28,203_21,gray_frequencies,0,249.60000000000002
2023-08-04,DEM,../DSMs/2023-08-04_DEM.tif,2025-11-19T16:08:01.014834Z,4.10.dev245+g4144cef28,803_22,gray_frequencies,0,6.4
2023-08-04,DEM,../DSMs/2023-08-04_DEM.tif,2025-11-19T16:08:01.014834Z,4.10.dev245+g4144cef28,803_22,gray_frequencies,0,19.200000000000003
2023-08-04,DEM,../DSMs/2023-08-04_DEM.tif,2025-11-19T16:08:01.014834Z,4.10.dev245+g4144cef28,803_22,gray_frequencies,0,32.0
2023-08-04,DEM,../DSMs/2023-08-04_DEM.tif,2025-11-19T16:08:01.014834Z,4.10.dev245+g4144cef28,803_22,gray_frequencies,0,44.800000000000004
2023-08-04,DEM,../DSMs/2023-08-04_DEM.tif,2025-11-19T16:08:01.014834Z,4.10.dev245+g4144cef28,803_22,gray_frequencies,0,57.6
2023-08-04,DEM,../DSMs/2023-08-04_DEM.tif,2025-11-19T16:08:01.014834Z,4.10.dev245+g4144cef28,803_22,gray_frequencies,0,70.4
2023-08-04,DEM,../DSMs/2023-08-04_DEM.tif,2025-11-19T16:08:01.014834Z,4.10.dev245+g4144cef28,803_22,gray_frequencies,0,83.20000000000002
2023-08-04,DEM,../DSMs/2023-08-04_DEM.tif,2025-11-19T16:08:01.014834Z,4.10.dev245+g4144cef28,803_22,gray_frequencies,0,96.0
2023-08-04,DEM,../DSMs/2023-08-04_DEM.tif,2025-11-19T16:08:01.014834Z,4.10.dev245+g4144cef28,803_22,gray_frequencies,0,108.80000000000001
2023-08-04,DEM,../DSMs/2023-08-04_DEM.tif,2025-11-19T16:08:01.014834Z,4.10.dev245+g4144cef28,803_22,gray_frequencies,3,121.6
2023-08-04,DEM,../DSMs/2023-08-04_DEM.tif,2025-11-19T16:08:01.014834Z,4.10.dev245+g4144cef28,803_22,gray_frequencies,1399,134.4
2023-08-04,DEM,../DSMs/2023-08-04_DEM.tif,2025-11-19T16:08:01.014834Z,4.10.dev245+g4144cef28,803_22,gray_frequencies,1427,147.20000000000002
2023-08-04,DEM,../DSMs/2023-08-04_DEM.tif,2025-11-19T16:08:01.014834Z,4.10.dev245+g4144cef28,803_22,gray_frequencies,1448,160.0
2023-08-04,DEM,../DSMs/2023-08-04_DEM.tif,2025-11-19T16:08:01.014834Z,4.10.dev245+g4144cef28,803_22,gray_frequencies,6088,172.8
2023-08-04,DEM,../DSMs/2023-08-04_DEM.tif,2025-11-19T16:08:01.014834Z,4.10.dev245+g4144cef28,803_22,gray_frequencies,2365,185.60000000000002
2023-08-04,DEM,../DSMs/2023-08-04_DEM.tif,2025-11-19T16:08:01.014834Z,4.10.dev245+g4144cef28,803_22,gray_frequencies,0,198.4
2023-08-04,DEM,../DSMs/2023-08-04_DEM.tif,2025-11-19T16:08:01.014834Z,4.10.dev245+g4144cef28,803_22,gray_frequencies,0,211.20000000000002
2023-08-04,DEM,../DSMs/2023-08-04_DEM.tif,2025-11-19T16:08:01.014834Z,4.10.dev245+g4144cef28,803_22,gray_frequencies,0,224.0
2023-08-04,DEM,../DSMs/2023-08-04_DEM.tif,2025-11-19T16:08:01.014834Z,4.10.dev245+g4144cef28,803_22,gray_frequencies,0,236.8
2023-08-04,DEM,../DSMs/2023-08-04_DEM.tif,2025-11-19T16:08:01.014834Z,4.10.dev245+g4144cef28,803_22,gray_frequencies,0,249.60000000000002
2023-08-04,DEM,../DSMs/2023-08-04_DEM.tif,2025-11-19T16:08:01.014834Z,4.10.dev245+g4144cef28,303_23,gray_frequencies,0,6.4
2023-08-04,DEM,../DSMs/2023-08-04_DEM.tif,2025-11-19T16:08:01.014834Z,4.10.dev245+g4144cef28,303_23,gray_frequencies,0,19.200000000000003
2023-08-04,DEM,../DSMs/2023-08-04_DEM.tif,2025-11-19T16:08:01.014834Z,4.10.dev245+g4144cef28,303_23,gray_frequencies,0,32.0
2023-08-04,DEM,../DSMs/2023-08-04_DEM.tif,2025-11-19T16:08:01.014834Z,4.10.dev245+g4144cef28,303_23,gray_frequencies,0,44.800000000000004
2023-08-04,DEM,../DSMs/2023-08-04_DEM.tif,2025-11-19T16:08:01.014834Z,4.10.dev245+g4144cef28,303_23,gray_frequencies,0,57.6
2023-08-04,DEM,../DSMs/2023-08-04_DEM.tif,2025-11-19T16:08:01.014834Z,4.10.dev245+g4144cef28,303_23,gray_frequencies,0,70.4
2023-08-04,DEM,../DSMs/2023-08-04_DEM.tif,2025-11-19T16:08:01.014834Z,4.10.dev245+g4144cef28,303_23,gray_frequencies,0,83.20000000000002
2023-08-04,DEM,../DSMs/2023-08-04_DEM.tif,2025-11-19T16:08:01.014834Z,4.10.dev245+g4144cef28,303_23,gray_frequencies,0,96.0
2023-08-04,DEM,../DSMs/2023-08-04_DEM.tif,2025-11-19T16:08:01.014834Z,4.10.dev245+g4144cef28,303_23,gray_frequencies,0,108.80000000000001
2023-08-04,DEM,../DSMs/2023-08-04_DEM.tif,2025-11-19T16:08:01.014834Z,4.10.dev245+g4144cef28,303_23,gray_frequencies,0,121.6
2023-08-04,DEM,../DSMs/2023-08-04_DEM.tif,2025-11-19T16:08:01.014834Z,4.10.dev245+g4144cef28,303_23,gray_frequencies,1051,134.4
2023-08-04,DEM,../DSMs/2023-08-04_DEM.tif,2025-11-19T16:08:01.014834Z,4.10.dev245+g4144cef28,303_23,gray_frequencies,3185,147.20000000000002
2023-08-04,DEM,../DSMs/2023-08-04_DEM.tif,2025-11-19T16:08:01.014834Z,4.10.dev245+g4144cef28,303_23,gray_frequencies,6072,160.0
2023-08-04,DEM,../DSMs/2023-08-04_DEM.tif,2025-11-19T16:08:01.014834Z,4.10.dev245+g4144cef28,303_23,gray_frequencies,3072,172.8
2023-08-04,DEM,../DSMs/2023-08-04_DEM.tif,2025-11-19T16:08:01.014834Z,4.10.dev245+g4144cef28,303_23,gray_frequencies,951,185.60000000000002
2023-08-04,DEM,../DSMs/2023-08-04_DEM.tif,2025-11-19T16:08:01.014834Z,4.10.dev245+g4144cef28,303_23,gray_frequencies,0,198.4
2023-08-04,DEM,../DSMs/2023-08-04_DEM.tif,2025-11-19T16:08:01.014834Z,4.10.dev245+g4144cef28,303_23,gray_frequencies,0,211.20000000000002
2023-08-04,DEM,../DSMs/2023-08-04_DEM.tif,2025-11-19T16:08:01.014834Z,4.10.dev245+g4144cef28,303_23,gray_frequencies,0,224.0
2023-08-04,DEM,../DSMs/2023-08-04_DEM.tif,2025-11-19T16:08:01.014834Z,4.10.dev245+g4144cef28,303_23,gray_frequencies,0,236.8
2023-08-04,DEM,../DSMs/2023-08-04_DEM.tif,2025-11-19T16:08:01.014834Z,4.10.dev245+g4144cef28,303_23,gray_frequencies,0,249.60000000000002
2023-08-04,DEM,../DSMs/2023-08-04_DEM.tif,2025-11-19T16:08:01.014834Z,4.10.dev245+g4144cef28,903_24,gray_frequencies,0,6.4
2023-08-04,DEM,../DSMs/2023-08-04_DEM.tif,2025-11-19T16:08:01.014834Z,4.10.dev245+g4144cef28,903_24,gray_frequencies,0,19.200000000000003
2023-08-04,DEM,../DSMs/2023-08-04_DEM.tif,2025-11-19T16:08:01.014834Z,4.10.dev245+g4144cef28,903_24,gray_frequencies,0,32.0
2023-08-04,DEM,../DSMs/2023-08-04_DEM.tif,2025-11-19T16:08:01.014834Z,4.10.dev245+g4144cef28,903_24,gray_frequencies,0,44.800000000000004
2023-08-04,DEM,../DSMs/2023-08-04_DEM.tif,2025-11-19T16:08:01.014834Z,4.10.dev245+g4144cef28,903_24,gray_frequencies,0,57.6
2023-08-04,DEM,../DSMs/2023-08-04_DEM.tif,2025-11-19T16:08:01.014834Z,4.10.dev245+g4144cef28,903_24,gray_frequencies,0,70.4
2023-08-04,DEM,../DSMs/2023-08-04_DEM.tif,2025-11-19T16:08:01.014834Z,4.10.dev245+g4144cef28,903_24,gray_frequencies,0,83.20000000000002
2023-08-04,DEM,../DSMs/2023-08-04_DEM.tif,2025-11-19T16:08:01.014834Z,4.10.dev245+g4144cef28,903_24,gray_frequencies,0,96.0
2023-08-04,DEM,../DSMs/2023-08-04_DEM.tif,2025-11-19T16:08:01.014834Z,4.10.dev245+g4144cef28,903_24,gray_frequencies,0,108.80000000000001
2023-08-04,DEM,../DSMs/2023-08-04_DEM.tif,2025-11-19T16:08:01.014834Z,4.10.dev245+g4144cef28,903_24,gray_frequencies,0,121.6
2023-08-04,DEM,../DSMs/2023-08-04_DEM.tif,2025-11-19T16:08:01.014834Z,4.10.dev245+g4144cef28,903_24,gray_frequencies,783,134.4
2023-08-04,DEM,../DSMs/2023-08-04_DEM.tif,2025-11-19T16:08:01.014834Z,4.10.dev245+g4144cef28,903_24,gray_frequencies,2593,147.20000000000002
2023-08-04,DEM,../DSMs/2023-08-04_DEM.tif,2025-11-19T16:08:01.014834Z,4.10.dev245+g4144cef28,903_24,gray_frequencies,5255,160.0
2023-08-04,DEM,../DSMs/2023-08-04_DEM.tif,2025-11-19T16:08:01.014834Z,4.10.dev245+g4144cef28,903_24,gray_frequencies,3404,172.8
2023-08-04,DEM,../DSMs/2023-08-04_DEM.tif,2025-11-19T16:08:01.014834Z,4.10.dev245+g4144cef28,903_24,gray_frequencies,1786,185.60000000000002
2023-08-04,DEM,../DSMs/2023-08-04_DEM.tif,2025-11-19T16:08:01.014834Z,4.10.dev245+g4144cef28,903_24,gray_frequencies,92,198.4
2023-08-04,DEM,../DSMs/2023-08-04_DEM.tif,2025-11-19T16:08:01.014834Z,4.10.dev245+g4144cef28,903_24,gray_frequencies,0,211.20000000000002
2023-08-04,DEM,../DSMs/2023-08-04_DEM.tif,2025-11-19T16:08:01.014834Z,4.10.dev245+g4144cef28,903_24,gray_frequencies,0,224.0
2023-08-04,DEM,../DSMs/2023-08-04_DEM.tif,2025-11-19T16:08:01.014834Z,4.10.dev245+g4144cef28,903_24,gray_frequencies,0,236.8
2023-08-04,DEM,../DSMs/2023-08-04_DEM.tif,2025-11-19T16:08:01.014834Z,4.10.dev245+g4144cef28,903_24,gray_frequencies,0,249.60000000000002
2023-08-04,DEM,../DSMs/2023-08-04_DEM.tif,2025-11-19T16:08:01.014834Z,4.10.dev245+g4144cef28,403_25,gray_frequencies,0,6.4
2023-08-04,DEM,../DSMs/2023-08-04_DEM.tif,2025-11-19T16:08:01.014834Z,4.10.dev245+g4144cef28,403_25,gray_frequencies,0,19.200000000000003
2023-08-04,DEM,../DSMs/2023-08-04_DEM.tif,2025-11-19T16:08:01.014834Z,4.10.dev245+g4144cef28,403_25,gray_frequencies,0,32.0
2023-08-04,DEM,../DSMs/2023-08-04_DEM.tif,2025-11-19T16:08:01.014834Z,4.10.dev245+g4144cef28,403_25,gray_frequencies,0,44.800000000000004
2023-08-04,DEM,../DSMs/2023-08-04_DEM.tif,2025-11-19T16:08:01.014834Z,4.10.dev245+g4144cef28,403_25,gray_frequencies,0,57.6
2023-08-04,DEM,../DSMs/2023-08-04_DEM.tif,2025-11-19T16:08:01.014834Z,4.10.dev245+g4144cef28,403_25,gray_frequencies,0,70.4
2023-08-04,DEM,../DSMs/2023-08-04_DEM.tif,2025-11-19T16:08:01.014834Z,4.10.dev245+g4144cef28,403_25,gray_frequencies,0,83.20000000000002
2023-08-04,DEM,../DSMs/2023-08-04_DEM.tif,2025-11-19T16:08:01.014834Z,4.10.dev245+g4144cef28,403_25,gray_frequencies,0,96.0
2023-08-04,DEM,../DSMs/2023-08-04_DEM.tif,2025-11-19T16:08:01.014834Z,4.10.dev245+g4144cef28,403_25,gray_frequencies,0,108.80000000000001
2023-08-04,DEM,../DSMs/2023-08-04_DEM.tif,2025-11-19T16:08:01.014834Z,4.10.dev245+g4144cef28,403_25,gray_frequencies,0,121.6
2023-08-04,DEM,../DSMs/2023-08-04_DEM.tif,2025-11-19T16:08:01.014834Z,4.10.dev245+g4144cef28,403_25,gray_frequencies,0,134.4
2023-08-04,DEM,../DSMs/2023-08-04_DEM.tif,2025-11-19T16:08:01.014834Z,4.10.dev245+g4144cef28,403_25,gray_frequencies,234,147.20000000000002
2023-08-04,DEM,../DSMs/2023-08-04_DEM.tif,2025-11-19T16:08:01.014834Z,4.10.dev245+g4144cef28,403_25,gray_frequencies,1507,160.0
2023-08-04,DEM,../DSMs/2023-08-04_DEM.tif,2025-11-19T16:08:01.014834Z,4.10.dev245+g4144cef28,403_25,gray_frequencies,5563,172.8
2023-08-04,DEM,../DSMs/2023-08-04_DEM.tif,2025-11-19T16:08:01.014834Z,4.10.dev245+g4144cef28,403_25,gray_frequencies,3891,185.60000000000002
2023-08-04,DEM,../DSMs/2023-08-04_DEM.tif,2025-11-19T16:08:01.014834Z,4.10.dev245+g4144cef28,403_25,gray_frequencies,2267,198.4
2023-08-04,DEM,../DSMs/2023-08-04_DEM.tif,2025-11-19T16:08:01.014834Z,4.10.dev245+g4144cef28,403_25,gray_frequencies,754,211.20000000000002
2023-08-04,DEM,../DSMs/2023-08-04_DEM.tif,2025-11-19T16:08:01.014834Z,4.10.dev245+g4144cef28,403_25,gray_frequencies,0,224.0
2023-08-04,DEM,../DSMs/2023-08-04_DEM.tif,2025-11-19T16:08:01.014834Z,4.10.dev245+g4144cef28,403_25,gray_frequencies,0,236.8
2023-08-04,DEM,../DSMs/2023-08-04_DEM.tif,2025-11-19T16:08:01.014834Z,4.10.dev245+g4144cef28,403_25,gray_frequencies,0,249.60000000000002
2023-08-04,DEM,../DSMs/2023-08-04_DEM.tif,2025-11-19T16:08:01.014834Z,4.10.dev245+g4144cef28,503_26,gray_frequencies,0,6.4
2023-08-04,DEM,../DSMs/2023-08-04_DEM.tif,2025-11-19T16:08:01.014834Z,4.10.dev245+g4144cef28,503_26,gray_frequencies,0,19.200000000000003
2023-08-04,DEM,../DSMs/2023-08-04_DEM.tif,2025-11-19T16:08:01.014834Z,4.10.dev245+g4144cef28,503_26,gray_frequencies,0,32.0
2023-08-04,DEM,../DSMs/2023-08-04_DEM.tif,2025-11-19T16:08:01.014834Z,4.10.dev245+g4144cef28,503_26,gray_frequencies,0,44.800000000000004
2023-08-04,DEM,../DSMs/2023-08-04_DEM.tif,2025-11-19T16:08:01.014834Z,4.10.dev245+g4144cef28,503_26,gray_frequencies,0,57.6
2023-08-04,DEM,../DSMs/2023-08-04_DEM.tif,2025-11-19T16:08:01.014834Z,4.10.dev245+g4144cef28,503_26,gray_frequencies,0,70.4
2023-08-04,DEM,../DSMs/2023-08-04_DEM.tif,2025-11-19T16:08:01.014834Z,4.10.dev245+g4144cef28,503_26,gray_frequencies,0,83.20000000000002
2023-08-04,DEM,../DSMs/2023-08-04_DEM.tif,2025-11-19T16:08:01.014834Z,4.10.dev245+g4144cef28,503_26,gray_frequencies,0,96.0
2023-08-04,DEM,../DSMs/2023-08-04_DEM.tif,2025-11-19T16:08:01.014834Z,4.10.dev245+g4144cef28,503_26,gray_frequencies,0,108.80000000000001
2023-08-04,DEM,../DSMs/2023-08-04_DEM.tif,2025-11-19T16:08:01.014834Z,4.10.dev245+g4144cef28,503_26,gray_frequencies,0,121.6
2023-08-04,DEM,../DSMs/2023-08-04_DEM.tif,2025-11-19T16:08:01.014834Z,4.10.dev245+g4144cef28,503_26,gray_frequencies,0,134.4
2023-08-04,DEM,../DSMs/2023-08-04_DEM.tif,2025-11-19T16:08:01.014834Z,4.10.dev245+g4144cef28,503_26,gray_frequencies,80,147.20000000000002
2023-08-04,DEM,../DSMs/2023-08-04_DEM.tif,2025-11-19T16:08:01.014834Z,4.10.dev245+g4144cef28,503_26,gray_frequencies,1720,160.0
2023-08-04,DEM,../DSMs/2023-08-04_DEM.tif,2025-11-19T16:08:01.014834Z,4.10.dev245+g4144cef28,503_26,gray_frequencies,2664,172.8
2023-08-04,DEM,../DSMs/2023-08-04_DEM.tif,2025-11-19T16:08:01.014834Z,4.10.dev245+g4144cef28,503_26,gray_frequencies,3672,185.60000000000002
2023-08-04,DEM,../DSMs/2023-08-04_DEM.tif,2025-11-19T16:08:01.014834Z,4.10.dev245+g4144cef28,503_26,gray_frequencies,3691,198.4
2023-08-04,DEM,../DSMs/2023-08-04_DEM.tif,2025-11-19T16:08:01.014834Z,4.10.dev245+g4144cef28,503_26,gray_frequencies,2202,211.20000000000002
2023-08-04,DEM,../DSMs/2023-08-04_DEM.tif,2025-11-19T16:08:01.014834Z,4.10.dev245+g4144cef28,503_26,gray_frequencies,0,224.0
2023-08-04,DEM,../DSMs/2023-08-04_DEM.tif,2025-11-19T16:08:01.014834Z,4.10.dev245+g4144cef28,503_26,gray_frequencies,0,236.8
2023-08-04,DEM,../DSMs/2023-08-04_DEM.tif,2025-11-19T16:08:01.014834Z,4.10.dev245+g4144cef28,503_26,gray_frequencies,0,249.60000000000002
2023-08-04,DEM,../DSMs/2023-08-04_DEM.tif,2025-11-19T16:08:01.014834Z,4.10.dev245+g4144cef28,603_27,gray_frequencies,0,6.4
2023-08-04,DEM,../DSMs/2023-08-04_DEM.tif,2025-11-19T16:08:01.014834Z,4.10.dev245+g4144cef28,603_27,gray_frequencies,0,19.200000000000003
2023-08-04,DEM,../DSMs/2023-08-04_DEM.tif,2025-11-19T16:08:01.014834Z,4.10.dev245+g4144cef28,603_27,gray_frequencies,0,32.0
2023-08-04,DEM,../DSMs/2023-08-04_DEM.tif,2025-11-19T16:08:01.014834Z,4.10.dev245+g4144cef28,603_27,gray_frequencies,0,44.800000000000004
2023-08-04,DEM,../DSMs/2023-08-04_DEM.tif,2025-11-19T16:08:01.014834Z,4.10.dev245+g4144cef28,603_27,gray_frequencies,0,57.6
2023-08-04,DEM,../DSMs/2023-08-04_DEM.tif,2025-11-19T16:08:01.014834Z,4.10.dev245+g4144cef28,603_27,gray_frequencies,0,70.4
2023-08-04,DEM,../DSMs/2023-08-04_DEM.tif,2025-11-19T16:08:01.014834Z,4.10.dev245+g4144cef28,603_27,gray_frequencies,0,83.20000000000002
2023-08-04,DEM,../DSMs/2023-08-04_DEM.tif,2025-11-19T16:08:01.014834Z,4.10.dev245+g4144cef28,603_27,gray_frequencies,0,96.0
2023-08-04,DEM,../DSMs/2023-08-04_DEM.tif,2025-11-19T16:08:01.014834Z,4.10.dev245+g4144cef28,603_27,gray_frequencies,0,108.80000000000001
2023-08-04,DEM,../DSMs/2023-08-04_DEM.tif,2025-11-19T16:08:01.014834Z,4.10.dev245+g4144cef28,603_27,gray_frequencies,0,121.6
2023-08-04,DEM,../DSMs/2023-08-04_DEM.tif,2025-11-19T16:08:01.014834Z,4.10.dev245+g4144cef28,603_27,gray_frequencies,0,134.4
2023-08-04,DEM,../DSMs/2023-08-04_DEM.tif,2025-11-19T16:08:01.014834Z,4.10.dev245+g4144cef28,603_27,gray_frequencies,17,147.20000000000002
2023-08-04,DEM,../DSMs/2023-08-04_DEM.tif,2025-11-19T16:08:01.014834Z,4.10.dev245+g4144cef28,603_27,gray_frequencies,1458,160.0
2023-08-04,DEM,../DSMs/2023-08-04_DEM.tif,2025-11-19T16:08:01.014834Z,4.10.dev245+g4144cef28,603_27,gray_frequencies,2764,172.8
2023-08-04,DEM,../DSMs/2023-08-04_DEM.tif,2025-11-19T16:08:01.014834Z,4.10.dev245+g4144cef28,603_27,gray_frequencies,3702,185.60000000000002
2023-08-04,DEM,../DSMs/2023-08-04_DEM.tif,2025-11-19T16:08:01.014834Z,4.10.dev245+g4144cef28,603_27,gray_frequencies,3370,198.4
2023-08-04,DEM,../DSMs/2023-08-04_DEM.tif,2025-11-19T16:08:01.014834Z,4.10.dev245+g4144cef28,603_27,gray_frequencies,2082,211.20000000000002
2023-08-04,DEM,../DSMs/2023-08-04_DEM.tif,2025-11-19T16:08:01.014834Z,4.10.dev245+g4144cef28,603_27,gray_frequencies,0,224.0
2023-08-04,DEM,../DSMs/2023-08-04_DEM.tif,2025-11-19T16:08:01.014834Z,4.10.dev245+g4144cef28,603_27,gray_frequencies,0,236.8
2023-08-04,DEM,../DSMs/2023-08-04_DEM.tif,2025-11-19T16:08:01.014834Z,4.10.dev245+g4144cef28,603_27,gray_frequencies,0,249.60000000000002
