timestamp,imgtype,image,run_date,plantcv_version,sample,med_datacube_none,median_datacube_none,percentile_0_datacube_none,percentile_100_datacube_none,percentile_10_datacube_none,percentile_15_datacube_none,percentile_20_datacube_none,percentile_25_datacube_none,percentile_30_datacube_none,percentile_35_datacube_none,percentile_40_datacube_none,percentile_45_datacube_none,percentile_50_datacube_none,percentile_55_datacube_none,percentile_5_datacube_none,percentile_60_datacube_none,percentile_65_datacube_none,percentile_70_datacube_none,percentile_75_datacube_none,percentile_80_datacube_none,percentile_85_datacube_none,percentile_90_datacube_none,percentile_95_datacube_none,plant_elevation_metre,plant_height_metre,soil_elevation_metre,std_datacube_none
2023-05-03,DEM,./DSMs/2023-05-03_DEM.tif,2025-12-15T15:42:47.025016Z,4.10.dev351+g6d26a0230,default_101,86.40941619873047,86.40941619873047,86.3410873413086,86.47615051269531,86.37255859375,86.37759399414062,86.38310241699219,86.3895263671875,86.39476013183594,86.39896392822266,86.40271759033203,86.40591430664062,86.40941619873047,86.41313171386719,86.36663818359375,86.41698455810547,86.42060089111328,86.42396545410156,86.42736053466797,86.43168640136719,86.43608093261719,86.44155883789062,86.44779205322266,86.44779205322266,0.09165191650390625,86.35614013671875,0.02538059276732571
2023-05-03,DEM,./DSMs/2023-05-03_DEM.tif,2025-12-15T15:42:47.025016Z,4.10.dev351+g6d26a0230,default_102,86.0879135131836,86.0879135131836,86.01952362060547,86.15170288085938,86.0634765625,86.069580078125,86.07380676269531,86.07643127441406,86.0793685913086,86.08159637451172,86.08356475830078,86.0856704711914,86.0879135131836,86.09059143066406,86.05288696289062,86.09370422363281,86.09703826904297,86.10047912597656,86.10375213623047,86.10684204101562,86.11044311523438,86.11434173583984,86.12000274658203,86.12000274658203,0.0870513916015625,86.03295135498047,0.02059227776477356
2023-05-03,DEM,./DSMs/2023-05-03_DEM.tif,2025-12-15T15:42:47.025016Z,4.10.dev351+g6d26a0230,default_103,85.98915100097656,85.98915100097656,85.91840362548828,86.06790161132812,85.9583511352539,85.96440887451172,85.9689712524414,85.97332763671875,85.97723388671875,85.98080444335938,85.98350524902344,85.98603057861328,85.98915100097656,85.9920654296875,85.94659423828125,85.9952392578125,85.99886322021484,86.00218200683594,86.00556945800781,86.00935363769531,86.01386260986328,86.01876831054688,86.02523803710938,86.02523803710938,0.09317779541015625,85.93206024169922,0.02337191844189673
2023-05-03,DEM,./DSMs/2023-05-03_DEM.tif,2025-12-15T15:42:47.025016Z,4.10.dev351+g6d26a0230,default_201,86.38143157958984,86.38143157958984,86.29341125488281,86.4568099975586,86.33990478515625,86.35093688964844,86.35820770263672,86.363525390625,86.36766815185547,86.3714370727539,86.3750991821289,86.37825012207031,86.38143157958984,86.38497924804688,86.31991577148438,86.3886947631836,86.39214324951172,86.39599609375,86.39966583251953,86.40259552001953,86.4061508178711,86.41031646728516,86.41703796386719,86.41703796386719,0.1122283935546875,86.3048095703125,0.028082792967585625
2023-05-03,DEM,./DSMs/2023-05-03_DEM.tif,2025-12-15T15:42:47.025016Z,4.10.dev351+g6d26a0230,default_202,86.23600769042969,86.23600769042969,86.15723419189453,86.33025360107422,86.1900863647461,86.19782257080078,86.20504760742188,86.2114486694336,86.2159194946289,86.22099304199219,86.22637939453125,86.23091125488281,86.23600769042969,86.24044799804688,86.18194580078125,86.24534606933594,86.2496566772461,86.25362396240234,86.25836181640625,86.26431274414062,86.2728271484375,86.28364562988281,86.29698944091797,86.29698944091797,0.127532958984375,86.1694564819336,0.03419875675229793
2023-05-03,DEM,./DSMs/2023-05-03_DEM.tif,2025-12-15T15:42:47.025016Z,4.10.dev351+g6d26a0230,default_203,85.90254974365234,85.90254974365234,85.78350830078125,85.98118591308594,85.84477233886719,85.85989379882812,85.86874389648438,85.87556457519531,85.8816146850586,85.88664245605469,85.8916015625,85.89681243896484,85.90254974365234,85.90736389160156,85.83295440673828,85.91179656982422,85.91698455810547,85.9212646484375,85.92533874511719,85.9297103881836,85.93476867675781,85.94166564941406,85.95162963867188,85.95162963867188,0.137420654296875,85.814208984375,0.03570476260399561
2023-05-03,DEM,./DSMs/2023-05-03_DEM.tif,2025-12-15T15:42:47.025016Z,4.10.dev351+g6d26a0230,default_301,86.3079605102539,86.3079605102539,86.21992492675781,86.38679504394531,86.26583099365234,86.2728271484375,86.27876281738281,86.28472137451172,86.29071044921875,86.29571533203125,86.30018615722656,86.30427551269531,86.3079605102539,86.31224060058594,86.25308990478516,86.3160171508789,86.31987762451172,86.32444763183594,86.3299560546875,86.33466339111328,86.34031677246094,86.34660339355469,86.35421752929688,86.35421752929688,0.12287139892578125,86.2313461303711,0.030629525907609173
2023-05-03,DEM,./DSMs/2023-05-03_DEM.tif,2025-12-15T15:42:47.025016Z,4.10.dev351+g6d26a0230,default_302,86.31013488769531,86.31013488769531,86.24559020996094,86.39307403564453,86.27630615234375,86.28105926513672,86.28561401367188,86.29066467285156,86.29492950439453,86.29886627197266,86.30265808105469,86.30647277832031,86.31013488769531,86.31304168701172,86.26927947998047,86.31674194335938,86.32074737548828,86.32524108886719,86.33026123046875,86.33634185791016,86.3450698852539,86.35269165039062,86.36016082763672,86.36016082763672,0.10257720947265625,86.25758361816406,0.02805568848871374
2023-05-03,DEM,./DSMs/2023-05-03_DEM.tif,2025-12-15T15:42:47.025016Z,4.10.dev351+g6d26a0230,default_303,86.04281616210938,86.04281616210938,85.99007415771484,86.11869812011719,86.01686096191406,86.02216339111328,86.0256118774414,86.02872467041016,86.03125,86.0340576171875,86.03651428222656,86.03929138183594,86.04281616210938,86.0462875366211,86.01056671142578,86.04986572265625,86.05392456054688,86.05783081054688,86.06175231933594,86.06526184082031,86.0697250366211,86.07555389404297,86.0842056274414,86.0842056274414,0.08461761474609375,85.99958801269531,0.02246190536897596
2023-05-03,DEM,./DSMs/2023-05-03_DEM.tif,2025-12-15T15:42:47.025016Z,4.10.dev351+g6d26a0230,default_401,86.46829223632812,86.46829223632812,86.38782501220703,86.54013061523438,86.4361343383789,86.44015502929688,86.44408416748047,86.44695281982422,86.45025634765625,86.45368957519531,86.45784759521484,86.46275329589844,86.46829223632812,86.47415161132812,86.42964935302734,86.47943115234375,86.48463439941406,86.4896240234375,86.49421691894531,86.49836730957031,86.50244903564453,86.50785064697266,86.51380920410156,86.51380920410156,0.0980072021484375,86.41580200195312,0.0276640008531128
2023-05-03,DEM,./DSMs/2023-05-03_DEM.tif,2025-12-15T15:42:47.025016Z,4.10.dev351+g6d26a0230,default_402,86.1625747680664,86.1625747680664,86.09117889404297,86.23019409179688,86.12415313720703,86.12982177734375,86.1343994140625,86.13858795166016,86.14317321777344,86.14888763427734,86.15403747558594,86.15846252441406,86.1625747680664,86.16669464111328,86.11734008789062,86.17034912109375,86.17404174804688,86.17715454101562,86.1810073852539,86.18473052978516,86.18862915039062,86.19328308105469,86.19930267333984,86.19930267333984,0.0931243896484375,86.1061782836914,0.02604521048816606
2023-05-03,DEM,./DSMs/2023-05-03_DEM.tif,2025-12-15T15:42:47.025016Z,4.10.dev351+g6d26a0230,default_403,86.1405029296875,86.1405029296875,86.07844543457031,86.21485900878906,86.11338806152344,86.11996459960938,86.12374877929688,86.12678527832031,86.1297607421875,86.1327133178711,86.13517761230469,86.13765716552734,86.1405029296875,86.14348602294922,86.10472869873047,86.14695739746094,86.15062713623047,86.15443420410156,86.15889739990234,86.16326904296875,86.16973114013672,86.17737579345703,86.18638610839844,86.18638610839844,0.0960540771484375,86.09033203125,0.024022168609229438
2023-05-03,DEM,./DSMs/2023-05-03_DEM.tif,2025-12-15T15:42:47.025016Z,4.10.dev351+g6d26a0230,default_501,86.43963623046875,86.43963623046875,86.363037109375,86.51972198486328,86.40460968017578,86.41020965576172,86.41414642333984,86.41773986816406,86.4214096069336,86.42462921142578,86.42835998535156,86.43335723876953,86.43963623046875,86.44537353515625,86.39588928222656,86.45057678222656,86.45561981201172,86.46053314208984,86.46544647216797,86.4701919555664,86.47592163085938,86.48255157470703,86.49177551269531,86.49177551269531,0.11541748046875,86.37635803222656,0.030265173767709555
2023-05-03,DEM,./DSMs/2023-05-03_DEM.tif,2025-12-15T15:42:47.025016Z,4.10.dev351+g6d26a0230,default_502,86.22564697265625,86.22564697265625,86.1496810913086,86.29568481445312,86.1904067993164,86.19937896728516,86.20536041259766,86.21002197265625,86.21358489990234,86.21715545654297,86.2201156616211,86.22310638427734,86.22564697265625,86.22815704345703,86.18033599853516,86.23059844970703,86.23319244384766,86.23600769042969,86.24021911621094,86.24579620361328,86.25149536132812,86.26021575927734,86.2681655883789,86.2681655883789,0.10367584228515625,86.16448974609375,0.025444845948735407
2023-05-03,DEM,./DSMs/2023-05-03_DEM.tif,2025-12-15T15:42:47.025016Z,4.10.dev351+g6d26a0230,default_503,86.07855224609375,86.07855224609375,86.0129623413086,86.15727996826172,86.04434204101562,86.05193328857422,86.05655670166016,86.06110382080078,86.06464385986328,86.0683822631836,86.07198333740234,86.07522583007812,86.07855224609375,86.0818862915039,86.03530883789062,86.08528900146484,86.08845520019531,86.09228515625,86.09626770019531,86.10216522216797,86.10712432861328,86.1130142211914,86.12178802490234,86.12178802490234,0.09575653076171875,86.02603149414062,0.025384059429346222
2023-05-03,DEM,./DSMs/2023-05-03_DEM.tif,2025-12-15T15:42:47.025016Z,4.10.dev351+g6d26a0230,default_601,86.4476318359375,86.4476318359375,86.3530502319336,86.51806640625,86.3951416015625,86.4042739868164,86.41349029541016,86.42027282714844,86.42769622802734,86.43412017822266,86.4398193359375,86.44418334960938,86.4476318359375,86.45054626464844,86.3836898803711,86.45329284667969,86.45570373535156,86.45838165283203,86.46095275878906,86.4642562866211,86.46826934814453,86.47249603271484,86.47823333740234,86.47823333740234,0.10645294189453125,86.37178039550781,0.0291888241312433
2023-05-03,DEM,./DSMs/2023-05-03_DEM.tif,2025-12-15T15:42:47.025016Z,4.10.dev351+g6d26a0230,default_602,86.16073608398438,86.16073608398438,86.07813262939453,86.25025939941406,86.12347412109375,86.12865447998047,86.1337890625,86.13790130615234,86.14293670654297,86.14791107177734,86.15248107910156,86.156494140625,86.16073608398438,86.1646957397461,86.1178207397461,86.16889953613281,86.17371368408203,86.1783218383789,86.18296813964844,86.18888092041016,86.197265625,86.20830535888672,86.2231216430664,86.2231216430664,0.1214752197265625,86.10164642333984,0.031709167505368056
2023-05-03,DEM,./DSMs/2023-05-03_DEM.tif,2025-12-15T15:42:47.025016Z,4.10.dev351+g6d26a0230,default_603,86.013427734375,86.013427734375,85.93644714355469,86.07550048828125,85.97763061523438,85.98461151123047,85.99018859863281,85.99505615234375,85.99959564208984,86.00337982177734,86.0072250366211,86.01029968261719,86.013427734375,86.0168685913086,85.968994140625,86.02022552490234,86.0239028930664,86.02727508544922,86.03063201904297,86.03422546386719,86.03824615478516,86.04328918457031,86.0503921508789,86.0503921508789,0.09645843505859375,85.95393371582031,0.024895156383569858
2023-05-03,DEM,./DSMs/2023-05-03_DEM.tif,2025-12-15T15:42:47.025016Z,4.10.dev351+g6d26a0230,default_701,86.51042938232422,86.51042938232422,86.45576477050781,86.5445327758789,86.48867797851562,86.49269104003906,86.49561309814453,86.49812316894531,86.50039672851562,86.502685546875,86.50517272949219,86.50778198242188,86.51042938232422,86.51329040527344,86.4820556640625,86.51634216308594,86.51921081542969,86.5217056274414,86.5245590209961,86.52798461914062,86.5320816040039,86.53619384765625,86.54004669189453,86.54004669189453,0.06861114501953125,86.471435546875,0.017668928550086026
2023-05-03,DEM,./DSMs/2023-05-03_DEM.tif,2025-12-15T15:42:47.025016Z,4.10.dev351+g6d26a0230,default_702,86.29251861572266,86.29251861572266,86.20172119140625,86.37224578857422,86.25685119628906,86.2624282836914,86.26756286621094,86.27182006835938,86.27536010742188,86.27861785888672,86.28245544433594,86.28681182861328,86.29251861572266,86.2974853515625,86.24742126464844,86.30194854736328,86.30657196044922,86.31163024902344,86.31715393066406,86.32421875,86.33232116699219,86.34056854248047,86.34858703613281,86.34858703613281,0.1214447021484375,86.22714233398438,0.03142873126676904
2023-05-03,DEM,./DSMs/2023-05-03_DEM.tif,2025-12-15T15:42:47.025016Z,4.10.dev351+g6d26a0230,default_703,86.03770446777344,86.03770446777344,85.9588623046875,86.08438110351562,86.01399230957031,86.01907348632812,86.0230941772461,86.02582550048828,86.02853393554688,86.03117370605469,86.03323364257812,86.03543090820312,86.03770446777344,86.03986358642578,86.00431823730469,86.04200744628906,86.04435729980469,86.04711151123047,86.0499267578125,86.05310821533203,86.05677032470703,86.06068420410156,86.06546020507812,86.06546020507812,0.089752197265625,85.9757080078125,0.019278236622342362
2023-05-03,DEM,./DSMs/2023-05-03_DEM.tif,2025-12-15T15:42:47.025016Z,4.10.dev351+g6d26a0230,default_801,86.48919677734375,86.48919677734375,86.44441223144531,86.54425811767578,86.46748352050781,86.47050476074219,86.47301483154297,86.4752426147461,86.47787475585938,86.48116302490234,86.4839096069336,86.48649597167969,86.48919677734375,86.49166870117188,86.46339416503906,86.49393463134766,86.49689483642578,86.49961853027344,86.50243377685547,86.50566101074219,86.50865936279297,86.51305389404297,86.51937866210938,86.51937866210938,0.06317901611328125,86.4561996459961,0.01750930063074568
2023-05-03,DEM,./DSMs/2023-05-03_DEM.tif,2025-12-15T15:42:47.025016Z,4.10.dev351+g6d26a0230,default_802,86.36912536621094,86.36912536621094,86.3040771484375,86.46212005615234,86.3380126953125,86.34392547607422,86.34843444824219,86.35205841064453,86.35575103759766,86.35930633544922,86.36309814453125,86.3663330078125,86.36912536621094,86.3720703125,86.33026885986328,86.3750991821289,86.3785171508789,86.3825454711914,86.38813781738281,86.39349365234375,86.39826965332031,86.4047622680664,86.41486358642578,86.41486358642578,0.096038818359375,86.3188247680664,0.02520951088035953
2023-05-03,DEM,./DSMs/2023-05-03_DEM.tif,2025-12-15T15:42:47.025016Z,4.10.dev351+g6d26a0230,default_803,86.09217834472656,86.09217834472656,86.03179931640625,86.15725708007812,86.06421661376953,86.06840515136719,86.07195281982422,86.07646942138672,86.07978057861328,86.0831527709961,86.08622741699219,86.08921813964844,86.09217834472656,86.09574890136719,86.05876159667969,86.09980773925781,86.10282897949219,86.10638427734375,86.10962677001953,86.11311340332031,86.1172103881836,86.12133026123047,86.1272964477539,86.1272964477539,0.0780029296875,86.0492935180664,0.021696787574717588
2023-05-03,DEM,./DSMs/2023-05-03_DEM.tif,2025-12-15T15:42:47.025016Z,4.10.dev351+g6d26a0230,default_901,86.37562561035156,86.37562561035156,86.29265594482422,86.4699478149414,86.33637237548828,86.3441162109375,86.34942626953125,86.35398864746094,86.3587417602539,86.36290740966797,86.36740112304688,86.3712158203125,86.37562561035156,86.37997436523438,86.32412719726562,86.38384246826172,86.3876953125,86.39227294921875,86.39637756347656,86.40147399902344,86.40839385986328,86.41680145263672,86.43238067626953,86.43238067626953,0.1218719482421875,86.31050872802734,0.03149095234548744
2023-05-03,DEM,./DSMs/2023-05-03_DEM.tif,2025-12-15T15:42:47.025016Z,4.10.dev351+g6d26a0230,default_902,86.24089813232422,86.24089813232422,86.15811920166016,86.32977294921875,86.20378112792969,86.20994567871094,86.21460723876953,86.21951293945312,86.22431945800781,86.22860717773438,86.23286437988281,86.23677062988281,86.24089813232422,86.24483489990234,86.19237518310547,86.2490005493164,86.2526626586914,86.25703430175781,86.26236724853516,86.2691650390625,86.2757568359375,86.28268432617188,86.29481506347656,86.29481506347656,0.1207275390625,86.17408752441406,0.030506756004801964
2023-05-03,DEM,./DSMs/2023-05-03_DEM.tif,2025-12-15T15:42:47.025016Z,4.10.dev351+g6d26a0230,default_903,85.9697494506836,85.9697494506836,85.90373992919922,86.05146026611328,85.93767547607422,85.94184112548828,85.94624328613281,85.95110321044922,85.95525360107422,85.95877838134766,85.96258544921875,85.96600341796875,85.9697494506836,85.97315979003906,85.93115997314453,85.97657775878906,85.97962188720703,85.98287963867188,85.9871597290039,85.99191284179688,85.99980926513672,86.00999450683594,86.01901245117188,86.01901245117188,0.09787750244140625,85.92113494873047,0.0263878762503113
2023-06-15,DEM,./DSMs/2023-06-15_DEM.tif,2025-12-15T15:42:48.457024Z,4.10.dev351+g6d26a0230,default_101,166.74411010742188,166.74411010742188,166.57276916503906,166.8928985595703,166.6455078125,166.65872192382812,166.6751251220703,166.68838500976562,166.69842529296875,166.71051025390625,166.7227325439453,166.7343292236328,166.74411010742188,166.75457763671875,166.61997985839844,166.76727294921875,166.7777099609375,166.78321838378906,166.7886962890625,166.79689025878906,166.80592346191406,166.81581115722656,166.8291015625,166.8291015625,0.2403717041015625,166.58872985839844,0.06549721155515975
2023-06-15,DEM,./DSMs/2023-06-15_DEM.tif,2025-12-15T15:42:48.457024Z,4.10.dev351+g6d26a0230,default_102,166.3447723388672,166.3447723388672,166.2012939453125,166.48928833007812,166.2688446044922,166.28472900390625,166.29473876953125,166.3045196533203,166.31561279296875,166.32583618164062,166.33303833007812,166.33819580078125,166.3447723388672,166.3542022705078,166.25650024414062,166.36483764648438,166.373046875,166.3803253173828,166.38951110839844,166.399658203125,166.40806579589844,166.4188232421875,166.433837890625,166.433837890625,0.21600341796875,166.21783447265625,0.05609306463044077
2023-06-15,DEM,./DSMs/2023-06-15_DEM.tif,2025-12-15T15:42:48.457024Z,4.10.dev351+g6d26a0230,default_103,166.22805786132812,166.22805786132812,166.07693481445312,166.34230041503906,166.14675903320312,166.1619873046875,166.1710662841797,166.17893981933594,166.18736267089844,166.19854736328125,166.2096710205078,166.21926879882812,166.22805786132812,166.2371063232422,166.13258361816406,166.2444305419922,166.25112915039062,166.258544921875,166.26486206054688,166.27130126953125,166.2793426513672,166.28903198242188,166.3053436279297,166.3053436279297,0.2083587646484375,166.09698486328125,0.05428754060116347
2023-06-15,DEM,./DSMs/2023-06-15_DEM.tif,2025-12-15T15:42:48.457024Z,4.10.dev351+g6d26a0230,default_201,166.69044494628906,166.69044494628906,166.5357666015625,166.80169677734375,166.59129333496094,166.60906982421875,166.61944580078125,166.6315155029297,166.6480255126953,166.66195678710938,166.6717987060547,166.68215942382812,166.69044494628906,166.6992645263672,166.57533264160156,166.70687866210938,166.7130126953125,166.7197723388672,166.72715759277344,166.7349853515625,166.74212646484375,166.7512664794922,166.76840209960938,166.76840209960938,0.2190093994140625,166.5493927001953,0.05962390167612939
2023-06-15,DEM,./DSMs/2023-06-15_DEM.tif,2025-12-15T15:42:48.457024Z,4.10.dev351+g6d26a0230,default_202,166.67233276367188,166.67233276367188,166.52857971191406,166.85421752929688,166.5850372314453,166.5983123779297,166.6126708984375,166.6221923828125,166.63088989257812,166.6426239013672,166.65380859375,166.66213989257812,166.67233276367188,166.68772888183594,166.57171630859375,166.69935607910156,166.7112274169922,166.72479248046875,166.73721313476562,166.74749755859375,166.76292419433594,166.77825927734375,166.7979278564453,166.7979278564453,0.25,166.5479278564453,0.07115295868536588
2023-06-15,DEM,./DSMs/2023-06-15_DEM.tif,2025-12-15T15:42:48.457024Z,4.10.dev351+g6d26a0230,default_203,166.113525390625,166.113525390625,165.89987182617188,166.2566680908203,166.01451110839844,166.03555297851562,166.05093383789062,166.0601043701172,166.0710906982422,166.08238220214844,166.09445190429688,166.1019744873047,166.113525390625,166.12574768066406,165.98236083984375,166.1373291015625,166.14584350585938,166.15464782714844,166.1657257080078,166.17654418945312,166.18727111816406,166.20135498046875,166.2156524658203,166.2156524658203,0.2702789306640625,165.94537353515625,0.07009277912665873
2023-06-15,DEM,./DSMs/2023-06-15_DEM.tif,2025-12-15T15:42:48.457024Z,4.10.dev351+g6d26a0230,default_301,166.6319580078125,166.6319580078125,166.4242706298828,166.7550048828125,166.52786254882812,166.5435791015625,166.55886840820312,166.57225036621094,166.5859375,166.59994506835938,166.61239624023438,166.6231689453125,166.6319580078125,166.64039611816406,166.50050354003906,166.64630126953125,166.65040588378906,166.6542205810547,166.65771484375,166.66201782226562,166.67098999023438,166.68719482421875,166.70469665527344,166.70469665527344,0.243682861328125,166.4610137939453,0.06179119983174881
2023-06-15,DEM,./DSMs/2023-06-15_DEM.tif,2025-12-15T15:42:48.457024Z,4.10.dev351+g6d26a0230,default_302,166.91119384765625,166.91119384765625,166.77870178222656,167.06167602539062,166.8387908935547,166.84967041015625,166.856201171875,166.86412048339844,166.8733673095703,166.88381958007812,166.89332580566406,166.90176391601562,166.91119384765625,166.92196655273438,166.82461547851562,166.93106079101562,166.93894958496094,166.94593811035156,166.95852661132812,166.97157287597656,166.98023986816406,166.99098205566406,167.01641845703125,167.01641845703125,0.21240234375,166.80401611328125,0.05889625158839696
2023-06-15,DEM,./DSMs/2023-06-15_DEM.tif,2025-12-15T15:42:48.457024Z,4.10.dev351+g6d26a0230,default_303,166.40777587890625,166.40777587890625,166.30560302734375,166.5653533935547,166.35694885253906,166.36683654785156,166.37466430664062,166.38075256347656,166.3863067626953,166.3913116455078,166.3968963623047,166.40318298339844,166.40777587890625,166.412841796875,166.3468780517578,166.4180450439453,166.4239044189453,166.43243408203125,166.4443817138672,166.45384216308594,166.46340942382812,166.47918701171875,166.49810791015625,166.49810791015625,0.1707000732421875,166.32740783691406,0.0464322349197734
2023-06-15,DEM,./DSMs/2023-06-15_DEM.tif,2025-12-15T15:42:48.457024Z,4.10.dev351+g6d26a0230,default_401,166.96405029296875,166.96405029296875,166.84124755859375,167.14111328125,166.88339233398438,166.88890075683594,166.89340209960938,166.89923095703125,166.90911865234375,166.92193603515625,166.93704223632812,166.94998168945312,166.96405029296875,166.9762420654297,166.8740997314453,166.98336791992188,166.99044799804688,166.99868774414062,167.00918579101562,167.01869201660156,167.0300750732422,167.042236328125,167.057861328125,167.057861328125,0.20257568359375,166.85528564453125,0.06180420977087964
2023-06-15,DEM,./DSMs/2023-06-15_DEM.tif,2025-12-15T15:42:48.457024Z,4.10.dev351+g6d26a0230,default_402,166.44808959960938,166.44808959960938,166.30307006835938,166.589599609375,166.36492919921875,166.37728881835938,166.38888549804688,166.401123046875,166.41030883789062,166.41845703125,166.43023681640625,166.43917846679688,166.44808959960938,166.45693969726562,166.34368896484375,166.46389770507812,166.47265625,166.48397827148438,166.49185180664062,166.4980926513672,166.5054168701172,166.51780700683594,166.53244018554688,166.53244018554688,0.2065277099609375,166.32591247558594,0.05741495745138538
2023-06-15,DEM,./DSMs/2023-06-15_DEM.tif,2025-12-15T15:42:48.457024Z,4.10.dev351+g6d26a0230,default_403,166.70285034179688,166.70285034179688,166.56103515625,166.85617065429688,166.62362670898438,166.63259887695312,166.64276123046875,166.65525817871094,166.6654052734375,166.67315673828125,166.68490600585938,166.69415283203125,166.70285034179688,166.71267700195312,166.603271484375,166.72271728515625,166.7322998046875,166.73973083496094,166.7467041015625,166.758056640625,166.77078247070312,166.78587341308594,166.804443359375,166.804443359375,0.22979736328125,166.57464599609375,0.061820033050319086
2023-06-15,DEM,./DSMs/2023-06-15_DEM.tif,2025-12-15T15:42:48.457024Z,4.10.dev351+g6d26a0230,default_501,166.9182891845703,166.9182891845703,166.74754333496094,167.06651306152344,166.82962036132812,166.84056091308594,166.84886169433594,166.8578338623047,166.8671875,166.87965393066406,166.8953857421875,166.90687561035156,166.9182891845703,166.93028259277344,166.8169708251953,166.94223022460938,166.95257568359375,166.9627685546875,166.97413635253906,166.984375,166.997314453125,167.01316833496094,167.03199768066406,167.03199768066406,0.2564849853515625,166.7755126953125,0.06921992809173574
2023-06-15,DEM,./DSMs/2023-06-15_DEM.tif,2025-12-15T15:42:48.457024Z,4.10.dev351+g6d26a0230,default_502,166.52821350097656,166.52821350097656,166.35211181640625,166.6564178466797,166.42922973632812,166.4427032470703,166.45635986328125,166.46820068359375,166.48280334472656,166.49375915527344,166.50363159179688,166.51632690429688,166.52821350097656,166.53634643554688,166.4104461669922,166.54376220703125,166.55020141601562,166.5571746826172,166.56434631347656,166.57020568847656,166.5767364501953,166.58470153808594,166.59483337402344,166.59483337402344,0.2143707275390625,166.38046264648438,0.05965421797286573
2023-06-15,DEM,./DSMs/2023-06-15_DEM.tif,2025-12-15T15:42:48.457024Z,4.10.dev351+g6d26a0230,default_503,166.6064910888672,166.6064910888672,166.4612579345703,166.77212524414062,166.5163116455078,166.5365753173828,166.54640197753906,166.56124877929688,166.5709991455078,166.57847595214844,166.58636474609375,166.5938262939453,166.6064910888672,166.61685180664062,166.49899291992188,166.6267547607422,166.6376495361328,166.64840698242188,166.65599060058594,166.66578674316406,166.68243408203125,166.6967315673828,166.7154083251953,166.7154083251953,0.2367095947265625,166.47869873046875,0.06552980491020101
2023-06-15,DEM,./DSMs/2023-06-15_DEM.tif,2025-12-15T15:42:48.457024Z,4.10.dev351+g6d26a0230,default_601,167.08522033691406,167.08522033691406,166.9183349609375,167.22201538085938,166.99234008789062,167.00611877441406,167.01560974121094,167.02249145507812,167.02969360351562,167.0400848388672,167.05630493164062,167.07032775878906,167.08522033691406,167.09886169433594,166.9767303466797,167.10769653320312,167.11483764648438,167.12673950195312,167.13589477539062,167.14268493652344,167.1503448486328,167.1660919189453,167.18551635742188,167.18551635742188,0.2311859130859375,166.95433044433594,0.06636538664094563
2023-06-15,DEM,./DSMs/2023-06-15_DEM.tif,2025-12-15T15:42:48.457024Z,4.10.dev351+g6d26a0230,default_602,166.58462524414062,166.58462524414062,166.42904663085938,166.7602996826172,166.50230407714844,166.51712036132812,166.53028869628906,166.53919982910156,166.5484619140625,166.55931091308594,166.57028198242188,166.57717895507812,166.58462524414062,166.5959014892578,166.486328125,166.6073455810547,166.61839294433594,166.6300811767578,166.64402770996094,166.65489196777344,166.66903686523438,166.68434143066406,166.70738220214844,166.70738220214844,0.251251220703125,166.4561309814453,0.06751551366137988
2023-06-15,DEM,./DSMs/2023-06-15_DEM.tif,2025-12-15T15:42:48.457024Z,4.10.dev351+g6d26a0230,default_603,166.531005859375,166.531005859375,166.40147399902344,166.6580810546875,166.43685913085938,166.4495849609375,166.4583282470703,166.4663848876953,166.47377014160156,166.48611450195312,166.49838256835938,166.5126190185547,166.531005859375,166.5388641357422,166.42579650878906,166.54611206054688,166.55494689941406,166.56724548339844,166.574462890625,166.58192443847656,166.5904083251953,166.6048583984375,166.6179656982422,166.6179656982422,0.2045135498046875,166.4134521484375,0.06220842524601393
2023-06-15,DEM,./DSMs/2023-06-15_DEM.tif,2025-12-15T15:42:48.457024Z,4.10.dev351+g6d26a0230,default_701,167.18222045898438,167.18222045898438,167.06332397460938,167.31321716308594,167.1055908203125,167.11549377441406,167.12767028808594,167.13555908203125,167.14266967773438,167.14993286132812,167.1604766845703,167.1721649169922,167.18222045898438,167.19044494628906,167.0957489013672,167.19859313964844,167.20692443847656,167.2143096923828,167.22296142578125,167.23214721679688,167.2464141845703,167.2556610107422,167.26638793945312,167.26638793945312,0.1843414306640625,167.08204650878906,0.054407408570908096
2023-06-15,DEM,./DSMs/2023-06-15_DEM.tif,2025-12-15T15:42:48.457024Z,4.10.dev351+g6d26a0230,default_702,166.74766540527344,166.74766540527344,166.61053466796875,166.89105224609375,166.66842651367188,166.68072509765625,166.68930053710938,166.6978759765625,166.7081756591797,166.71923828125,166.73025512695312,166.73849487304688,166.74766540527344,166.7586212158203,166.65411376953125,166.77015686035156,166.7803192138672,166.78860473632812,166.8033447265625,166.8181915283203,166.83273315429688,166.8471221923828,166.8596649169922,166.8596649169922,0.22509765625,166.6345672607422,0.06450041169349537
2023-06-15,DEM,./DSMs/2023-06-15_DEM.tif,2025-12-15T15:42:48.457024Z,4.10.dev351+g6d26a0230,default_703,166.29119873046875,166.29119873046875,166.15045166015625,166.40872192382812,166.21180725097656,166.22528076171875,166.23890686035156,166.25091552734375,166.26112365722656,166.26779174804688,166.27755737304688,166.28549194335938,166.29119873046875,166.29591369628906,166.19561767578125,166.30084228515625,166.30810546875,166.3166961669922,166.3235321044922,166.33155822753906,166.3403778076172,166.35076904296875,166.3625946044922,166.3625946044922,0.1914215087890625,166.17117309570312,0.0506824618172057
2023-06-15,DEM,./DSMs/2023-06-15_DEM.tif,2025-12-15T15:42:48.457024Z,4.10.dev351+g6d26a0230,default_801,167.1387481689453,167.1387481689453,167.03445434570312,167.26263427734375,167.06813049316406,167.07464599609375,167.081787109375,167.09156799316406,167.1011199951172,167.10897827148438,167.1163330078125,167.12808227539062,167.1387481689453,167.14971923828125,167.05990600585938,167.15892028808594,167.17034912109375,167.17991638183594,167.18838500976562,167.1975860595703,167.21023559570312,167.21908569335938,167.2322998046875,167.2322998046875,0.183837890625,167.0484619140625,0.056254275663972134
2023-06-15,DEM,./DSMs/2023-06-15_DEM.tif,2025-12-15T15:42:48.457024Z,4.10.dev351+g6d26a0230,default_802,166.98977661132812,166.98977661132812,166.87832641601562,167.14950561523438,166.91864013671875,166.9252471923828,166.93057250976562,166.9359130859375,166.94395446777344,166.9555206298828,166.9696044921875,166.98101806640625,166.98977661132812,167.000244140625,166.90943908691406,167.01177978515625,167.02647399902344,167.04054260253906,167.0519256591797,167.0586700439453,167.06744384765625,167.0775604248047,167.09579467773438,167.09579467773438,0.1981201171875,166.89767456054688,0.06150845422258325
2023-06-15,DEM,./DSMs/2023-06-15_DEM.tif,2025-12-15T15:42:48.457024Z,4.10.dev351+g6d26a0230,default_803,166.4987335205078,166.4987335205078,166.37484741210938,166.62789916992188,166.41798400878906,166.42982482910156,166.44320678710938,166.45217895507812,166.46144104003906,166.471923828125,166.4845733642578,166.4926300048828,166.4987335205078,166.5064239501953,166.40643310546875,166.51341247558594,166.52330017089844,166.53187561035156,166.5381317138672,166.54617309570312,166.5575714111328,166.5694580078125,166.58775329589844,166.58775329589844,0.199676513671875,166.38807678222656,0.055523660937959324
2023-06-15,DEM,./DSMs/2023-06-15_DEM.tif,2025-12-15T15:42:48.457024Z,4.10.dev351+g6d26a0230,default_901,166.8342742919922,166.8342742919922,166.68771362304688,167.0091552734375,166.77273559570312,166.7805938720703,166.78598022460938,166.79229736328125,166.8029022216797,166.81260681152344,166.81964111328125,166.8265380859375,166.8342742919922,166.84579467773438,166.75799560546875,166.8526153564453,166.86050415039062,166.87074279785156,166.8856201171875,166.89413452148438,166.9033203125,166.91534423828125,166.9367218017578,166.9367218017578,0.2038421630859375,166.73287963867188,0.05642576648942934
2023-06-15,DEM,./DSMs/2023-06-15_DEM.tif,2025-12-15T15:42:48.457024Z,4.10.dev351+g6d26a0230,default_902,166.826171875,166.826171875,166.6894073486328,166.98138427734375,166.74476623535156,166.75692749023438,166.7683563232422,166.77842712402344,166.78546142578125,166.79356384277344,166.8046112060547,166.81539916992188,166.826171875,166.83753967285156,166.73191833496094,166.84970092773438,166.85986328125,166.86807250976562,166.877685546875,166.8890380859375,166.90151977539062,166.91940307617188,166.94009399414062,166.94009399414062,0.226531982421875,166.71356201171875,0.06397286309682529
2023-06-15,DEM,./DSMs/2023-06-15_DEM.tif,2025-12-15T15:42:48.457024Z,4.10.dev351+g6d26a0230,default_903,166.33934020996094,166.33934020996094,166.20298767089844,166.45350646972656,166.27310180664062,166.28330993652344,166.2940673828125,166.3024444580078,166.31057739257812,166.32080078125,166.329345703125,166.3348846435547,166.33934020996094,166.34390258789062,166.25616455078125,166.3495635986328,166.3570556640625,166.36398315429688,166.37210083007812,166.37808227539062,166.3871612548828,166.39942932128906,166.4188232421875,166.4188232421875,0.18634033203125,166.23248291015625,0.047854359137670034
2023-06-21,DEM,./DSMs/2023-06-21_DEM.tif,2025-12-15T15:42:48.135531Z,4.10.dev351+g6d26a0230,default_101,95.17817687988281,95.17817687988281,94.96417999267578,95.38876342773438,95.03269958496094,95.05083465576172,95.06674194335938,95.08975219726562,95.10368347167969,95.12026977539062,95.13668060302734,95.1535873413086,95.17817687988281,95.19232177734375,95.01676940917969,95.20960235595703,95.2211685180664,95.23207092285156,95.24415588378906,95.25260925292969,95.2606201171875,95.27394104003906,95.29119110107422,95.29119110107422,0.3034515380859375,94.98773956298828,0.09017413866627111
2023-06-21,DEM,./DSMs/2023-06-21_DEM.tif,2025-12-15T15:42:48.135531Z,4.10.dev351+g6d26a0230,default_102,94.93429565429688,94.93429565429688,94.7809829711914,95.08382415771484,94.8300552368164,94.84513854980469,94.85551452636719,94.86632537841797,94.87808227539062,94.89375305175781,94.90849304199219,94.92465209960938,94.93429565429688,94.94210052490234,94.8123550415039,94.953125,94.9648666381836,94.97467041015625,94.98368072509766,94.99990844726562,95.01066589355469,95.01923370361328,95.03560638427734,95.03560638427734,0.24137115478515625,94.79423522949219,0.07074983533778614
2023-06-21,DEM,./DSMs/2023-06-21_DEM.tif,2025-12-15T15:42:48.135531Z,4.10.dev351+g6d26a0230,default_103,94.82048034667969,94.82048034667969,94.6442642211914,94.96754455566406,94.72843933105469,94.73795318603516,94.74800109863281,94.75682067871094,94.768798828125,94.78258514404297,94.79865264892578,94.81084442138672,94.82048034667969,94.83344268798828,94.71053314208984,94.84315490722656,94.85287475585938,94.86043548583984,94.87479400634766,94.88646697998047,94.89879608154297,94.91278839111328,94.93388366699219,94.93388366699219,0.26238250732421875,94.67150115966797,0.0706602264024737
2023-06-21,DEM,./DSMs/2023-06-21_DEM.tif,2025-12-15T15:42:48.135531Z,4.10.dev351+g6d26a0230,default_201,95.1580810546875,95.1580810546875,94.96221160888672,95.31761932373047,95.02130126953125,95.04949951171875,95.06892395019531,95.08987426757812,95.10148620605469,95.11241149902344,95.12861633300781,95.1419906616211,95.1580810546875,95.17231750488281,95.00450897216797,95.18172454833984,95.19012451171875,95.19918823242188,95.20967864990234,95.21751403808594,95.22843170166016,95.2485580444336,95.27095031738281,95.27095031738281,0.28505706787109375,94.98589324951172,0.08082540032075225
2023-06-21,DEM,./DSMs/2023-06-21_DEM.tif,2025-12-15T15:42:48.135531Z,4.10.dev351+g6d26a0230,default_202,95.30801391601562,95.30801391601562,95.12493133544922,95.49483489990234,95.19092559814453,95.20716857910156,95.21974182128906,95.23405456542969,95.25238800048828,95.26302337646484,95.2757797241211,95.29480743408203,95.30801391601562,95.32282257080078,95.1747055053711,95.33634948730469,95.34825897216797,95.3604965209961,95.37855529785156,95.39330291748047,95.4071273803711,95.42337799072266,95.44086456298828,95.44086456298828,0.2955169677734375,95.14534759521484,0.08571681027546582
2023-06-21,DEM,./DSMs/2023-06-21_DEM.tif,2025-12-15T15:42:48.135531Z,4.10.dev351+g6d26a0230,default_203,94.72966003417969,94.72966003417969,94.51994323730469,94.89795684814453,94.61170959472656,94.63275146484375,94.64529418945312,94.6608657836914,94.67698669433594,94.69268798828125,94.7071533203125,94.72027587890625,94.72966003417969,94.74208068847656,94.5920181274414,94.7544174194336,94.76701354980469,94.77896118164062,94.79296875,94.80722045898438,94.81982421875,94.83573150634766,94.850341796875,94.850341796875,0.29038238525390625,94.5599594116211,0.0813024643005674
2023-06-21,DEM,./DSMs/2023-06-21_DEM.tif,2025-12-15T15:42:48.135531Z,4.10.dev351+g6d26a0230,default_301,95.10099792480469,95.10099792480469,94.879638671875,95.27378845214844,94.94747161865234,94.9690170288086,94.98523712158203,95.00852966308594,95.02397918701172,95.04832458496094,95.06619262695312,95.08635711669922,95.10099792480469,95.11361694335938,94.93242645263672,95.13130187988281,95.14335632324219,95.15558624267578,95.1683578491211,95.17652893066406,95.1849365234375,95.1962661743164,95.21253204345703,95.21253204345703,0.30999755859375,94.90253448486328,0.09260401548331669
2023-06-21,DEM,./DSMs/2023-06-21_DEM.tif,2025-12-15T15:42:48.135531Z,4.10.dev351+g6d26a0230,default_302,95.59835815429688,95.59835815429688,95.45339965820312,95.75545501708984,95.50993347167969,95.51793670654297,95.5264663696289,95.53855895996094,95.54961395263672,95.56132507324219,95.57660675048828,95.5872573852539,95.59835815429688,95.60774993896484,95.4961166381836,95.61993408203125,95.6304931640625,95.64111328125,95.6509017944336,95.66771697998047,95.67989349365234,95.69856262207031,95.71312713623047,95.71312713623047,0.23596954345703125,95.47715759277344,0.06912699605355782
2023-06-21,DEM,./DSMs/2023-06-21_DEM.tif,2025-12-15T15:42:48.135531Z,4.10.dev351+g6d26a0230,default_303,95.09732055664062,95.09732055664062,94.96185302734375,95.27510833740234,95.01349639892578,95.02323913574219,95.03076934814453,95.04137420654297,95.0508041381836,95.05927276611328,95.06991577148438,95.08356475830078,95.09732055664062,95.11298370361328,95.00343322753906,95.1276626586914,95.13916015625,95.1493911743164,95.16309356689453,95.17390441894531,95.18711853027344,95.20735168457031,95.2303695678711,95.2303695678711,0.24932098388671875,94.98104858398438,0.07305850303647479
2023-06-21,DEM,./DSMs/2023-06-21_DEM.tif,2025-12-15T15:42:48.135531Z,4.10.dev351+g6d26a0230,default_401,95.46633911132812,95.46633911132812,95.27894592285156,95.62189483642578,95.36253356933594,95.37915802001953,95.38741302490234,95.39521026611328,95.41084289550781,95.42454528808594,95.4368896484375,95.45437622070312,95.46633911132812,95.47669219970703,95.34333801269531,95.48881530761719,95.5003662109375,95.51050567626953,95.52088165283203,95.53550720214844,95.54678344726562,95.55713653564453,95.57172393798828,95.57172393798828,0.25679779052734375,95.31492614746094,0.07337548951276647
2023-06-21,DEM,./DSMs/2023-06-21_DEM.tif,2025-12-15T15:42:48.135531Z,4.10.dev351+g6d26a0230,default_402,94.9939193725586,94.9939193725586,94.83454895019531,95.14391326904297,94.8884048461914,94.89933776855469,94.91519165039062,94.92668914794922,94.93748474121094,94.95186614990234,94.96731567382812,94.97920227050781,94.9939193725586,95.00521850585938,94.87721252441406,95.01447296142578,95.02629852294922,95.03792572021484,95.04769897460938,95.05506896972656,95.06430053710938,95.0806884765625,95.09742736816406,95.09742736816406,0.2454833984375,94.85194396972656,0.0711570562380996
2023-06-21,DEM,./DSMs/2023-06-21_DEM.tif,2025-12-15T15:42:48.135531Z,4.10.dev351+g6d26a0230,default_403,95.43618774414062,95.43618774414062,95.26203155517578,95.60154724121094,95.33926391601562,95.35054779052734,95.36260986328125,95.37612915039062,95.38856506347656,95.40017700195312,95.41473388671875,95.4249496459961,95.43618774414062,95.45096588134766,95.32292938232422,95.46562957763672,95.47576141357422,95.48918151855469,95.50047302246094,95.50935363769531,95.52141571044922,95.54103088378906,95.557861328125,95.557861328125,0.2546539306640625,95.30320739746094,0.07462782504564319
2023-06-21,DEM,./DSMs/2023-06-21_DEM.tif,2025-12-15T15:42:48.135531Z,4.10.dev351+g6d26a0230,default_501,95.47325897216797,95.47325897216797,95.29830932617188,95.62952423095703,95.36119079589844,95.37759399414062,95.38897705078125,95.3980712890625,95.41171264648438,95.42557525634766,95.43818664550781,95.46083068847656,95.47325897216797,95.48845672607422,95.34539794921875,95.50288391113281,95.5124282836914,95.52171325683594,95.53654479980469,95.5493392944336,95.5623550415039,95.57889556884766,95.59124755859375,95.59124755859375,0.27233123779296875,95.31891632080078,0.07957838674106464
2023-06-21,DEM,./DSMs/2023-06-21_DEM.tif,2025-12-15T15:42:48.135531Z,4.10.dev351+g6d26a0230,default_502,95.0339126586914,95.0339126586914,94.8497085571289,95.20915985107422,94.91485595703125,94.925537109375,94.93438720703125,94.94623565673828,94.96195220947266,94.97808074951172,95.00312042236328,95.01851654052734,95.0339126586914,95.04742431640625,94.89946746826172,95.05854797363281,95.07052612304688,95.08242797851562,95.08980560302734,95.09691619873047,95.10667419433594,95.12173461914062,95.13472747802734,95.13472747802734,0.25074005126953125,94.88398742675781,0.07854436084434503
2023-06-21,DEM,./DSMs/2023-06-21_DEM.tif,2025-12-15T15:42:48.135531Z,4.10.dev351+g6d26a0230,default_503,95.375732421875,95.375732421875,95.21470642089844,95.54118347167969,95.28532409667969,95.29625701904297,95.30490112304688,95.3154296875,95.33386993408203,95.34406280517578,95.3527603149414,95.3639144897461,95.375732421875,95.38794708251953,95.27042388916016,95.40242767333984,95.41732788085938,95.42903900146484,95.4377212524414,95.45027923583984,95.4658432006836,95.48126983642578,95.50044250488281,95.50044250488281,0.253814697265625,95.24662780761719,0.07310779097686285
2023-06-21,DEM,./DSMs/2023-06-21_DEM.tif,2025-12-15T15:42:48.135531Z,4.10.dev351+g6d26a0230,default_601,95.69252014160156,95.69252014160156,95.55252075195312,95.82823944091797,95.6043472290039,95.61528778076172,95.6290512084961,95.63892364501953,95.64973449707031,95.66323852539062,95.6722412109375,95.68079376220703,95.69252014160156,95.70498657226562,95.5927734375,95.71183013916016,95.71864318847656,95.72703552246094,95.73743438720703,95.74950408935547,95.76036071777344,95.77079772949219,95.7908706665039,95.7908706665039,0.21979522705078125,95.57107543945312,0.06170134413576183
2023-06-21,DEM,./DSMs/2023-06-21_DEM.tif,2025-12-15T15:42:48.135531Z,4.10.dev351+g6d26a0230,default_602,95.22557067871094,95.22557067871094,95.06658935546875,95.40677642822266,95.13094329833984,95.14236450195312,95.15221405029297,95.16706085205078,95.17951202392578,95.19123077392578,95.20455932617188,95.21269226074219,95.22557067871094,95.23780059814453,95.11644744873047,95.25301361083984,95.2662582397461,95.27984619140625,95.297119140625,95.30951690673828,95.32258605957031,95.3417739868164,95.36502075195312,95.36502075195312,0.2781829833984375,95.08683776855469,0.07850468866345905
2023-06-21,DEM,./DSMs/2023-06-21_DEM.tif,2025-12-15T15:42:48.135531Z,4.10.dev351+g6d26a0230,default_603,95.31088256835938,95.31088256835938,95.1509017944336,95.46345520019531,95.21607971191406,95.22684478759766,95.23841094970703,95.2515869140625,95.26284790039062,95.2729263305664,95.28661346435547,95.300537109375,95.31088256835938,95.32583618164062,95.19918823242188,95.33824157714844,95.34996032714844,95.36172485351562,95.37342834472656,95.38317108154297,95.39232635498047,95.4044189453125,95.42504119873047,95.42504119873047,0.25119781494140625,95.17384338378906,0.07154494269003607
2023-06-21,DEM,./DSMs/2023-06-21_DEM.tif,2025-12-15T15:42:48.135531Z,4.10.dev351+g6d26a0230,default_701,95.72077178955078,95.72077178955078,95.55230712890625,95.88639068603516,95.63105010986328,95.6385498046875,95.64556884765625,95.65682220458984,95.67198181152344,95.68383026123047,95.6988754272461,95.711669921875,95.72077178955078,95.72969055175781,95.62191009521484,95.74345397949219,95.75399780273438,95.76412963867188,95.775390625,95.78933715820312,95.8037109375,95.8202896118164,95.83595275878906,95.83595275878906,0.2352447509765625,95.6007080078125,0.06955194770323822
2023-06-21,DEM,./DSMs/2023-06-21_DEM.tif,2025-12-15T15:42:48.135531Z,4.10.dev351+g6d26a0230,default_702,95.35543823242188,95.35543823242188,95.17913818359375,95.5928955078125,95.23802947998047,95.25486755371094,95.26625061035156,95.27980041503906,95.29773712158203,95.30925750732422,95.32463073730469,95.34188079833984,95.35543823242188,95.37053680419922,95.2208251953125,95.38429260253906,95.39927673339844,95.41840362548828,95.4312973022461,95.44783782958984,95.46475219726562,95.47720336914062,95.49272155761719,95.49272155761719,0.29987335205078125,95.1928482055664,0.0885157490612949
2023-06-21,DEM,./DSMs/2023-06-21_DEM.tif,2025-12-15T15:42:48.135531Z,4.10.dev351+g6d26a0230,default_703,94.88539123535156,94.88539123535156,94.70683288574219,95.03787231445312,94.77986907958984,94.79500579833984,94.8066635131836,94.81988525390625,94.83646392822266,94.84808349609375,94.85945892333984,94.8740234375,94.88539123535156,94.89623260498047,94.76399993896484,94.90657043457031,94.91862487792969,94.92913055419922,94.939208984375,94.95335388183594,94.9664077758789,94.98033142089844,95.00003051757812,95.00003051757812,0.26226806640625,94.73776245117188,0.07366717853723834
2023-06-21,DEM,./DSMs/2023-06-21_DEM.tif,2025-12-15T15:42:48.135531Z,4.10.dev351+g6d26a0230,default_801,95.72566223144531,95.72566223144531,95.57701873779297,95.8726577758789,95.63922119140625,95.64576721191406,95.65716552734375,95.67079162597656,95.68128967285156,95.69475555419922,95.707275390625,95.71595001220703,95.72566223144531,95.73800659179688,95.63153076171875,95.74872589111328,95.7563705444336,95.76441192626953,95.7756576538086,95.79051208496094,95.8043212890625,95.81371307373047,95.82845306396484,95.82845306396484,0.2081298828125,95.62032318115234,0.06376701688649493
2023-06-21,DEM,./DSMs/2023-06-21_DEM.tif,2025-12-15T15:42:48.135531Z,4.10.dev351+g6d26a0230,default_802,95.64833068847656,95.64833068847656,95.51494598388672,95.8553466796875,95.55500793457031,95.56317138671875,95.5716323852539,95.5819091796875,95.59368133544922,95.60600280761719,95.62191772460938,95.63334655761719,95.64833068847656,95.66622161865234,95.54508209228516,95.6762924194336,95.68656158447266,95.70023345947266,95.71009826660156,95.722412109375,95.7383804321289,95.75294494628906,95.76858520507812,95.76858520507812,0.23724365234375,95.53134155273438,0.07413663415249448
2023-06-21,DEM,./DSMs/2023-06-21_DEM.tif,2025-12-15T15:42:48.135531Z,4.10.dev351+g6d26a0230,default_803,95.1694564819336,95.1694564819336,95.02418518066406,95.30032348632812,95.08180236816406,95.09654235839844,95.10752868652344,95.12388610839844,95.13275146484375,95.14051055908203,95.14788818359375,95.15567779541016,95.1694564819336,95.18090057373047,95.06297302246094,95.18949890136719,95.19784545898438,95.20826721191406,95.2188720703125,95.23023223876953,95.24627685546875,95.25981140136719,95.27334594726562,95.27334594726562,0.230621337890625,95.042724609375,0.06420423336314579
2023-06-21,DEM,./DSMs/2023-06-21_DEM.tif,2025-12-15T15:42:48.135531Z,4.10.dev351+g6d26a0230,default_901,95.42561340332031,95.42561340332031,95.22093963623047,95.5916519165039,95.30683898925781,95.32527160644531,95.34049987792969,95.35057067871094,95.36709594726562,95.38098907470703,95.39444732666016,95.41289520263672,95.42561340332031,95.43690490722656,95.28372955322266,95.45052337646484,95.46212005615234,95.47052001953125,95.47834777832031,95.49111938476562,95.50660705566406,95.51785278320312,95.54518127441406,95.54518127441406,0.2934722900390625,95.251708984375,0.08016571921397075
2023-06-21,DEM,./DSMs/2023-06-21_DEM.tif,2025-12-15T15:42:48.135531Z,4.10.dev351+g6d26a0230,default_902,95.53667449951172,95.53667449951172,95.35693359375,95.69659423828125,95.43416595458984,95.44515991210938,95.4563980102539,95.46925354003906,95.47866821289062,95.49205017089844,95.50203704833984,95.51696014404297,95.53667449951172,95.55065155029297,95.41223907470703,95.56291198730469,95.5751953125,95.58724975585938,95.59950256347656,95.61627197265625,95.63402557373047,95.64743041992188,95.66427612304688,95.66427612304688,0.27382659912109375,95.39044952392578,0.07971392358848275
2023-06-21,DEM,./DSMs/2023-06-21_DEM.tif,2025-12-15T15:42:48.135531Z,4.10.dev351+g6d26a0230,default_903,95.02814483642578,95.02814483642578,94.86808013916016,95.2262191772461,94.94054412841797,94.95438385009766,94.96566009521484,94.97476196289062,94.98696899414062,94.99979400634766,95.00993347167969,95.0193099975586,95.02814483642578,95.04132843017578,94.9247817993164,95.050537109375,95.06304168701172,95.0785140991211,95.09150695800781,95.10194396972656,95.11663055419922,95.13924407958984,95.16548919677734,95.16548919677734,0.2728729248046875,94.89261627197266,0.07385300257186539
2023-06-29,DEM,./DSMs/2023-06-29_DEM.tif,2025-12-15T15:42:48.192684Z,4.10.dev351+g6d26a0230,default_101,138.57794189453125,138.57794189453125,138.2917938232422,138.86541748046875,138.3914337158203,138.41510009765625,138.44972229003906,138.4790496826172,138.4987335205078,138.52162170410156,138.53799438476562,138.56175231933594,138.57794189453125,138.6007537841797,138.35865783691406,138.61972045898438,138.63523864746094,138.64649963378906,138.65487670898438,138.6632843017578,138.67434692382812,138.6900177001953,138.71115112304688,138.71115112304688,0.394256591796875,138.31689453125,0.11326364768078825
2023-06-29,DEM,./DSMs/2023-06-29_DEM.tif,2025-12-15T15:42:48.192684Z,4.10.dev351+g6d26a0230,default_102,138.09310913085938,138.09310913085938,137.87767028808594,138.28167724609375,137.97018432617188,137.98594665527344,138.001220703125,138.01351928710938,138.02687072753906,138.0428009033203,138.05714416503906,138.0757598876953,138.09310913085938,138.10693359375,137.9451141357422,138.12425231933594,138.13787841796875,138.15118408203125,138.1714324951172,138.180908203125,138.19561767578125,138.2112579345703,138.2305145263672,138.2305145263672,0.320068359375,137.9104461669922,0.09138079298336815
2023-06-29,DEM,./DSMs/2023-06-29_DEM.tif,2025-12-15T15:42:48.192684Z,4.10.dev351+g6d26a0230,default_103,137.93673706054688,137.93673706054688,137.6860809326172,138.1038360595703,137.7984161376953,137.81846618652344,137.83807373046875,137.850341796875,137.86900329589844,137.8843994140625,137.9025115966797,137.91986083984375,137.93673706054688,137.95413208007812,137.76431274414062,137.97100830078125,137.98793029785156,138.00350952148438,138.01458740234375,138.02761840820312,138.0403289794922,138.05189514160156,138.06642150878906,138.06642150878906,0.3425140380859375,137.72390747070312,0.09664628261798089
2023-06-29,DEM,./DSMs/2023-06-29_DEM.tif,2025-12-15T15:42:48.192684Z,4.10.dev351+g6d26a0230,default_201,138.53330993652344,138.53330993652344,138.18504333496094,138.66461181640625,138.35301208496094,138.37704467773438,138.40444946289062,138.43251037597656,138.44891357421875,138.47389221191406,138.495849609375,138.51983642578125,138.53330993652344,138.54844665527344,138.3185577392578,138.56114196777344,138.56863403320312,138.57737731933594,138.58615112304688,138.5971221923828,138.60560607910156,138.6143341064453,138.62730407714844,138.62730407714844,0.3495025634765625,138.27780151367188,0.09945666632249468
2023-06-29,DEM,./DSMs/2023-06-29_DEM.tif,2025-12-15T15:42:48.192684Z,4.10.dev351+g6d26a0230,default_202,138.60350036621094,138.60350036621094,138.36546325683594,138.8092498779297,138.4568328857422,138.47679138183594,138.49610900878906,138.51278686523438,138.5305938720703,138.54925537109375,138.56588745117188,138.5809326171875,138.60350036621094,138.61880493164062,138.43118286132812,138.63746643066406,138.6542510986328,138.66827392578125,138.685791015625,138.6973419189453,138.71780395507812,138.7382049560547,138.7532196044922,138.7532196044922,0.355743408203125,138.39747619628906,0.10295580288543993
2023-06-29,DEM,./DSMs/2023-06-29_DEM.tif,2025-12-15T15:42:48.192684Z,4.10.dev351+g6d26a0230,default_203,137.78829956054688,137.78829956054688,137.50840759277344,137.9952850341797,137.62820434570312,137.6559295654297,137.6788330078125,137.69992065429688,137.7169952392578,137.73822021484375,137.75375366210938,137.76805114746094,137.78829956054688,137.8044891357422,137.59652709960938,137.8243865966797,137.83815002441406,137.8538055419922,137.8724365234375,137.88687133789062,137.90484619140625,137.91871643066406,137.9420928955078,137.9420928955078,0.3928985595703125,137.5491943359375,0.10806096220172859
2023-06-29,DEM,./DSMs/2023-06-29_DEM.tif,2025-12-15T15:42:48.192684Z,4.10.dev351+g6d26a0230,default_301,138.45932006835938,138.45932006835938,138.140380859375,138.61668395996094,138.25418090820312,138.28689575195312,138.32139587402344,138.35162353515625,138.38638305664062,138.41107177734375,138.43624877929688,138.44766235351562,138.45932006835938,138.4715118408203,138.22471618652344,138.4796905517578,138.4860076904297,138.4938507080078,138.50535583496094,138.52056884765625,138.53042602539062,138.5419158935547,138.56350708007812,138.56350708007812,0.3890533447265625,138.17445373535156,0.10653488984090688
2023-06-29,DEM,./DSMs/2023-06-29_DEM.tif,2025-12-15T15:42:48.192684Z,4.10.dev351+g6d26a0230,default_302,138.99081420898438,138.99081420898438,138.78378295898438,139.14877319335938,138.84999084472656,138.86834716796875,138.88284301757812,138.90359497070312,138.9190673828125,138.93893432617188,138.9575958251953,138.9716796875,138.99081420898438,139.0098114013672,138.83248901367188,139.03009033203125,139.04248046875,139.05105590820312,139.0596923828125,139.0687255859375,139.07623291015625,139.08343505859375,139.09422302246094,139.09422302246094,0.285003662109375,138.80921936035156,0.08881709717019459
2023-06-29,DEM,./DSMs/2023-06-29_DEM.tif,2025-12-15T15:42:48.192684Z,4.10.dev351+g6d26a0230,default_303,138.32408142089844,138.32408142089844,138.08299255371094,138.50233459472656,138.17689514160156,138.21022033691406,138.23387145996094,138.26077270507812,138.27642822265625,138.29464721679688,138.30845642089844,138.31703186035156,138.32408142089844,138.3347625732422,138.15078735351562,138.34690856933594,138.3583526611328,138.37188720703125,138.3907470703125,138.4086456298828,138.4258575439453,138.44625854492188,138.46176147460938,138.46176147460938,0.351776123046875,138.1099853515625,0.09366683453351193
2023-06-29,DEM,./DSMs/2023-06-29_DEM.tif,2025-12-15T15:42:48.192684Z,4.10.dev351+g6d26a0230,default_401,138.92727661132812,138.92727661132812,138.691162109375,139.09815979003906,138.778076171875,138.79270935058594,138.81271362304688,138.83181762695312,138.856201171875,138.87083435058594,138.89439392089844,138.9123992919922,138.92727661132812,138.94998168945312,138.75234985351562,138.9645538330078,138.98519897460938,138.9972381591797,139.00462341308594,139.01271057128906,139.0213165283203,139.03318786621094,139.04762268066406,139.04762268066406,0.3265533447265625,138.7210693359375,0.09801940475445997
2023-06-29,DEM,./DSMs/2023-06-29_DEM.tif,2025-12-15T15:42:48.192684Z,4.10.dev351+g6d26a0230,default_402,138.1988067626953,138.1988067626953,138.00103759765625,138.39395141601562,138.06802368164062,138.08958435058594,138.1050567626953,138.12240600585938,138.1425323486328,138.16001892089844,138.1750946044922,138.18679809570312,138.1988067626953,138.2158660888672,138.05198669433594,138.22918701171875,138.24790954589844,138.26205444335938,138.2754669189453,138.29086303710938,138.3036346435547,138.31735229492188,138.33985900878906,138.33985900878906,0.314178466796875,138.0256805419922,0.09146256317228098
2023-06-29,DEM,./DSMs/2023-06-29_DEM.tif,2025-12-15T15:42:48.192684Z,4.10.dev351+g6d26a0230,default_403,138.7473907470703,138.7473907470703,138.50131225585938,138.94061279296875,138.59043884277344,138.6175079345703,138.6364288330078,138.65167236328125,138.6640625,138.68032836914062,138.6982421875,138.72386169433594,138.7473907470703,138.77032470703125,138.56031799316406,138.78643798828125,138.79954528808594,138.81202697753906,138.82252502441406,138.83241271972656,138.84437561035156,138.86270141601562,138.8792266845703,138.8792266845703,0.35516357421875,138.52406311035156,0.10228486045551262
2023-06-29,DEM,./DSMs/2023-06-29_DEM.tif,2025-12-15T15:42:48.192684Z,4.10.dev351+g6d26a0230,default_501,138.88064575195312,138.88064575195312,138.66636657714844,139.05345153808594,138.7429962158203,138.77088928222656,138.7896270751953,138.81182861328125,138.82827758789062,138.84280395507812,138.85842895507812,138.86822509765625,138.88064575195312,138.90087890625,138.7276611328125,138.91676330566406,138.93064880371094,138.949951171875,138.96209716796875,138.973876953125,138.98870849609375,138.9988250732422,139.00929260253906,139.00929260253906,0.3092498779296875,138.70004272460938,0.09155007386689125
2023-06-29,DEM,./DSMs/2023-06-29_DEM.tif,2025-12-15T15:42:48.192684Z,4.10.dev351+g6d26a0230,default_502,138.30831909179688,138.30831909179688,138.0634002685547,138.50169372558594,138.15835571289062,138.18035888671875,138.19302368164062,138.2140350341797,138.23239135742188,138.25486755371094,138.2721710205078,138.29359436035156,138.30831909179688,138.31906127929688,138.137939453125,138.33067321777344,138.34498596191406,138.3562774658203,138.3691864013672,138.3858642578125,138.3988494873047,138.40753173828125,138.42617797851562,138.42617797851562,0.318359375,138.10781860351562,0.09337433673115579
2023-06-29,DEM,./DSMs/2023-06-29_DEM.tif,2025-12-15T15:42:48.192684Z,4.10.dev351+g6d26a0230,default_503,138.62527465820312,138.62527465820312,138.40530395507812,138.83544921875,138.482421875,138.50204467773438,138.51531982421875,138.52951049804688,138.54397583007812,138.564208984375,138.5883331298828,138.609130859375,138.62527465820312,138.642822265625,138.46142578125,138.65786743164062,138.67185974121094,138.68600463867188,138.69766235351562,138.7131805419922,138.73455810546875,138.74732971191406,138.77015686035156,138.77015686035156,0.3383331298828125,138.43182373046875,0.09945482963592138
2023-06-29,DEM,./DSMs/2023-06-29_DEM.tif,2025-12-15T15:42:48.192684Z,4.10.dev351+g6d26a0230,default_601,139.16571044921875,139.16571044921875,138.92694091796875,139.2979736328125,139.01467895507812,139.03334045410156,139.0481719970703,139.06983947753906,139.08843994140625,139.10214233398438,139.12242126464844,139.14186096191406,139.16571044921875,139.18212890625,138.98895263671875,139.19737243652344,139.2089080810547,139.21884155273438,139.22666931152344,139.23313903808594,139.24293518066406,139.25331115722656,139.26365661621094,139.26365661621094,0.30340576171875,138.9602508544922,0.09102784232702962
2023-06-29,DEM,./DSMs/2023-06-29_DEM.tif,2025-12-15T15:42:48.192684Z,4.10.dev351+g6d26a0230,default_602,138.48263549804688,138.48263549804688,138.25592041015625,138.705810546875,138.3534393310547,138.3707733154297,138.3877410888672,138.4052276611328,138.42330932617188,138.44041442871094,138.45445251464844,138.4717254638672,138.48263549804688,138.49485778808594,138.32952880859375,138.51092529296875,138.5301055908203,138.549560546875,138.57162475585938,138.59019470214844,138.60983276367188,138.63331604003906,138.65565490722656,138.65565490722656,0.3650054931640625,138.2906494140625,0.10223523894410096
2023-06-29,DEM,./DSMs/2023-06-29_DEM.tif,2025-12-15T15:42:48.192684Z,4.10.dev351+g6d26a0230,default_603,138.52674865722656,138.52674865722656,138.3036651611328,138.6998748779297,138.38226318359375,138.3997802734375,138.4144287109375,138.4287109375,138.44114685058594,138.45652770996094,138.48294067382812,138.50711059570312,138.52674865722656,138.5418701171875,138.35482788085938,138.5576629638672,138.5715789794922,138.5845184326172,138.59864807128906,138.60870361328125,138.62258911132812,138.63900756835938,138.65235900878906,138.65235900878906,0.3294677734375,138.32289123535156,0.0969134212180598
2023-06-29,DEM,./DSMs/2023-06-29_DEM.tif,2025-12-15T15:42:48.192684Z,4.10.dev351+g6d26a0230,default_701,139.2399139404297,139.2399139404297,138.81692504882812,139.4071807861328,139.1154022216797,139.13116455078125,139.14878845214844,139.1654052734375,139.1795654296875,139.19288635253906,139.20799255371094,139.2235870361328,139.2399139404297,139.25796508789062,139.09535217285156,139.26930236816406,139.2855224609375,139.2982635498047,139.307861328125,139.31930541992188,139.33248901367188,139.34161376953125,139.35154724121094,139.35154724121094,0.2806854248046875,139.07086181640625,0.08521951077777552
2023-06-29,DEM,./DSMs/2023-06-29_DEM.tif,2025-12-15T15:42:48.192684Z,4.10.dev351+g6d26a0230,default_702,138.6962127685547,138.6962127685547,138.464599609375,138.8861541748047,138.56446838378906,138.59979248046875,138.61778259277344,138.62940979003906,138.64366149902344,138.65574645996094,138.6689910888672,138.6855926513672,138.6962127685547,138.7066192626953,138.5330810546875,138.718017578125,138.7353057861328,138.75291442871094,138.77561950683594,138.7960205078125,138.81491088867188,138.82810974121094,138.83885192871094,138.83885192871094,0.3426361083984375,138.4962158203125,0.09400186415454194
2023-06-29,DEM,./DSMs/2023-06-29_DEM.tif,2025-12-15T15:42:48.192684Z,4.10.dev351+g6d26a0230,default_703,138.0172119140625,138.0172119140625,137.80044555664062,138.19622802734375,137.88392639160156,137.89866638183594,137.91546630859375,137.93528747558594,137.9532470703125,137.96839904785156,137.98239135742188,138.00311279296875,138.0172119140625,138.03378295898438,137.86766052246094,138.04893493652344,138.0598602294922,138.07302856445312,138.0873565673828,138.09967041015625,138.11532592773438,138.1323699951172,138.1509246826172,138.1509246826172,0.318603515625,137.8323211669922,0.09144246125315798
2023-06-29,DEM,./DSMs/2023-06-29_DEM.tif,2025-12-15T15:42:48.192684Z,4.10.dev351+g6d26a0230,default_801,139.20555114746094,139.20555114746094,139.03736877441406,139.36029052734375,139.08572387695312,139.0958251953125,139.1099090576172,139.1256561279297,139.1391143798828,139.1583251953125,139.1727752685547,139.18507385253906,139.20555114746094,139.2180633544922,139.0743865966797,139.23641967773438,139.25146484375,139.2626953125,139.2748260498047,139.28944396972656,139.2990264892578,139.30911254882812,139.32614135742188,139.32614135742188,0.2713470458984375,139.05479431152344,0.0838808621546526
2023-06-29,DEM,./DSMs/2023-06-29_DEM.tif,2025-12-15T15:42:48.192684Z,4.10.dev351+g6d26a0230,default_802,139.04820251464844,139.04820251464844,138.86460876464844,139.2483673095703,138.91549682617188,138.9272003173828,138.94464111328125,138.96153259277344,138.97409057617188,138.99179077148438,139.00909423828125,139.030517578125,139.04820251464844,139.07098388671875,138.9042205810547,139.08700561523438,139.10165405273438,139.11895751953125,139.13192749023438,139.14453125,139.16134643554688,139.1748809814453,139.1934356689453,139.1934356689453,0.309326171875,138.8841094970703,0.09646764991701734
2023-06-29,DEM,./DSMs/2023-06-29_DEM.tif,2025-12-15T15:42:48.192684Z,4.10.dev351+g6d26a0230,default_803,138.37538146972656,138.37538146972656,138.18414306640625,138.55531311035156,138.25965881347656,138.2751922607422,138.29087829589844,138.30850219726562,138.32659912109375,138.3404541015625,138.35191345214844,138.36212158203125,138.37538146972656,138.3881072998047,138.23240661621094,138.400634765625,138.41754150390625,138.43310546875,138.44577026367188,138.46347045898438,138.47967529296875,138.4934844970703,138.51339721679688,138.51339721679688,0.3124847412109375,138.20091247558594,0.08672537166857097
2023-06-29,DEM,./DSMs/2023-06-29_DEM.tif,2025-12-15T15:42:48.192684Z,4.10.dev351+g6d26a0230,default_901,138.82159423828125,138.82159423828125,138.5677032470703,138.96421813964844,138.686767578125,138.7202606201172,138.74359130859375,138.7633514404297,138.7806854248047,138.7895050048828,138.7996368408203,138.8112030029297,138.82159423828125,138.83169555664062,138.65855407714844,138.8455810546875,138.86026000976562,138.8711700439453,138.88111877441406,138.89271545410156,138.90402221679688,138.9130859375,138.9250030517578,138.9250030517578,0.3153076171875,138.6096954345703,0.08293039254090767
2023-06-29,DEM,./DSMs/2023-06-29_DEM.tif,2025-12-15T15:42:48.192684Z,4.10.dev351+g6d26a0230,default_902,138.89576721191406,138.89576721191406,138.6500701904297,139.0554656982422,138.74107360839844,138.75897216796875,138.7786407470703,138.7943115234375,138.81234741210938,138.82916259765625,138.85531616210938,138.87869262695312,138.89576721191406,138.91346740722656,138.71823120117188,138.92523193359375,138.94149780273438,138.9525909423828,138.9640350341797,138.97781372070312,138.99317932128906,139.00672912597656,139.02359008789062,139.02359008789062,0.345916748046875,138.67767333984375,0.09957321858120553
2023-06-29,DEM,./DSMs/2023-06-29_DEM.tif,2025-12-15T15:42:48.192684Z,4.10.dev351+g6d26a0230,default_903,138.19334411621094,138.19334411621094,137.94374084472656,138.36373901367188,138.06008911132812,138.09176635742188,138.11505126953125,138.1339111328125,138.1446990966797,138.1537628173828,138.16676330566406,138.18057250976562,138.19334411621094,138.20860290527344,138.02427673339844,138.2205047607422,138.23178100585938,138.24356079101562,138.25709533691406,138.2705078125,138.28558349609375,138.30078125,138.3187255859375,138.3187255859375,0.347686767578125,137.97103881835938,0.08839695417737733
2023-07-07,DEM,./DSMs/2023-07-07_DEM.tif,2025-12-15T15:42:48.441238Z,4.10.dev351+g6d26a0230,default_101,97.44061279296875,97.44061279296875,97.0162124633789,97.78673553466797,97.21113586425781,97.27404022216797,97.3177719116211,97.36508178710938,97.3812026977539,97.39639282226562,97.40975952148438,97.42261505126953,97.44061279296875,97.45674133300781,97.16526794433594,97.47712707519531,97.50643157958984,97.54093933105469,97.57170867919922,97.60063934326172,97.62627410888672,97.65556335449219,97.68633270263672,97.68633270263672,0.5639419555664062,97.12239074707031,0.15471963303284966
2023-07-07,DEM,./DSMs/2023-07-07_DEM.tif,2025-12-15T15:42:48.441238Z,4.10.dev351+g6d26a0230,default_102,97.44883728027344,97.44883728027344,97.25833892822266,97.73784637451172,97.32485961914062,97.34317779541016,97.35763549804688,97.37025451660156,97.38545227050781,97.40435028076172,97.41586303710938,97.435546875,97.44883728027344,97.46278381347656,97.29747772216797,97.4902572631836,97.5093002319336,97.52445983886719,97.53346252441406,97.54603576660156,97.56026458740234,97.57331085205078,97.58795928955078,97.58795928955078,0.30994415283203125,97.27801513671875,0.096026711142871
2023-07-07,DEM,./DSMs/2023-07-07_DEM.tif,2025-12-15T15:42:48.441238Z,4.10.dev351+g6d26a0230,default_103,97.59445190429688,97.59445190429688,97.30561828613281,97.88920593261719,97.4129638671875,97.44508361816406,97.48007202148438,97.514404296875,97.5387954711914,97.5615005493164,97.57511138916016,97.58451843261719,97.59445190429688,97.6029281616211,97.36869049072266,97.61066436767578,97.62037658691406,97.63114166259766,97.6518783569336,97.6927719116211,97.72709655761719,97.76813507080078,97.7977523803711,97.7977523803711,0.4624786376953125,97.33527374267578,0.12187941159734172
2023-07-07,DEM,./DSMs/2023-07-07_DEM.tif,2025-12-15T15:42:48.441238Z,4.10.dev351+g6d26a0230,default_201,97.47041320800781,97.47041320800781,97.14657592773438,97.65824890136719,97.31669616699219,97.36917877197266,97.3951416015625,97.41036987304688,97.4244384765625,97.44192504882812,97.45171356201172,97.46019744873047,97.47041320800781,97.48157501220703,97.25376892089844,97.49192810058594,97.50117492675781,97.51376342773438,97.52723693847656,97.5407943725586,97.55787658691406,97.5729751586914,97.5933837890625,97.5933837890625,0.38965606689453125,97.20372772216797,0.09644892700826442
2023-07-07,DEM,./DSMs/2023-07-07_DEM.tif,2025-12-15T15:42:48.441238Z,4.10.dev351+g6d26a0230,default_202,97.89978790283203,97.89978790283203,97.60537719726562,98.16026306152344,97.7074203491211,97.74779510498047,97.78595733642578,97.81460571289062,97.83068084716797,97.84950256347656,97.86640930175781,97.88536071777344,97.89978790283203,97.91759490966797,97.68019104003906,97.93561553955078,97.94669342041016,97.95857238769531,97.97105407714844,97.9804916381836,97.99160766601562,98.00822448730469,98.0259017944336,98.0259017944336,0.372161865234375,97.65373992919922,0.10783829438938386
2023-07-07,DEM,./DSMs/2023-07-07_DEM.tif,2025-12-15T15:42:48.441238Z,4.10.dev351+g6d26a0230,default_203,97.53695678710938,97.53695678710938,97.23143005371094,97.72857666015625,97.32695007324219,97.35382843017578,97.37356567382812,97.40423583984375,97.430419921875,97.45681762695312,97.48673248291016,97.51416778564453,97.53695678710938,97.55785369873047,97.2989273071289,97.56880187988281,97.57610321044922,97.58396911621094,97.59431457519531,97.60382080078125,97.61280059814453,97.62246704101562,97.64618682861328,97.64618682861328,0.38501739501953125,97.26116943359375,0.11399308897443744
2023-07-07,DEM,./DSMs/2023-07-07_DEM.tif,2025-12-15T15:42:48.441238Z,4.10.dev351+g6d26a0230,default_301,97.48564910888672,97.48564910888672,97.16893768310547,97.75542449951172,97.2965087890625,97.36377716064453,97.39893341064453,97.42181396484375,97.44146728515625,97.45413208007812,97.46395111083984,97.47476196289062,97.48564910888672,97.49512481689453,97.24506378173828,97.50447082519531,97.51700592041016,97.52791595458984,97.5380859375,97.551513671875,97.57453155517578,97.61335754394531,97.65383911132812,97.65383911132812,0.4459686279296875,97.20787048339844,0.1115265163791161
2023-07-07,DEM,./DSMs/2023-07-07_DEM.tif,2025-12-15T15:42:48.441238Z,4.10.dev351+g6d26a0230,default_302,98.33699035644531,98.33699035644531,98.023681640625,98.64690399169922,98.1346664428711,98.1548843383789,98.18125915527344,98.20478820800781,98.2347412109375,98.26464080810547,98.29972076416016,98.32311248779297,98.33699035644531,98.34581756591797,98.10230255126953,98.35662841796875,98.37109375,98.38958740234375,98.40812683105469,98.44821166992188,98.47598266601562,98.51260375976562,98.56632232666016,98.56632232666016,0.5075531005859375,98.05876922607422,0.13910554548476103
2023-07-07,DEM,./DSMs/2023-07-07_DEM.tif,2025-12-15T15:42:48.441238Z,4.10.dev351+g6d26a0230,default_303,98.05224609375,98.05224609375,97.70846557617188,98.34529113769531,97.82982635498047,97.88526916503906,97.92744445800781,97.96993255615234,97.99395751953125,98.00243377685547,98.01062774658203,98.02142333984375,98.05224609375,98.087646484375,97.7739486694336,98.10706329345703,98.12914276123047,98.14533996582031,98.15913391113281,98.17951965332031,98.1993408203125,98.22444915771484,98.25812530517578,98.25812530517578,0.5299453735351562,97.72817993164062,0.14322653752299142
2023-07-07,DEM,./DSMs/2023-07-07_DEM.tif,2025-12-15T15:42:48.441238Z,4.10.dev351+g6d26a0230,default_401,97.7935791015625,97.7935791015625,97.49005889892578,98.20719146728516,97.59249114990234,97.63133239746094,97.6659927368164,97.70500183105469,97.73173522949219,97.75041198730469,97.76943969726562,97.78069305419922,97.7935791015625,97.80998992919922,97.56566619873047,97.82258605957031,97.83372497558594,97.8486328125,97.86602020263672,97.89492797851562,97.92664337158203,97.9570083618164,98.00042724609375,98.00042724609375,0.46756744384765625,97.5328598022461,0.1284481426505516
2023-07-07,DEM,./DSMs/2023-07-07_DEM.tif,2025-12-15T15:42:48.441238Z,4.10.dev351+g6d26a0230,default_402,97.45087432861328,97.45087432861328,97.27131652832031,97.69232940673828,97.32339477539062,97.33612823486328,97.35353088378906,97.37109375,97.39080047607422,97.40899658203125,97.42245483398438,97.43923950195312,97.45087432861328,97.46556854248047,97.3060531616211,97.4816665649414,97.4927749633789,97.50448608398438,97.51687622070312,97.52584075927734,97.53406524658203,97.54618835449219,97.562744140625,97.562744140625,0.27520751953125,97.28753662109375,0.08347994930382113
2023-07-07,DEM,./DSMs/2023-07-07_DEM.tif,2025-12-15T15:42:48.441238Z,4.10.dev351+g6d26a0230,default_403,98.36853790283203,98.36853790283203,98.0295181274414,98.6828384399414,98.11476135253906,98.17101287841797,98.20829010009766,98.25115203857422,98.29476165771484,98.32896423339844,98.34877014160156,98.3592529296875,98.36853790283203,98.38015747070312,98.06949615478516,98.39208984375,98.4234390258789,98.45976257324219,98.49439239501953,98.52030944824219,98.5504379272461,98.56890869140625,98.59330749511719,98.59330749511719,0.545074462890625,98.04823303222656,0.1585859704047816
2023-07-07,DEM,./DSMs/2023-07-07_DEM.tif,2025-12-15T15:42:48.441238Z,4.10.dev351+g6d26a0230,default_501,97.86814880371094,97.86814880371094,97.52428436279297,98.13151550292969,97.65884399414062,97.69789123535156,97.73384094238281,97.76007080078125,97.78270721435547,97.80831909179688,97.83163452148438,97.8544692993164,97.86814880371094,97.88227081298828,97.61608123779297,97.89509582519531,97.90360260009766,97.91170501708984,97.92280578613281,97.93448638916016,97.94556427001953,97.96817779541016,97.99359893798828,97.99359893798828,0.41649627685546875,97.57710266113281,0.11560213521956862
2023-07-07,DEM,./DSMs/2023-07-07_DEM.tif,2025-12-15T15:42:48.441238Z,4.10.dev351+g6d26a0230,default_502,97.410888671875,97.410888671875,97.16343688964844,97.62132263183594,97.27778625488281,97.29647064208984,97.31636810302734,97.33493041992188,97.35567474365234,97.37158203125,97.38511657714844,97.4000015258789,97.410888671875,97.41874694824219,97.25633239746094,97.4286880493164,97.4397201538086,97.45075988769531,97.46617889404297,97.484375,97.49678802490234,97.51356506347656,97.53465270996094,97.53465270996094,0.299835205078125,97.23481750488281,0.08517341954879065
2023-07-07,DEM,./DSMs/2023-07-07_DEM.tif,2025-12-15T15:42:48.441238Z,4.10.dev351+g6d26a0230,default_503,98.32200622558594,98.32200622558594,98.03814697265625,98.59211730957031,98.1238021850586,98.1435546875,98.15620422363281,98.17140197753906,98.1946029663086,98.24079132080078,98.2737808227539,98.30205535888672,98.32200622558594,98.33829498291016,98.08312225341797,98.3478012084961,98.35646057128906,98.3670883178711,98.37814331054688,98.38850402832031,98.41421508789062,98.4396743774414,98.47381591796875,98.47381591796875,0.41556549072265625,98.0582504272461,0.12226793761614026
2023-07-07,DEM,./DSMs/2023-07-07_DEM.tif,2025-12-15T15:42:48.441238Z,4.10.dev351+g6d26a0230,default_601,98.25703430175781,98.25703430175781,97.95824432373047,98.50311279296875,98.08773803710938,98.1070785522461,98.13045501708984,98.1513671875,98.1767578125,98.20347595214844,98.22760772705078,98.24229431152344,98.25703430175781,98.26575469970703,98.05718231201172,98.27285766601562,98.27991485595703,98.28932189941406,98.29910278320312,98.30765533447266,98.3189697265625,98.3360366821289,98.35459899902344,98.35459899902344,0.3532257080078125,98.00137329101562,0.09558737419446992
2023-07-07,DEM,./DSMs/2023-07-07_DEM.tif,2025-12-15T15:42:48.441238Z,4.10.dev351+g6d26a0230,default_602,97.87548065185547,97.87548065185547,97.64803314208984,98.1456069946289,97.72545623779297,97.7658462524414,97.78726959228516,97.80963897705078,97.82151794433594,97.8306655883789,97.84465789794922,97.85812377929688,97.87548065185547,97.89825439453125,97.69855499267578,97.92144012451172,97.94194793701172,97.95510864257812,97.9699935913086,97.9789810180664,97.98957824707031,98.00265502929688,98.01676940917969,98.01676940917969,0.34891510009765625,97.66785430908203,0.1014232077149079
2023-07-07,DEM,./DSMs/2023-07-07_DEM.tif,2025-12-15T15:42:48.441238Z,4.10.dev351+g6d26a0230,default_603,98.32235717773438,98.32235717773438,98.04058837890625,98.60035705566406,98.12469482421875,98.1428451538086,98.15760040283203,98.17741394042969,98.20006561279297,98.23851013183594,98.27782440185547,98.30632781982422,98.32235717773438,98.33622741699219,98.0833511352539,98.34614562988281,98.35602569580078,98.36488342285156,98.37518310546875,98.38943481445312,98.41732025146484,98.44467163085938,98.47602844238281,98.47602844238281,0.41982269287109375,98.05620574951172,0.12250235327511369
2023-07-07,DEM,./DSMs/2023-07-07_DEM.tif,2025-12-15T15:42:48.441238Z,4.10.dev351+g6d26a0230,default_701,98.15520477294922,98.15520477294922,97.7897720336914,98.46160888671875,97.9982681274414,98.03426361083984,98.0685806274414,98.08648681640625,98.104736328125,98.11637115478516,98.13524627685547,98.14669036865234,98.15520477294922,98.16455841064453,97.94696044921875,98.17504119873047,98.18431091308594,98.1951904296875,98.21231079101562,98.23233795166016,98.2706069946289,98.31049346923828,98.3541030883789,98.3541030883789,0.46498870849609375,97.88911437988281,0.11323748235076972
2023-07-07,DEM,./DSMs/2023-07-07_DEM.tif,2025-12-15T15:42:48.441238Z,4.10.dev351+g6d26a0230,default_702,97.90458679199219,97.90458679199219,97.59983825683594,98.18934631347656,97.76580810546875,97.78851318359375,97.812744140625,97.82693481445312,97.845703125,97.86075592041016,97.8743896484375,97.89179992675781,97.90458679199219,97.91754913330078,97.70757293701172,97.93014526367188,97.9396743774414,97.9489517211914,97.96022033691406,97.97250366210938,97.98200988769531,97.99532318115234,98.02500915527344,98.02500915527344,0.36357879638671875,97.66143035888672,0.09364198221879749
2023-07-07,DEM,./DSMs/2023-07-07_DEM.tif,2025-12-15T15:42:48.441238Z,4.10.dev351+g6d26a0230,default_703,97.51384735107422,97.51384735107422,97.29680633544922,97.6997299194336,97.36845397949219,97.39093780517578,97.40735626220703,97.42667388916016,97.44863891601562,97.4692153930664,97.48567962646484,97.4977798461914,97.51384735107422,97.52528381347656,97.33746337890625,97.53903198242188,97.55489349365234,97.56571197509766,97.5736083984375,97.58264923095703,97.59510040283203,97.60567474365234,97.62217712402344,97.62217712402344,0.30040740966796875,97.32176971435547,0.08918848064907671
2023-07-07,DEM,./DSMs/2023-07-07_DEM.tif,2025-12-15T15:42:48.441238Z,4.10.dev351+g6d26a0230,default_801,98.24632263183594,98.24632263183594,97.97007751464844,98.39225006103516,98.06748962402344,98.10137939453125,98.1331787109375,98.15552520751953,98.18238830566406,98.20417022705078,98.22249603271484,98.23464965820312,98.24632263183594,98.25753784179688,98.03593444824219,98.2652359008789,98.27102661132812,98.27754211425781,98.28564453125,98.2959976196289,98.30498504638672,98.31388854980469,98.33219146728516,98.33219146728516,0.32489776611328125,98.00729370117188,0.09127175084009749
2023-07-07,DEM,./DSMs/2023-07-07_DEM.tif,2025-12-15T15:42:48.441238Z,4.10.dev351+g6d26a0230,default_802,98.19706726074219,98.19706726074219,97.98258209228516,98.4465103149414,98.06327819824219,98.07892608642578,98.0997314453125,98.1138916015625,98.13326263427734,98.15032958984375,98.1705093383789,98.18354034423828,98.19706726074219,98.21910858154297,98.04467010498047,98.23219299316406,98.25068664550781,98.268798828125,98.28614807128906,98.30172729492188,98.3138656616211,98.3348388671875,98.36215209960938,98.36215209960938,0.3431854248046875,98.01896667480469,0.10081405950694183
2023-07-07,DEM,./DSMs/2023-07-07_DEM.tif,2025-12-15T15:42:48.441238Z,4.10.dev351+g6d26a0230,default_803,97.8960952758789,97.8960952758789,97.67111206054688,98.04693603515625,97.75106811523438,97.77860260009766,97.80946350097656,97.82849884033203,97.84688568115234,97.85965728759766,97.87037658691406,97.88400268554688,97.8960952758789,97.90740203857422,97.72789764404297,97.92545318603516,97.94073486328125,97.95266723632812,97.9657211303711,97.97318267822266,97.97956848144531,97.98743438720703,97.99996185302734,97.99996185302734,0.301025390625,97.69893646240234,0.08628731932262326
2023-07-07,DEM,./DSMs/2023-07-07_DEM.tif,2025-12-15T15:42:48.441238Z,4.10.dev351+g6d26a0230,default_901,97.94129943847656,97.94129943847656,97.59243774414062,98.17619323730469,97.76351928710938,97.81240844726562,97.85576629638672,97.8758773803711,97.89250946044922,97.90230560302734,97.91443634033203,97.93009948730469,97.94129943847656,97.9515380859375,97.69216918945312,97.9731216430664,97.99388122558594,98.0147705078125,98.03035736083984,98.0491943359375,98.06520080566406,98.08290100097656,98.10519409179688,98.10519409179688,0.46593475341796875,97.6392593383789,0.11900637499790634
2023-07-07,DEM,./DSMs/2023-07-07_DEM.tif,2025-12-15T15:42:48.441238Z,4.10.dev351+g6d26a0230,default_902,98.3850326538086,98.3850326538086,98.03820037841797,98.65533447265625,98.14706420898438,98.18074035644531,98.2247314453125,98.263671875,98.30115509033203,98.3388900756836,98.3603744506836,98.37411499023438,98.3850326538086,98.39366149902344,98.11456298828125,98.40431213378906,98.41909790039062,98.44132232666016,98.48733520507812,98.51590728759766,98.53907775878906,98.56130981445312,98.59197998046875,98.59197998046875,0.51043701171875,98.08154296875,0.1454167554554677
2023-07-07,DEM,./DSMs/2023-07-07_DEM.tif,2025-12-15T15:42:48.441238Z,4.10.dev351+g6d26a0230,default_903,98.00827026367188,98.00827026367188,97.66465759277344,98.26265716552734,97.79527282714844,97.85208129882812,97.90611267089844,97.94898986816406,97.9684829711914,97.97723388671875,97.9874038696289,97.99873352050781,98.00827026367188,98.02437591552734,97.73452758789062,98.05687713623047,98.07937622070312,98.09796905517578,98.11381530761719,98.13347625732422,98.15022277832031,98.16822814941406,98.19587707519531,98.19587707519531,0.49645233154296875,97.69942474365234,0.13417680898632164
2023-07-12,DEM,./DSMs/2023-07-12_DEM.tif,2025-12-15T15:42:48.918420Z,4.10.dev351+g6d26a0230,default_101,129.5110321044922,129.5110321044922,129.0873565673828,129.81480407714844,129.1364288330078,129.15768432617188,129.1993865966797,129.23178100585938,129.2508087158203,129.3076629638672,129.37986755371094,129.45335388183594,129.5110321044922,129.55262756347656,129.12417602539062,129.58966064453125,129.6114044189453,129.6309356689453,129.64605712890625,129.6608428955078,129.6736602783203,129.686767578125,129.71414184570312,129.71414184570312,0.6085052490234375,129.1056365966797,0.21499459268900067
2023-07-12,DEM,./DSMs/2023-07-12_DEM.tif,2025-12-15T15:42:48.918420Z,4.10.dev351+g6d26a0230,default_102,129.27008056640625,129.27008056640625,128.98483276367188,129.57667541503906,129.04136657714844,129.05905151367188,129.0990447998047,129.130615234375,129.1492462158203,129.16586303710938,129.19483947753906,129.23638916015625,129.27008056640625,129.29452514648438,129.02392578125,129.31829833984375,129.34385681152344,129.37060546875,129.39602661132812,129.4227294921875,129.45181274414062,129.4835205078125,129.5164031982422,129.5164031982422,0.510986328125,129.0054168701172,0.15958231638521722
2023-07-12,DEM,./DSMs/2023-07-12_DEM.tif,2025-12-15T15:42:48.918420Z,4.10.dev351+g6d26a0230,default_103,129.33001708984375,129.33001708984375,128.9807586669922,129.60757446289062,129.03564453125,129.05545043945312,129.08010864257812,129.10342407226562,129.12539672851562,129.14108276367188,129.18746948242188,129.2662353515625,129.33001708984375,129.36819458007812,129.02145385742188,129.39895629882812,129.41586303710938,129.43463134765625,129.45855712890625,129.48458862304688,129.5084686279297,129.52822875976562,129.5494842529297,129.5494842529297,0.5415496826171875,129.0079345703125,0.18793945376327043
2023-07-12,DEM,./DSMs/2023-07-12_DEM.tif,2025-12-15T15:42:48.918420Z,4.10.dev351+g6d26a0230,default_201,129.43576049804688,129.43576049804688,129.08338928222656,129.62362670898438,129.13946533203125,129.1669921875,129.20462036132812,129.2191162109375,129.2332000732422,129.25474548339844,129.30833435058594,129.37908935546875,129.43576049804688,129.47723388671875,129.1220703125,129.49742126464844,129.51348876953125,129.52195739746094,129.52967834472656,129.5384979248047,129.54885864257812,129.55709838867188,129.5679473876953,129.5679473876953,0.4672698974609375,129.10067749023438,0.16391319650159608
2023-07-12,DEM,./DSMs/2023-07-12_DEM.tif,2025-12-15T15:42:48.918420Z,4.10.dev351+g6d26a0230,default_202,129.5192108154297,129.5192108154297,129.1686553955078,129.72671508789062,129.22340393066406,129.2469482421875,129.2841033935547,129.31346130371094,129.34129333496094,129.37969970703125,129.41427612304688,129.470703125,129.5192108154297,129.54537963867188,129.2107696533203,129.56529235839844,129.58602905273438,129.5982666015625,129.61050415039062,129.62460327148438,129.63784790039062,129.65164184570312,129.67718505859375,129.67718505859375,0.485565185546875,129.19161987304688,0.1621221314687256
2023-07-12,DEM,./DSMs/2023-07-12_DEM.tif,2025-12-15T15:42:48.918420Z,4.10.dev351+g6d26a0230,default_203,129.2103271484375,129.2103271484375,128.91143798828125,129.404541015625,128.97482299804688,129.0037841796875,129.0301055908203,129.05494689941406,129.0799102783203,129.10794067382812,129.1431427001953,129.18560791015625,129.2103271484375,129.23670959472656,128.9539794921875,129.2552490234375,129.2742156982422,129.2921905517578,129.310302734375,129.322021484375,129.33132934570312,129.34239196777344,129.3578338623047,129.3578338623047,0.42755126953125,128.93028259277344,0.13768161708407448
2023-07-12,DEM,./DSMs/2023-07-12_DEM.tif,2025-12-15T15:42:48.918420Z,4.10.dev351+g6d26a0230,default_301,129.45289611816406,129.45289611816406,129.0443115234375,129.7705535888672,129.1188201904297,129.15835571289062,129.19500732421875,129.2123260498047,129.23556518554688,129.25733947753906,129.3234100341797,129.3950653076172,129.45289611816406,129.5033416748047,129.09458923339844,129.52955627441406,129.55181884765625,129.56732177734375,129.58636474609375,129.59976196289062,129.61492919921875,129.63746643066406,129.66883850097656,129.66883850097656,0.592742919921875,129.0760955810547,0.199220318861992
2023-07-12,DEM,./DSMs/2023-07-12_DEM.tif,2025-12-15T15:42:48.918420Z,4.10.dev351+g6d26a0230,default_302,129.78453063964844,129.78453063964844,129.36485290527344,130.02816772460938,129.43255615234375,129.4583740234375,129.50144958496094,129.5311279296875,129.5770721435547,129.63294982910156,129.6970672607422,129.75059509277344,129.78453063964844,129.80929565429688,129.4081268310547,129.833740234375,129.8492431640625,129.86972045898438,129.8837127685547,129.90379333496094,129.91514587402344,129.92579650878906,129.9431915283203,129.9431915283203,0.5611114501953125,129.382080078125,0.18773144042338422
2023-07-12,DEM,./DSMs/2023-07-12_DEM.tif,2025-12-15T15:42:48.918420Z,4.10.dev351+g6d26a0230,default_303,129.62750244140625,129.62750244140625,129.1380615234375,129.76889038085938,129.2073516845703,129.24513244628906,129.28790283203125,129.33926391601562,129.4176025390625,129.4923095703125,129.55419921875,129.59523010253906,129.62750244140625,129.6452178955078,129.17764282226562,129.65966796875,129.67335510253906,129.6812744140625,129.69058227539062,129.7022705078125,129.7118377685547,129.719970703125,129.72967529296875,129.72967529296875,0.57080078125,129.15887451171875,0.19582712335735808
2023-07-12,DEM,./DSMs/2023-07-12_DEM.tif,2025-12-15T15:42:48.918420Z,4.10.dev351+g6d26a0230,default_401,129.64097595214844,129.64097595214844,129.09011840820312,129.95884704589844,129.31588745117188,129.3642578125,129.39321899414062,129.43081665039062,129.482177734375,129.5359649658203,129.57916259765625,129.61471557617188,129.64097595214844,129.66860961914062,129.2800750732422,129.68959045410156,129.7107391357422,129.72998046875,129.75201416015625,129.7709503173828,129.79098510742188,129.80738830566406,129.85000610351562,129.85000610351562,0.5970306396484375,129.2529754638672,0.18415669126588166
2023-07-12,DEM,./DSMs/2023-07-12_DEM.tif,2025-12-15T15:42:48.918420Z,4.10.dev351+g6d26a0230,default_402,129.24400329589844,129.24400329589844,129.0247802734375,129.5645751953125,129.0799102783203,129.09754943847656,129.12057495117188,129.1373291015625,129.15692138671875,129.17433166503906,129.19046020507812,129.21165466308594,129.24400329589844,129.28221130371094,129.060791015625,129.32052612304688,129.35552978515625,129.3848876953125,129.4095916748047,129.4287109375,129.44288635253906,129.45660400390625,129.4791259765625,129.4791259765625,0.434906005859375,129.04421997070312,0.14381342413709172
2023-07-12,DEM,./DSMs/2023-07-12_DEM.tif,2025-12-15T15:42:48.918420Z,4.10.dev351+g6d26a0230,default_403,129.72703552246094,129.72703552246094,129.28326416015625,129.9430694580078,129.3274383544922,129.34878540039062,129.39993286132812,129.4374237060547,129.51055908203125,129.58908081054688,129.65573120117188,129.7040252685547,129.72703552246094,129.74981689453125,129.30853271484375,129.76625061035156,129.79002380371094,129.81246948242188,129.83587646484375,129.85093688964844,129.8673095703125,129.8777313232422,129.8893280029297,129.8893280029297,0.596221923828125,129.29310607910156,0.2066756568206499
2023-07-12,DEM,./DSMs/2023-07-12_DEM.tif,2025-12-15T15:42:48.918420Z,4.10.dev351+g6d26a0230,default_501,129.63995361328125,129.63995361328125,129.2400665283203,129.8643035888672,129.30604553222656,129.34803771972656,129.38690185546875,129.40830993652344,129.43377685546875,129.48428344726562,129.54991149902344,129.60604858398438,129.63995361328125,129.6682586669922,129.28427124023438,129.6842803955078,129.70176696777344,129.71728515625,129.73182678222656,129.74600219726562,129.75624084472656,129.76644897460938,129.78858947753906,129.78858947753906,0.52734375,129.26124572753906,0.17486186874493947
2023-07-12,DEM,./DSMs/2023-07-12_DEM.tif,2025-12-15T15:42:48.918420Z,4.10.dev351+g6d26a0230,default_502,129.20016479492188,129.20016479492188,129.01316833496094,129.47186279296875,129.08639526367188,129.105712890625,129.129150390625,129.15298461914062,129.1640167236328,129.17091369628906,129.18043518066406,129.1927490234375,129.20016479492188,129.2086181640625,129.07115173339844,129.2173309326172,129.2301025390625,129.24537658691406,129.26495361328125,129.28709411621094,129.31280517578125,129.3324737548828,129.36090087890625,129.36090087890625,0.317596435546875,129.04330444335938,0.08772183850278856
2023-07-12,DEM,./DSMs/2023-07-12_DEM.tif,2025-12-15T15:42:48.918420Z,4.10.dev351+g6d26a0230,default_503,129.62875366210938,129.62875366210938,129.27305603027344,129.89541625976562,129.3142547607422,129.3363494873047,129.36996459960938,129.39816284179688,129.43246459960938,129.46249389648438,129.5316162109375,129.59564208984375,129.62875366210938,129.6447296142578,129.2958984375,129.66738891601562,129.69166564941406,129.72544860839844,129.75579833984375,129.7754669189453,129.79225158691406,129.80654907226562,129.82977294921875,129.82977294921875,0.548431396484375,129.28134155273438,0.1850873441073265
2023-07-12,DEM,./DSMs/2023-07-12_DEM.tif,2025-12-15T15:42:48.918420Z,4.10.dev351+g6d26a0230,default_601,129.79591369628906,129.79591369628906,129.4002685546875,129.99142456054688,129.47743225097656,129.52029418945312,129.5515899658203,129.5695037841797,129.5929718017578,129.64016723632812,129.70542907714844,129.76405334472656,129.79591369628906,129.81396484375,129.4470977783203,129.83030700683594,129.8429718017578,129.86221313476562,129.87673950195312,129.89137268066406,129.9071502685547,129.91929626464844,129.93817138671875,129.93817138671875,0.509490966796875,129.42868041992188,0.16693306870888705
2023-07-12,DEM,./DSMs/2023-07-12_DEM.tif,2025-12-15T15:42:48.918420Z,4.10.dev351+g6d26a0230,default_602,129.46148681640625,129.46148681640625,129.1429443359375,129.72799682617188,129.21841430664062,129.24061584472656,129.2629852294922,129.29165649414062,129.31134033203125,129.3294677734375,129.3522491455078,129.40243530273438,129.46148681640625,129.5078887939453,129.1954803466797,129.54188537597656,129.56256103515625,129.58184814453125,129.60028076171875,129.6199188232422,129.63739013671875,129.65292358398438,129.67416381835938,129.67416381835938,0.504669189453125,129.16949462890625,0.16719245170971855
2023-07-12,DEM,./DSMs/2023-07-12_DEM.tif,2025-12-15T15:42:48.918420Z,4.10.dev351+g6d26a0230,default_603,129.59814453125,129.59814453125,129.23629760742188,129.81814575195312,129.28948974609375,129.3192596435547,129.3572540283203,129.37591552734375,129.39227294921875,129.42086791992188,129.49423217773438,129.5525665283203,129.59814453125,129.6315460205078,129.2727508544922,129.6475067138672,129.66934204101562,129.68829345703125,129.71466064453125,129.73318481445312,129.74964904785156,129.7574920654297,129.766357421875,129.766357421875,0.5137786865234375,129.25257873535156,0.17681092327254574
2023-07-12,DEM,./DSMs/2023-07-12_DEM.tif,2025-12-15T15:42:48.918420Z,4.10.dev351+g6d26a0230,default_701,129.69464111328125,129.69464111328125,129.36541748046875,129.9152374267578,129.44427490234375,129.48007202148438,129.50411987304688,129.52578735351562,129.5434112548828,129.56637573242188,129.62367248535156,129.6663055419922,129.69464111328125,129.7150115966797,129.41461181640625,129.7273712158203,129.7420654296875,129.7552490234375,129.76776123046875,129.78448486328125,129.7993927001953,129.81869506835938,129.8357696533203,129.8357696533203,0.4410858154296875,129.39468383789062,0.13952377391144047
2023-07-12,DEM,./DSMs/2023-07-12_DEM.tif,2025-12-15T15:42:48.918420Z,4.10.dev351+g6d26a0230,default_702,129.5550994873047,129.5550994873047,129.1947784423828,129.7202606201172,129.28094482421875,129.3335418701172,129.3724822998047,129.40213012695312,129.43154907226562,129.47824096679688,129.51490783691406,129.53680419921875,129.5550994873047,129.56423950195312,129.24693298339844,129.5743408203125,129.5877685546875,129.59698486328125,129.60691833496094,129.61846923828125,129.6295928955078,129.63986206054688,129.6563262939453,129.6563262939453,0.434814453125,129.2215118408203,0.13128082547259137
2023-07-12,DEM,./DSMs/2023-07-12_DEM.tif,2025-12-15T15:42:48.918420Z,4.10.dev351+g6d26a0230,default_703,129.27027893066406,129.27027893066406,128.9773406982422,129.43499755859375,129.0480499267578,129.0862579345703,129.10792541503906,129.12557983398438,129.13587951660156,129.149658203125,129.17356872558594,129.23214721679688,129.27027893066406,129.28985595703125,129.02474975585938,129.3037109375,129.31375122070312,129.32171630859375,129.3296356201172,129.33970642089844,129.3538818359375,129.3660888671875,129.38563537597656,129.38563537597656,0.3799285888671875,129.00570678710938,0.11996501979090991
2023-07-12,DEM,./DSMs/2023-07-12_DEM.tif,2025-12-15T15:42:48.918420Z,4.10.dev351+g6d26a0230,default_801,129.72769165039062,129.72769165039062,129.4145965576172,129.91542053222656,129.48680114746094,129.52732849121094,129.5588836669922,129.5760498046875,129.59791564941406,129.63877868652344,129.67840576171875,129.7065887451172,129.72769165039062,129.7505340576172,129.4555206298828,129.76153564453125,129.7713165283203,129.7838897705078,129.7932586669922,129.8033447265625,129.81570434570312,129.82972717285156,129.84483337402344,129.84483337402344,0.4102020263671875,129.43463134765625,0.1268100054460694
2023-07-12,DEM,./DSMs/2023-07-12_DEM.tif,2025-12-15T15:42:48.918420Z,4.10.dev351+g6d26a0230,default_802,129.59994506835938,129.59994506835938,129.39854431152344,129.8221893310547,129.44618225097656,129.47393798828125,129.50405883789062,129.5269775390625,129.55088806152344,129.56277465820312,129.57318115234375,129.5877685546875,129.59994506835938,129.6156005859375,129.432373046875,129.63525390625,129.6513671875,129.6712188720703,129.6865692138672,129.70587158203125,129.7212371826172,129.74185180664062,129.76412963867188,129.76412963867188,0.3491973876953125,129.41493225097656,0.10326228523124299
2023-07-12,DEM,./DSMs/2023-07-12_DEM.tif,2025-12-15T15:42:48.918420Z,4.10.dev351+g6d26a0230,default_803,129.48788452148438,129.48788452148438,129.1416015625,129.59481811523438,129.21286010742188,129.24525451660156,129.27491760253906,129.29640197753906,129.33187866210938,129.38584899902344,129.4307098388672,129.46495056152344,129.48788452148438,129.5005645751953,129.1806182861328,129.51121520996094,129.51824951171875,129.52365112304688,129.52877807617188,129.53506469726562,129.54318237304688,129.5513458251953,129.56076049804688,129.56076049804688,0.39990234375,129.16085815429688,0.1307246372706281
2023-07-12,DEM,./DSMs/2023-07-12_DEM.tif,2025-12-15T15:42:48.918420Z,4.10.dev351+g6d26a0230,default_901,129.68663024902344,129.68663024902344,129.22573852539062,129.88987731933594,129.30691528320312,129.3403778076172,129.36773681640625,129.39358520507812,129.43653869628906,129.4995880126953,129.58676147460938,129.6475830078125,129.68663024902344,129.7146453857422,129.28012084960938,129.7358856201172,129.75352478027344,129.76292419433594,129.77210998535156,129.78355407714844,129.7918243408203,129.80018615722656,129.81463623046875,129.81463623046875,0.56243896484375,129.252197265625,0.19454050379135387
2023-07-12,DEM,./DSMs/2023-07-12_DEM.tif,2025-12-15T15:42:48.918420Z,4.10.dev351+g6d26a0230,default_902,129.6892852783203,129.6892852783203,129.3136749267578,130.00660705566406,129.3729248046875,129.4001007080078,129.4363555908203,129.47337341308594,129.49658203125,129.5162353515625,129.5514373779297,129.62684631347656,129.6892852783203,129.74864196777344,129.35739135742188,129.78245544433594,129.8133544921875,129.8415985107422,129.8657989501953,129.88250732421875,129.9032745361328,129.91514587402344,129.9266357421875,129.9266357421875,0.593231201171875,129.33340454101562,0.2064943084120391
2023-07-12,DEM,./DSMs/2023-07-12_DEM.tif,2025-12-15T15:42:48.918420Z,4.10.dev351+g6d26a0230,default_903,129.55523681640625,129.55523681640625,129.08778381347656,129.71908569335938,129.16094970703125,129.1995849609375,129.22640991210938,129.25265502929688,129.2767333984375,129.34915161132812,129.4341278076172,129.50509643554688,129.55523681640625,129.58221435546875,129.13345336914062,129.601806640625,129.61761474609375,129.63168334960938,129.63931274414062,129.6467742919922,129.65785217285156,129.668212890625,129.67709350585938,129.67709350585938,0.5652923583984375,129.11180114746094,0.19921141670877332
2023-07-17,DEM,./DSMs/2023-07-17_DEM.tif,2025-12-15T15:42:49.034374Z,4.10.dev351+g6d26a0230,default_101,101.50074768066406,101.50074768066406,100.98409271240234,101.84086608886719,101.09928131103516,101.18702697753906,101.24105834960938,101.29054260253906,101.3737564086914,101.42141723632812,101.45469665527344,101.47713470458984,101.50074768066406,101.51608276367188,101.0647964477539,101.53483581542969,101.5510482788086,101.57099151611328,101.58970642089844,101.6124496459961,101.62760162353516,101.64979553222656,101.67221069335938,101.67221069335938,0.642730712890625,101.02947998046875,0.1940717579568569
2023-07-17,DEM,./DSMs/2023-07-17_DEM.tif,2025-12-15T15:42:49.034374Z,4.10.dev351+g6d26a0230,default_102,101.54292297363281,101.54292297363281,101.06473541259766,101.7720947265625,101.14653015136719,101.21389770507812,101.26300811767578,101.29484558105469,101.36196899414062,101.43854522705078,101.49236297607422,101.52127838134766,101.54292297363281,101.55867004394531,101.09837341308594,101.57943725585938,101.59777069091797,101.61473083496094,101.63033294677734,101.6466064453125,101.66407775878906,101.69111633300781,101.71626281738281,101.71626281738281,0.6363067626953125,101.0799560546875,0.19775403283867643
2023-07-17,DEM,./DSMs/2023-07-17_DEM.tif,2025-12-15T15:42:49.034374Z,4.10.dev351+g6d26a0230,default_103,101.56956481933594,101.56956481933594,101.0860595703125,101.8199234008789,101.15508270263672,101.2076416015625,101.24603271484375,101.27899169921875,101.29762268066406,101.37150573730469,101.47160339355469,101.5390396118164,101.56956481933594,101.58895111083984,101.12476348876953,101.60769653320312,101.6227798461914,101.63672637939453,101.6533203125,101.66841888427734,101.6879653930664,101.70942687988281,101.73950958251953,101.73950958251953,0.6317825317382812,101.10772705078125,0.2091824946277415
2023-07-17,DEM,./DSMs/2023-07-17_DEM.tif,2025-12-15T15:42:49.034374Z,4.10.dev351+g6d26a0230,default_201,101.51283264160156,101.51283264160156,101.06194305419922,102.31141662597656,101.12159729003906,101.18228912353516,101.23634338378906,101.26048278808594,101.2840347290039,101.35419464111328,101.42707824707031,101.48092651367188,101.51283264160156,101.54171752929688,101.09255981445312,101.55979919433594,101.57928466796875,101.59056091308594,101.59947204589844,101.60975646972656,101.61788940429688,101.62617492675781,101.63532257080078,101.63532257080078,0.5636520385742188,101.07167053222656,0.18990497127766043
2023-07-17,DEM,./DSMs/2023-07-17_DEM.tif,2025-12-15T15:42:49.034374Z,4.10.dev351+g6d26a0230,default_202,101.70832824707031,101.70832824707031,101.28423309326172,101.94599914550781,101.36936950683594,101.42241668701172,101.4669418334961,101.50225067138672,101.52891540527344,101.58219146728516,101.64124298095703,101.68598937988281,101.70832824707031,101.7341079711914,101.33641815185547,101.7495346069336,101.77241516113281,101.78828430175781,101.80864715576172,101.8227310180664,101.83450317382812,101.85332489013672,101.87569427490234,101.87569427490234,0.5700531005859375,101.3056411743164,0.1783400445316639
2023-07-17,DEM,./DSMs/2023-07-17_DEM.tif,2025-12-15T15:42:49.034374Z,4.10.dev351+g6d26a0230,default_203,101.45003509521484,101.45003509521484,101.03169250488281,101.65080261230469,101.14510345458984,101.19817352294922,101.23961639404297,101.26940155029297,101.29959106445312,101.35690307617188,101.39642333984375,101.42501831054688,101.45003509521484,101.4749755859375,101.08452606201172,101.49649047851562,101.51604461669922,101.53927612304688,101.55309295654297,101.56607818603516,101.57693481445312,101.58738708496094,101.60256958007812,101.60256958007812,0.5525436401367188,101.0500259399414,0.16671850889840464
2023-07-17,DEM,./DSMs/2023-07-17_DEM.tif,2025-12-15T15:42:49.034374Z,4.10.dev351+g6d26a0230,default_301,101.5826416015625,101.5826416015625,101.03863525390625,101.81564331054688,101.16522979736328,101.24456024169922,101.26982116699219,101.30996704101562,101.3969497680664,101.4808578491211,101.53278350830078,101.55987548828125,101.5826416015625,101.60163879394531,101.09730529785156,101.62097930908203,101.64289093017578,101.66572570800781,101.6817855834961,101.69871520996094,101.71210479736328,101.73130798339844,101.74835205078125,101.74835205078125,0.6800384521484375,101.06831359863281,0.2100858772337527
2023-07-17,DEM,./DSMs/2023-07-17_DEM.tif,2025-12-15T15:42:49.034374Z,4.10.dev351+g6d26a0230,default_302,102.05272674560547,102.05272674560547,101.51612854003906,102.26055908203125,101.6375732421875,101.70344543457031,101.7479476928711,101.8226318359375,101.90885162353516,101.97930908203125,102.0135498046875,102.03337860107422,102.05272674560547,102.06438446044922,101.5844955444336,102.07781219482422,102.09124755859375,102.1030502319336,102.12076568603516,102.13893127441406,102.16253662109375,102.1857681274414,102.20828247070312,102.20828247070312,0.661407470703125,101.546875,0.1980828381303814
2023-07-17,DEM,./DSMs/2023-07-17_DEM.tif,2025-12-15T15:42:49.034374Z,4.10.dev351+g6d26a0230,default_303,101.79883575439453,101.79883575439453,101.31896209716797,102.02032470703125,101.44679260253906,101.51712799072266,101.5865249633789,101.67317962646484,101.71350860595703,101.73674011230469,101.76014709472656,101.78136444091797,101.79883575439453,101.81592559814453,101.37577056884766,101.82999420166016,101.84860229492188,101.86214447021484,101.87887573242188,101.898681640625,101.91532897949219,101.94071197509766,101.97571563720703,101.97571563720703,0.6380996704101562,101.33761596679688,0.1767747820372865
2023-07-17,DEM,./DSMs/2023-07-17_DEM.tif,2025-12-15T15:42:49.034374Z,4.10.dev351+g6d26a0230,default_401,101.7623062133789,101.7623062133789,101.2129135131836,102.06527709960938,101.36930084228516,101.41849517822266,101.46852111816406,101.52804565429688,101.6059341430664,101.66577911376953,101.70819854736328,101.74005126953125,101.7623062133789,101.78687286376953,101.30702209472656,101.80914306640625,101.8252944946289,101.84076690673828,101.85528564453125,101.86969757080078,101.89015197753906,101.90644073486328,101.94245910644531,101.94245910644531,0.6810379028320312,101.26142120361328,0.20428144833959513
2023-07-17,DEM,./DSMs/2023-07-17_DEM.tif,2025-12-15T15:42:49.034374Z,4.10.dev351+g6d26a0230,default_402,101.5032730102539,101.5032730102539,101.07846069335938,101.71089172363281,101.17384338378906,101.22728729248047,101.26288604736328,101.29356384277344,101.34162139892578,101.39514923095703,101.43092346191406,101.46607208251953,101.5032730102539,101.5340576171875,101.13032531738281,101.55734252929688,101.58002471923828,101.59418487548828,101.6125717163086,101.62481689453125,101.63523864746094,101.65209197998047,101.66808319091797,101.66808319091797,0.5649871826171875,101.10309600830078,0.1780857184612194
2023-07-17,DEM,./DSMs/2023-07-17_DEM.tif,2025-12-15T15:42:49.034374Z,4.10.dev351+g6d26a0230,default_403,102.05622863769531,102.05622863769531,101.46762084960938,102.24520111083984,101.54058837890625,101.58673095703125,101.66488647460938,101.7432632446289,101.8348159790039,101.92118835449219,101.98007202148438,102.02462005615234,102.05622863769531,102.07919311523438,101.51557159423828,102.10094451904297,102.12093353271484,102.1366195678711,102.14889526367188,102.16393280029297,102.17741394042969,102.1934585571289,102.21125030517578,102.21125030517578,0.7105560302734375,101.50069427490234,0.23987322287413565
2023-07-17,DEM,./DSMs/2023-07-17_DEM.tif,2025-12-15T15:42:49.034374Z,4.10.dev351+g6d26a0230,default_501,101.77821350097656,101.77821350097656,101.2606430053711,102.00218963623047,101.3652114868164,101.42760467529297,101.48027801513672,101.50690460205078,101.56731414794922,101.63945770263672,101.70355987548828,101.74519348144531,101.77821350097656,101.79570007324219,101.31792449951172,101.81468963623047,101.83547973632812,101.85759735107422,101.87239837646484,101.88899993896484,101.90196228027344,101.91827392578125,101.93565368652344,101.93565368652344,0.6455917358398438,101.2900619506836,0.20484025255210372
2023-07-17,DEM,./DSMs/2023-07-17_DEM.tif,2025-12-15T15:42:49.034374Z,4.10.dev351+g6d26a0230,default_502,101.42021942138672,101.42021942138672,101.03266906738281,101.667236328125,101.11421966552734,101.16018676757812,101.21080017089844,101.23165893554688,101.25318908691406,101.2762451171875,101.3402328491211,101.38916015625,101.42021942138672,101.44346618652344,101.08721923828125,101.46930694580078,101.50072479248047,101.52654266357422,101.5445785522461,101.55746459960938,101.5745849609375,101.58758544921875,101.60440826416016,101.60440826416016,0.5406036376953125,101.06380462646484,0.17388104842569813
2023-07-17,DEM,./DSMs/2023-07-17_DEM.tif,2025-12-15T15:42:49.034374Z,4.10.dev351+g6d26a0230,default_503,101.99312591552734,101.99312591552734,101.4986801147461,102.20740509033203,101.5580825805664,101.60662841796875,101.6645736694336,101.69650268554688,101.72566223144531,101.82096099853516,101.90420532226562,101.96463012695312,101.99312591552734,102.01297760009766,101.53277587890625,102.03373718261719,102.06173706054688,102.09024047851562,102.1124267578125,102.13021087646484,102.141845703125,102.1617202758789,102.17509460449219,102.17509460449219,0.6601791381835938,101.5149154663086,0.22268820422323762
2023-07-17,DEM,./DSMs/2023-07-17_DEM.tif,2025-12-15T15:42:49.034374Z,4.10.dev351+g6d26a0230,default_601,101.99748992919922,101.99748992919922,101.49815368652344,102.21574401855469,101.615234375,101.67595672607422,101.70991516113281,101.73751068115234,101.80091094970703,101.87776184082031,101.940185546875,101.97537231445312,101.99748992919922,102.01953125,101.57960510253906,102.03595733642578,102.05854797363281,102.07832336425781,102.0941390991211,102.10453033447266,102.11803436279297,102.13219451904297,102.1476058959961,102.1476058959961,0.6033477783203125,101.54425811767578,0.1928725169897656
2023-07-17,DEM,./DSMs/2023-07-17_DEM.tif,2025-12-15T15:42:49.034374Z,4.10.dev351+g6d26a0230,default_602,101.76789855957031,101.76789855957031,101.29200744628906,101.97207641601562,101.38544464111328,101.421142578125,101.46622467041016,101.49740600585938,101.51351165771484,101.58003234863281,101.6711654663086,101.73481750488281,101.76789855957031,101.78703308105469,101.34139251708984,101.80867004394531,101.821044921875,101.83163452148438,101.8486099243164,101.85883331298828,101.87218475341797,101.89508056640625,101.91498565673828,101.91498565673828,0.60064697265625,101.31433868408203,0.196264484017327
2023-07-17,DEM,./DSMs/2023-07-17_DEM.tif,2025-12-15T15:42:49.034374Z,4.10.dev351+g6d26a0230,default_603,101.98963928222656,101.98963928222656,101.49552154541016,102.19004821777344,101.56675720214844,101.62358093261719,101.67047882080078,101.695556640625,101.73754119873047,101.83445739746094,101.9080810546875,101.96186065673828,101.98963928222656,102.01580810546875,101.52841186523438,102.03363800048828,102.05987548828125,102.08612060546875,102.10259246826172,102.11800384521484,102.13153076171875,102.14144897460938,102.15483856201172,102.15483856201172,0.6455001831054688,101.50933837890625,0.21608507746487424
2023-07-17,DEM,./DSMs/2023-07-17_DEM.tif,2025-12-15T15:42:49.034374Z,4.10.dev351+g6d26a0230,default_701,101.88523864746094,101.88523864746094,101.39360046386719,102.12930297851562,101.5433120727539,101.61003875732422,101.650634765625,101.67464447021484,101.70701599121094,101.76964569091797,101.8210678100586,101.8559799194336,101.88523864746094,101.90506744384766,101.49801635742188,101.9265365600586,101.9439926147461,101.96621704101562,101.99056243896484,102.01558685302734,102.02932739257812,102.0460205078125,102.05860137939453,102.05860137939453,0.6195220947265625,101.43907928466797,0.18374705912493616
2023-07-17,DEM,./DSMs/2023-07-17_DEM.tif,2025-12-15T15:42:49.034374Z,4.10.dev351+g6d26a0230,default_702,101.71045684814453,101.71045684814453,101.2721939086914,101.89241027832031,101.40147399902344,101.47483825683594,101.51515197753906,101.56059265136719,101.6187515258789,101.66294860839844,101.68175506591797,101.69892883300781,101.71045684814453,101.72450256347656,101.32054138183594,101.73588562011719,101.74390411376953,101.75254821777344,101.76722717285156,101.77932739257812,101.79246520996094,101.81311798095703,101.83270263671875,101.83270263671875,0.5389785766601562,101.2937240600586,0.15233263236869773
2023-07-17,DEM,./DSMs/2023-07-17_DEM.tif,2025-12-15T15:42:49.034374Z,4.10.dev351+g6d26a0230,default_703,101.4884033203125,101.4884033203125,101.0777587890625,101.67127990722656,101.16932678222656,101.23290252685547,101.27426147460938,101.29293823242188,101.3092041015625,101.36296081542969,101.4193344116211,101.46595764160156,101.4884033203125,101.50414276123047,101.12422180175781,101.51657104492188,101.53311157226562,101.54827880859375,101.55852508544922,101.57273864746094,101.58712768554688,101.60432434082031,101.62410736083984,101.62410736083984,0.5244369506835938,101.09967041015625,0.16046545114080304
2023-07-17,DEM,./DSMs/2023-07-17_DEM.tif,2025-12-15T15:42:49.034374Z,4.10.dev351+g6d26a0230,default_801,101.91986083984375,101.91986083984375,101.4632797241211,102.27513122558594,101.61559295654297,101.67613983154297,101.70353698730469,101.74046325683594,101.7939453125,101.8299789428711,101.86271667480469,101.89385223388672,101.91986083984375,101.9419937133789,101.55300903320312,101.9640121459961,101.98050689697266,101.99549102783203,102.0101318359375,102.02084350585938,102.02935028076172,102.0409927368164,102.05274200439453,102.05274200439453,0.5385665893554688,101.51417541503906,0.15999965221666185
2023-07-17,DEM,./DSMs/2023-07-17_DEM.tif,2025-12-15T15:42:49.034374Z,4.10.dev351+g6d26a0230,default_802,101.82205200195312,101.82205200195312,101.51428985595703,102.12476348876953,101.5698013305664,101.59718322753906,101.64349365234375,101.6939468383789,101.72254180908203,101.7427749633789,101.77210235595703,101.79496765136719,101.82205200195312,101.84593963623047,101.5488052368164,101.86872100830078,101.89556121826172,101.91580200195312,101.94055938720703,101.96530151367188,101.99130249023438,102.01583099365234,102.03984069824219,102.03984069824219,0.50604248046875,101.53379821777344,0.1570963929906676
2023-07-17,DEM,./DSMs/2023-07-17_DEM.tif,2025-12-15T15:42:49.034374Z,4.10.dev351+g6d26a0230,default_803,101.74986267089844,101.74986267089844,101.30985260009766,101.89391326904297,101.40412139892578,101.4522476196289,101.48929595947266,101.53865814208984,101.6097183227539,101.66545867919922,101.70258331298828,101.73170471191406,101.74986267089844,101.76697540283203,101.36799621582031,101.77667999267578,101.78375244140625,101.78907012939453,101.79518127441406,101.80481719970703,101.813232421875,101.82001495361328,101.83470916748047,101.83470916748047,0.49671173095703125,101.33799743652344,0.15827978302701257
2023-07-17,DEM,./DSMs/2023-07-17_DEM.tif,2025-12-15T15:42:49.034374Z,4.10.dev351+g6d26a0230,default_901,101.79554748535156,101.79554748535156,101.27167510986328,102.04886627197266,101.42021179199219,101.47709655761719,101.52244567871094,101.58961486816406,101.66898345947266,101.72314453125,101.7591552734375,101.77980041503906,101.79554748535156,101.81832122802734,101.34476470947266,101.83657836914062,101.86013793945312,101.88252258300781,101.90210723876953,101.92072296142578,101.93830108642578,101.9522705078125,101.97116088867188,101.97116088867188,0.6640167236328125,101.30714416503906,0.19796565485826717
2023-07-17,DEM,./DSMs/2023-07-17_DEM.tif,2025-12-15T15:42:49.034374Z,4.10.dev351+g6d26a0230,default_902,101.98474884033203,101.98474884033203,101.49974060058594,102.26538848876953,101.59553527832031,101.66898345947266,101.71025848388672,101.73542785644531,101.76831817626953,101.87455749511719,101.94044494628906,101.96751403808594,101.98474884033203,102.0037612915039,101.55330657958984,102.01872253417969,102.03488159179688,102.05362701416016,102.07301330566406,102.09602355957031,102.12503814697266,102.15967559814453,102.18460083007812,102.18460083007812,0.6574859619140625,101.52711486816406,0.2007247601417442
2023-07-17,DEM,./DSMs/2023-07-17_DEM.tif,2025-12-15T15:42:49.034374Z,4.10.dev351+g6d26a0230,default_903,101.78681182861328,101.78681182861328,101.28665161132812,102.0372543334961,101.39857482910156,101.46499633789062,101.49755096435547,101.5206298828125,101.62763214111328,101.70632934570312,101.74276733398438,101.76812744140625,101.78681182861328,101.80601501464844,101.33662414550781,101.82238006591797,101.83760833740234,101.85548400878906,101.87630462646484,101.9022216796875,101.92588806152344,101.94871520996094,101.9757080078125,101.9757080078125,0.6649627685546875,101.31074523925781,0.20114841266620193
2023-07-27,DEM,./DSMs/2023-07-27_DEM.tif,2025-12-15T15:42:49.680290Z,4.10.dev351+g6d26a0230,default_101,110.50265502929688,110.50265502929688,109.94609069824219,110.89701843261719,110.0665054321289,110.110595703125,110.1465072631836,110.17032623291016,110.203369140625,110.29147338867188,110.382568359375,110.44861602783203,110.50265502929688,110.5444107055664,110.02156829833984,110.58210754394531,110.61852264404297,110.6487808227539,110.67236328125,110.6934585571289,110.71820831298828,110.74574279785156,110.77428436279297,110.77428436279297,0.7916641235351562,109.98262023925781,0.260699954883248
2023-07-27,DEM,./DSMs/2023-07-27_DEM.tif,2025-12-15T15:42:49.680290Z,4.10.dev351+g6d26a0230,default_102,110.41358947753906,110.41358947753906,109.83187103271484,110.98733520507812,109.92549133300781,109.95804595947266,109.9885482788086,110.02702331542969,110.08451843261719,110.19194793701172,110.2992935180664,110.369873046875,110.41358947753906,110.4521484375,109.88510131835938,110.47969818115234,110.50067901611328,110.51909637451172,110.53551483154297,110.55286407470703,110.57044982910156,110.59329986572266,110.62220001220703,110.62220001220703,0.7606658935546875,109.86153411865234,0.26151091405840093
2023-07-27,DEM,./DSMs/2023-07-27_DEM.tif,2025-12-15T15:42:49.680290Z,4.10.dev351+g6d26a0230,default_103,110.29034423828125,110.29034423828125,109.79997253417969,110.63406372070312,109.87425994873047,109.90785217285156,109.93102264404297,109.94573974609375,109.96566772460938,110.02589416503906,110.15292358398438,110.24755859375,110.29034423828125,110.32337951660156,109.83699798583984,110.35497283935547,110.3836898803711,110.41206359863281,110.43830871582031,110.46122741699219,110.4825439453125,110.50721740722656,110.55320739746094,110.55320739746094,0.7392425537109375,109.81396484375,0.25011905788285915
2023-07-27,DEM,./DSMs/2023-07-27_DEM.tif,2025-12-15T15:42:49.680290Z,4.10.dev351+g6d26a0230,default_201,110.5361099243164,110.5361099243164,109.95513153076172,111.16613006591797,110.04938507080078,110.08889770507812,110.12872314453125,110.15181732177734,110.177001953125,110.22618103027344,110.34192657470703,110.45923614501953,110.5361099243164,110.5864028930664,110.01216125488281,110.61567687988281,110.6361083984375,110.64826202392578,110.66105651855469,110.67444610595703,110.68511199951172,110.70002746582031,110.71566009521484,110.71566009521484,0.7279052734375,109.98775482177734,0.26091412282159054
2023-07-27,DEM,./DSMs/2023-07-27_DEM.tif,2025-12-15T15:42:49.680290Z,4.10.dev351+g6d26a0230,default_202,110.64738464355469,110.64738464355469,110.05131530761719,110.86488342285156,110.14813995361328,110.1849365234375,110.21900939941406,110.25172424316406,110.29531860351562,110.39873504638672,110.51085662841797,110.59418487548828,110.64738464355469,110.67909240722656,110.10722351074219,110.69986724853516,110.71302795410156,110.7242202758789,110.73701477050781,110.74603271484375,110.7547836303711,110.7743148803711,110.79505157470703,110.79505157470703,0.7220458984375,110.07300567626953,0.24947212612368772
2023-07-27,DEM,./DSMs/2023-07-27_DEM.tif,2025-12-15T15:42:49.680290Z,4.10.dev351+g6d26a0230,default_203,110.27388000488281,110.27388000488281,109.71154022216797,110.5409927368164,109.82412719726562,109.86365509033203,109.89324951171875,109.92235565185547,109.96996307373047,110.06554412841797,110.16627502441406,110.23136138916016,110.27388000488281,110.30340576171875,109.78394317626953,110.32965850830078,110.35140228271484,110.37470245361328,110.39163970947266,110.41121673583984,110.42334747314453,110.43992614746094,110.46380615234375,110.46380615234375,0.719818115234375,109.74398803710938,0.2409872337826213
2023-07-27,DEM,./DSMs/2023-07-27_DEM.tif,2025-12-15T15:42:49.680290Z,4.10.dev351+g6d26a0230,default_301,110.58252716064453,110.58252716064453,109.93193817138672,110.96392822265625,110.01620483398438,110.07267761230469,110.10336303710938,110.13908386230469,110.18896484375,110.33345031738281,110.43585968017578,110.51985168457031,110.58252716064453,110.63262939453125,109.97956085205078,110.6683120727539,110.6885986328125,110.71080780029297,110.73214721679688,110.75261688232422,110.77106475830078,110.79096984863281,110.81446838378906,110.81446838378906,0.86456298828125,109.94990539550781,0.3008610773862385
2023-07-27,DEM,./DSMs/2023-07-27_DEM.tif,2025-12-15T15:42:49.680290Z,4.10.dev351+g6d26a0230,default_302,110.81768798828125,110.81768798828125,110.23886108398438,111.2130355834961,110.35769653320312,110.4075927734375,110.4526596069336,110.50053405761719,110.5958023071289,110.66494750976562,110.73119354248047,110.78153991699219,110.81768798828125,110.84587860107422,110.30226135253906,110.87262725830078,110.89537811279297,110.91959381103516,110.93981170654297,110.96424865722656,110.98497009277344,111.00991821289062,111.04048156738281,111.04048156738281,0.7718124389648438,110.26866912841797,0.24431155514893643
2023-07-27,DEM,./DSMs/2023-07-27_DEM.tif,2025-12-15T15:42:49.680290Z,4.10.dev351+g6d26a0230,default_303,110.47740173339844,110.47740173339844,109.96849060058594,110.82743072509766,110.11773681640625,110.15760803222656,110.20367431640625,110.27073669433594,110.33297729492188,110.37667846679688,110.40763854980469,110.44141387939453,110.47740173339844,110.51434326171875,110.06593322753906,110.54701232910156,110.57183837890625,110.60130310058594,110.62956237792969,110.65673828125,110.6820297241211,110.70820617675781,110.7328872680664,110.7328872680664,0.7415618896484375,109.99132537841797,0.2170035591690942
2023-07-27,DEM,./DSMs/2023-07-27_DEM.tif,2025-12-15T15:42:49.680290Z,4.10.dev351+g6d26a0230,default_401,110.75740814208984,110.75740814208984,110.14961242675781,111.03929901123047,110.27201080322266,110.3011474609375,110.3204116821289,110.347412109375,110.42169189453125,110.53768920898438,110.6463394165039,110.71610260009766,110.75740814208984,110.7869644165039,110.22544860839844,110.8128890991211,110.83567810058594,110.8602066040039,110.8800048828125,110.89547729492188,110.9078369140625,110.92644500732422,110.94611358642578,110.94611358642578,0.756866455078125,110.18924713134766,0.26075993875695813
2023-07-27,DEM,./DSMs/2023-07-27_DEM.tif,2025-12-15T15:42:49.680290Z,4.10.dev351+g6d26a0230,default_402,110.45564270019531,110.45564270019531,109.87433624267578,111.25004577636719,109.97221374511719,110.0171890258789,110.04906463623047,110.07891845703125,110.1412582397461,110.25244140625,110.34508514404297,110.406982421875,110.45564270019531,110.48928833007812,109.93040466308594,110.52046966552734,110.5413818359375,110.56240844726562,110.57612609863281,110.59367370605469,110.6076889038086,110.62393951416016,110.64082336425781,110.64082336425781,0.7442855834960938,109.89653778076172,0.2536827745954267
2023-07-27,DEM,./DSMs/2023-07-27_DEM.tif,2025-12-15T15:42:49.680290Z,4.10.dev351+g6d26a0230,default_403,110.80671691894531,110.80671691894531,110.1347885131836,111.01476287841797,110.18610382080078,110.242431640625,110.28453826904297,110.33317565917969,110.39058685302734,110.52046203613281,110.64888763427734,110.75116729736328,110.80671691894531,110.83782958984375,110.16184997558594,110.86173248291016,110.88359832763672,110.89723205566406,110.91139221191406,110.92474365234375,110.93660736083984,110.95186614990234,110.9666748046875,110.9666748046875,0.8208770751953125,110.14579772949219,0.297645532918571
2023-07-27,DEM,./DSMs/2023-07-27_DEM.tif,2025-12-15T15:42:49.680290Z,4.10.dev351+g6d26a0230,default_501,110.728759765625,110.728759765625,110.16657257080078,110.98433685302734,110.24208068847656,110.28779602050781,110.32083892822266,110.33927917480469,110.36482238769531,110.44833374023438,110.56730651855469,110.67420959472656,110.728759765625,110.77035522460938,110.21615600585938,110.79288482666016,110.81321716308594,110.82806396484375,110.84617614746094,110.86026000976562,110.87416076660156,110.88963317871094,110.90219116210938,110.90219116210938,0.7199935913085938,110.18219757080078,0.25495934552038196
2023-07-27,DEM,./DSMs/2023-07-27_DEM.tif,2025-12-15T15:42:49.680290Z,4.10.dev351+g6d26a0230,default_502,110.365234375,110.365234375,109.8607406616211,110.7982406616211,109.95879364013672,109.99835968017578,110.03364562988281,110.06185150146484,110.0791015625,110.10344696044922,110.18135070800781,110.28248596191406,110.365234375,110.42266845703125,109.93657684326172,110.46099853515625,110.49024963378906,110.51145935058594,110.53229522705078,110.54803466796875,110.565673828125,110.58111572265625,110.60588073730469,110.60588073730469,0.6912994384765625,109.91458129882812,0.24385050080388487
2023-07-27,DEM,./DSMs/2023-07-27_DEM.tif,2025-12-15T15:42:49.680290Z,4.10.dev351+g6d26a0230,default_503,110.6827392578125,110.6827392578125,110.10531616210938,110.96609497070312,110.1707534790039,110.21028900146484,110.24394226074219,110.28318786621094,110.3115005493164,110.36103057861328,110.47901916503906,110.59784698486328,110.6827392578125,110.73792266845703,110.14659118652344,110.77006530761719,110.79542541503906,110.82084655761719,110.84346771240234,110.85916900634766,110.876953125,110.89360046386719,110.91337585449219,110.91337585449219,0.78955078125,110.12382507324219,0.2840456610762538
2023-07-27,DEM,./DSMs/2023-07-27_DEM.tif,2025-12-15T15:42:49.680290Z,4.10.dev351+g6d26a0230,default_601,110.85054779052734,110.85054779052734,110.25358581542969,111.11387634277344,110.37622833251953,110.4191665649414,110.45709228515625,110.47695922851562,110.50836181640625,110.60626220703125,110.72063446044922,110.80805206298828,110.85054779052734,110.88239288330078,110.33840942382812,110.90413665771484,110.92298126220703,110.93391418457031,110.94345092773438,110.95669555664062,110.97008514404297,110.98731231689453,111.00910186767578,111.00910186767578,0.7153549194335938,110.29374694824219,0.2424262248633859
2023-07-27,DEM,./DSMs/2023-07-27_DEM.tif,2025-12-15T15:42:49.680290Z,4.10.dev351+g6d26a0230,default_602,110.60261535644531,110.60261535644531,110.0068359375,110.82341003417969,110.09982299804688,110.13904571533203,110.17375946044922,110.20051574707031,110.21691131591797,110.26700592041016,110.38788604736328,110.50938415527344,110.60261535644531,110.64561462402344,110.06668853759766,110.67183685302734,110.6845474243164,110.6980209350586,110.7103271484375,110.71942138671875,110.73023986816406,110.743408203125,110.75679016113281,110.75679016113281,0.7280960083007812,110.02869415283203,0.26088705728684836
2023-07-27,DEM,./DSMs/2023-07-27_DEM.tif,2025-12-15T15:42:49.680290Z,4.10.dev351+g6d26a0230,default_603,110.64567565917969,110.64567565917969,110.06067657470703,110.90435791015625,110.14207458496094,110.17489624023438,110.2075424194336,110.24095153808594,110.27162170410156,110.33309936523438,110.44523620605469,110.56478118896484,110.64567565917969,110.68814849853516,110.11740112304688,110.7184829711914,110.74574279785156,110.76741790771484,110.7840576171875,110.80252838134766,110.81745910644531,110.83091735839844,110.85066223144531,110.85066223144531,0.773223876953125,110.07743835449219,0.27399642397403906
2023-07-27,DEM,./DSMs/2023-07-27_DEM.tif,2025-12-15T15:42:49.680290Z,4.10.dev351+g6d26a0230,default_701,110.84883880615234,110.84883880615234,110.3089370727539,111.08058166503906,110.42529296875,110.46329498291016,110.48348236083984,110.50091552734375,110.53455352783203,110.61781311035156,110.7325210571289,110.8017807006836,110.84883880615234,110.87792205810547,110.37322235107422,110.90137481689453,110.91992950439453,110.93312072753906,110.94441986083984,110.96062469482422,110.97251892089844,110.98532104492188,111.00155639648438,111.00155639648438,0.6595077514648438,110.34204864501953,0.22514416937078705
2023-07-27,DEM,./DSMs/2023-07-27_DEM.tif,2025-12-15T15:42:49.680290Z,4.10.dev351+g6d26a0230,default_702,110.64990234375,110.64990234375,110.06099700927734,110.81259155273438,110.19192504882812,110.25296783447266,110.2795181274414,110.33032989501953,110.43302154541016,110.53781127929688,110.60128021240234,110.63013458251953,110.64990234375,110.66651916503906,110.1307373046875,110.67688751220703,110.6853256225586,110.69470977783203,110.70491790771484,110.71237182617188,110.71910095214844,110.72845458984375,110.74327850341797,110.74327850341797,0.6420135498046875,110.10126495361328,0.21017334168018728
2023-07-27,DEM,./DSMs/2023-07-27_DEM.tif,2025-12-15T15:42:49.680290Z,4.10.dev351+g6d26a0230,default_703,110.34650421142578,110.34650421142578,109.8171157836914,110.54167175292969,109.90858459472656,109.94087982177734,109.9559097290039,109.97355651855469,109.9908676147461,110.0639419555664,110.19234466552734,110.29419708251953,110.34650421142578,110.37125396728516,109.86692810058594,110.39456176757812,110.41453552246094,110.42823791503906,110.44512939453125,110.4572525024414,110.46602630615234,110.47867584228516,110.49260711669922,110.49260711669922,0.6568832397460938,109.83572387695312,0.23308756087399216
2023-07-27,DEM,./DSMs/2023-07-27_DEM.tif,2025-12-15T15:42:49.680290Z,4.10.dev351+g6d26a0230,default_801,110.825927734375,110.825927734375,110.35218811035156,110.97650146484375,110.43021392822266,110.48297119140625,110.50333404541016,110.53228759765625,110.58990478515625,110.68704986572266,110.75569152832031,110.79692840576172,110.825927734375,110.85018920898438,110.39266967773438,110.86442565917969,110.87877655029297,110.88921356201172,110.8970718383789,110.90418243408203,110.91328430175781,110.92422485351562,110.9338607788086,110.9338607788086,0.56341552734375,110.37044525146484,0.19108789703451323
2023-07-27,DEM,./DSMs/2023-07-27_DEM.tif,2025-12-15T15:42:49.680290Z,4.10.dev351+g6d26a0230,default_802,110.6530990600586,110.6530990600586,110.24600982666016,110.94751739501953,110.31470489501953,110.34269714355469,110.38260650634766,110.41751098632812,110.44387817382812,110.4688949584961,110.51116180419922,110.5953140258789,110.6530990600586,110.68718719482422,110.29930114746094,110.71903228759766,110.75386810302734,110.78092956542969,110.79684448242188,110.82006072998047,110.84325408935547,110.86820983886719,110.89179992675781,110.89179992675781,0.6071014404296875,110.28469848632812,0.20672427956820646
2023-07-27,DEM,./DSMs/2023-07-27_DEM.tif,2025-12-15T15:42:49.680290Z,4.10.dev351+g6d26a0230,default_803,110.54976654052734,110.54976654052734,109.96631622314453,110.675048828125,110.07200622558594,110.11443328857422,110.1559829711914,110.19170379638672,110.29948425292969,110.42147827148438,110.49089813232422,110.52752685546875,110.54976654052734,110.5625,110.02484130859375,110.57209014892578,110.58001708984375,110.58982849121094,110.59658813476562,110.60131072998047,110.60633850097656,110.61311340332031,110.62401580810547,110.62401580810547,0.6372146606445312,109.98680114746094,0.21617520007992616
2023-07-27,DEM,./DSMs/2023-07-27_DEM.tif,2025-12-15T15:42:49.680290Z,4.10.dev351+g6d26a0230,default_901,110.7529525756836,110.7529525756836,110.11449432373047,111.22420501708984,110.21903228759766,110.24713134765625,110.28201293945312,110.32234954833984,110.41077423095703,110.52658081054688,110.622314453125,110.68791198730469,110.7529525756836,110.79409790039062,110.18921661376953,110.83039855957031,110.860595703125,110.8900375366211,110.91272735595703,110.9359130859375,110.95958709716797,110.97999572753906,111.01526641845703,111.01526641845703,0.8772125244140625,110.13805389404297,0.29586407883821797
2023-07-27,DEM,./DSMs/2023-07-27_DEM.tif,2025-12-15T15:42:49.680290Z,4.10.dev351+g6d26a0230,default_902,110.65370178222656,110.65370178222656,110.18488311767578,111.1766357421875,110.31234741210938,110.35337829589844,110.37869262695312,110.406982421875,110.44832611083984,110.51124572753906,110.57064819335938,110.61286926269531,110.65370178222656,110.69189453125,110.26592254638672,110.72630310058594,110.75514221191406,110.79016876220703,110.82307434082031,110.8543701171875,110.88971710205078,110.92523956298828,110.96150970458984,110.96150970458984,0.7502975463867188,110.21121215820312,0.22880086346393727
2023-07-27,DEM,./DSMs/2023-07-27_DEM.tif,2025-12-15T15:42:49.680290Z,4.10.dev351+g6d26a0230,default_903,110.37139892578125,110.37139892578125,109.91618347167969,110.78724670410156,110.03485107421875,110.06410217285156,110.09336853027344,110.1104507446289,110.17073822021484,110.24561309814453,110.29669952392578,110.33721923828125,110.37139892578125,110.39730072021484,109.98719787597656,110.43297576904297,110.47211456298828,110.5040283203125,110.53783416748047,110.57206726074219,110.6050033569336,110.63873291015625,110.67178344726562,110.67178344726562,0.7406692504882812,109.93111419677734,0.2263953726225033
2023-08-04,DEM,./DSMs/2023-08-04_DEM.tif,2025-12-15T15:43:00.564289Z,4.10.dev351+g6d26a0230,default_101,106.01016998291016,106.01016998291016,105.48399353027344,106.41434478759766,105.76518249511719,105.83197784423828,105.86820220947266,105.89668273925781,105.92339324951172,105.94540405273438,105.97025299072266,105.98983764648438,106.01016998291016,106.0314712524414,105.63189697265625,106.05396270751953,106.07606506347656,106.10395812988281,106.13279724121094,106.1611099243164,106.19403839111328,106.24121856689453,106.28739166259766,106.28739166259766,0.7358322143554688,105.55155944824219,0.182802287022728
2023-08-04,DEM,./DSMs/2023-08-04_DEM.tif,2025-12-15T15:43:00.564289Z,4.10.dev351+g6d26a0230,default_102,106.22772979736328,106.22772979736328,105.69062805175781,107.91202545166016,105.99278259277344,106.05333709716797,106.09817504882812,106.12725830078125,106.15069580078125,106.16657257080078,106.18742370605469,106.2055892944336,106.22772979736328,106.24651336669922,105.87359619140625,106.26847839355469,106.28860473632812,106.31758880615234,106.34976196289062,106.39097595214844,106.44927978515625,106.50272369384766,106.5735092163086,106.5735092163086,0.8443679809570312,105.72914123535156,0.1976849904012823
2023-08-04,DEM,./DSMs/2023-08-04_DEM.tif,2025-12-15T15:43:00.564289Z,4.10.dev351+g6d26a0230,default_103,106.25299835205078,106.25299835205078,105.7968978881836,106.70428466796875,106.04838562011719,106.09004211425781,106.12873840332031,106.15728759765625,106.18267059326172,106.20332336425781,106.22171783447266,106.2398910522461,106.25299835205078,106.26823425292969,105.94847869873047,106.28539276123047,106.3037338256836,106.32781982421875,106.35669708251953,106.39321899414062,106.43478393554688,106.4859619140625,106.54528045654297,106.54528045654297,0.7082366943359375,105.83704376220703,0.1676932836922916
2023-08-04,DEM,./DSMs/2023-08-04_DEM.tif,2025-12-15T15:43:00.564289Z,4.10.dev351+g6d26a0230,default_201,106.23746490478516,106.23746490478516,105.51255798339844,107.90365600585938,105.76949310302734,105.85994720458984,105.9188461303711,105.99260711669922,106.06123352050781,106.12259674072266,106.16666412353516,106.20153045654297,106.23746490478516,106.26765441894531,105.64608764648438,106.28665924072266,106.3143539428711,106.33198547363281,106.34931182861328,106.36184692382812,106.37191009521484,106.38634490966797,106.40277099609375,106.40277099609375,0.819488525390625,105.58328247070312,0.24694927885268597
2023-08-04,DEM,./DSMs/2023-08-04_DEM.tif,2025-12-15T15:43:00.564289Z,4.10.dev351+g6d26a0230,default_202,106.79198455810547,106.79198455810547,106.05182647705078,107.88990783691406,106.35862731933594,106.42487335205078,106.496826171875,106.56818389892578,106.61831665039062,106.66410064697266,106.71086883544922,106.75589752197266,106.79198455810547,106.81168365478516,106.26947021484375,106.82860565185547,106.85228729248047,106.8673095703125,106.88603973388672,106.90069580078125,106.9208755493164,106.94190979003906,106.97398376464844,106.97398376464844,0.8904495239257812,106.08353424072266,0.2296282093613065
2023-08-04,DEM,./DSMs/2023-08-04_DEM.tif,2025-12-15T15:43:00.564289Z,4.10.dev351+g6d26a0230,default_203,106.39137268066406,106.39137268066406,105.73799896240234,106.65389251708984,106.05689239501953,106.10832977294922,106.17188262939453,106.23335266113281,106.27774047851562,106.31584167480469,106.34439086914062,106.3678970336914,106.39137268066406,106.41114807128906,105.97283935546875,106.42684936523438,106.44910430908203,106.46947479248047,106.49275207519531,106.51333618164062,106.53227233886719,106.5478286743164,106.57430267333984,106.57430267333984,0.7340774536132812,105.84022521972656,0.18945312158759547
2023-08-04,DEM,./DSMs/2023-08-04_DEM.tif,2025-12-15T15:43:00.564289Z,4.10.dev351+g6d26a0230,default_301,106.15348052978516,106.15348052978516,105.61609649658203,107.43885040283203,105.9218521118164,105.96690368652344,106.00418090820312,106.03478240966797,106.06645965576172,106.0890121459961,106.10961151123047,106.13024139404297,106.15348052978516,106.17839813232422,105.82320404052734,106.20416259765625,106.23528289794922,106.26070404052734,106.28937530517578,106.32484436035156,106.35897827148438,106.39118957519531,106.43260192871094,106.43260192871094,0.757965087890625,105.67463684082031,0.1833320158675435
2023-08-04,DEM,./DSMs/2023-08-04_DEM.tif,2025-12-15T15:43:00.564289Z,4.10.dev351+g6d26a0230,default_302,106.91388702392578,106.91388702392578,106.42555236816406,107.42061614990234,106.70591735839844,106.74440002441406,106.77493286132812,106.8016586303711,106.82372283935547,106.84713745117188,106.86493682861328,106.88787841796875,106.91388702392578,106.94469451904297,106.6172866821289,106.97880554199219,107.01556396484375,107.05140686035156,107.0799560546875,107.11743927001953,107.1631088256836,107.21347045898438,107.28591918945312,107.28591918945312,0.8273162841796875,106.45860290527344,0.19965854644546133
2023-08-04,DEM,./DSMs/2023-08-04_DEM.tif,2025-12-15T15:43:00.564289Z,4.10.dev351+g6d26a0230,default_303,106.583984375,106.583984375,106.12347412109375,106.99674987792969,106.41219329833984,106.45072937011719,106.47991180419922,106.49894714355469,106.51262664794922,106.52891540527344,106.54251098632812,106.56040954589844,106.583984375,106.60833740234375,106.355712890625,106.62788391113281,106.64928436279297,106.66716766357422,106.68936920166016,106.71748352050781,106.75741577148438,106.8182144165039,106.8697509765625,106.8697509765625,0.689483642578125,106.18026733398438,0.15419133320499406
2023-08-04,DEM,./DSMs/2023-08-04_DEM.tif,2025-12-15T15:43:00.564289Z,4.10.dev351+g6d26a0230,default_401,106.4059066772461,106.4059066772461,105.84777069091797,106.76747131347656,106.1999740600586,106.23831939697266,106.2690200805664,106.29487609863281,106.32111358642578,106.34642028808594,106.36589050292969,106.386474609375,106.4059066772461,106.42479705810547,106.14053344726562,106.44649505615234,106.46839904785156,106.48770141601562,106.51519775390625,106.54088592529297,106.57422637939453,106.61283111572266,106.65843200683594,106.65843200683594,0.7135086059570312,105.9449234008789,0.16184193241417308
2023-08-04,DEM,./DSMs/2023-08-04_DEM.tif,2025-12-15T15:43:00.564289Z,4.10.dev351+g6d26a0230,default_402,106.1952896118164,106.1952896118164,105.68451690673828,107.81583404541016,105.96633911132812,106.02204132080078,106.06143951416016,106.09263610839844,106.11810302734375,106.13865661621094,106.15939331054688,106.17757415771484,106.1952896118164,106.2125244140625,105.83830261230469,106.23713684082031,106.26746368408203,106.3069076538086,106.33855438232422,106.3659439086914,106.39602661132812,106.43292236328125,106.47032928466797,106.47032928466797,0.7396697998046875,105.73065948486328,0.1842176186257083
2023-08-04,DEM,./DSMs/2023-08-04_DEM.tif,2025-12-15T15:43:00.564289Z,4.10.dev351+g6d26a0230,default_403,106.8525161743164,106.8525161743164,106.41252899169922,107.32467651367188,106.65564727783203,106.71577453613281,106.74937438964844,106.76781463623047,106.7840805053711,106.79791259765625,106.8115463256836,106.82868194580078,106.8525161743164,106.87560272216797,106.52781677246094,106.90042877197266,106.92985534667969,106.95824432373047,106.99737548828125,107.0380859375,107.08589172363281,107.1473617553711,107.20957946777344,107.20957946777344,0.7665176391601562,106.44306182861328,0.18768741924925667
2023-08-04,DEM,./DSMs/2023-08-04_DEM.tif,2025-12-15T15:43:00.564289Z,4.10.dev351+g6d26a0230,default_501,106.55882263183594,106.55882263183594,105.94940948486328,107.82594299316406,106.21111297607422,106.26864624023438,106.31317901611328,106.36932373046875,106.43059539794922,106.49073791503906,106.52722930908203,106.54324340820312,106.55882263183594,106.57012176513672,106.09214782714844,106.58383178710938,106.60624694824219,106.62508392333984,106.6534194946289,106.68324279785156,106.69998931884766,106.71744537353516,106.74269104003906,106.74269104003906,0.7573013305664062,105.98538970947266,0.20204613531661977
2023-08-04,DEM,./DSMs/2023-08-04_DEM.tif,2025-12-15T15:43:00.564289Z,4.10.dev351+g6d26a0230,default_502,106.26258850097656,106.26258850097656,105.62918853759766,107.88719940185547,105.80015563964844,105.8967514038086,105.94928741455078,106.00459289550781,106.07002258300781,106.12599182128906,106.18502044677734,106.23066711425781,106.26258850097656,106.29207611083984,105.70500946044922,106.31957244873047,106.342529296875,106.36875915527344,106.39335632324219,106.41218566894531,106.43414306640625,106.46055603027344,106.50437927246094,106.50437927246094,0.8451461791992188,105.65923309326172,0.24956556176110342
2023-08-04,DEM,./DSMs/2023-08-04_DEM.tif,2025-12-15T15:43:00.564289Z,4.10.dev351+g6d26a0230,default_503,106.98580169677734,106.98580169677734,106.44741821289062,107.37478637695312,106.68030548095703,106.7361068725586,106.7787857055664,106.8199691772461,106.8570556640625,106.8941421508789,106.93170928955078,106.9620361328125,106.98580169677734,107.008056640625,106.55387115478516,107.02789306640625,107.04991149902344,107.0768814086914,107.11656951904297,107.1612319946289,107.21124267578125,107.23866271972656,107.2755126953125,107.2755126953125,0.80029296875,106.4752197265625,0.21037715026385592
2023-08-04,DEM,./DSMs/2023-08-04_DEM.tif,2025-12-15T15:43:00.564289Z,4.10.dev351+g6d26a0230,default_601,106.93427276611328,106.93427276611328,106.335205078125,107.19636535644531,106.59330749511719,106.64429473876953,106.68645477294922,106.74728393554688,106.80184173583984,106.84370422363281,106.8790283203125,106.90814208984375,106.93427276611328,106.95610046386719,106.4885482788086,106.97953796386719,107.00370788574219,107.02584075927734,107.04816436767578,107.0656509399414,107.09062194824219,107.11495971679688,107.14190673828125,107.14190673828125,0.77392578125,106.36798095703125,0.20239328494672354
2023-08-04,DEM,./DSMs/2023-08-04_DEM.tif,2025-12-15T15:43:00.564289Z,4.10.dev351+g6d26a0230,default_602,106.67544555664062,106.67544555664062,106.07311248779297,107.85820007324219,106.36145782470703,106.40782928466797,106.44449615478516,106.50782012939453,106.5556869506836,106.58934020996094,106.61833953857422,106.6467514038086,106.67544555664062,106.70539855957031,106.24615478515625,106.73377227783203,106.75654602050781,106.78086853027344,106.8062744140625,106.8360824584961,106.88019561767578,106.91168212890625,106.94302368164062,106.94302368164062,0.8326492309570312,106.1103744506836,0.2128536557177695
2023-08-04,DEM,./DSMs/2023-08-04_DEM.tif,2025-12-15T15:43:00.564289Z,4.10.dev351+g6d26a0230,default_603,106.97610473632812,106.97610473632812,106.47319030761719,107.35633087158203,106.70321655273438,106.75875854492188,106.78938293457031,106.82192993164062,106.8556900024414,106.89542388916016,106.92832946777344,106.95575714111328,106.97610473632812,106.99983978271484,106.61634063720703,107.0279312133789,107.05386352539062,107.08224487304688,107.11782836914062,107.16329193115234,107.20736694335938,107.24436950683594,107.27954864501953,107.27954864501953,0.7832107543945312,106.496337890625,0.2005114238351669
2023-08-04,DEM,./DSMs/2023-08-04_DEM.tif,2025-12-15T15:43:00.564289Z,4.10.dev351+g6d26a0230,default_701,106.7850341796875,106.7850341796875,106.11123657226562,107.03681182861328,106.46974182128906,106.5206069946289,106.55953979492188,106.59981536865234,106.64643096923828,106.69002532958984,106.72911071777344,106.75594329833984,106.7850341796875,106.80534362792969,106.36402130126953,106.8194580078125,106.84644317626953,106.879150390625,106.90531921386719,106.9312973022461,106.94999694824219,106.9688720703125,106.98907470703125,106.98907470703125,0.7464065551757812,106.24266815185547,0.19486116142187598
2023-08-04,DEM,./DSMs/2023-08-04_DEM.tif,2025-12-15T15:43:00.564289Z,4.10.dev351+g6d26a0230,default_702,106.69078826904297,106.69078826904297,106.02200317382812,107.46946716308594,106.36421966552734,106.44940185546875,106.51818084716797,106.5771713256836,106.61021423339844,106.62833404541016,106.64908599853516,106.67012023925781,106.69078826904297,106.71297454833984,106.26344299316406,106.73286437988281,106.74560546875,106.7547378540039,106.76634216308594,106.7823715209961,106.80046844482422,106.81791687011719,106.85111236572266,106.85111236572266,0.7738037109375,106.07730865478516,0.17976052599494852
2023-08-04,DEM,./DSMs/2023-08-04_DEM.tif,2025-12-15T15:43:00.564289Z,4.10.dev351+g6d26a0230,default_703,106.39035034179688,106.39035034179688,105.73238372802734,106.63727569580078,105.98309326171875,106.06684875488281,106.11739349365234,106.18109130859375,106.25601196289062,106.31045532226562,106.34561920166016,106.3697509765625,106.39035034179688,106.41059112548828,105.82929992675781,106.42992401123047,106.4557113647461,106.47661590576172,106.49098205566406,106.50625610351562,106.52552795410156,106.54222106933594,106.56318664550781,106.56318664550781,0.7909622192382812,105.77222442626953,0.2195611725689759
2023-08-04,DEM,./DSMs/2023-08-04_DEM.tif,2025-12-15T15:43:00.564289Z,4.10.dev351+g6d26a0230,default_801,106.88554382324219,106.88554382324219,106.30392456054688,107.84626007080078,106.55742645263672,106.61725616455078,106.67939758300781,106.74346923828125,106.78560638427734,106.8033218383789,106.81930541992188,106.8541488647461,106.88554382324219,106.90129089355469,106.46399688720703,106.92326354980469,106.94097900390625,106.953857421875,106.96891784667969,106.98052215576172,106.9934310913086,107.00924682617188,107.02465057373047,107.02465057373047,0.6723175048828125,106.35233306884766,0.1772534160810361
2023-08-04,DEM,./DSMs/2023-08-04_DEM.tif,2025-12-15T15:43:00.564289Z,4.10.dev351+g6d26a0230,default_802,106.9473876953125,106.9473876953125,106.3493881225586,107.17426300048828,106.51427459716797,106.61754608154297,106.68573760986328,106.73905944824219,106.8063735961914,106.86365509033203,106.89999389648438,106.92350769042969,106.9473876953125,106.9777603149414,106.42802429199219,107.00126647949219,107.02188110351562,107.04257202148438,107.06484985351562,107.0834732055664,107.10191345214844,107.11504364013672,107.13705444335938,107.13705444335938,0.7578353881835938,106.37921905517578,0.2187560550890561
2023-08-04,DEM,./DSMs/2023-08-04_DEM.tif,2025-12-15T15:43:00.564289Z,4.10.dev351+g6d26a0230,default_803,106.77213287353516,106.77213287353516,106.11278533935547,106.99301147460938,106.39305114746094,106.47244262695312,106.55335998535156,106.6299819946289,106.68240356445312,106.71419525146484,106.7372817993164,106.75560760498047,106.77213287353516,106.7854995727539,106.288818359375,106.7986831665039,106.80794525146484,106.81763458251953,106.8265380859375,106.83808898925781,106.85047912597656,106.86647033691406,106.89143371582031,106.89143371582031,0.7271881103515625,106.16424560546875,0.18623416074186003
2023-08-04,DEM,./DSMs/2023-08-04_DEM.tif,2025-12-15T15:43:00.564289Z,4.10.dev351+g6d26a0230,default_901,106.51038360595703,106.51038360595703,105.99201202392578,106.90584564208984,106.28042602539062,106.32056427001953,106.36040496826172,106.38744354248047,106.41452026367188,106.43614196777344,106.45694732666016,106.48414611816406,106.51038360595703,106.537841796875,106.22122955322266,106.56658935546875,106.59748077392578,106.63026428222656,106.6627426147461,106.69410705566406,106.73098754882812,106.76992797851562,106.80882263183594,106.80882263183594,0.7589874267578125,106.04983520507812,0.1847015768449217
2023-08-04,DEM,./DSMs/2023-08-04_DEM.tif,2025-12-15T15:43:00.564289Z,4.10.dev351+g6d26a0230,default_902,106.87934875488281,106.87934875488281,106.42947387695312,107.75141906738281,106.71638488769531,106.7483139038086,106.77365112304688,106.79329681396484,106.80776977539062,106.82005310058594,106.83927917480469,106.85810089111328,106.87934875488281,106.90071105957031,106.64971160888672,106.93209838867188,106.97602081298828,107.01721954345703,107.064453125,107.11366271972656,107.16266632080078,107.21774291992188,107.26848602294922,107.26848602294922,0.782958984375,106.48552703857422,0.1941776939925976
2023-08-04,DEM,./DSMs/2023-08-04_DEM.tif,2025-12-15T15:43:00.564289Z,4.10.dev351+g6d26a0230,default_903,106.59185791015625,106.59185791015625,106.13460540771484,107.10030364990234,106.4084701538086,106.44760131835938,106.46878814697266,106.48895263671875,106.5062484741211,106.52808380126953,106.54710388183594,106.56995391845703,106.59185791015625,106.62449645996094,106.31666564941406,106.65951538085938,106.6905288696289,106.72367858886719,106.75952911376953,106.79730987548828,106.83448028564453,106.87870788574219,106.93064880371094,106.93064880371094,0.7465744018554688,106.18407440185547,0.18533513196739912
2023-08-10,DEM,./DSMs/2023-08-10_DEM.tif,2025-12-15T15:43:00.486300Z,4.10.dev351+g6d26a0230,default_101,135.87255859375,135.87255859375,135.39028930664062,136.33416748046875,135.55174255371094,135.6420135498047,135.69284057617188,135.73672485351562,135.76693725585938,135.79429626464844,135.81944274902344,135.845703125,135.87255859375,135.89492797851562,135.4725341796875,135.9196014404297,135.94369506835938,135.97091674804688,136.0000762939453,136.02391052246094,136.05712890625,136.0952606201172,136.14149475097656,136.14149475097656,0.7188720703125,135.42262268066406,0.19499722824532587
2023-08-10,DEM,./DSMs/2023-08-10_DEM.tif,2025-12-15T15:43:00.486300Z,4.10.dev351+g6d26a0230,default_102,135.66317749023438,135.66317749023438,135.16946411132812,136.09286499023438,135.3914794921875,135.45411682128906,135.5030059814453,135.54762268066406,135.5770263671875,135.6007080078125,135.62069702148438,135.63943481445312,135.66317749023438,135.68551635742188,135.33009338378906,135.70907592773438,135.72723388671875,135.75112915039062,135.76937866210938,135.80104064941406,135.83963012695312,135.8900909423828,135.95423889160156,135.95423889160156,0.7113800048828125,135.24285888671875,0.18118994381422315
2023-08-10,DEM,./DSMs/2023-08-10_DEM.tif,2025-12-15T15:43:00.486300Z,4.10.dev351+g6d26a0230,default_103,135.46694946289062,135.46694946289062,135.0944061279297,135.8980712890625,135.27772521972656,135.31407165527344,135.3410186767578,135.36509704589844,135.39134216308594,135.41705322265625,135.4330291748047,135.45030212402344,135.46694946289062,135.48507690429688,135.2087860107422,135.5019989013672,135.51736450195312,135.53958129882812,135.56121826171875,135.59317016601562,135.6307373046875,135.67410278320312,135.74366760253906,135.74366760253906,0.6140289306640625,135.129638671875,0.1530199243896099
2023-08-10,DEM,./DSMs/2023-08-10_DEM.tif,2025-12-15T15:43:00.486300Z,4.10.dev351+g6d26a0230,default_201,136.0339813232422,136.0339813232422,135.34963989257812,136.90792846679688,135.4739532470703,135.55685424804688,135.62960815429688,135.68472290039062,135.7540283203125,135.84812927246094,135.9257354736328,135.98338317871094,136.0339813232422,136.0675811767578,135.42515563964844,136.09921264648438,136.1229705810547,136.1442413330078,136.16494750976562,136.1810302734375,136.19415283203125,136.21624755859375,136.23756408691406,136.23756408691406,0.8558197021484375,135.38174438476562,0.27891848746192227
2023-08-10,DEM,./DSMs/2023-08-10_DEM.tif,2025-12-15T15:43:00.486300Z,4.10.dev351+g6d26a0230,default_202,136.22015380859375,136.22015380859375,135.5037384033203,136.87408447265625,135.75650024414062,135.810546875,135.87741088867188,135.94512939453125,136.0129852294922,136.07945251464844,136.1344451904297,136.18124389648438,136.22015380859375,136.25680541992188,135.65621948242188,136.28851318359375,136.31478881835938,136.34130859375,136.3646697998047,136.3914031982422,136.41476440429688,136.4371337890625,136.4721221923828,136.4721221923828,0.91790771484375,135.55421447753906,0.26172395852555863
2023-08-10,DEM,./DSMs/2023-08-10_DEM.tif,2025-12-15T15:43:00.486300Z,4.10.dev351+g6d26a0230,default_203,135.6402587890625,135.6402587890625,134.96490478515625,135.89044189453125,135.2202606201172,135.28065490722656,135.33363342285156,135.40481567382812,135.4756622314453,135.53497314453125,135.58384704589844,135.61680603027344,135.6402587890625,135.66297912597656,135.14654541015625,135.68289184570312,135.70506286621094,135.72750854492188,135.75303649902344,135.76905822753906,135.78810119628906,135.81053161621094,135.83580017089844,135.83580017089844,0.798126220703125,135.0376739501953,0.22224759418970927
2023-08-10,DEM,./DSMs/2023-08-10_DEM.tif,2025-12-15T15:43:00.486300Z,4.10.dev351+g6d26a0230,default_301,135.85873413085938,135.85873413085938,135.3369598388672,136.28636169433594,135.56517028808594,135.62057495117188,135.65643310546875,135.69810485839844,135.73953247070312,135.7792205810547,135.80734252929688,135.8355255126953,135.85873413085938,135.8866424560547,135.4521484375,135.91407775878906,135.93748474121094,135.9675750732422,136.0086212158203,136.04055786132812,136.0765838623047,136.10946655273438,136.15272521972656,136.15272521972656,0.7760162353515625,135.376708984375,0.20757571463058758
2023-08-10,DEM,./DSMs/2023-08-10_DEM.tif,2025-12-15T15:43:00.486300Z,4.10.dev351+g6d26a0230,default_302,136.25897216796875,136.25897216796875,135.7965850830078,136.8936767578125,135.99874877929688,136.02645874023438,136.0579376220703,136.0982666015625,136.13836669921875,136.1766815185547,136.20822143554688,136.2316436767578,136.25897216796875,136.2876434326172,135.93492126464844,136.31785583496094,136.3499755859375,136.3818359375,136.41796875,136.45660400390625,136.4949493408203,136.53289794921875,136.5954132080078,136.5954132080078,0.7497406005859375,135.84567260742188,0.2037356773685454
2023-08-10,DEM,./DSMs/2023-08-10_DEM.tif,2025-12-15T15:43:00.486300Z,4.10.dev351+g6d26a0230,default_303,135.7088623046875,135.7088623046875,135.34091186523438,136.12521362304688,135.52603149414062,135.564697265625,135.59075927734375,135.61032104492188,135.6287078857422,135.6444091796875,135.66600036621094,135.6868438720703,135.7088623046875,135.72296142578125,135.46568298339844,135.73976135253906,135.75794982910156,135.77735900878906,135.802978515625,135.83285522460938,135.8672332763672,135.91378784179688,135.98495483398438,135.98495483398438,0.5924530029296875,135.3925018310547,0.1475265839123849
2023-08-10,DEM,./DSMs/2023-08-10_DEM.tif,2025-12-15T15:43:00.486300Z,4.10.dev351+g6d26a0230,default_401,136.14654541015625,136.14654541015625,135.63784790039062,136.54881286621094,135.89297485351562,135.9286651611328,135.96495056152344,135.99652099609375,136.0314483642578,136.06732177734375,136.09791564941406,136.12429809570312,136.14654541015625,136.16786193847656,135.82669067382812,136.1874237060547,136.21119689941406,136.23233032226562,136.259521484375,136.28042602539062,136.31585693359375,136.35350036621094,136.39451599121094,136.39451599121094,0.6770477294921875,135.71746826171875,0.17437928800699087
2023-08-10,DEM,./DSMs/2023-08-10_DEM.tif,2025-12-15T15:43:00.486300Z,4.10.dev351+g6d26a0230,default_402,135.75144958496094,135.75144958496094,135.28768920898438,136.80918884277344,135.47372436523438,135.51480102539062,135.56320190429688,135.61378479003906,135.64817810058594,135.6817626953125,135.70887756347656,135.73043823242188,135.75144958496094,135.76829528808594,135.39625549316406,135.78854370117188,135.80931091308594,135.83560180664062,135.86135864257812,135.8925323486328,135.92079162597656,135.9464111328125,135.9840850830078,135.9840850830078,0.656524658203125,135.3275604248047,0.17976895653433178
2023-08-10,DEM,./DSMs/2023-08-10_DEM.tif,2025-12-15T15:43:00.486300Z,4.10.dev351+g6d26a0230,default_403,135.9873504638672,135.9873504638672,135.64146423339844,136.45553588867188,135.76422119140625,135.830810546875,135.8733673095703,135.89938354492188,135.9217071533203,135.93739318847656,135.95579528808594,135.97145080566406,135.9873504638672,136.00660705566406,135.70018005371094,136.02256774902344,136.04421997070312,136.0686798095703,136.10081481933594,136.1399383544922,136.1781463623047,136.2389678955078,136.30966186523438,136.30966186523438,0.6389617919921875,135.6707000732422,0.16808481614034687
2023-08-10,DEM,./DSMs/2023-08-10_DEM.tif,2025-12-15T15:43:00.486300Z,4.10.dev351+g6d26a0230,default_501,136.24996948242188,136.24996948242188,135.62847900390625,136.9065399169922,135.8166961669922,135.88299560546875,135.9247589111328,135.9902801513672,136.0732879638672,136.1358184814453,136.1746368408203,136.2149200439453,136.24996948242188,136.27671813964844,135.73361206054688,136.30601501464844,136.33555603027344,136.3556671142578,136.3778076171875,136.39622497558594,136.41737365722656,136.43783569335938,136.47134399414062,136.47134399414062,0.7969207763671875,135.67442321777344,0.23713142537076945
2023-08-10,DEM,./DSMs/2023-08-10_DEM.tif,2025-12-15T15:43:00.486300Z,4.10.dev351+g6d26a0230,default_502,135.89015197753906,135.89015197753906,135.27442932128906,136.35214233398438,135.41712951660156,135.46890258789062,135.508056640625,135.541015625,135.60385131835938,135.70339965820312,135.79083251953125,135.84840393066406,135.89015197753906,135.92616271972656,135.35128784179688,135.96241760253906,135.98553466796875,136.0067901611328,136.02386474609375,136.05015563964844,136.07379150390625,136.103271484375,136.1581573486328,136.1581573486328,0.8420562744140625,135.31610107421875,0.26614315382887854
2023-08-10,DEM,./DSMs/2023-08-10_DEM.tif,2025-12-15T15:43:00.486300Z,4.10.dev351+g6d26a0230,default_503,136.042724609375,136.042724609375,135.59130859375,136.47772216796875,135.7516632080078,135.79299926757812,135.830810546875,135.8554229736328,135.88931274414062,135.9263458251953,135.96493530273438,136.0049285888672,136.042724609375,136.07659912109375,135.68728637695312,136.1010284423828,136.12864685058594,136.15016174316406,136.18238830566406,136.23263549804688,136.2796630859375,136.3174591064453,136.3599395751953,136.3599395751953,0.743408203125,135.6165313720703,0.2088365598325112
2023-08-10,DEM,./DSMs/2023-08-10_DEM.tif,2025-12-15T15:43:00.486300Z,4.10.dev351+g6d26a0230,default_601,136.47601318359375,136.47601318359375,135.85450744628906,136.90972900390625,136.08644104003906,136.11573791503906,136.13905334472656,136.17340087890625,136.23590087890625,136.30111694335938,136.36734008789062,136.4303741455078,136.47601318359375,136.51486206054688,136.00070190429688,136.54852294921875,136.57899475097656,136.60243225097656,136.62794494628906,136.6509246826172,136.69140625,136.77833557128906,136.85830688476562,136.85830688476562,0.9244384765625,135.93386840820312,0.26317821853849976
2023-08-10,DEM,./DSMs/2023-08-10_DEM.tif,2025-12-15T15:43:00.486300Z,4.10.dev351+g6d26a0230,default_602,135.964111328125,135.964111328125,135.4212188720703,136.46156311035156,135.60183715820312,135.66192626953125,135.6876220703125,135.72598266601562,135.79981994628906,135.85389709472656,135.89599609375,135.93148803710938,135.964111328125,136.00303649902344,135.54388427734375,136.0340118408203,136.05699157714844,136.0835723876953,136.11053466796875,136.140380859375,136.16880798339844,136.2020721435547,136.23870849609375,136.23870849609375,0.758941650390625,135.47976684570312,0.22274585823777643
2023-08-10,DEM,./DSMs/2023-08-10_DEM.tif,2025-12-15T15:43:00.486300Z,4.10.dev351+g6d26a0230,default_603,135.9571533203125,135.9571533203125,135.50469970703125,136.3782958984375,135.68763732910156,135.7395477294922,135.7690887451172,135.78814697265625,135.81546020507812,135.85508728027344,135.89451599121094,135.93190002441406,135.9571533203125,135.97901916503906,135.63531494140625,136.0074920654297,136.03598022460938,136.06613159179688,136.10333251953125,136.16265869140625,136.20867919921875,136.25099182128906,136.28453063964844,136.28453063964844,0.7145538330078125,135.56997680664062,0.20052022941207567
2023-08-10,DEM,./DSMs/2023-08-10_DEM.tif,2025-12-15T15:43:00.486300Z,4.10.dev351+g6d26a0230,default_701,136.54190063476562,136.54190063476562,135.9175567626953,136.81527709960938,136.101806640625,136.1476287841797,136.1750030517578,136.22021484375,136.29127502441406,136.37928771972656,136.46510314941406,136.50990295410156,136.54190063476562,136.56561279296875,135.98828125,136.58543395996094,136.60238647460938,136.6186065673828,136.63800048828125,136.65467834472656,136.6756591796875,136.69415283203125,136.72023010253906,136.72023010253906,0.7811279296875,135.93910217285156,0.23620328261656767
2023-08-10,DEM,./DSMs/2023-08-10_DEM.tif,2025-12-15T15:43:00.486300Z,4.10.dev351+g6d26a0230,default_702,136.2628631591797,136.2628631591797,135.5436248779297,136.7752685546875,135.78651428222656,135.84371948242188,135.93399047851562,136.04672241210938,136.1387176513672,136.18374633789062,136.21678161621094,136.2388458251953,136.2628631591797,136.2823028564453,135.67604064941406,136.301025390625,136.31605529785156,136.3359832763672,136.35000610351562,136.36111450195312,136.37838745117188,136.39239501953125,136.4164581298828,136.4164581298828,0.817718505859375,135.59873962402344,0.23570767696894343
2023-08-10,DEM,./DSMs/2023-08-10_DEM.tif,2025-12-15T15:43:00.486300Z,4.10.dev351+g6d26a0230,default_703,135.81298828125,135.81298828125,135.16622924804688,136.02587890625,135.31082153320312,135.35842895507812,135.3751983642578,135.41317749023438,135.5248565673828,135.64883422851562,135.7349090576172,135.78463745117188,135.81298828125,135.83888244628906,135.228515625,135.85552978515625,135.8738250732422,135.88623046875,135.89588928222656,135.90911865234375,135.9237060546875,135.93838500976562,135.96142578125,135.96142578125,0.771636962890625,135.18978881835938,0.25207196301903606
2023-08-10,DEM,./DSMs/2023-08-10_DEM.tif,2025-12-15T15:43:00.486300Z,4.10.dev351+g6d26a0230,default_801,136.4917449951172,136.4917449951172,135.9116668701172,136.89674377441406,136.08425903320312,136.17031860351562,136.2060089111328,136.26242065429688,136.35009765625,136.40391540527344,136.43588256835938,136.46841430664062,136.4917449951172,136.51641845703125,135.98143005371094,136.54051208496094,136.56222534179688,136.57894897460938,136.59487915039062,136.60617065429688,136.61891174316406,136.63453674316406,136.6510772705078,136.6510772705078,0.7061309814453125,135.9449462890625,0.2103048787879523
2023-08-10,DEM,./DSMs/2023-08-10_DEM.tif,2025-12-15T15:43:00.486300Z,4.10.dev351+g6d26a0230,default_802,136.36988830566406,136.36988830566406,135.69541931152344,136.90721130371094,135.8960723876953,135.93455505371094,135.99002075195312,136.05294799804688,136.0864715576172,136.12103271484375,136.2284393310547,136.31375122070312,136.36988830566406,136.4149169921875,135.8672637939453,136.45028686523438,136.47621154785156,136.4951171875,136.51429748535156,136.5322723388672,136.55213928222656,136.5684051513672,136.59768676757812,136.59768676757812,0.8108978271484375,135.7867889404297,0.2633913615210928
2023-08-10,DEM,./DSMs/2023-08-10_DEM.tif,2025-12-15T15:43:00.486300Z,4.10.dev351+g6d26a0230,default_803,136.01107788085938,136.01107788085938,135.38023376464844,136.23007202148438,135.5511474609375,135.61741638183594,135.6717071533203,135.77145385742188,135.86761474609375,135.9365997314453,135.97027587890625,135.9939422607422,136.01107788085938,136.02365112304688,135.46578979492188,136.0396270751953,136.0506591796875,136.06082153320312,136.07493591308594,136.0877227783203,136.0970001220703,136.10604858398438,136.1300811767578,136.1300811767578,0.714874267578125,135.4152069091797,0.2141374498114646
2023-08-10,DEM,./DSMs/2023-08-10_DEM.tif,2025-12-15T15:43:00.486300Z,4.10.dev351+g6d26a0230,default_901,136.18019104003906,136.18019104003906,135.63336181640625,136.68836975097656,135.84158325195312,135.89227294921875,135.9566192626953,136.00875854492188,136.04855346679688,136.08023071289062,136.10816955566406,136.14212036132812,136.18019104003906,136.2181854248047,135.79307556152344,136.25424194335938,136.28350830078125,136.3134002685547,136.34625244140625,136.37844848632812,136.40875244140625,136.4424591064453,136.49176025390625,136.49176025390625,0.8155364990234375,135.6762237548828,0.22141030679427048
2023-08-10,DEM,./DSMs/2023-08-10_DEM.tif,2025-12-15T15:43:00.486300Z,4.10.dev351+g6d26a0230,default_902,136.15029907226562,136.15029907226562,135.6666717529297,136.8840789794922,135.92185974121094,135.95420837402344,135.98397827148438,136.00897216796875,136.04176330566406,136.07064819335938,136.09791564941406,136.12747192382812,136.15029907226562,136.18374633789062,135.87249755859375,136.2239532470703,136.2694854736328,136.30609130859375,136.3409423828125,136.37306213378906,136.4158477783203,136.45654296875,136.50408935546875,136.50408935546875,0.7322540283203125,135.77183532714844,0.20387408265604137
2023-08-10,DEM,./DSMs/2023-08-10_DEM.tif,2025-12-15T15:43:00.486300Z,4.10.dev351+g6d26a0230,default_903,135.6464385986328,135.6464385986328,135.2655487060547,136.10775756835938,135.47410583496094,135.52174377441406,135.5462188720703,135.55892944335938,135.576904296875,135.59339904785156,135.6095428466797,135.62869262695312,135.6464385986328,135.6707763671875,135.39222717285156,135.70399475097656,135.73377990722656,135.765380859375,135.79998779296875,135.83763122558594,135.88427734375,135.9383087158203,135.99703979492188,135.99703979492188,0.663909912109375,135.3331298828125,0.17268389455123762
2023-08-17,DEM,./DSMs/2023-08-17_DEM.tif,2025-12-15T15:43:00.430370Z,4.10.dev351+g6d26a0230,default_101,138.52740478515625,138.52740478515625,137.96749877929688,139.1859130859375,138.2228240966797,138.34568786621094,138.39083862304688,138.42462158203125,138.4480743408203,138.47145080566406,138.48837280273438,138.50738525390625,138.52740478515625,138.5537567138672,138.10507202148438,138.57998657226562,138.608642578125,138.63987731933594,138.66294860839844,138.6883544921875,138.71986389160156,138.76333618164062,138.82508850097656,138.82508850097656,0.7957916259765625,138.029296875,0.2012566557627441
2023-08-17,DEM,./DSMs/2023-08-17_DEM.tif,2025-12-15T15:43:00.430370Z,4.10.dev351+g6d26a0230,default_102,138.37533569335938,138.37533569335938,137.87548828125,138.7894287109375,138.16961669921875,138.2354736328125,138.27256774902344,138.2982177734375,138.3152313232422,138.32872009277344,138.34793090820312,138.36187744140625,138.37533569335938,138.3911590576172,138.0626983642578,138.40927124023438,138.4347686767578,138.46287536621094,138.5035858154297,138.5383758544922,138.59242248535156,138.64071655273438,138.6961212158203,138.6961212158203,0.7283935546875,137.9677276611328,0.17576847590726516
2023-08-17,DEM,./DSMs/2023-08-17_DEM.tif,2025-12-15T15:43:00.430370Z,4.10.dev351+g6d26a0230,default_103,138.27268981933594,138.27268981933594,137.8367462158203,138.6927032470703,138.08544921875,138.1355743408203,138.16058349609375,138.18228149414062,138.19444274902344,138.20582580566406,138.22509765625,138.24948120117188,138.27268981933594,138.29734802246094,137.98519897460938,138.3177947998047,138.33706665039062,138.35574340820312,138.37742614746094,138.4072723388672,138.46029663085938,138.51437377929688,138.5631561279297,138.5631561279297,0.6780548095703125,137.88510131835938,0.1638474286354116
2023-08-17,DEM,./DSMs/2023-08-17_DEM.tif,2025-12-15T15:43:00.430370Z,4.10.dev351+g6d26a0230,default_201,138.78475952148438,138.78475952148438,137.95811462402344,140.27505493164062,138.3032989501953,138.38926696777344,138.4423828125,138.51492309570312,138.60501098632812,138.6629180908203,138.7103729248047,138.75115966796875,138.78475952148438,138.81967163085938,138.163818359375,138.8467254638672,138.86798095703125,138.88352966308594,138.90235900878906,138.91746520996094,138.9369659423828,138.95748901367188,139.00033569335938,139.00033569335938,0.9230804443359375,138.07725524902344,0.28324999435491127
2023-08-17,DEM,./DSMs/2023-08-17_DEM.tif,2025-12-15T15:43:00.430370Z,4.10.dev351+g6d26a0230,default_202,139.09291076660156,139.09291076660156,138.34828186035156,139.4553985595703,138.7272491455078,138.77517700195312,138.80870056152344,138.85218811035156,138.90374755859375,138.95541381835938,139.00625610351562,139.05044555664062,139.09291076660156,139.12557983398438,138.63775634765625,139.1610870361328,139.19834899902344,139.22520446777344,139.25013732910156,139.2725830078125,139.2932891845703,139.32684326171875,139.35995483398438,139.35995483398438,0.9267578125,138.43319702148438,0.2379463346653004
2023-08-17,DEM,./DSMs/2023-08-17_DEM.tif,2025-12-15T15:43:00.430370Z,4.10.dev351+g6d26a0230,default_203,138.3892364501953,138.3892364501953,137.7075653076172,138.66561889648438,138.04925537109375,138.1002655029297,138.1378173828125,138.19192504882812,138.2489776611328,138.29676818847656,138.3357391357422,138.365966796875,138.3892364501953,138.40771484375,137.93650817871094,138.4287109375,138.44825744628906,138.47727966308594,138.50833129882812,138.52999877929688,138.54647827148438,138.56671142578125,138.59901428222656,138.59901428222656,0.764007568359375,137.8350067138672,0.20290188759003702
2023-08-17,DEM,./DSMs/2023-08-17_DEM.tif,2025-12-15T15:43:00.430370Z,4.10.dev351+g6d26a0230,default_301,138.5621337890625,138.5621337890625,138.0288848876953,138.9234619140625,138.33596801757812,138.38450622558594,138.40426635742188,138.42782592773438,138.45291137695312,138.48497009277344,138.51156616210938,138.5358428955078,138.5621337890625,138.58560180664062,138.20477294921875,138.61253356933594,138.6451873779297,138.67669677734375,138.70657348632812,138.7464141845703,138.77914428710938,138.80245971679688,138.82650756835938,138.82650756835938,0.745941162109375,138.08056640625,0.18581967347617473
2023-08-17,DEM,./DSMs/2023-08-17_DEM.tif,2025-12-15T15:43:00.430370Z,4.10.dev351+g6d26a0230,default_302,139.270263671875,139.270263671875,138.80667114257812,139.73159790039062,139.09840393066406,139.1272430419922,139.15072631835938,139.1693878173828,139.1860809326172,139.203369140625,139.2215576171875,139.2459716796875,139.270263671875,139.30137634277344,139.02841186523438,139.33160400390625,139.36404418945312,139.39810180664062,139.43478393554688,139.4686279296875,139.49713134765625,139.54119873046875,139.592529296875,139.592529296875,0.701080322265625,138.89144897460938,0.17579072539858495
2023-08-17,DEM,./DSMs/2023-08-17_DEM.tif,2025-12-15T15:43:00.430370Z,4.10.dev351+g6d26a0230,default_303,138.68858337402344,138.68858337402344,138.23289489746094,139.03468322753906,138.5187530517578,138.55352783203125,138.57322692871094,138.59384155273438,138.61050415039062,138.62826538085938,138.6514434814453,138.66722106933594,138.68858337402344,138.70614624023438,138.45632934570312,138.7283172607422,138.74734497070312,138.77272033691406,138.78868103027344,138.8099822998047,138.83554077148438,138.87803649902344,138.9323272705078,138.9323272705078,0.6200714111328125,138.312255859375,0.14273583992946343
2023-08-17,DEM,./DSMs/2023-08-17_DEM.tif,2025-12-15T15:43:00.430370Z,4.10.dev351+g6d26a0230,default_401,139.0232696533203,139.0232696533203,138.45693969726562,139.3735809326172,138.80613708496094,138.83023071289062,138.85308837890625,138.87730407714844,138.90673828125,138.93411254882812,138.95790100097656,138.9912872314453,139.0232696533203,139.04916381835938,138.73768615722656,139.0786590576172,139.11134338378906,139.14283752441406,139.16534423828125,139.1934814453125,139.22085571289062,139.25152587890625,139.28379821777344,139.28379821777344,0.7175140380859375,138.5662841796875,0.17750978252714128
2023-08-17,DEM,./DSMs/2023-08-17_DEM.tif,2025-12-15T15:43:00.430370Z,4.10.dev351+g6d26a0230,default_402,138.4080810546875,138.4080810546875,137.97879028320312,138.90672302246094,138.233642578125,138.27076721191406,138.29092407226562,138.3080596923828,138.3239288330078,138.34259033203125,138.3641357421875,138.3910369873047,138.4080810546875,138.42861938476562,138.13742065429688,138.4484405517578,138.47747802734375,138.50938415527344,138.54127502441406,138.57672119140625,138.61593627929688,138.6450958251953,138.6746368408203,138.6746368408203,0.6491851806640625,138.02545166015625,0.16000512716986737
2023-08-17,DEM,./DSMs/2023-08-17_DEM.tif,2025-12-15T15:43:00.430370Z,4.10.dev351+g6d26a0230,default_403,139.0413818359375,139.0413818359375,138.64085388183594,139.48916625976562,138.83421325683594,138.9144287109375,138.9478302001953,138.96261596679688,138.98294067382812,138.99624633789062,139.01014709472656,139.0267333984375,139.0413818359375,139.06103515625,138.74237060546875,139.0826873779297,139.10702514648438,139.13348388671875,139.1697998046875,139.2021484375,139.2462158203125,139.3111572265625,139.37100219726562,139.37100219726562,0.68377685546875,138.68722534179688,0.17078424337066272
2023-08-17,DEM,./DSMs/2023-08-17_DEM.tif,2025-12-15T15:43:00.430370Z,4.10.dev351+g6d26a0230,default_501,139.1075897216797,139.1075897216797,138.46884155273438,139.38685607910156,138.768310546875,138.82568359375,138.85362243652344,138.8919677734375,138.94508361816406,138.99583435058594,139.04200744628906,139.08116149902344,139.1075897216797,139.12490844726562,138.59361267089844,139.1461181640625,139.16490173339844,139.18508911132812,139.20425415039062,139.22633361816406,139.25184631347656,139.27452087402344,139.2976531982422,139.2976531982422,0.7960052490234375,138.50164794921875,0.20872604703699965
2023-08-17,DEM,./DSMs/2023-08-17_DEM.tif,2025-12-15T15:43:00.430370Z,4.10.dev351+g6d26a0230,default_502,138.56756591796875,138.56756591796875,137.98866271972656,138.88526916503906,138.15524291992188,138.23497009277344,138.2913360595703,138.33950805664062,138.373291015625,138.42990112304688,138.49017333984375,138.5326385498047,138.56756591796875,138.60865783691406,138.07896423339844,138.6389617919922,138.6643524169922,138.68959045410156,138.71177673339844,138.73785400390625,138.75537109375,138.77670288085938,138.8007354736328,138.8007354736328,0.7807464599609375,138.01998901367188,0.2299765701277413
2023-08-17,DEM,./DSMs/2023-08-17_DEM.tif,2025-12-15T15:43:00.430370Z,4.10.dev351+g6d26a0230,default_503,139.03907775878906,139.03907775878906,138.6072998046875,139.45286560058594,138.8297882080078,138.8760986328125,138.9071044921875,138.93019104003906,138.95216369628906,138.97177124023438,138.9918212890625,139.014892578125,139.03907775878906,139.06076049804688,138.73951721191406,139.0797119140625,139.10678100585938,139.14553833007812,139.20034790039062,139.24928283691406,139.29898071289062,139.34060668945312,139.3726043701172,139.3726043701172,0.7157135009765625,138.65689086914062,0.18761643681309018
2023-08-17,DEM,./DSMs/2023-08-17_DEM.tif,2025-12-15T15:43:00.430370Z,4.10.dev351+g6d26a0230,default_601,139.45455932617188,139.45455932617188,138.85421752929688,139.73484802246094,139.1282196044922,139.18214416503906,139.209228515625,139.24339294433594,139.2928009033203,139.34683227539062,139.39573669433594,139.42770385742188,139.45455932617188,139.47120666503906,139.0266876220703,139.4914093017578,139.51377868652344,139.5401153564453,139.56494140625,139.58969116210938,139.61383056640625,139.63314819335938,139.6659393310547,139.6659393310547,0.7626495361328125,138.90328979492188,0.19882721377067822
2023-08-17,DEM,./DSMs/2023-08-17_DEM.tif,2025-12-15T15:43:00.430370Z,4.10.dev351+g6d26a0230,default_602,138.86587524414062,138.86587524414062,138.30502319335938,139.2492218017578,138.64012145996094,138.68746948242188,138.71426391601562,138.73023986816406,138.7435760498047,138.767822265625,138.79196166992188,138.82545471191406,138.86587524414062,138.8941650390625,138.5401611328125,138.9136505126953,138.93873596191406,138.96102905273438,138.9879913330078,139.02029418945312,139.0607147216797,139.103271484375,139.13253784179688,139.13253784179688,0.7303924560546875,138.4021453857422,0.179636816110863
2023-08-17,DEM,./DSMs/2023-08-17_DEM.tif,2025-12-15T15:43:00.430370Z,4.10.dev351+g6d26a0230,default_603,138.95936584472656,138.95936584472656,138.5346221923828,139.37689208984375,138.7997283935547,138.8284454345703,138.85317993164062,138.87356567382812,138.8920135498047,138.9061279296875,138.9229278564453,138.94482421875,138.95936584472656,138.981201171875,138.72634887695312,139.00555419921875,139.04344177246094,139.0935516357422,139.13037109375,139.1667938232422,139.20428466796875,139.2484893798828,139.289306640625,139.289306640625,0.6751556396484375,138.61415100097656,0.17103943897561552
2023-08-17,DEM,./DSMs/2023-08-17_DEM.tif,2025-12-15T15:43:00.430370Z,4.10.dev351+g6d26a0230,default_701,139.52223205566406,139.52223205566406,138.84156799316406,139.8852996826172,139.15802001953125,139.19287109375,139.23179626464844,139.2896270751953,139.3590087890625,139.4228973388672,139.46435546875,139.4938201904297,139.52223205566406,139.55084228515625,139.08526611328125,139.5784149169922,139.59649658203125,139.6224365234375,139.63597106933594,139.64889526367188,139.66749572753906,139.68324279785156,139.71127319335938,139.71127319335938,0.766632080078125,138.94464111328125,0.2100515433035548
2023-08-17,DEM,./DSMs/2023-08-17_DEM.tif,2025-12-15T15:43:00.430370Z,4.10.dev351+g6d26a0230,default_702,139.11090087890625,139.11090087890625,138.43260192871094,139.3934783935547,138.76315307617188,138.81016540527344,138.86001586914062,138.92103576660156,138.96990966796875,139.01260375976562,139.05137634277344,139.08343505859375,139.11090087890625,139.13516235351562,138.66656494140625,139.15951538085938,139.17587280273438,139.1979522705078,139.2177276611328,139.23855590820312,139.25270080566406,139.27230834960938,139.29461669921875,139.29461669921875,0.7820281982421875,138.51258850097656,0.20155968938816612
2023-08-17,DEM,./DSMs/2023-08-17_DEM.tif,2025-12-15T15:43:00.430370Z,4.10.dev351+g6d26a0230,default_703,138.54071044921875,138.54071044921875,137.89846801757812,138.83396911621094,138.14984130859375,138.21795654296875,138.2347869873047,138.25611877441406,138.31971740722656,138.38662719726562,138.44540405273438,138.5026397705078,138.54071044921875,138.5673370361328,138.03416442871094,138.58990478515625,138.61366271972656,138.6437225341797,138.67051696777344,138.6959686279297,138.71165466308594,138.72854614257812,138.7490234375,138.7490234375,0.813751220703125,137.93527221679688,0.2306460115492743
2023-08-17,DEM,./DSMs/2023-08-17_DEM.tif,2025-12-15T15:43:00.430370Z,4.10.dev351+g6d26a0230,default_801,139.49160766601562,139.49160766601562,138.90023803710938,140.23538208007812,139.1920623779297,139.24525451660156,139.31045532226562,139.36680603027344,139.399169921875,139.42306518554688,139.44667053222656,139.46636962890625,139.49160766601562,139.5140838623047,139.09295654296875,139.54263305664062,139.56935119628906,139.5944061279297,139.6156463623047,139.63360595703125,139.65032958984375,139.6690216064453,139.69337463378906,139.69337463378906,0.7396697998046875,138.95370483398438,0.1862169025296003
2023-08-17,DEM,./DSMs/2023-08-17_DEM.tif,2025-12-15T15:43:00.430370Z,4.10.dev351+g6d26a0230,default_802,139.45127868652344,139.45127868652344,138.81336975097656,139.7618408203125,138.98898315429688,139.09617614746094,139.16668701171875,139.1929168701172,139.2298126220703,139.31011962890625,139.36891174316406,139.41566467285156,139.45127868652344,139.47607421875,138.90505981445312,139.50697326660156,139.53933715820312,139.55755615234375,139.58154296875,139.59837341308594,139.6163787841797,139.633544921875,139.66213989257812,139.66213989257812,0.8014373779296875,138.86070251464844,0.23812451269013718
2023-08-17,DEM,./DSMs/2023-08-17_DEM.tif,2025-12-15T15:43:00.430370Z,4.10.dev351+g6d26a0230,default_803,138.99465942382812,138.99465942382812,138.3120880126953,139.2298126220703,138.60736083984375,138.648193359375,138.69961547851562,138.7857208251953,138.8584442138672,138.90390014648438,138.93701171875,138.97109985351562,138.99465942382812,139.01483154296875,138.51409912109375,139.0311737060547,139.0426483154297,139.0554656982422,139.07015991210938,139.08154296875,139.0939178466797,139.11163330078125,139.12940979003906,139.12940979003906,0.75506591796875,138.3743438720703,0.20276192024289819
2023-08-17,DEM,./DSMs/2023-08-17_DEM.tif,2025-12-15T15:43:00.430370Z,4.10.dev351+g6d26a0230,default_901,138.9652557373047,138.9652557373047,138.4396514892578,139.3128662109375,138.7459716796875,138.7963104248047,138.8248291015625,138.84469604492188,138.86737060546875,138.88656616210938,138.91143798828125,138.94003295898438,138.9652557373047,138.99180603027344,138.6866912841797,139.02243041992188,139.05410766601562,139.08848571777344,139.11729431152344,139.14442443847656,139.16741943359375,139.20184326171875,139.2430877685547,139.2430877685547,0.7083740234375,138.5347137451172,0.17446036619730917
2023-08-17,DEM,./DSMs/2023-08-17_DEM.tif,2025-12-15T15:43:00.430370Z,4.10.dev351+g6d26a0230,default_902,139.1837615966797,139.1837615966797,138.72103881835938,139.6698455810547,139.0199432373047,139.06161499023438,139.08485412597656,139.1023406982422,139.11415100097656,139.1263427734375,139.14346313476562,139.16285705566406,139.1837615966797,139.20980834960938,138.95431518554688,139.23904418945312,139.26707458496094,139.3054962158203,139.34490966796875,139.3816680908203,139.41336059570312,139.4665985107422,139.52719116210938,139.52719116210938,0.711578369140625,138.81561279296875,0.17336173517521158
2023-08-17,DEM,./DSMs/2023-08-17_DEM.tif,2025-12-15T15:43:00.430370Z,4.10.dev351+g6d26a0230,default_903,138.5867462158203,138.5867462158203,138.14588928222656,139.0010223388672,138.43060302734375,138.47865295410156,138.49966430664062,138.51681518554688,138.5268096923828,138.53558349609375,138.547119140625,138.5662078857422,138.5867462158203,138.6163787841797,138.33602905273438,138.65220642089844,138.68429565429688,138.71002197265625,138.7423095703125,138.7814178466797,138.82489013671875,138.86697387695312,138.90724182128906,138.90724182128906,0.672332763671875,138.2349090576172,0.16726017497926376
2023-08-31,DEM,./DSMs/2023-08-31_DEM.tif,2025-12-15T15:43:01.002175Z,4.10.dev351+g6d26a0230,default_101,71.19317626953125,71.19317626953125,70.80229187011719,71.73836517333984,70.91386413574219,71.00126647949219,71.05062866210938,71.07688903808594,71.10418701171875,71.1252212524414,71.14762878417969,71.17076110839844,71.19317626953125,71.21627807617188,70.85432434082031,71.23465728759766,71.25849914550781,71.28146362304688,71.30525207519531,71.33142852783203,71.36498260498047,71.40583038330078,71.46077728271484,71.46077728271484,0.6356658935546875,70.82511138916016,0.17600253670819568
2023-08-31,DEM,./DSMs/2023-08-31_DEM.tif,2025-12-15T15:43:01.002175Z,4.10.dev351+g6d26a0230,default_102,71.09896850585938,71.09896850585938,70.72357177734375,71.52798461914062,70.85466766357422,70.92280578613281,70.96695709228516,70.99640655517578,71.02054595947266,71.0426025390625,71.0638198852539,71.080322265625,71.09896850585938,71.1169204711914,70.7835922241211,71.1369400024414,71.15292358398438,71.1679916381836,71.18540954589844,71.20758056640625,71.2373275756836,71.29035186767578,71.3703384399414,71.3703384399414,0.6230545043945312,70.74728393554688,0.15974937347199364
2023-08-31,DEM,./DSMs/2023-08-31_DEM.tif,2025-12-15T15:43:01.002175Z,4.10.dev351+g6d26a0230,default_103,71.0318603515625,71.0318603515625,70.69097137451172,71.40826416015625,70.80802917480469,70.87574768066406,70.91670989990234,70.93484497070312,70.95121002197266,70.9692611694336,70.99458312988281,71.01382446289062,71.0318603515625,71.04657745361328,70.7568130493164,71.06267547607422,71.07627868652344,71.09003448486328,71.10932922363281,71.13610076904297,71.16644287109375,71.21028900146484,71.26982116699219,71.26982116699219,0.549652099609375,70.72016906738281,0.14378299913128018
2023-08-31,DEM,./DSMs/2023-08-31_DEM.tif,2025-12-15T15:43:01.002175Z,4.10.dev351+g6d26a0230,default_201,71.42233276367188,71.42233276367188,70.81256866455078,71.72211456298828,70.90345764160156,70.97655487060547,71.03483581542969,71.08235931396484,71.15482330322266,71.24462890625,71.3160629272461,71.37744903564453,71.42233276367188,71.463134765625,70.8662109375,71.49852752685547,71.52777099609375,71.55536651611328,71.57612609863281,71.59219360351562,71.61172485351562,71.62704467773438,71.6534652709961,71.6534652709961,0.81182861328125,70.84163665771484,0.2680976137655602
2023-08-31,DEM,./DSMs/2023-08-31_DEM.tif,2025-12-15T15:43:01.002175Z,4.10.dev351+g6d26a0230,default_202,71.6045913696289,71.6045913696289,71.00772857666016,71.99639129638672,71.21678161621094,71.2651138305664,71.3124771118164,71.357421875,71.4039306640625,71.46002197265625,71.5158920288086,71.56217956542969,71.6045913696289,71.64857482910156,71.13510131835938,71.6834487915039,71.72107696533203,71.75559997558594,71.78788757324219,71.82301330566406,71.85298156738281,71.87518310546875,71.9046630859375,71.9046630859375,0.8427810668945312,71.06188201904297,0.24861327007156975
2023-08-31,DEM,./DSMs/2023-08-31_DEM.tif,2025-12-15T15:43:01.002175Z,4.10.dev351+g6d26a0230,default_203,71.23281860351562,71.23281860351562,70.62244415283203,71.47804260253906,70.76915740966797,70.8357162475586,70.88817596435547,70.93792724609375,71.01187133789062,71.09850311279297,71.15687561035156,71.20272827148438,71.23281860351562,71.25920867919922,70.69851684570312,71.27794647216797,71.2972183227539,71.31574249267578,71.34565734863281,71.36650085449219,71.38642120361328,71.40287017822266,71.42555236816406,71.42555236816406,0.7767868041992188,70.64876556396484,0.2371392961422774
2023-08-31,DEM,./DSMs/2023-08-31_DEM.tif,2025-12-15T15:43:01.002175Z,4.10.dev351+g6d26a0230,default_301,71.21310424804688,71.21310424804688,70.76899719238281,71.59156036376953,70.92825317382812,71.02154541015625,71.05669403076172,71.07719421386719,71.10566711425781,71.1383056640625,71.1649398803711,71.19058990478516,71.21310424804688,71.232421875,70.85026550292969,71.2555160522461,71.27510833740234,71.30023193359375,71.32742309570312,71.35821533203125,71.39630126953125,71.44021606445312,71.47737884521484,71.47737884521484,0.6768417358398438,70.800537109375,0.18023091511935876
2023-08-31,DEM,./DSMs/2023-08-31_DEM.tif,2025-12-15T15:43:01.002175Z,4.10.dev351+g6d26a0230,default_302,71.65675354003906,71.65675354003906,71.30132293701172,72.07886505126953,71.4688491821289,71.5126724243164,71.53915405273438,71.55874633789062,71.579833984375,71.59650421142578,71.61629486083984,71.63410949707031,71.65675354003906,71.67388916015625,71.39993286132812,71.70075988769531,71.73306274414062,71.76530456542969,71.7999038696289,71.8256607055664,71.85684204101562,71.89393615722656,71.95394897460938,71.95394897460938,0.6126480102539062,71.34130096435547,0.1624949583513309
2023-08-31,DEM,./DSMs/2023-08-31_DEM.tif,2025-12-15T15:43:01.002175Z,4.10.dev351+g6d26a0230,default_303,71.29280090332031,71.29280090332031,70.96078491210938,71.6188735961914,71.1304931640625,71.17367553710938,71.19805908203125,71.21910095214844,71.23171997070312,71.24546813964844,71.26114654541016,71.27584075927734,71.29280090332031,71.3059310913086,71.06855010986328,71.32034301757812,71.33658599853516,71.34857177734375,71.35938262939453,71.37580108642578,71.40521240234375,71.44587707519531,71.50675201416016,71.50675201416016,0.5137252807617188,70.99302673339844,0.12117555408243798
2023-08-31,DEM,./DSMs/2023-08-31_DEM.tif,2025-12-15T15:43:01.002175Z,4.10.dev351+g6d26a0230,default_401,71.44160461425781,71.44160461425781,71.0722885131836,72.1367416381836,71.23410034179688,71.283935546875,71.31029510498047,71.32684326171875,71.34758758544922,71.36647033691406,71.3927001953125,71.41744995117188,71.44160461425781,71.47044372558594,71.16253662109375,71.50105285644531,71.53216552734375,71.55952453613281,71.58570861816406,71.61421203613281,71.64533996582031,71.69783020019531,71.75155639648438,71.75155639648438,0.6419219970703125,71.10963439941406,0.1737746852192411
2023-08-31,DEM,./DSMs/2023-08-31_DEM.tif,2025-12-15T15:43:01.002175Z,4.10.dev351+g6d26a0230,default_402,71.12317657470703,71.12317657470703,70.76085662841797,71.53328704833984,70.9256820678711,70.9786376953125,71.00619506835938,71.0280990600586,71.04535675048828,71.06809997558594,71.08688354492188,71.10739135742188,71.12317657470703,71.1441879272461,70.856689453125,71.16400146484375,71.18930053710938,71.21953582763672,71.2462387084961,71.27959442138672,71.3106918334961,71.35853576660156,71.40159606933594,71.40159606933594,0.6023635864257812,70.79923248291016,0.15755627733336883
2023-08-31,DEM,./DSMs/2023-08-31_DEM.tif,2025-12-15T15:43:01.002175Z,4.10.dev351+g6d26a0230,default_403,71.4864730834961,71.4864730834961,71.20167541503906,71.92765045166016,71.27672576904297,71.35102844238281,71.39555358886719,71.41905212402344,71.43553924560547,71.44970703125,71.46544647216797,71.47560119628906,71.4864730834961,71.50503540039062,71.24008178710938,71.52242279052734,71.54769897460938,71.57333374023438,71.60321044921875,71.63517761230469,71.67080688476562,71.74070739746094,71.8118896484375,71.8118896484375,0.59466552734375,71.21722412109375,0.15716779481321522
2023-08-31,DEM,./DSMs/2023-08-31_DEM.tif,2025-12-15T15:43:01.002175Z,4.10.dev351+g6d26a0230,default_501,71.61463928222656,71.61463928222656,71.07276916503906,71.93292236328125,71.19404602050781,71.29537200927734,71.35301208496094,71.37809753417969,71.4142837524414,71.48356628417969,71.54692077636719,71.58494567871094,71.61463928222656,71.6353530883789,71.1294937133789,71.65760803222656,71.67272186279297,71.68920135498047,71.70240783691406,71.71895599365234,71.74000549316406,71.76397705078125,71.78954315185547,71.78954315185547,0.68951416015625,71.10002899169922,0.20593026305155712
2023-08-31,DEM,./DSMs/2023-08-31_DEM.tif,2025-12-15T15:43:01.002175Z,4.10.dev351+g6d26a0230,default_502,71.25607299804688,71.25607299804688,70.73230743408203,71.59295654296875,70.82469940185547,70.8926010131836,70.9518814086914,70.99553680419922,71.02689361572266,71.06324005126953,71.12954711914062,71.19699096679688,71.25607299804688,71.30267333984375,70.79071044921875,71.34227752685547,71.36792755126953,71.39686584472656,71.42239379882812,71.44279479980469,71.46578216552734,71.48080444335938,71.50711059570312,71.50711059570312,0.74609375,70.76101684570312,0.24207916395628298
2023-08-31,DEM,./DSMs/2023-08-31_DEM.tif,2025-12-15T15:43:01.002175Z,4.10.dev351+g6d26a0230,default_503,71.51061248779297,71.51061248779297,71.16958618164062,71.94780731201172,71.258544921875,71.3266372680664,71.359619140625,71.385498046875,71.4013900756836,71.42416381835938,71.44725799560547,71.4777603149414,71.51061248779297,71.53702545166016,71.2113037109375,71.55542755126953,71.57646179199219,71.60543060302734,71.65151977539062,71.69364166259766,71.74052429199219,71.79544830322266,71.83744049072266,71.83744049072266,0.6510848999023438,71.18635559082031,0.18500267481850424
2023-08-31,DEM,./DSMs/2023-08-31_DEM.tif,2025-12-15T15:43:01.002175Z,4.10.dev351+g6d26a0230,default_601,71.82145690917969,71.82145690917969,71.34513092041016,72.12078094482422,71.46969604492188,71.53307342529297,71.5715560913086,71.5882339477539,71.63905334472656,71.70654296875,71.75927734375,71.79298400878906,71.82145690917969,71.84879302978516,71.41768646240234,71.87322998046875,71.9005126953125,71.92620849609375,71.95529174804688,71.97982788085938,72.00830078125,72.03457641601562,72.05782318115234,72.05782318115234,0.6925125122070312,71.36531066894531,0.20546969840251314
2023-08-31,DEM,./DSMs/2023-08-31_DEM.tif,2025-12-15T15:43:01.002175Z,4.10.dev351+g6d26a0230,default_602,71.40145874023438,71.40145874023438,70.97444152832031,71.74988555908203,71.1348648071289,71.18984985351562,71.22984313964844,71.25349426269531,71.27590942382812,71.31777954101562,71.34721374511719,71.37104797363281,71.40145874023438,71.42449951171875,71.06675720214844,71.44815063476562,71.47370910644531,71.49671936035156,71.5220718383789,71.54833221435547,71.5764389038086,71.60488891601562,71.6403579711914,71.6403579711914,0.6290512084960938,71.01130676269531,0.17350735185610536
2023-08-31,DEM,./DSMs/2023-08-31_DEM.tif,2025-12-15T15:43:01.002175Z,4.10.dev351+g6d26a0230,default_603,71.46156311035156,71.46156311035156,71.1151351928711,71.86194610595703,71.2670669555664,71.3239517211914,71.34903717041016,71.36277770996094,71.37468719482422,71.39452362060547,71.41793060302734,71.43765258789062,71.46156311035156,71.48094177246094,71.19145965576172,71.50665283203125,71.541748046875,71.57366180419922,71.61186981201172,71.64697265625,71.68489837646484,71.72359466552734,71.78949737548828,71.78949737548828,0.6381454467773438,71.15135192871094,0.17054394873887666
2023-08-31,DEM,./DSMs/2023-08-31_DEM.tif,2025-12-15T15:43:01.002175Z,4.10.dev351+g6d26a0230,default_701,71.89181518554688,71.89181518554688,71.32411193847656,72.14157104492188,71.4424819946289,71.51768493652344,71.53773498535156,71.55522918701172,71.6186752319336,71.71873474121094,71.80200958251953,71.8515853881836,71.89181518554688,71.92436218261719,71.3737564086914,71.95736694335938,71.98223876953125,72.00444793701172,72.01856231689453,72.03392791748047,72.04781341552734,72.06502532958984,72.08007049560547,72.08007049560547,0.7260665893554688,71.35400390625,0.23862960234105943
2023-08-31,DEM,./DSMs/2023-08-31_DEM.tif,2025-12-15T15:43:01.002175Z,4.10.dev351+g6d26a0230,default_702,71.69585418701172,71.69585418701172,71.05625915527344,71.93412017822266,71.25160217285156,71.30905151367188,71.36155700683594,71.4288101196289,71.50043487548828,71.56941986083984,71.62345886230469,71.6653823852539,71.69585418701172,71.71798706054688,71.16111755371094,71.7381820678711,71.75550842285156,71.771484375,71.78137969970703,71.79329681396484,71.8089599609375,71.82183074951172,71.84430694580078,71.84430694580078,0.7544097900390625,71.08989715576172,0.22252982908161856
2023-08-31,DEM,./DSMs/2023-08-31_DEM.tif,2025-12-15T15:43:01.002175Z,4.10.dev351+g6d26a0230,default_703,71.33834838867188,71.33834838867188,70.73065948486328,71.61943817138672,70.84945678710938,70.92536926269531,70.95453643798828,70.98046112060547,71.04376983642578,71.12591552734375,71.20634460449219,71.27193450927734,71.33834838867188,71.37937927246094,70.78451538085938,71.40288543701172,71.42416381835938,71.44366455078125,71.46475219726562,71.48110961914062,71.49989318847656,71.51655578613281,71.54088592529297,71.54088592529297,0.7932662963867188,70.74761962890625,0.25603632243216956
2023-08-31,DEM,./DSMs/2023-08-31_DEM.tif,2025-12-15T15:43:01.002175Z,4.10.dev351+g6d26a0230,default_801,71.89644622802734,71.89644622802734,71.36991882324219,72.08020782470703,71.50584411621094,71.56013488769531,71.58736419677734,71.64564514160156,71.74527740478516,71.81269073486328,71.8536148071289,71.87796020507812,71.89644622802734,71.9231948852539,71.42833709716797,71.94709777832031,71.96642303466797,71.98033905029297,71.99404907226562,72.00354766845703,72.01551818847656,72.02953338623047,72.0401840209961,72.0401840209961,0.6357574462890625,71.40442657470703,0.20044368446052582
2023-08-31,DEM,./DSMs/2023-08-31_DEM.tif,2025-12-15T15:43:01.002175Z,4.10.dev351+g6d26a0230,default_802,71.92616271972656,71.92616271972656,71.30778503417969,72.21734619140625,71.39488220214844,71.45098876953125,71.51961517333984,71.57756805419922,71.62712097167969,71.71826171875,71.8070297241211,71.877197265625,71.92616271972656,71.9559326171875,71.36197662353516,71.97571563720703,71.99610137939453,72.01124572753906,72.02850341796875,72.04303741455078,72.0578384399414,72.07581329345703,72.1029281616211,72.1029281616211,0.7637405395507812,71.33918762207031,0.25631560807145765
2023-08-31,DEM,./DSMs/2023-08-31_DEM.tif,2025-12-15T15:43:01.002175Z,4.10.dev351+g6d26a0230,default_803,71.63302612304688,71.63302612304688,70.98466491699219,71.8459701538086,71.13928985595703,71.19715881347656,71.26737213134766,71.3614273071289,71.45584869384766,71.51600646972656,71.5625,71.60203552246094,71.63302612304688,71.65531158447266,71.05274200439453,71.66952514648438,71.68291473388672,71.69390869140625,71.70233154296875,71.71034240722656,71.72261810302734,71.73323822021484,71.74806213378906,71.74806213378906,0.740814208984375,71.00724792480469,0.2296578485815189
2023-08-31,DEM,./DSMs/2023-08-31_DEM.tif,2025-12-15T15:43:01.002175Z,4.10.dev351+g6d26a0230,default_901,71.47044372558594,71.47044372558594,71.07656860351562,71.82356262207031,71.2428970336914,71.2872543334961,71.32379150390625,71.3652572631836,71.3900375366211,71.40801239013672,71.4264907836914,71.44805145263672,71.47044372558594,71.4950942993164,71.18112182617188,71.5221176147461,71.54496002197266,71.56681823730469,71.59075927734375,71.61454010009766,71.63983154296875,71.66777801513672,71.70438385009766,71.70438385009766,0.598846435546875,71.10553741455078,0.15869033346350722
2023-08-31,DEM,./DSMs/2023-08-31_DEM.tif,2025-12-15T15:43:01.002175Z,4.10.dev351+g6d26a0230,default_902,71.60649108886719,71.60649108886719,71.2331314086914,72.04106903076172,71.41606140136719,71.45777130126953,71.49069213867188,71.51457214355469,71.53479766845703,71.5547103881836,71.57430267333984,71.59036254882812,71.60649108886719,71.62698364257812,71.35245513916016,71.65264129638672,71.67205810546875,71.70378112792969,71.7398681640625,71.77080535888672,71.7988510131836,71.8358154296875,71.90198516845703,71.90198516845703,0.6235580444335938,71.27842712402344,0.1589706259670957
2023-08-31,DEM,./DSMs/2023-08-31_DEM.tif,2025-12-15T15:43:01.002175Z,4.10.dev351+g6d26a0230,default_903,71.24087524414062,71.24087524414062,70.91766357421875,71.61151123046875,71.06018829345703,71.1077880859375,71.13177490234375,71.14900207519531,71.17070007324219,71.1908950805664,71.20889282226562,71.22449493408203,71.24087524414062,71.26244354248047,70.99974822998047,71.28690338134766,71.31108093261719,71.34119415283203,71.3657455444336,71.39627838134766,71.42921447753906,71.46405029296875,71.50926208496094,71.50926208496094,0.570281982421875,70.93898010253906,0.14990028746797457
